date_key,rows,weighted_events,missing_distance_share,imputed_distance_share,invalid_lead_time_share,invalid_stay_share,zero_party_share,quality_issue_share
2014-07-17,94188,136352,0.34007516881131356,0.12517518155179003,0.000499001996007984,0.007304539856457298,0.0012952817768717884,0.3455854248948911
2014-07-18,84413,121800,0.34928269342399865,0.12589293118358547,0.0005567862769952495,0.0052124672739980804,0.0014926610830085414,0.3533934346605381
2014-07-19,69794,101330,0.37295469524600966,0.1207840215491303,0.0006160988050548758,0.0034673467633320916,0.001590394589792819,0.37659397655958965
2014-07-20,84308,121841,0.369644636333444,0.13619110879157376,0.0005337571760687005,0.003914219291170471,0.0018622194809507994,0.37367746833040755
2014-07-22,105298,150846,0.3394841307527208,0.12818856958346786,0.0005223271097266805,0.005422705084616992,0.0014055347679917947,0.3443465213014492
2014-07-23,102715,146138,0.32915348293822716,0.12727449739570657,0.0005744049067808986,0.006055590712164728,0.0015090298398481234,0.3335150659592075
2013-03-28,30311,52433,0.3485863217973673,0.12896308270924747,0.0048497245224505955,0.01220678961433143,0.0012866616079970968,0.35815380554914056
2013-03-29,26867,47003,0.34987158968251014,0.12390665128224215,0.004205903152566345,0.011277775709978784,0.0017865783302936688,0.35973499088100647
2013-03-30,23679,42512,0.3739600489885553,0.13581654630685416,0.00405422526289117,0.012880611512310486,0.0016047974998944213,0.38485577938257526
2013-04-01,34396,59589,0.3535004070240726,0.13926037911385045,0.005145947203163159,0.015844865682056054,0.0018606814745900685,0.36411210605884403
2013-04-02,37772,65562,0.3533305093720216,0.13705919728899715,0.004368315154082389,0.01411098167955099,0.002038547071905115,0.36423805993857883
2013-04-04,32687,56283,0.3594395325358705,0.1351913604797014,0.004221861902285312,0.007403554930094533,0.0018355921314283966,0.3653134273564414
2013-04-06,26196,45939,0.38662391204764085,0.1403267674454115,0.004122766834631242,0.006756756756756757,0.0016414719804550312,0.3923499770957398
2013-04-07,31496,56402,0.37385699771399544,0.1336995173990348,0.004921259842519685,0.008953517907035814,0.001651003302006604,0.3801752603505207
2013-04-09,35523,61976,0.3612026011316612,0.12577766517467556,0.003997410128649044,0.006756186132927962,0.001097880246600794,0.36567857444472596
2013-04-11,31212,53623,0.34922465718313467,0.11892861719851339,0.004261181596821735,0.007304882737408689,0.0019223375624759708,0.3554081763424324
2013-04-12,28182,48204,0.36289120715350226,0.12373145979703357,0.003158044141650699,0.006351571925342418,0.001987083954297069,0.36828472074373714
2014-05-11,52902,77067,0.3513666780083929,0.12031681221881971,0.0005481834335185815,0.007542247930134967,0.0015878416695020983,0.35645155192620315
2014-05-12,68588,97695,0.31721292354347697,0.12747127777453782,0.0003790750568612585,0.009243599463462997,0.001326762699014405,0.3241966524756517
2014-05-13,68906,99623,0.32307781615534203,0.1344585377180507,0.0005224508751052158,0.005587321858764114,0.0011610019446782573,0.3276927988854381
2014-05-14,69104,99677,0.32142857142857145,0.12743111831442464,0.0005354248668673304,0.0025034730261634637,0.0010274369066913638,0.32378733503125723
2014-05-15,64795,93849,0.31772513311212286,0.12741723898448953,0.0004012655297476657,0.0022069604136121614,0.0008796975075237287,0.31994752681534067
2014-05-16,56275,81730,0.323500666370502,0.12598844957796534,0.0003909373611728121,0.002274544646823634,0.0011905819635717458,0.326023989338072
2014-05-17,43035,63724,0.35071453468107355,0.13303125363076565,0.0005809225049378413,0.002858138724294179,0.0012083188102707098,0.35345648890438014
2014-05-18,54927,80843,0.3259417044440803,0.1291350337720975,0.0007282392994337939,0.0029129571977351758,0.001565714493782657,0.3290731334316456
2013-01-08,35631,62868,0.3577222081894979,0.14333024613398446,0.005360500687603491,0.014453706042491089,0.003227526592012573,0.36922904212623836
2013-01-10,32345,57063,0.3547379811408255,0.14005255835523264,0.004421085175452156,0.013727005719585716,0.002256917607049003,0.36500231875096617
2013-01-11,30030,52658,0.3510822510822511,0.14082584082584082,0.005694305694305695,0.01361971361971362,0.0018648018648018648,0.3608724608724609
2013-01-13,31215,56643,0.36934166266218166,0.1506006727534839,0.005382027871215762,0.015120935447701425,0.002466762774307224,0.38090661540925835
2013-01-14,35968,63624,0.34589079181494664,0.12725200177935944,0.005115658362989324,0.01415146797153025,0.002029581850533808,0.35806828291814946
2013-01-15,34562,60285,0.33843527573635784,0.13190787570163764,0.003414154273479544,0.012123141021931601,0.0026329494820901567,0.3487356055783809
2013-01-19,24392,43929,0.37106428337159725,0.1342653328960315,0.005247622171203673,0.015619875368973433,0.0022958346999016072,0.3838143653656937
2013-01-20,30705,56330,0.37726754600227974,0.13896759485425828,0.0039081582804103565,0.012473538511643055,0.002898550724637681,0.38641914997557403
2014-09-11,95632,136682,0.38096034800066925,0.1365547097205956,0.00037644303162121467,0.004559143382968044,0.0016835368914170988,0.38495482683620547
2014-09-12,84108,120186,0.37331763922575734,0.12900080848432968,0.0007133685261806249,0.004601226993865031,0.0016169686593427498,0.37766918723545917
2014-09-14,83702,121098,0.39281020764139446,0.13153807555375022,0.0005615158538625122,0.006057202934219015,0.0014933932283577452,0.3973859644930826
2013-06-18,38840,65883,0.3576467559217302,0.13650875386199793,0.004660144181256437,0.007904222451081359,0.001725025746652935,0.36398043254376933
2013-06-23,33334,59231,0.37904241915161696,0.14168716625667488,0.0030299394012119757,0.00623987520249595,0.0011999760004799903,0.3836923261534769
2013-06-26,36320,61792,0.34091409691629954,0.12144823788546255,0.006084801762114537,0.008645374449339207,0.0016244493392070485,0.3477422907488987
2013-06-30,32063,56799,0.38271527929389015,0.13776003493122915,0.005676324735676637,0.009606088014222,0.0014658640800923183,0.3892960733555812
2013-11-18,32200,46913,0.34596273291925467,0.1370496894409938,0.0013975155279503106,0.004254658385093168,0.002453416149068323,0.3507142857142857
2013-11-21,26656,38386,0.35643007202881155,0.13066476590636256,0.0012379951980792316,0.005889855942376951,0.0019507803121248499,0.3627325930372149
2013-11-22,24173,34993,0.35589293840234976,0.13093120423613122,0.0006205270342944608,0.005253795557026435,0.0030612667025193396,0.36011252223555207
2013-11-27,27113,38894,0.39007118356507947,0.133035813078597,0.0011802456386235385,0.004389038468631284,0.0029137314203518607,0.3946446354147457
2013-11-29,23504,33974,0.38818924438393465,0.13257317903335603,0.0008934649421375085,0.003999319264805991,0.003914227365554799,0.39316712049012936
2013-11-30,21616,31415,0.36884715025906734,0.13240192450037008,0.0007401924500370096,0.0048112509252405625,0.004117320503330866,0.3752775721687639
2013-12-02,33550,48937,0.34554396423248884,0.13076005961251863,0.0005961251862891207,0.0031296572280178838,0.002444113263785395,0.34959761549925483
2013-12-03,30179,43453,0.3607144040558004,0.1334040226647669,0.0009940687232844032,0.004340766758341893,0.00328042678683853,0.3656847476722224
2013-12-04,29609,42676,0.3557702050052349,0.1303657671653889,0.0009118848998615286,0.004289236380830153,0.004052821777162349,0.3613090614340234
2013-12-06,26298,37560,0.3405201916495551,0.12289907977792988,0.0007224884021598601,0.0037645448323066393,0.0028899536086394403,0.34527340482165947
2013-09-14,26234,38227,0.40790577113669285,0.1375314477395746,0.0021346344438514906,0.004879164443089121,0.0021346344438514906,0.41209880307997254
2013-09-16,39439,57887,0.36534902000557823,0.12611881640001013,0.0022820051218337177,0.00555287912979538,0.0025355612464819086,0.3707244098481199
2013-09-17,36668,53420,0.3518053888949493,0.13393149340024,0.0020181084324206395,0.004799825460892331,0.0018817497545543798,0.3554052579906185
2013-09-21,25046,36686,0.37878303920785755,0.13734728100295457,0.001956400223588597,0.004950890361734408,0.0035534616305996965,0.3850115786952008
2013-09-22,29917,43330,0.3769763010997092,0.13373667145769963,0.002072400307517465,0.006317478356787111,0.0017381421934017447,0.3820904502456797
2013-09-26,31411,44817,0.36031963324949856,0.1304320142625195,0.002801566330266467,0.006621884053357104,0.0030562541784725098,0.3678647607526026
2013-09-27,27490,39434,0.36515096398690433,0.13699527100763914,0.0028373954165150962,0.005456529647144416,0.0018915969443433977,0.36980720261913425
2013-09-28,23840,34323,0.3842701342281879,0.13057885906040267,0.0018036912751677853,0.0040687919463087245,0.002558724832214765,0.3888422818791946
2014-07-25,80334,113447,0.3355241865212737,0.1285632484377723,0.00048547314960041825,0.003510344312495332,0.0015933477730475265,0.33828764906515296
2014-07-27,81507,117694,0.3648030230532347,0.13635638656802485,0.0006011753591716049,0.0038892365072938522,0.0020243660053737714,0.3688394861791012
2014-09-17,103020,148210,0.3660551349252572,0.13083867210250436,0.000805668802174335,0.004707823723548826,0.0011745292176276452,0.37019996117258785
2014-09-19,80726,115709,0.38541486014419146,0.13402125709189108,0.000768030126601095,0.00460818075960657,0.001077719693778956,0.38898248395808044
2014-09-20,66899,96469,0.4006188433309915,0.13595121003303487,0.0006128641683732193,0.005396194262993468,0.0013901553087490098,0.4048341529768756
2014-09-22,101936,144901,0.3756867053837702,0.13884201852142522,0.0007455658452362266,0.007524328990739288,0.0020012556898446085,0.38198477476063414
2013-01-26,25891,46953,0.3661890232126994,0.1532192653817929,0.005136920165308408,0.015796995094820594,0.001969796454366382,0.37924375265536286
2013-01-27,31847,58530,0.3807579991835966,0.15674945834772505,0.004929820705246962,0.014977862907024209,0.003485414638741483,0.39269004929820706
2013-01-28,31901,56007,0.34795147487539574,0.14532459797498512,0.004984169775242155,0.014262875771919375,0.0019435127425472556,0.35901695871602773
2013-01-30,31083,55044,0.3553389312485925,0.14191036901200013,0.004922304796834282,0.015217321365376572,0.002316378727922015,0.36753209149695976
2013-01-31,22673,39037,0.39368411767300315,0.14462135579764476,0.004101795086666961,0.013981387553477704,0.003704847175054029,0.4060777135800291
2013-02-01,18183,30373,0.4157729747566408,0.13842600230984986,0.0037947533410328327,0.01649892756970797,0.0035197712148710334,0.42880712753671013
2013-02-02,18415,32061,0.44306272060819984,0.15764322563127886,0.0036926418680423567,0.017757263100733098,0.00390985609557426,0.45653000271517785
2013-02-05,22734,37880,0.4231987331749802,0.15184305445588106,0.004970528723497845,0.050365091932787896,0.003430984428609132,0.46080760095011875
2013-02-06,22551,38048,0.39306460910824353,0.1386634739035963,0.003902265974901335,0.01693938184559443,0.0028823555496430312,0.40548090993747504
2013-02-07,24394,41935,0.35877674838074936,0.12183323768139706,0.005124210871525785,0.0063130277937197676,0.00032794949577765023,0.3627941297040256
2013-02-09,27181,49621,0.3622751186490563,0.13708104926235237,0.006143997645414076,0.01534159891100401,0.0020602626834921455,0.37368014421838786
2014-05-19,71175,102010,0.3133684580259923,0.12264137688795224,0.0004495960660344222,0.002978573937478047,0.0009975412715138743,0.3162346329469617
2014-05-20,69722,101213,0.32243768107627435,0.12894065001003988,0.0008175324861593185,0.0027968216631766157,0.0013912394939904192,0.32569346834571583
2014-05-22,64900,93487,0.32143297380585517,0.12682588597842834,0.0005701078582434515,0.002172573189522342,0.0010477657935285055,0.3236055469953775
2014-05-23,58618,85009,0.31087720495410964,0.12049199904466205,0.0004947285816643352,0.0021495103893002148,0.0012453512572929816,0.31277082124944555
2014-05-25,48281,69630,0.35879538534827365,0.12373397402704998,0.0005178020339263893,0.0059650794308320045,0.000869907416996334,0.3633106190841118
2014-05-26,65011,93290,0.34663364661365,0.1333159003860885,0.0007075725646429066,0.003153312516343388,0.0016920213502330374,0.3498023411422682
2014-02-18,43398,64144,0.3724134752753583,0.1338310521222176,0.0011521268261210193,0.0033411677957509564,0.002212083506152357,0.3757546430711093
2014-02-21,35730,52212,0.3785054575986566,0.13067450321858382,0.0014553596417576267,0.0029666946543520853,0.00279876854184159,0.3824237335572348
2014-02-22,32104,47842,0.36447171692000996,0.12693122352354846,0.0007787191627211562,0.0035509593820084724,0.0023984550211811613,0.3682407176675804
2014-02-24,45560,66446,0.3685908691834943,0.13661106233538192,0.0010974539069359087,0.004214223002633889,0.0018656716417910447,0.37265144863915717
2014-03-01,34403,50637,0.3631369357323489,0.12551230997296747,0.0017440339505275704,0.004621689968898062,0.0027613870883353197,0.3673226172136151
2014-11-14,78975,110944,0.3668122823678379,0.1296486229819563,0.0005191516302627413,0.0026590693257359924,0.0015194681861348527,0.369446027223805
2014-11-16,81342,115816,0.3826805340414546,0.13620269971232574,0.0005655135108554006,0.00327014334538123,0.0012908460573873275,0.3858523272110349
2014-11-17,97397,138442,0.36762939310245696,0.13250921486288078,0.0005955008881177038,0.0035114017885561157,0.0011499327494686694,0.3703810178958284
2014-11-18,93469,130768,0.37810397030031345,0.13075993110015086,0.0004921417796274701,0.002385817757759257,0.0009307898875563021,0.38022231969957954
2013-12-08,27267,39575,0.3773425752741409,0.12949719441082627,0.001063556680236183,0.005024388454908864,0.003997506142956688,0.38401731030183006
2013-12-10,28310,40424,0.3628399858707171,0.13645354998233838,0.001095019427764041,0.003991522430236666,0.002543270929000353,0.3669021547156482
2013-12-11,28750,41593,0.3699130434782609,0.13641739130434782,0.001217391304347826,0.004834782608695652,0.0030956521739130436,0.3747478260869565
2013-12-13,23683,33979,0.3252544018916522,0.11691930920913736,0.0014356289321454207,0.004222438035721826,0.004433559937507917,0.33103914200059115
2013-12-14,21283,31081,0.3674294037494714,0.13635295775971432,0.0016914908612507636,0.005027486726495325,0.0028661372926749046,0.372081003617911
2013-12-15,25247,36833,0.3740642452568622,0.1284112963916505,0.0015447379886719215,0.005545213292668436,0.0036043886402344835,0.379292589218521
2013-12-16,28598,40840,0.3559689488775439,0.12458913210714036,0.0007692845653542205,0.004056227708231345,0.0027274634589831456,0.359815371704315
2013-12-19,26137,37543,0.3554730841336037,0.11963882618510158,0.001109538202548112,0.0033286146076443356,0.003558174235757738,0.36002601675785284
2013-12-20,24155,34965,0.36683916373421654,0.12875181121920928,0.0007865866280273235,0.003518940178016974,0.002483957772717864,0.37077209687435314
2013-12-22,22337,33031,0.3758338183283342,0.13864887854232888,0.0008058378475175718,0.004611183238572771,0.0034919640059094775,0.38116130187581143
2013-12-23,25055,36213,0.3697864697665137,0.12129315505887049,0.0005986828976252245,0.003552185192576332,0.0021552584314508084,0.37365795250449013
2013-12-24,18822,27460,0.40287960896822866,0.1275634895335246,0.0007438104345978111,0.0032940176389331635,0.00334714695569015,0.40760811815960046
2013-12-25,19223,27567,0.38266659730531133,0.12979243614420224,0.0028611559069864224,0.005254122665556885,0.0032773240389117205,0.3884929511522655
2013-12-26,28719,42271,0.3447891639681047,0.14067342177652425,0.0007660433859117658,0.00400431769908423,0.0020543890803997353,0.3491068630523347
2014-09-23,103732,147714,0.3869779817221301,0.13681409786758184,0.0006651756449311687,0.004897235182971503,0.001060424941194617,0.3911425596730035
2014-09-25,91436,129773,0.3695480992169386,0.13157837175729473,0.0005796404042171573,0.0056104816483660705,0.001935780217857299,0.37467736996369044
2014-09-26,76729,109873,0.3790874376050776,0.13148874610642652,0.00067770986198178,0.005512909069582557,0.001511814307497817,0.3833361571244249
2014-07-30,115687,163665,0.32428881378201524,0.13213239171211977,0.00032847251635879574,0.0031982850277040634,0.0012015178887861211,0.32707218615747663
2014-07-31,94794,135301,0.3452961157879191,0.13365824841234678,0.0009072304154271368,0.0046099964132751015,0.0015823786315589594,0.34923096398506237
2014-08-03,86069,124552,0.3811593024201513,0.13345106832889891,0.0007087336904111817,0.004380206578442877,0.0014290859659110713,0.38471458945729586
2013-07-15,40136,67300,0.3339645206298585,0.11887083914690054,0.005232210484353199,0.01141120191349412,0.0018437313135339845,0.34246063384492725
2013-07-18,35618,60709,0.33558874726262,0.12297153124824527,0.0032287045875680834,0.006429333483070358,0.0019652984446066595,0.3408669773709922
2013-07-21,33092,57433,0.3695455094886982,0.12293001329626496,0.0032938474555783874,0.006557476127160643,0.0017829082557717878,0.3746524839840445
2013-07-23,40117,68830,0.33320038886257697,0.11972480494553431,0.00391355285789067,0.009372585188324152,0.0019193857965451055,0.3406286611660892
2013-07-25,35654,60710,0.32944410164357435,0.12433387558198239,0.0038144387726482304,0.005889942222471532,0.0014023671958265551,0.33432433948505075
2013-07-28,36348,62767,0.376526906569825,0.1371739848134698,0.003989215362605921,0.007538241443820843,0.0015406624848684934,0.38090128755364805
2013-07-29,40772,69400,0.33834494260767195,0.12888747179436869,0.0030658294908270383,0.006646718336113019,0.0022564505052487,0.34349553615226136
2013-10-01,35896,51543,0.3657232003565857,0.1332460441274794,0.0018665032315578337,0.00470804546467573,0.0023122353465567192,0.370598395364386
2013-10-02,34530,49101,0.3705473501303215,0.136750651607298,0.0013611352447147407,0.004083405734144222,0.0016796988126267015,0.37416739067477556
2013-10-03,32242,46405,0.36424539420631474,0.12344147385397929,0.0037528689287265058,0.006327150921158737,0.003070529123503505,0.37066559146454936
2013-10-06,30782,44476,0.38490026638944835,0.14742381911506725,0.002468975375219284,0.006887141836138003,0.0020466506399844063,0.39052043401988173
2013-10-07,36874,51968,0.3529858436838965,0.12694581547974182,0.002088192222161957,0.005993382871399902,0.002603460432825297,0.3585181971036503
2013-10-08,36134,51049,0.35586981790003874,0.12852161399236176,0.0009132672828914595,0.004040515857641003,0.0015774616704488846,0.35938451320086345
2013-10-09,35177,49827,0.3556300992125537,0.1346902805810615,0.0017909429456747306,0.004008300878414873,0.0036671688887625438,0.3612587770418171
2013-10-11,28913,40528,0.3636080655760385,0.13142876906581816,0.001936845017812057,0.004669179953654065,0.0021443641268633486,0.36862311071144466
2013-10-13,27908,40075,0.38956571592374944,0.13995986813816827,0.001361616740719507,0.0055539630213558835,0.0030098896373799626,0.3950838469256127
2014-10-20,97542,135540,0.3718910828156076,0.12325972401632117,0.0007688995509626622,0.0030243382337864716,0.0017018310061306923,0.375294744827869
2014-10-21,99118,137483,0.3840372081761133,0.12101737323190541,0.0007264069089368228,0.0026937589539740513,0.0015839706208761275,0.3865190984483141
2014-10-22,100884,138908,0.35448634074778956,0.12238808929067048,0.0007037785972007454,0.0022104595376868483,0.001952737797866857,0.35708338289520636
2014-10-24,76641,106069,0.37679570986808625,0.1305567516081471,0.00066544016910009,0.002505186518965045,0.0016309808066178677,0.37948356623739254
2014-10-26,81372,114459,0.4101165019908568,0.13182667256550165,0.0005407265398417146,0.004129184486064003,0.0018065182126530011,0.41274639925281426
2014-03-04,45301,66621,0.3607867375996115,0.12670801969051457,0.0013023995055296792,0.006291251848745061,0.0017659654312266837,0.36599633562173023
2014-03-05,70617,102716,0.32810796267187786,0.1353498449381877,0.0010903889998159083,0.004134981661639549,0.00280385742809805,0.3327385756970701
2014-03-07,60643,87026,0.346948534867998,0.13417871807133552,0.0010553567600547467,0.004237916989594842,0.002852761242022987,0.35125241165509624
2014-03-08,48339,70715,0.33869132584455613,0.14400380645027824,0.0009929870291069322,0.0034133929125550796,0.003247895074370591,0.34245640166325325
2014-03-09,56059,81844,0.3250860700333577,0.1350184626910933,0.0012308460728874936,0.004174173638488022,0.0019265416793021637,0.32950998055619973
2014-06-30,82116,117959,0.34665595011934336,0.13402990890934774,0.0006454284183350382,0.004043061035608164,0.0018510399922061474,0.35055287641872473
2014-07-01,79541,117333,0.34238945952401906,0.1320325366791969,0.00041488037615820773,0.014168793452433336,0.0013577903219723162,0.3513533900755585
2014-07-03,81216,117303,0.3719956658786446,0.12487687155240347,0.0005171394799054373,0.006144109535066982,0.0010835303388494878,0.3761327817178881
2014-07-07,102745,147150,0.34919460801012214,0.1302253151004915,0.000739695362304735,0.007854396807630542,0.0017616429023310136,0.3551024380748455
2014-04-23,66827,95520,0.32615559579211995,0.1291543837071842,0.0005087763927753752,0.002364313825250273,0.0010474808086551842,0.3285199096173702
2014-04-25,52310,75207,0.3321735805773275,0.12035939590900402,0.0005352705027719365,0.0025425348881666985,0.0014146434716115466,0.3352513859682661
2014-04-26,46468,67115,0.3413962296634243,0.12113712662477404,0.0006456055780321942,0.003464749935439442,0.0006886459499010071,0.34460273736765085
2014-04-27,57029,82214,0.35097932630766804,0.12467341177295761,0.0005085132125760578,0.0029458696452681968,0.0016833540830103982,0.3538024513843834
2014-04-28,66755,94879,0.32360122837240657,0.12767582952587822,0.0004194442363867875,0.002861208898209872,0.0015279754325518689,0.32662721893491126
2014-04-29,67765,96532,0.3283848594407142,0.1277503135837084,0.00029513760790968787,0.0026709953515826755,0.0016232568435032835,0.331424776802184
2014-04-30,61087,87296,0.3105898145268224,0.1254112986396451,0.0006220636141895984,0.0025046245518686463,0.0011131664674971762,0.31299621850802956
2014-05-01,59352,85974,0.3212360156355304,0.13303679741205013,0.0004886103248416229,0.0026452352069011994,0.0016174686615446825,0.3246899851732039
2013-10-15,34322,48343,0.34435638948779207,0.13265543965969348,0.00101975409358429,0.0032340772682244623,0.003204941436979197,0.3489015791620535
2013-10-16,34568,48838,0.3519729229345059,0.13827817634806758,0.0013307104836843323,0.00428141633881046,0.0029507058551261284,0.3567171950937283
2013-10-17,31857,45687,0.36692092789653763,0.13409925605047557,0.0008475374329032866,0.0036412719339548607,0.0020089776187337165,0.3702796873528581
2013-10-18,27029,38640,0.36508934847756114,0.13618705834474085,0.001886862259055089,0.005364608383587998,0.0024048244478153094,0.36964001627881166
2013-10-19,24317,35351,0.3636961796274211,0.12534440926101081,0.001973927704897808,0.007648969856479006,0.0032076325204589383,0.3709339145453798
2013-10-20,29642,43289,0.38000134943661024,0.13855340395384927,0.002766345050941232,0.006106200661223939,0.0013157006949598544,0.3846231698265974
2013-10-24,30868,44383,0.36607489957237266,0.13629000907088246,0.0013282363612802902,0.004017105092652585,0.0022353246080082934,0.3698004405857198
2013-10-26,25032,36623,0.370845317992969,0.13071268775966763,0.0014381591562799617,0.0044742729306487695,0.0050335570469798654,0.37643815915628
2013-10-27,28137,41093,0.37256992572058145,0.1389273909798486,0.001777019582755802,0.005615381881508334,0.0014926964495148736,0.37697693428581586
2013-10-28,35209,50748,0.34326450623420146,0.13397142775994775,0.0009656621886449488,0.004345479848902269,0.0023005481553012015,0.3478087988866483
2013-10-29,34439,49627,0.35933099102761407,0.13464386306222598,0.0012776213014315165,0.004297453468451465,0.002526205755103226,0.3643253288423009
2013-10-30,30781,44322,0.3551541535362724,0.12861830349891168,0.0008771644845846463,0.003833533673369936,0.0030863194827978296,0.35966992625320815
2014-09-01,87545,126723,0.4028785196184819,0.1375521160546005,0.0005597121480381518,0.005677080358672683,0.002193157804557656,0.40827003255468614
2014-09-02,102664,147100,0.37523377230577415,0.1311365230265721,0.0006039117899166212,0.004977402010441829,0.0021039507519675835,0.37963648406452116
2014-09-04,93853,134999,0.37051559353457003,0.1341779165290401,0.0006499525854261451,0.005263550445910093,0.0017367585479419944,0.3750865715533867
2014-10-29,95733,133162,0.3759309746900233,0.12460697982931696,0.0008461032245934004,0.0023920696102702308,0.0012430405398347487,0.378135021361495
2014-10-31,74406,103894,0.3976292234497218,0.1263204580275784,0.0007795070290030374,0.0026073166142515387,0.0020697255597666854,0.40031717872214606
2014-01-10,37234,54791,0.3751678573346941,0.13675672772197453,0.0012085728097974968,0.003921147338454101,0.0032765751732287693,0.37992157705323093
2014-01-12,39007,58988,0.38477709129130666,0.14705052939216037,0.0007947291511779937,0.004640192785910221,0.004281282846668547,0.39028892250108954
2014-01-15,42188,61796,0.3436522233810562,0.12150374514079833,0.0012325779842609272,0.004053285294396511,0.002441452545747606,0.3472077367971935
2014-01-18,32623,49021,0.39695920056401923,0.13818471630444779,0.0008582901633816633,0.0035864267541305212,0.0057628053827054534,0.4022315544247923
2014-01-20,43490,63336,0.3662221200275925,0.14152678776730282,0.0013106461255461025,0.004759714876983214,0.002460335709358473,0.37047597148769834
2014-11-25,95025,132588,0.39544330439358066,0.12894501446987636,0.000768218889765851,0.002820310444619837,0.0007787424362009997,0.3974848724019995
2014-11-26,90996,127841,0.4028418831596993,0.12636819200843993,0.000582443184315794,0.002307793749175788,0.0009121280056266209,0.40510571893270036
2014-11-27,73428,103043,0.4595658331971455,0.13501661491529118,0.0008579833306095767,0.0026556626899820234,0.000749033066405186,0.4612681810753391
2014-11-30,87502,122825,0.3843912139151105,0.12397430915864781,0.0006057004411327741,0.002811364311672876,0.000902836506594135,0.3866311627162808
2014-08-09,70393,101989,0.3859190544514369,0.12661770346483314,0.0003693549074481838,0.004844231670762718,0.0021735115707527735,0.39016663588709105
2014-08-13,106200,152262,0.3409792843691149,0.13261770244821092,0.0005178907721280603,0.0041525423728813555,0.00243879472693032,0.3455178907721281
2014-12-28,100729,139478,0.36964528586603657,0.1374877145608514,0.000794210207586693,0.0019358873809925642,0.0013997954908715464,0.37136276543994284
2014-12-29,121719,166937,0.35143239757145556,0.1308094874259565,0.0008872895768121657,0.001881382528610981,0.0014130908075156714,0.35338772089813425
2013-11-01,24109,34646,0.35737691318594716,0.13542660417271557,0.0014102617279853997,0.004687046331245593,0.0036915674644323695,0.36276909038118543
2013-11-05,31159,45411,0.3639718861324176,0.14474148721075772,0.0009948971404730575,0.0033056259828620946,0.003273532526717802,0.368079848518887
2013-11-06,30530,44020,0.35499508679986896,0.13121519816573862,0.0010809040288241075,0.004192597445135932,0.002751392073370455,0.35994104159842777
2013-11-09,22930,33691,0.36812036633231576,0.1272132577409507,0.002093327518534671,0.006149149585695595,0.003706934147405146,0.3747492368076755
2013-11-10,26422,38450,0.37612595564302476,0.14760426916963137,0.0023086821588070546,0.004957989554159412,0.0034440996139580653,0.3817651956702748
2013-11-12,31562,45547,0.34909067866421645,0.13243774158798555,0.0010138774475635258,0.004308979152144984,0.0027564793105633355,0.35314618845447054
2013-11-13,31287,45459,0.34867516860037717,0.13225940486464027,0.0009269025473838975,0.004123118228018027,0.0028765941125707163,0.3535014542781347
2013-11-15,24918,35813,0.36583995505257244,0.1295047756641785,0.0013243438478208523,0.004735532546753351,0.002608556063889558,0.37113733044385583
2013-11-17,27950,41241,0.3547763864042934,0.13273703041144902,0.0013237924865831842,0.004364937388193203,0.0013953488372093023,0.3588550983899821
2013-03-13,35050,61467,0.33469329529243935,0.132867332382311,0.0034522111269614836,0.012325249643366619,0.0012268188302425108,0.3434522111269615
2013-03-16,27495,49379,0.36235679214402616,0.13955264593562466,0.004728132387706856,0.014620840152755046,0.0023276959447172214,0.37424986361156576
2013-03-17,33174,60173,0.37478145535660456,0.15512148067763912,0.003587146560559474,0.014951468017121843,0.0008138903960933261,0.3856634713932598
2013-03-18,35703,62328,0.34523709492199534,0.1371593423521833,0.004509424978293141,0.011679690782287203,0.002128672660560737,0.3551802369548777
2013-03-21,32519,56563,0.35622251606752975,0.13266090593191673,0.004305175435899013,0.01285402380146991,0.0016605676681324764,0.36606291706387034
2013-03-22,28565,49280,0.3514440749168563,0.12651846665499739,0.004025905828811483,0.011412567827761247,0.0018204095921582357,0.3603360756170138
2013-03-23,27488,49107,0.3625945867287544,0.13511350407450523,0.003019499417927823,0.011204889406286379,0.0014915599534342258,0.370197904540163
2013-03-25,34975,60848,0.3451894210150107,0.1361829878484632,0.004403145103645461,0.013809864188706219,0.001343817012151537,0.35553967119370977
2013-03-26,33437,58072,0.3610670813769178,0.1334748930825134,0.0038280946257140294,0.012441307533570596,0.0022131172054909234,0.37102610880162695
2014-12-01,123826,175644,0.34555747581283414,0.12339896306106957,0.00054108184064736,0.0023904511168898294,0.0007752814433156203,0.3480286854134027
2014-12-03,113529,156694,0.3450660183741599,0.12543050674277056,0.000634199191396031,0.0024046719340432843,0.0009512987870940465,0.3477085150049767
2014-11-02,87002,121421,0.3815199650582745,0.1290659984827935,0.0008850371255833199,0.0032527987862347994,0.0019424840808257282,0.38526700535619873
2014-11-05,105028,144944,0.34754541646037246,0.12402406977187036,0.0007997867235403892,0.0029801576722397836,0.0013234566020489775,0.3509064249533458
2014-03-20,56068,80703,0.32854747806235285,0.13292787329671113,0.000588571020903189,0.003032032531925519,0.0019262324320468004,0.3321502461296997
2014-03-24,63199,90695,0.32831215683792464,0.13669520087343154,0.0008069747939049668,0.0038133514770803336,0.0018987642209528633,0.3323628538426241
2014-03-25,62015,89588,0.32097073288720473,0.1291139240506329,0.0004676287994839958,0.0031444005482544547,0.0010965089091348867,0.3237765056841087
2014-03-26,64958,92776,0.3108316142738385,0.13262415714769543,0.0010006465716309,0.004356661227254533,0.0009390683210689985,0.3141414452415407
2014-03-27,57118,82051,0.3156448054903883,0.13177982422353723,0.00045519801113484367,0.0036415840890787494,0.0014881473440946811,0.3192338667320284
2014-02-05,41520,61109,0.36796724470134873,0.1432562620423892,0.0013246628131021194,0.004070327552986513,0.003058766859344894,0.3720616570327553
2013-08-28,35903,51030,0.3525889201459488,0.12166114252290895,0.0019775506225106535,0.005124919923126201,0.0018939921455031613,0.35757457594072917
2014-03-28,51440,73132,0.3121889580093313,0.12468895800933126,0.0007581648522550545,0.004121306376360809,0.0012830482115085537,0.31559097978227063
2014-08-15,82311,118258,0.3549829305925089,0.1296424536210227,0.000291577067463644,0.004325059834044053,0.0019924432943349006,0.3591136057149105
2014-08-17,83839,121982,0.38535764978112813,0.13246818306516062,0.0005009601736661936,0.004711411157098725,0.001968057825117189,0.38910292346044206
2014-08-19,103683,149216,0.35277721516545624,0.13498837803690095,0.0006269108725634868,0.004359441759979939,0.0015045860941523682,0.35670264170596916
2014-03-29,44574,64722,0.3219814241486068,0.13261093911248711,0.0010768609503297886,0.004083097770000449,0.00150311840983533,0.3252568762058599
2014-03-30,54859,79362,0.33542354034889443,0.13689640715288284,0.0007838276308354145,0.00390090960462276,0.0010572558741500939,0.3385770794217904
2014-04-02,66188,95112,0.31236780080981447,0.12626155798634192,0.0005287967607421285,0.0030065872967909592,0.0008914002538224451,0.3152384117967003
2013-08-29,29182,41510,0.37567678706051677,0.13432938112535125,0.002501542046467,0.009594955794667947,0.002912754437667055,0.3852032074566514
2013-08-31,24140,34950,0.39710024855012427,0.13057166528583264,0.003935376967688484,0.00944490472245236,0.0032311516155758076,0.4064208782104391
2013-09-01,26486,38284,0.41901381862115833,0.12602884542777315,0.0017367665936721286,0.007475647511893076,0.003058219436683531,0.4257343502227592
2013-09-02,33910,49224,0.384429371866706,0.1350044234739015,0.001857859038631672,0.00861102919492775,0.002683574166912415,0.3924211147154232
2013-09-03,36683,52640,0.357168170542213,0.12643458822887987,0.002180846713736608,0.007523921162391299,0.0013085080282419649,0.36371071068342287
2013-09-04,35917,51165,0.36434000612523315,0.12654174903249157,0.0033131943091015397,0.007099702090931871,0.0027563549294206085,0.37096639474343623
2013-09-08,31088,45365,0.4004117344312918,0.13355635615028308,0.0018013381369016985,0.007816520844055585,0.0018335048893463716,0.4064269171384457
2013-09-10,33924,49361,0.3750442164839052,0.13615729277207878,0.0026235113783751917,0.011230986911920765,0.0028888102818063906,0.3845654993514916
2013-09-11,33499,47910,0.359682378578465,0.12749634317442313,0.0016119884175647035,0.0066867667691572884,0.0027164989999701483,0.36633929371026
2014-02-06,45133,66231,0.34048257372654156,0.13274100990406132,0.0009084262069882348,0.0034342941971506435,0.003412137460394833,0.3449139210777037
2014-02-08,34831,51066,0.3814418190692199,0.1469954925210301,0.0009761419425224656,0.004622319198415205,0.0017800235422468491,0.3849731560965806
2014-02-13,40117,58293,0.35635765386245233,0.13151531769573996,0.0008724480893386843,0.0037141361517561136,0.002692125532816512,0.3606700401326121
2014-02-14,34433,49863,0.390700781227311,0.13995295210989459,0.0011326343914268289,0.0031655679145006243,0.0029913164696657277,0.39465048064356867
2014-02-15,33345,49649,0.39691108112160745,0.1414904783325836,0.001049632628579997,0.002938971360023992,0.002938971360023992,0.4006897585844954
2014-02-16,37522,55879,0.3890517563029689,0.13208251159319867,0.0020254783860135387,0.0044507222429508025,0.0041575608976067375,0.3936357337028943
2014-12-06,71053,97725,0.3729610290909603,0.12399194967137207,0.0007318480570841485,0.001463696114168297,0.0012525860977017156,0.37497361124794165
2014-12-08,101601,140515,0.3613547110756784,0.12366020019487997,0.0006889695967559374,0.0016928967234574462,0.001397624039133473,0.36319524414129783
2014-12-10,102554,139545,0.36073678257308345,0.12240380677496733,0.0004387932211322815,0.0014333911890321196,0.0008483335608557443,0.3620434112760107
2014-10-11,67042,94001,0.4001372274096835,0.13103726022493362,0.00043256466095880193,0.0026848841025029087,0.0013275260284597715,0.402464126965186
2014-10-13,100638,140209,0.39220771477970545,0.12780460660982929,0.000685625707983068,0.002921361712275681,0.0017090959677259086,0.394632246268805
2014-10-14,99247,138043,0.3831249307283847,0.1265126401805596,0.0007959938335667577,0.002629802412163592,0.0017028222515542031,0.385865567724969
2014-11-08,67582,95707,0.38424432541209197,0.12287295433695362,0.0005178893788286822,0.0027226184486993576,0.0020567606759196236,0.38720369329111304
2014-11-11,97299,137082,0.37005519070082943,0.12374227895456275,0.0006372110710284793,0.004069928776246416,0.0016546932650900832,0.37375512595196253
2014-06-19,78271,112611,0.33767295677837256,0.12497604476753843,0.00048549271122126967,0.003577314714261987,0.0010859705382581034,0.3410075251370239
2014-06-21,57950,83786,0.35877480586712684,0.1201725625539258,0.000638481449525453,0.00364106988783434,0.0014840379637618636,0.36220880069025024
2014-06-22,69374,100686,0.37328105630351427,0.12774238187217113,0.0005621702655173408,0.0036468994147663388,0.0012829013751549571,0.3765964194078473
2014-06-24,86736,124704,0.3262774395867921,0.133324109942815,0.0006341080981368751,0.0036662977310459323,0.0015449179118243866,0.3295171555063641
2014-04-10,60388,86426,0.33165529575412334,0.12057031198251308,0.0004636682784659204,0.003328475856130357,0.0020202689276015103,0.33572895277207393
2014-04-13,53810,77146,0.34631109459208326,0.13454748188069132,0.0007247723471473704,0.0034566065787028435,0.0008176918788329306,0.34904292882363874
2014-04-14,66068,93984,0.32443845734697585,0.13018405279409093,0.0005903009021008658,0.002815281225404129,0.0011503299630683539,0.3267845250348126
2014-12-11,91144,124462,0.37523040463442464,0.1191521109453173,0.00048275256736592646,0.0016896339857807425,0.0012507680154480822,0.37688712367243044
2014-12-13,70487,96982,0.3844254969001376,0.12697376821257822,0.0008512207924865578,0.0020429299019677385,0.0014612623604352577,0.38617049952473503
2014-12-14,84202,115975,0.3781501627039738,0.1323840288829244,0.0008550865775159735,0.0019476972043419396,0.0014370204983254556,0.3802403743379017
2014-08-22,78939,113799,0.3664981821406402,0.1266294227188082,0.0006080644548322122,0.0045984874396686045,0.0015201611370805304,0.37047593711600096
2014-08-23,65507,95731,0.38902712687193736,0.13258125085868686,0.0007632772070160441,0.005632985787778405,0.0024119559741706993,0.3945685193948738
2013-07-12,31784,53481,0.3430971558016612,0.12443367732192298,0.006795872136924239,0.009533098414296502,0.0022652907123080794,0.3522527057639064
2013-07-13,27855,48319,0.3512834320588763,0.13283073056901812,0.006318434751391133,0.009872554299048646,0.0025489140190271048,0.3601148806318435
2013-04-18,31323,53860,0.3761772499441305,0.14280241356191936,0.003862976087858762,0.011429301152507742,0.0006385084442741755,0.38355202247549725
2013-04-22,36193,62682,0.35984858950625814,0.1240018788163457,0.004006299560688531,0.006548227557815047,0.0008841488685657448,0.3646561489790843
2013-04-23,30437,52326,0.375924039819956,0.12126687912737787,0.003778296152708874,0.006538095081644052,0.0027597989289351774,0.38200216841344414
2013-04-25,29605,50895,0.37311264989022125,0.12673534875865564,0.0038169228170917076,0.005911163654788043,0.0017564600574227326,0.3778078027360243
2013-04-29,34132,58538,0.3698288995663893,0.13781788351107466,0.0033985702566506504,0.006299074182585258,0.0014941989921481308,0.3749560529708192
2014-10-18,62133,87560,0.4005600888416783,0.12709832134292565,0.0007081583055703088,0.0030901453333977112,0.002011813368097468,0.4041008803695299
2014-10-19,76252,107241,0.3988223259717778,0.12907202434034518,0.0007737501967161517,0.003055657556523108,0.0014950427529769712,0.4021533861406914
2014-06-27,67699,96748,0.33635651929866023,0.12224700512562962,0.00053176560953633,0.0036928167328911803,0.0016691531632668133,0.3399754796968936
2014-06-29,70317,102257,0.36983944138686237,0.13032410370180753,0.0005404098582135187,0.004166844433067395,0.0010239344681940356,0.37301079397585224
2014-04-16,63810,91503,0.3073969597241812,0.1256386146372042,0.0005798464190565742,0.0030872903933552736,0.001206707412631249,0.3103902209685002
2014-04-17,55910,80009,0.317367197281345,0.12071185834376677,0.000375603648721159,0.0025576819889107493,0.0019495617957431587,0.32053299946342334
2014-04-18,50951,73308,0.3346156110773096,0.13191105179486173,0.0008243214068418676,0.002845871523620734,0.001314988910914408,0.33732409569979
2014-04-19,41812,60533,0.3545632832679613,0.12668611881756434,0.0009327465799292069,0.003372237635128671,0.0015067444752702574,0.35836601932459583
2014-04-20,48196,69702,0.359573408581625,0.12397294381276454,0.0006017096854510748,0.0030915428666279357,0.0011619221512158685,0.36266495144825295
2014-04-21,64789,92898,0.31378783435459723,0.12381731466761332,0.000571084597694053,0.003256725678741762,0.0009569525691089537,0.31675130037506366
2014-12-16,103983,141668,0.3763499802852389,0.12220266774376581,0.0007405056595789696,0.0017695200176952002,0.0008655260956117827,0.3780617985632267
2014-12-17,110186,147959,0.3431833445265279,0.1248978999146897,0.0003267202729929392,0.0013159566551104497,0.0010073875083948958,0.34444484780280615
2014-12-19,86493,118159,0.3618443111003203,0.12111962817800284,0.0008324373070653117,0.0015608199507474592,0.0011330396679500076,0.36335888453400855
2014-12-20,74023,102347,0.37915242559744944,0.12667684368371993,0.0007565216216581333,0.0015400618726612,0.0014319873552814666,0.3807465247288005
2014-12-21,72224,98630,0.29430660168365086,0.13729508196721313,0.0008445945945945946,0.001827647319450598,0.0014261187416925122,0.29661885245901637
2013-02-12,34341,60357,0.34329227454063654,0.13721207885617775,0.004367956669869835,0.011502285897323898,0.0014559855566232782,0.35144579365772693
2013-02-13,33409,58638,0.34903768445628425,0.14543985153701097,0.004160555538926637,0.011523840881199676,0.00170612709150229,0.35798736867311204
2013-02-16,27032,49086,0.3537289138798461,0.13509914175791654,0.005068067475584493,0.014427345368452206,0.0030334418467002073,0.3656407221071323
2013-02-18,35634,63432,0.3232586855250603,0.1332435314587192,0.0036482011561991354,0.010663972610428243,0.001431217376662738,0.33215468372902285
2013-02-19,33939,59632,0.3341878075370518,0.12716933321547483,0.004478623412593182,0.011520669436341672,0.002592887238869737,0.34335130675623915
2013-02-20,33938,59409,0.3419765454652602,0.13651364252460368,0.004419824385644411,0.011668336378101243,0.0024456361600565736,0.3509045907242619
2013-02-23,27317,49350,0.35867774645824946,0.14174323681224146,0.0040267965003477684,0.012190211223780063,0.0024526851411209136,0.36867152322729435
2014-08-28,90187,129398,0.3712841096832138,0.13398826881923115,0.0005433155554569949,0.004778959273509486,0.0013194806346812733,0.3752979919500593
2014-08-29,81513,117730,0.3716339724951848,0.12616392477273564,0.00046618330818397064,0.004980800608491897,0.0018033933237643076,0.3754861187785997
2014-08-30,63755,92701,0.4125637204925104,0.13385616814367501,0.0009411026586150106,0.005144694533762058,0.0022743314249862754,0.41708101325386243
2014-05-27,72792,104721,0.3111193537751401,0.1279673590504451,0.00045334652159577973,0.0029398835036817234,0.0010165952302450818,0.3137020551708979
2014-05-28,74118,105958,0.34078091691626866,0.1277557408456785,0.0004722199735556815,0.00254998785720068,0.0014976119161337327,0.3432364607787582
2014-05-30,61844,88017,0.34585408447060345,0.127207166418731,0.0003719034991268353,0.002829700536834616,0.0015684625832740444,0.3489425004850915
2014-05-31,50981,73464,0.3621545281575489,0.12351660422510347,0.0005688393715305702,0.0025891998980012163,0.0015692120593946764,0.36478295835703495
2014-06-01,60893,87403,0.3749363637856568,0.1352536416336853,0.0006076232079220928,0.002479759578276649,0.0010346016783538338,0.37725190087530586
2014-06-02,74907,106897,0.342571455271203,0.12072302989039743,0.0005339954877381286,0.0027500767618513625,0.0010412912010893509,0.3449610850788311
2014-06-03,78966,113499,0.33882936960210724,0.12466124661246612,0.0009117848187827673,0.002697363422232353,0.0011270673454398096,0.34140009624395307
2013-12-28,25997,39364,0.37715890295034044,0.1405931453629265,0.0009231834442435666,0.004269723429626495,0.0028849482632611455,0.38196715005577564
2013-12-30,32378,47319,0.34613008833158315,0.13351658533572178,0.0008956698993143492,0.00330471307678053,0.0037679906109086415,0.3504848971523874
2014-01-01,29018,43677,0.3424770831897443,0.14129161210283273,0.0010338410641670688,0.005169205320835343,0.003894134675029292,0.34892135915638567
2014-01-05,34819,52641,0.3746517705850254,0.14204888135787933,0.0018093569602803067,0.004853671845831299,0.004911111749332261,0.37959160228610817
2014-01-09,40542,59668,0.366336145232105,0.12535148734645551,0.0013812836071234768,0.0038971930343840956,0.0030338907799319225,0.37015934093039315
2014-11-20,86575,120800,0.3761478486861103,0.129136586774473,0.0005890846087207623,0.0024833958995090963,0.001155067860236789,0.37844643372798153
2014-11-21,78035,108390,0.3659383609918626,0.12382905106682898,0.0005894790799000449,0.0024860639456654064,0.0008457743320304991,0.36802716729672585
2014-11-23,85821,120995,0.38083918854359655,0.11915498537653954,0.0007457382225795551,0.0028314748138567485,0.0013516505284254436,0.383810489274187
2013-05-01,35292,60534,0.3594582341607163,0.12866938682987647,0.0043635951490422755,0.007622123994106313,0.0015867618723790094,0.364105179644112
2013-05-05,29450,52570,0.3409507640067912,0.1369100169779287,0.005398981324278438,0.008794567062818337,0.0014601018675721562,0.34702886247877757
2013-05-06,34612,59673,0.3460360568588929,0.13249739974575292,0.004622674217034555,0.007771871027389345,0.000837859701837513,0.3510343233560615
2013-05-07,35471,60734,0.3422796086944264,0.12472160356347439,0.003918694144512419,0.007470891714358208,0.0018324828733331455,0.3481435538890925
2013-05-09,31357,53733,0.3589629109927608,0.1314539018400995,0.0038268967056797527,0.00727110374079153,0.002264247217527187,0.3643524571865931
2013-05-11,25954,45594,0.4075287046312707,0.13859135393388303,0.004585035062032827,0.007474763042305618,0.0013100100177236649,0.41326963088541263
2013-05-13,36477,62267,0.34904186199522985,0.13030128574170025,0.003810620390931272,0.006881048331825534,0.0010965814074622364,0.3541683800751158
2014-08-04,105675,152237,0.3503950792524249,0.12524248876271588,0.000511000709723208,0.004239413295481429,0.0012301868937780933,0.3541045658859711
2014-12-22,95731,130846,0.36691353897901413,0.12773291828143443,0.000553634663797516,0.0014937689985480148,0.001211728698122865,0.3688564832708318
2013-02-26,35503,61783,0.3271836182857787,0.1323550122524857,0.004168661803227896,0.011689153029321466,0.001830831197363603,0.33723910655437567
2013-02-27,34513,59745,0.34589864688668037,0.1365862138904181,0.003940544142786776,0.012864717642627416,0.0018253991249674035,0.356590270332918
2013-02-28,32009,55375,0.3490268362023181,0.1314942672373395,0.0043112874504045735,0.010809459839420162,0.0019057140179324565,0.35786809959698834
2013-03-03,35528,64033,0.36382571492907,0.15185206034676874,0.004193875253321324,0.014439315469488853,0.0015762215717180816,0.37502814681378066
2013-03-04,36296,63711,0.35072735287635,0.14117258100066124,0.0038296230989640734,0.010744985673352435,0.0015428697377121445,0.3601774300198369
2013-03-08,30036,51795,0.35217738713543745,0.1461579438007724,0.003928618990544679,0.010853642295911573,0.00253029697696098,0.36199893461179916
2013-03-09,28866,52197,0.3551929605764567,0.13940275756945888,0.003983925725767339,0.01267927665765953,0.0013164276311231206,0.3655858102958498
2013-03-10,33980,61221,0.3700412007062978,0.1418481459682166,0.002736904061212478,0.011506768687463214,0.0017657445556209534,0.3781636256621542
2014-06-05,72665,103764,0.3551641092685612,0.1296910479598156,0.0007568980939929815,0.0025184063854675567,0.0009908484139544485,0.35780637170577306
2014-06-08,66877,96469,0.358658432645005,0.12470655083212465,0.0006878298966759873,0.0031400930065642895,0.0014504239125558863,0.36181347847541007
2014-06-10,81083,116587,0.34613914137365415,0.13117422887658325,0.00044398949224868343,0.004501560129743596,0.001245637186586584,0.349950051182122
2013-07-30,40238,67286,0.3288185297479994,0.12376360654108057,0.0028579949301655153,0.005467468562055768,0.0016650926984442566,0.333664695064367
2013-07-31,40035,67630,0.3432246784063944,0.12326714125140502,0.0021481203946546773,0.004970650680654427,0.0025477707006369425,0.34847008867241164
2013-08-01,36432,61352,0.3556763285024155,0.13976723759332454,0.0029644268774703555,0.006038647342995169,0.0015096618357487923,0.3607817303469477
2013-08-02,32930,55112,0.3491041603401154,0.1303370786516854,0.002702702702702703,0.005648344974187671,0.0018220467658669906,0.3539629517157607
2013-08-04,33960,59149,0.37361601884570084,0.12891637220259128,0.0031213191990577148,0.006684334511189635,0.001884570082449941,0.3790636042402827
2013-08-05,40054,67944,0.3556948120037949,0.13019923103809858,0.0028960902781245317,0.011534428521495981,0.0018225395715783692,0.3653817346582114
2013-08-06,39609,67278,0.33186901966724736,0.12113408568759626,0.00275189982074781,0.005832007876997652,0.0017925219015880228,0.33717084500997246
2013-08-10,26558,38168,0.3442653814293245,0.11186836358159499,0.003125235333985993,0.0064763912945251904,0.0032005422095037275,0.3509676933504029
2013-08-12,38045,53640,0.3361808384807465,0.12482586410829281,0.0023656196609278487,0.005546063871730845,0.0022867656722302537,0.3414114863976869
2014-07-11,79860,115284,0.3615326821938392,0.1273854244928625,0.00040070122714750816,0.0036313548710242925,0.0016654144753318308,0.3646005509641873
2014-03-17,64635,92753,0.3184497563239731,0.1331012609267425,0.0011603620329542817,0.0037131585054537017,0.0022278951032722208,0.3226115881488358
2014-03-18,64320,92807,0.31772388059701495,0.13658271144278608,0.0010572139303482587,0.003871268656716418,0.0029073383084577114,0.32238805970149254
2014-05-02,55651,80863,0.3247201308152594,0.122010386156583,0.0005031356130168371,0.003629764065335753,0.0015812833551957736,0.32838583313866776
2014-05-05,66744,95529,0.31267230013184705,0.13524811218985977,0.0003446002636941148,0.002562028047464941,0.001438331535418914,0.3155339805825243
2014-05-06,68307,97957,0.3225877289296851,0.12834702153512817,0.0004391936404760859,0.0025473231147612983,0.0010540647371426062,0.3252814499246051
2014-05-08,63070,89819,0.327572538449342,0.12368796575233867,0.0003963849690819724,0.003377199936578405,0.0008244807356905026,0.33053749801807514
2013-05-18,24817,43212,0.388040456138937,0.1390579038562276,0.004351855582866583,0.006890438006205424,0.003787726155457952,0.3945682395132369
2013-05-19,31287,55423,0.39217566401380766,0.1367021446607217,0.004986096461789241,0.00818231214242337,0.0019496915651868187,0.39783296576853006
2013-05-21,35565,61280,0.34944467875720514,0.12630395051314494,0.003739631660340222,0.006101504287923521,0.0020806973147757626,0.3549838324195136
2013-05-22,35094,61147,0.3534792272183279,0.129252863737391,0.005100586994927908,0.00803556163446743,0.0010258163788681826,0.3586368040120818
2013-05-23,32043,56198,0.36747495552850856,0.12879568080391973,0.00396342414880005,0.0062416128327559845,0.0020597322348094747,0.3725618699872047
2013-05-24,27824,47398,0.3530046003450259,0.12791115583668775,0.0034861989649223693,0.006864577343300747,0.00179700977573318,0.3587909718228867
2013-05-27,33275,57542,0.36907588279489106,0.13331329827197597,0.0042073628850488355,0.007422990232907588,0.0030954169797145,0.3763786626596544
2013-05-28,35787,61023,0.3454047559169531,0.12538072484421717,0.003381116047726828,0.006734288987621203,0.0023192779500936095,0.35090954815994635
2013-05-31,27753,47091,0.3593485388966959,0.11912225705329153,0.002954635534897128,0.005188628256404713,0.0016214463301264727,0.36298778510431307
2014-01-27,41049,59852,0.3642476065190382,0.13917513215912689,0.000998806304660284,0.004336281029988551,0.0019245292211746937,0.3682184706082974
2014-01-28,41984,61159,0.3674971417682927,0.14172065548780488,0.0007860137195121952,0.0037395198170731706,0.0031678734756097563,0.3716177591463415
2014-01-30,36367,53086,0.3725355404625072,0.1438391948744741,0.0010998982594110044,0.003684659169026865,0.0030797151263508124,0.3766601589352985
2014-01-31,33237,47606,0.35917802449077835,0.125883804194121,0.0009928693925444535,0.009778259168998405,0.003640521105996329,0.36847489243914916
2014-02-03,41230,60028,0.37164685908319184,0.14217802570943489,0.001212709192335678,0.014140189182634004,0.003395585738539898,0.3835799175357749
2014-02-04,42326,61253,0.36079478334829657,0.13256627132259133,0.0007796626187213533,0.007938383026981051,0.0033549118744979445,0.36745735481736996
2014-06-13,64156,91524,0.3503335619427645,0.1239946380697051,0.00048319720680840454,0.003023879294220338,0.001293721553712825,0.3526248519234366
2014-06-16,81818,116255,0.334205187122638,0.1251558336796304,0.0006477792172871496,0.0040700090444645435,0.0013688919308709575,0.33792075093500207
2013-08-14,35912,51564,0.3405825350857652,0.12349632434840722,0.0024782802405881044,0.005429939852973936,0.0023390510135887724,0.3466250835375362
2013-08-15,33316,47103,0.33527434265818223,0.12258374354664425,0.002911513987273382,0.005642934325849442,0.0032116700684355864,0.3418177452275183
2013-08-16,29424,41300,0.35984230560087005,0.12241707449700924,0.003024741707449701,0.005641653072321914,0.0015293637846655792,0.36436242523110385
2013-08-19,35277,49905,0.35266604303086996,0.13277773053264166,0.002381154860107152,0.005697763415256399,0.0021260311250956712,0.3577968648127675
2013-08-21,35990,51681,0.343400944706863,0.1271742150597388,0.0024451236454570715,0.004890247290914143,0.00225062517365935,0.34792998055015284
2013-08-24,25682,37230,0.39050696986216027,0.13118137216727668,0.002141577758741531,0.005451288840432988,0.0028035199750798224,0.3957635698154349
2013-08-25,31068,44900,0.3719582850521437,0.13177546028067466,0.0032187459765675294,0.006984678769151539,0.00164156044804944,0.3775910905111369
2014-07-15,104718,153441,0.34639699001126834,0.1316010618995779,0.0004488244618881186,0.005662827785099028,0.001193682079489677,0.35084703680360585
2013-06-02,32344,57977,0.37336136532278014,0.14259213455354935,0.004173880781597823,0.006430868167202572,0.0022879050210239922,0.37852461043779373
2013-06-06,33402,57250,0.3571941799892222,0.12996227770792168,0.004191365786479852,0.006736123585414047,0.001466978025267948,0.3628824621280163
2013-06-08,27297,47810,0.3937062680880683,0.1292449719749423,0.0049089643550573325,0.008865443088984137,0.0010257537458328754,0.39868850056782795
2013-06-09,34171,61154,0.37842029791343534,0.12861783383570863,0.0033946914049925374,0.006818647391062597,0.0008194082701706125,0.3834245412776916
2013-06-10,38788,67427,0.3537692069712282,0.13560895122202743,0.0043054552954522015,0.007837475507889038,0.00149530782716304,0.3604465298545942
2013-06-12,36566,62777,0.3557129573921129,0.1244872285729913,0.003910736749986326,0.008587212164305639,0.0020784335174752503,0.3619209101350982
2013-06-14,30107,50717,0.35938486066363307,0.11870993456671206,0.0037864948350881853,0.005978676055402398,0.0016939582156973462,0.36416780150795497
2014-07-21,108701,157564,0.3512479186024048,0.1274413298865696,0.0005243742007893211,0.003229041131176346,0.0011867416123126741,0.3541549755752017
2013-03-31,27698,48764,0.3823019712614629,0.13632753267383926,0.004765687053216839,0.014152646400462127,0.000830384865333237,0.3934219077189689
2013-04-03,36565,64051,0.3533980582524272,0.13326952003281828,0.004512511964993846,0.012416245043073978,0.002297278818542322,0.36250512785450567
2013-04-05,28835,49936,0.3511357724986995,0.1251257152765736,0.004404369689613317,0.007490896479972256,0.0028437662562857636,0.3581064678342292
2013-04-08,35476,61610,0.34648776637726914,0.12354831435336566,0.004059082196414477,0.006455068215131357,0.0013812154696132596,0.3517025594768294
2013-04-10,34646,59545,0.3435605841944236,0.12725855798649194,0.003607920106217168,0.006696299717139064,0.0011256710731397564,0.3483230387346303
2013-04-13,25100,44549,0.3833067729083665,0.1299203187250996,0.00450199203187251,0.008366533864541833,0.0018725099601593625,0.3894820717131474
2014-05-10,45924,66675,0.34831460674157305,0.123094678163923,0.0004572772406584792,0.0027001132305548296,0.001937984496124031,0.35121069593241006
2013-01-07,34353,60710,0.3590370564433965,0.15151515151515152,0.00494862166331907,0.015777370244229035,0.0029691729979914416,0.37105929613134225
2013-01-09,34795,61049,0.3511998850409542,0.14019255640178185,0.003247593044977727,0.013392728840350625,0.0031038942376778273,0.3626095703405662
2013-01-12,26938,48881,0.36628554458385926,0.14867473457569233,0.004900141064667013,0.015405746529066747,0.0020417254436112557,0.37731086197936003
2013-01-16,34454,60416,0.3416149068322981,0.14320543333139837,0.004179485691066349,0.014686248331108143,0.0026992511754803505,0.3538050734312417
2013-01-17,30141,52743,0.34793138913771937,0.13761985335589397,0.004943432533758004,0.0254138880594539,0.0011943863839952225,0.36428784711854284
2013-01-18,27189,47864,0.35988819007686934,0.1377027474346243,0.004229651697377616,0.01419691787119791,0.0038618558976056495,0.37191511272941263
2013-01-21,33156,57808,0.3561346362649294,0.14096996018820124,0.004825672578115575,0.014657980456026058,0.001839787670406563,0.36783689226685967
2013-01-22,32837,58020,0.35536133020677896,0.13594420927612144,0.004628924688613454,0.015226725949386363,0.002314462344306727,0.3683040472637574
2014-09-13,71506,102357,0.3939669398372165,0.13843593544597657,0.0008530752664112103,0.005999496545744413,0.0007691662238133863,0.3987637401057254
2014-09-15,106448,150663,0.36145347963324814,0.1293777243348865,0.000854877498872689,0.005016533894483691,0.001211859311588757,0.36571847286938225
2014-09-16,104866,150640,0.35734175042435107,0.130557091907768,0.0005244788587340034,0.005187572711841779,0.0020979154349360135,0.36231953159269925
2013-06-16,31682,55757,0.41619847231866675,0.13572375481345875,0.003882330660943122,0.007796224985796351,0.001609746859415441,0.42140647686383437
2013-06-17,39207,66791,0.3446833473614406,0.13125207233402197,0.004437983013237432,0.009794169408523987,0.002218991506618716,0.3521054913663376
2013-06-19,37712,63151,0.3398387781077641,0.12134068731438269,0.0037123462028001695,0.0068943572337717435,0.001113703860840051,0.34492999575731864
2013-06-20,34807,59244,0.3371735570431235,0.11839572499784526,0.006579136380613095,0.009940529203895768,0.0015801419254747608,0.3457637831470681
2013-06-21,30468,51293,0.35588158067480635,0.12724826047000132,0.005349875278981227,0.00840225810686622,0.002264671130366286,0.36359459104634373
2013-06-22,27766,49514,0.3847151192105453,0.13837066916372542,0.004033710293164301,0.007022977742562847,0.0011524886551898005,0.3895771807246272
2013-06-24,37873,64513,0.33411665302458216,0.12351807356164021,0.003062868006231352,0.007498745808359518,0.0018482824175534021,0.34016317693343545
2013-06-25,38186,65118,0.3360917613785157,0.12546483004242392,0.005106583564657204,0.008510972607762008,0.0019640706017912323,0.3430838527208925
2013-06-27,34995,58763,0.34170595799399917,0.12438919845692242,0.004686383769109873,0.007543934847835405,0.0005143591941705958,0.3467923989141306
2013-06-28,31470,53626,0.3409596441054973,0.12551636479186526,0.005433746425166826,0.00803940260565618,0.00146170956466476,0.3479186526850969
2013-06-29,27426,48419,0.3831036242981113,0.14088820826952528,0.005323415736892,0.0077663530956027125,0.001349084810034274,0.3897032013417925
2013-07-01,38349,66920,0.33878327987691986,0.11546585308613001,0.005528175441341365,0.011369266473702053,0.0020600276408772066,0.3480403661112415
2013-11-19,30455,43999,0.3478246593334428,0.1243802331308488,0.001116401247742571,0.004202922344442621,0.003086521096700049,0.3528156296174684
2013-11-20,29838,42844,0.36171995442053756,0.13067229707084926,0.0013405724244252295,0.004893089349152088,0.0020778872578591056,0.36671358670152154
2013-11-23,22278,32053,0.366190860939043,0.12716581380734357,0.0011670706526618188,0.004802944609031331,0.003815423287548254,0.37247508753029895
2013-11-24,26810,39215,0.38176053711301755,0.13759791122715403,0.0011189854531891085,0.004774337933606863,0.0024990675121223426,0.38709436777321893
2013-11-25,30741,44035,0.3591620311635926,0.12641098207605478,0.0013011938453531115,0.0043264695357990955,0.0022445593832341173,0.36306561269965193
2013-11-26,29312,42079,0.3709402292576419,0.1240447598253275,0.0008870087336244542,0.004128002183406114,0.003411572052401747,0.3759893558951965
2013-11-28,21275,31088,0.41955346650998826,0.13950646298472386,0.001081081081081081,0.003384253819036428,0.0020681551116333726,0.42331374853113984
2013-12-01,27470,40414,0.3738623953403713,0.1389515835456862,0.0007644703312704769,0.0038951583545686203,0.0029122679286494356,0.37819439388423737
2013-12-05,27424,39555,0.36442532088681445,0.125,0.000911610268378063,0.0037558343057176196,0.003646441073512252,0.369931446907818
2013-09-13,30413,43252,0.38121855785354947,0.13073356788215565,0.0025975734061092297,0.007135106697793707,0.002794857462269424,0.3876302896787558
2013-09-15,31301,45694,0.398038401329031,0.1370563240791029,0.0017571323599884989,0.004408804830516597,0.0023960895818024982,0.402511101881729
2013-09-18,34601,50011,0.35701280309817635,0.13384006242594146,0.0017051530302592411,0.004768648304962284,0.0029478916794312303,0.36290858645703883
2013-09-19,32010,45651,0.36935332708528584,0.13083411433926898,0.0015307716338644173,0.006404248672289909,0.002311777569509528,0.37519525148391125
2013-09-20,28479,40536,0.37223919379191683,0.1320271076933881,0.0025281786579584957,0.005302152463218512,0.001861020400997226,0.3766283928508726
2013-09-23,36460,52113,0.3626439934174438,0.12748217224355457,0.0018650575973669775,0.0045255074053757545,0.002303894679100384,0.36673066374108615
2013-09-24,35114,50163,0.3721022953807598,0.1362134761063963,0.001965028193882782,0.00512616050578117,0.002050464202312468,0.37682975451386913
2013-09-25,34115,49183,0.3550637549465045,0.12730470467536276,0.0019053202403634766,0.004191704528799648,0.0022277590502711416,0.3596365235233768
2013-09-29,29572,43050,0.3765724333829298,0.13800216420938727,0.002096577843906398,0.005478155011497362,0.0035506560259705128,0.3826254565129176
2014-07-24,93006,132766,0.3418166569898716,0.12993785347181902,0.000591359697223835,0.003924477990667269,0.0013332473173773736,0.3453433111842247
2014-07-26,68111,97461,0.3696319243587673,0.1316380613997739,0.0006019585676322474,0.0038466620663328978,0.0019820586983013023,0.3733758130111142
2014-07-28,101546,144558,0.32867862840486084,0.12991156717152819,0.000640103992279361,0.003722450908947669,0.0016051838575620902,0.33206625568707776
2014-07-29,103826,148662,0.33627415098337604,0.12767514880665728,0.0005778899312310981,0.0036118120701943636,0.0015217768189085584,0.33959701808795484
2014-09-18,93988,134252,0.36600417074520153,0.12834617185172575,0.0006064603991998978,0.004638890071072903,0.0010320466442524578,0.36987700557517983
2014-09-21,81451,118177,0.39593129611668365,0.14085769358264477,0.0006138660053283569,0.006764803378718493,0.001252286650869848,0.4007808375587777
2013-01-23,30837,54167,0.34611019230145607,0.1343515906216558,0.00428057204008172,0.01284171612024516,0.003015857573693939,0.35707105101015013
2013-01-24,29825,52906,0.3391450125733445,0.12663872590108968,0.004056999161777033,0.01344509639564124,0.0018776194467728417,0.34957250628667225
2013-01-25,26982,47293,0.3776591801942035,0.1419094210955452,0.004299162404566007,0.013564598621303091,0.003224371803424505,0.3880364687569491
2013-01-29,31409,55677,0.3449329809927091,0.1461682957114203,0.00483937724855933,0.01311725938425292,0.0021968225667802223,0.35559871374446816
2013-02-03,21445,38090,0.44485894147820004,0.15467474935882491,0.00480298437864304,0.01608766612263931,0.00284448589414782,0.4547913266495687
2013-02-04,22914,38729,0.4149864711530069,0.1442349655232609,0.004756917168543249,0.017762066858689012,0.003316749585406302,0.42807890372697915
2013-02-08,26845,47627,0.335369715030732,0.13238964425405103,0.0039485937791022534,0.009536226485379027,0.0008567703482957721,0.3424101322406407
2013-02-10,32548,59496,0.3664126828069313,0.14108393756912868,0.004792921224038344,0.01606857564212855,0.0028880422760231045,0.3795624923190365
2014-05-21,71539,102142,0.30668586365478967,0.12436573058052251,0.00047526523993905425,0.002236542305595549,0.0014118173304071904,0.30907616824389494
2014-05-24,46800,68044,0.36495726495726494,0.12732905982905982,0.0006837606837606838,0.00297008547008547,0.0013675213675213675,0.36811965811965813
2014-02-19,40616,59052,0.358405554461296,0.12662497537916093,0.0009848335631278313,0.003348434114634627,0.003102225723852669,0.36296040969076226
2014-02-20,39344,57642,0.3663074420496137,0.13183712891419277,0.0005337535583570557,0.0034058560390402602,0.0029991866612444082,0.3701962179747865
2014-02-23,39216,59052,0.4008567931456548,0.13142594859241127,0.0016574867401060792,0.004666462668298654,0.0046154630762953895,0.4057527539779682
2014-02-25,57303,83867,0.3302270387239761,0.13397204334851578,0.0008202013856168089,0.004537284260858943,0.0020941311973195122,0.33493883391794493
2014-02-26,62727,91167,0.3072680026145041,0.12783968625950548,0.0006695681285570807,0.003300014347888469,0.00286957769381606,0.31154048495863024
2014-02-27,48164,69884,0.34696038535005397,0.12474047006062619,0.0006643966447969437,0.003072834482185865,0.0039033302881820446,0.3516526866539324
2014-02-28,36195,53540,0.3682829120044205,0.1294653957728968,0.0008841000138140627,0.0028456969194640145,0.0031496062992125984,0.3723995026937422
2014-11-12,97464,136428,0.3638882048756464,0.12298900106706066,0.0003898875482229336,0.0033140441598949358,0.001272264631043257,0.36613518837724696
2014-11-13,91297,128739,0.3696068874114155,0.12922659013987317,0.0006571957457528725,0.002584969933294632,0.001193905604784385,0.3719508855712674
2014-11-15,68105,96832,0.38859114602452094,0.12109243080537406,0.0006020115997357022,0.0028044930621833933,0.0014683209749651275,0.39104324205271274
2013-12-07,22725,32780,0.3722772277227723,0.1316171617161716,0.0015401540154015402,0.004180418041804181,0.003256325632563256,0.37724972497249726
2013-12-09,30127,42829,0.3571879045374581,0.11916221329704252,0.0010621701463803233,0.004049523683074982,0.003618017061107976,0.36289706907425234
2013-12-12,25320,36544,0.35221169036334915,0.124565560821485,0.0007898894154818325,0.0039494470774091624,0.0030015797788309636,0.3558451816745656
2013-12-17,28739,41242,0.35731932217544105,0.11896725703747521,0.0008003062041128779,0.003862347332892585,0.003827551410974634,0.362364730853544
2013-12-18,28019,40772,0.3460508940361897,0.11920482529711982,0.0007138013490845498,0.004282808094507299,0.0028195153288839716,0.35061922267033085
2013-12-21,21346,31438,0.36447109528717325,0.13248383772135294,0.0018270401948842874,0.004778412817389675,0.0018270401948842874,0.3680314813079734
2014-09-24,105669,150130,0.361250697934115,0.13294343658026478,0.0005583472920156337,0.0054509837322204244,0.0014384540404470563,0.3660297722132319
2014-09-27,63718,92301,0.39764273831570357,0.12971216924573903,0.001255532188706488,0.006544461533632568,0.0021344047208010294,0.4030729150318591
2014-09-28,79541,115400,0.41329628744924,0.13985240316314856,0.0008926214153706894,0.007228976251241498,0.0022001232068995864,0.41837542902402536
2014-08-01,84535,120897,0.3431123203406873,0.12846749866919027,0.0006861063464837049,0.004010173300999586,0.0024013722126929675,0.34733542319749217
2014-08-02,71573,103116,0.38216925376887934,0.13280147541670742,0.0007125592052869098,0.003437050284325095,0.0017185251421625474,0.38555041705671134
2013-07-16,38929,65856,0.3334275218988415,0.12350689717177425,0.0039045441701559248,0.007012766831924786,0.0019779598756710934,0.3387448945516196
2013-07-17,37127,62883,0.3236997333476984,0.12489562851832899,0.003743906052199208,0.006221887036388612,0.0021817006491232794,0.32870956446790744
2013-07-19,33108,56129,0.33309169989126497,0.12105835447625951,0.003986951794128307,0.006252265313519391,0.0018424549957714149,0.3381962063549595
2013-07-20,28003,48247,0.3881369853230011,0.12377245295146949,0.004285255151233796,0.007392065135878299,0.0018926543584615934,0.39335071242366887
2013-07-22,41523,70719,0.35038412446114203,0.13060231678828602,0.003564289670784866,0.006767333766828023,0.0017098957204440912,0.3558509741588999
2013-07-24,37256,63063,0.3307655142795791,0.13176401116598668,0.0030867511273351945,0.005851406484861499,0.0015567962207429676,0.33624114236633024
2013-07-26,29757,50814,0.32866216352454886,0.1265584568336862,0.004167086735894075,0.006653896562153443,0.0023187821352958966,0.3351480323957388
2013-07-27,28812,49877,0.36571567402471195,0.135256143273636,0.004164931278633903,0.006663890045814244,0.0027419130917673193,0.3725183951131473
2013-09-30,36541,52756,0.3490599600448811,0.13267288798883445,0.0023261541829725516,0.004898607044142196,0.001806190306778687,0.354150132727621
2013-10-04,30098,42927,0.3634460761512393,0.13163665359824572,0.0019270383414180345,0.005315967838394577,0.0025250847232374243,0.3680310984118546
2013-10-05,26154,38087,0.39198592949453237,0.136040376233081,0.002370574290739466,0.007952894394738855,0.0034029211592872984,0.40070352527338077
2013-10-10,32093,45453,0.3480821362914031,0.12847038294955287,0.00124637771476646,0.0041753653444676405,0.003240582058392796,0.3530988065933381
2013-10-12,24188,34873,0.39060691251860424,0.13907722837770795,0.0019431122870845047,0.005043823383495949,0.002480568877129155,0.39573342153133784
2013-10-14,36230,51484,0.3522495169748827,0.12967154292023186,0.0017940932928512284,0.005023461219983439,0.0029809550096605024,0.357659398288711
2014-10-23,88524,123317,0.37684695675748947,0.12895937824770684,0.0007342641543536217,0.002891871130992725,0.0013781573358637206,0.38013420089467265
2014-10-25,62541,88129,0.3982027789769911,0.12668489470907085,0.0018068147295374234,0.006123982667370205,0.0017748357077756992,0.40351129658943735
2014-03-02,40345,59219,0.37920436237451977,0.13300285041516915,0.0009170900979055645,0.0037427190482091956,0.003544429297310695,0.3829718676415913
2014-03-03,45171,66263,0.35662261185273736,0.12727192225100176,0.0006641429235571495,0.010205662925328197,0.002789400278940028,0.36530074605388413
2014-03-06,65512,94320,0.3487147392844059,0.13383807546709,0.0015569666625961656,0.003938209793625596,0.0026865307119306385,0.35282085724752715
2014-03-10,65998,95366,0.30978211460953364,0.1335646534743477,0.0007121427922058244,0.004197096881723689,0.003212218552077336,0.31493378587229914
2014-07-02,92158,131951,0.33698647974131385,0.13585364265717573,0.00043403719698778185,0.005816098439636277,0.0012261550814904837,0.34138110636081515
2014-07-04,68063,97062,0.39888044899578334,0.13396412147569164,0.0006464598974479526,0.00697882843835858,0.0012635352541028166,0.4033175146555397
2014-07-05,65521,94069,0.3972466842691656,0.1267227301170617,0.0003662947757207613,0.008577402664794493,0.0014041299735962516,0.40257322079943836
2014-07-06,79708,114611,0.3999723992572891,0.1283936367742259,0.0005394690620765795,0.00750238370050685,0.0015180408490992122,0.4051161740352286
2014-09-29,101897,145113,0.3625621951578555,0.1306711679441004,0.001030452319499102,0.009028725085134989,0.0014033779208416342,0.3697361060678921
2014-09-30,103495,147759,0.3637373786173245,0.13317551572539738,0.0006666988743417556,0.00718875307985893,0.0019614474129184983,0.3702690951253684
2014-10-01,102068,146640,0.3681761178821962,0.1311576595994827,0.0009209546576791943,0.007759532860445977,0.0019398832151114943,0.3742994866167653
2014-10-02,90214,127752,0.3727137694814552,0.12768528166359988,0.0006872547498171015,0.004766444232602479,0.0017957301527479106,0.37659343339171303
2014-10-03,82884,115376,0.3670430963756575,0.13025433135466435,0.0005911876839920854,0.003426475556199025,0.0018218232710776508,0.3699507745765166
2014-04-24,58969,84602,0.32761281351218435,0.12803337346741508,0.00027132900337465446,0.002831996472722956,0.001611015957537011,0.3306313486747274
2013-10-21,35578,50705,0.34926077913317216,0.1318792512226657,0.0010680757771656642,0.0037944797346674912,0.0028950475012648265,0.3529428298386643
2013-10-22,34127,49153,0.3439212353854719,0.13124505523485802,0.0010255809183344566,0.004307439857004718,0.002373487268145457,0.34778914056319044
2013-10-23,35003,50121,0.34885581235894064,0.13904522469502614,0.0014570179698882952,0.005028140445104705,0.003171156757992172,0.35359826300602804
2013-10-25,27731,39479,0.3725794237495943,0.13832894594497133,0.001730914860625293,0.004399408604089286,0.0038584977101438823,0.37755580397389205
2014-08-31,71317,104316,0.4415356787301765,0.13825595580296424,0.00047674467518263525,0.005033862893840178,0.0017106720697729855,0.4456581179802852
2014-09-03,101363,145860,0.3748902459477324,0.1346447914919645,0.0005623353689215986,0.004607203812041869,0.001519292049367126,0.37908309738267415
2014-09-05,87227,124245,0.3660793103052954,0.1357951093124835,0.0003783232256067502,0.004505485686771298,0.0012725417588590688,0.36958739839728527
2014-10-27,101261,140836,0.3707054048449057,0.13427676993116797,0.0008196640364997383,0.0025478713423726803,0.0012245583195899705,0.3731051441324893
2014-10-28,100694,139601,0.3698929429757483,0.12680993902317914,0.0007845551870022047,0.0031978072179077205,0.0015095239041055077,0.37272330029594614
2014-10-30,85487,120148,0.39372068267689825,0.1283353024436464,0.0009007217471662358,0.0029127235720051003,0.001204861557897692,0.39644624328845324
2014-11-01,67575,94898,0.3965075841657418,0.12707362190159083,0.00097669256381798,0.0029596744358120607,0.0026489086200517944,0.4001923788383278
2014-01-11,34611,51902,0.36707983011181416,0.13510155730837017,0.0016757678194793562,0.005171766201496634,0.0045939152292623735,0.3737829013897316
2014-01-13,44157,64866,0.3725343660121838,0.14654528160880495,0.0020608284077269744,0.005842788232896257,0.002581697126163462,0.3773354168082071
2014-01-14,44189,65088,0.3610627079137342,0.13277059901785512,0.0012672837131412794,0.0038923714046482155,0.003349249813301953,0.3659960623684627
2014-01-16,39962,58876,0.36792452830188677,0.13400230218707773,0.0009759271307742355,0.0035533757069215756,0.004003803613432761,0.3720534507782393
2014-01-17,35199,51809,0.3846416091366232,0.14077104463194978,0.0013636751044063752,0.004005795619193727,0.0032955481689820733,0.389016733429927
2014-01-19,37119,55145,0.4041865351976077,0.1486570220102912,0.0011584363802904173,0.004364341711791805,0.0043912820927287915,0.41016729976561866
2014-01-21,42656,63251,0.36691204051012755,0.14173855963990997,0.0016175918979744936,0.004126031507876969,0.002813203300825206,0.37113184546136535
2014-01-22,41045,59556,0.35643805579242294,0.13645998294554756,0.0013156291874771592,0.00419052259714947,0.0023388963332927276,0.3610671214520648
2014-01-23,39390,57281,0.376999238385377,0.13874079715663873,0.0012185833968012185,0.003935008885503935,0.002538715410002539,0.3813912160446814
2014-11-24,101728,142628,0.3889293016671909,0.1224933155080214,0.000688109468386285,0.0024477036804026425,0.0007667505504875748,0.3909641396665618
2014-11-28,90134,125422,0.385736791887634,0.13205893447533673,0.0006434863647458229,0.002707080568930703,0.0011205538420573813,0.38806665631171366
2014-11-29,71941,101373,0.4023574873854964,0.13085723023032764,0.0007367148079676401,0.0029468592318705605,0.0014317287777484327,0.4051792441028065
2014-08-08,86588,123939,0.3519078856192544,0.13053771885249688,0.0005197024991915739,0.004053679493694277,0.001432069108883448,0.35511849216981567
2014-08-10,82817,120197,0.3895818491372544,0.13441684678266538,0.00044676817561611746,0.004842001038434138,0.0021976164314090104,0.3935906879022423
2014-08-11,96885,138644,0.35097280280745213,0.12789389482376012,0.00043350363833410743,0.005005934871239098,0.001506941218970945,0.35511173040202304
2014-08-12,101434,146499,0.3454167241753258,0.1285466411656841,0.0005027899915215806,0.00974032375732003,0.0016956838929747422,0.35306701894828163
2014-08-14,92759,133086,0.3442684806865102,0.13093069136148514,0.0005821537532746149,0.004312250024256406,0.0015200681335503833,0.34762125508036956
2014-10-04,67487,95554,0.3889341650984634,0.12842473365240714,0.000740883429401218,0.004297123890527064,0.0018373909049150207,0.39259412923970544
2014-10-05,81745,115430,0.40485656615083493,0.12931677778457398,0.0006728240259343079,0.004367239586519053,0.0015291455134870634,0.40836748424980124
2014-10-06,101156,140877,0.3569338447546364,0.12359128474830954,0.000780971964095061,0.003390802325121594,0.0017398869073510222,0.36061133299062836
2014-10-07,103225,143198,0.3628481472511504,0.12644223782998304,0.0007556309033664325,0.0032744005812545413,0.0015209493824170502,0.3659966093485105
2014-10-08,113167,157387,0.3497927841155107,0.12979048662595988,0.0006804103669797733,0.003349032845264079,0.001670098173495807,0.353336219922769
2014-10-09,95838,133791,0.3708862872764457,0.12922848974310816,0.0006156221957887268,0.0027129113712723554,0.0018155637638514995,0.37374527849078654
2014-12-27,90857,126804,0.37062636890938505,0.13888858315814961,0.0005283027174571029,0.0018160405912587914,0.002531450521148618,0.3727065608593724
2014-12-30,122809,167669,0.3609018882980889,0.13056860653535166,0.0006351326042879594,0.0016285451391998959,0.001547117882239901,0.3627665724824728
2014-12-31,87998,121082,0.36312188913384397,0.13317348121548217,0.0009318393599854543,0.001250028409736585,0.0013295756721743675,0.3648264733289393
2013-10-31,25840,36814,0.36675696594427243,0.1336687306501548,0.0006965944272445821,0.004295665634674923,0.0027863777089783283,0.37093653250773995
2013-11-02,21848,32029,0.3680428414500183,0.12939399487367265,0.0010984987184181618,0.005492493592090809,0.003615891614793116,0.37367264738191136
2013-11-03,27195,39908,0.35513881228166944,0.14679168964883252,0.0009560580989152417,0.005111233682662254,0.003824232395660967,0.35995587424158854
2013-11-04,32246,46456,0.35412144141909074,0.12562798486634,0.0015505799168889164,0.005178936922408981,0.0026669974570489364,0.3589282391614464
2013-11-07,28235,41598,0.36564547547370285,0.13355764122542943,0.0009562599610412609,0.004604214627235701,0.0025500265627766954,0.37007260492296795
2013-11-08,25745,37558,0.36993590988541464,0.1301223538551175,0.001009904835890464,0.0034958244319285296,0.0023693921149737815,0.3737424742668479
2013-11-11,31087,44715,0.35439251133914496,0.13549071959339917,0.0018335638691414418,0.004825168076688004,0.002090906166564802,0.35818831022613956
2013-11-14,27896,40435,0.34954832234012045,0.11994551190134786,0.0011829652996845426,0.004911098365357041,0.002365930599369085,0.35424433610553485
2013-11-16,21972,31901,0.3720189331876934,0.1355816493719279,0.002184598580010923,0.005142909157109048,0.0036409976333515383,0.3780265792827235
2013-03-12,35473,61911,0.3300538437685,0.1251656189214332,0.0035519972937163476,0.010909705973557353,0.0007893327319369661,0.33820088518027797
2013-03-14,33080,58233,0.3333434099153567,0.1256348246674728,0.004957678355501814,0.01336154776299879,0.0009068923821039903,0.3435912938331318
2013-03-15,29678,51303,0.3490127367073253,0.13498214165375025,0.0037064492216456633,0.011995417480962329,0.001111934766493699,0.3569984500303255
2013-03-19,35652,62701,0.34208459553461235,0.13558846628520138,0.004628071356445641,0.012509817121059127,0.0024402558061258836,0.3516212274206216
2013-03-20,35898,62809,0.33659256783107694,0.12836369714190204,0.0038999387152487603,0.011226252158894647,0.0021171095882778984,0.3452838598250599
2013-03-24,33757,59877,0.37977308410107535,0.13994134549871137,0.004354652368397665,0.014574754865657492,0.001955150042954054,0.38916372900435464
2013-03-27,33768,58560,0.3275290215588723,0.12197938877043354,0.0041459369817578775,0.012408197109689647,0.001480691779199242,0.33739042880833925
2014-12-02,108676,152022,0.36858183959659907,0.12642165703559202,0.0005981081379513416,0.002346424233501417,0.000984578011704516,0.3708546505208142
2014-12-04,92875,127970,0.38451682368775236,0.12190578734858681,0.000559892328398385,0.002088829071332436,0.0014751009421265142,0.3864979811574697
2014-11-03,103128,142885,0.36544876270266075,0.12104375145450315,0.0008339151345900241,0.003645954541928477,0.0017647971452951672,0.36893957024280505
2014-11-04,101331,140392,0.3727388459602688,0.12321007391617571,0.0006611994355133177,0.0026250604454707838,0.0015000345402690193,0.37533430046086586
2014-11-06,91946,127429,0.36791160028712505,0.12921714919626737,0.0006416809866660867,0.002827746720901399,0.0013812455136710678,0.3704565723359363
2014-03-19,63121,90562,0.3160121037372665,0.13401245227420353,0.0008079719903043361,0.0032160453731721614,0.002265490090461178,0.31989353780833635
2014-03-21,51457,74314,0.324329051441009,0.12457002934488991,0.0010105525001457528,0.003945041490953612,0.002390345336883223,0.328215791826185
2014-03-22,46523,67132,0.3444102916836833,0.1332459213722245,0.0005588633579089912,0.0030737484684994518,0.0033531801474539474,0.34812888248823165
2014-03-23,54879,79711,0.3362852821662202,0.13901492374132182,0.0010568705697990123,0.004664808032216331,0.002551066892618306,0.34135097213870513
2014-05-09,50482,71366,0.3218771047105899,0.12220197298046828,0.00053484410284854,0.00213937641139416,0.0011093062873895646,0.32437304385721644
2014-06-17,81632,119770,0.3328841630733046,0.11693943551548412,0.0005267542140337122,0.0031115248921991375,0.0010290082320658564,0.3355301842414739
2014-08-16,69725,100936,0.377153101470061,0.12737181785586232,0.0005449982072427393,0.005062746504123342,0.0021799928289709574,0.3818859806382216
2014-08-18,101770,146257,0.3542890832268841,0.12545936916576594,0.0008253905866168812,0.004942517441289182,0.0018767809767121942,0.3587697749828044
2014-03-31,62760,89104,0.32950924155513067,0.13339706819630337,0.0009560229445506692,0.0037444231994901212,0.0007488846398980242,0.33209050350541747
2014-04-01,61927,88331,0.3178258271836194,0.1289098454632067,0.0008558463997933051,0.003455681689731458,0.001356435803445993,0.3211846206016762
2014-04-03,60694,86636,0.31993277753978977,0.12419679045704682,0.0007743763798728046,0.0032128381718127,0.0014993244801792599,0.3228490460342044
2014-04-04,56058,80993,0.32459238645688393,0.1294016911056406,0.0008562560205501445,0.0033358307467266047,0.0013379000321096007,0.3279103785365158
2014-04-05,46833,67912,0.3512053466572716,0.13791557235282814,0.0008113936753998249,0.004014263446714923,0.0015800824205154484,0.35485661819657077
2014-04-06,58106,83359,0.34724469073761743,0.1294874883832995,0.0011014353078855883,0.003837813650913847,0.0018242522286855058,0.3503941073211028
2013-08-30,28861,41341,0.33432659990991304,0.12237968192370327,0.0019403347077370846,0.006132843629811857,0.0022175253802709538,0.3400783063649908
2013-09-05,33221,47298,0.36786972095963394,0.13256674994732248,0.0021372023719936186,0.005990186929953945,0.0026790283254567895,0.3741308208663195
2013-09-06,30276,43294,0.37296868806975825,0.13076364116792177,0.0034350640771568237,0.007200422777117189,0.003104769454353283,0.3796076099881094
2013-09-07,26104,38618,0.39829144958627033,0.13522831749923384,0.0023368066196751457,0.0072402696904688936,0.0024134232301562977,0.40353968740422924
2013-09-09,35857,51355,0.367905848230471,0.1378531388571269,0.0031514069777170426,0.00870122988537803,0.002258973143319296,0.37535209303622724
2013-09-12,32936,47232,0.36707554044206947,0.12317828515909643,0.002428953121204761,0.006224192373087199,0.002337867379159582,0.3731175613310663
2014-02-07,42050,60600,0.36768133174791917,0.13629013079667063,0.0009988109393579071,0.0036860879904875147,0.001379310344827586,0.37065398335315103
2014-02-09,40184,59789,0.3729593868206251,0.14734720286681266,0.0010451921162651801,0.004130997411905236,0.002389010551463269,0.3769410710730639
2014-02-10,44538,65557,0.3555166374781086,0.13754546679240198,0.0008532040055682788,0.004131303605909561,0.0030984777044321702,0.3601419012977682
2014-02-11,44820,65632,0.37101740294511376,0.13297634984381973,0.0009593931280678269,0.0035698348951361,0.003145917001338688,0.3755689424364123
2014-02-12,43165,62893,0.3622842580794625,0.13443762307424997,0.0013436812232132515,0.003637206069732422,0.0034982045638827755,0.36742731379589944
2014-02-17,44319,64937,0.3791150522349331,0.14003023533924502,0.0007671653241273494,0.0034973713305805638,0.0037004445046142738,0.38340215257564475
2014-12-05,86312,117326,0.3644568542033553,0.11839605153396979,0.0007646677171192881,0.0016220224302530355,0.0008457688386319399,0.36596301788859026
2014-12-07,89547,122317,0.373714362290194,0.1278099768836477,0.0009715568360749104,0.0018537751125107485,0.001273074474856779,0.37576914916189263
2014-12-09,102466,139015,0.36752678937403627,0.12498780083149533,0.0008490621279253606,0.001444381550953487,0.0011223235024300743,0.3695567310132141
2014-10-10,83834,117193,0.37203282677672544,0.12406660782021614,0.0008349834196149533,0.0024333802514492926,0.0013598301405157811,0.37451392036643844
2014-10-12,75548,105836,0.4138825647270609,0.13413988457669296,0.0005427013289564251,0.0032694445915179755,0.0017075236935458252,0.4167681474029756
2014-11-07,81102,113233,0.36350521565436117,0.12097112278365516,0.0007398091292446549,0.002761954082513378,0.0019604941924983355,0.36687134719242437
2014-11-09,82584,116774,0.4041945170977429,0.12619877942458588,0.0007023152184442507,0.0035236849752978785,0.0014893926184248764,0.40694323355613676
2014-11-10,97290,136060,0.375752903689999,0.1285435296536129,0.000585877274128893,0.0034227567067530063,0.001963202795765238,0.3786617329633056
2014-06-18,86670,123513,0.3285219799238491,0.1292834890965732,0.00039229260413061037,0.003519095419406946,0.0011653397946232837,0.33136033229491174
2014-06-20,68397,98300,0.3345029752766934,0.12336798397590537,0.0005409593988040412,0.003450443732912262,0.0016228781964121232,0.33758790590230564
2014-06-23,85220,121930,0.32806852851443324,0.12561605256981928,0.0006453884064773527,0.003121333020417742,0.0012790424782914808,0.33081436282562776
2014-04-07,68301,97344,0.32006852022664384,0.13305808114083248,0.0006588483331137172,0.003879884628336335,0.0019179807030643768,0.32421194418822563
2014-04-08,68186,96997,0.32132695861320504,0.12988003402457982,0.0006306279881500602,0.003329129146745666,0.0013345848121315226,0.32431877511512625
2014-04-09,68789,97646,0.32518280539039673,0.12927939060024132,0.00036343019959586564,0.0023841021093488784,0.0013228859265289508,0.32750875866781026
2014-04-11,53609,76493,0.3342162696562144,0.1279635882034733,0.0005969146971590591,0.0030778414072263984,0.0012684437314630006,0.3371635359734373
2014-04-12,43102,61917,0.3459236230337339,0.11630550786506427,0.0008352280636629391,0.003178506797828407,0.002227274836434504,0.34998375945431764
2014-12-12,83671,114077,0.3758171887511802,0.12522857381888589,0.000717094333759606,0.0017807842621696884,0.0014102855230605587,0.3777294403078725
2014-12-15,102718,139898,0.37536751104967,0.12973383438151054,0.0006814774430966335,0.001470044198679881,0.001158511653264277,0.37707120465741156
2014-08-20,96542,139364,0.3609206355782975,0.12901120755733256,0.0002693128379358207,0.003915394336143854,0.0015226533529448323,0.36434919516894204
2014-08-21,88208,127015,0.35893569744240883,0.1287751677852349,0.0006915472519499365,0.0045800834391438415,0.001723199709776891,0.3628469073099946
2014-08-24,77549,113220,0.39783878579994586,0.13468903531960438,0.0007092290035977253,0.005093553753110936,0.0014700382983661943,0.4020812647487395
2014-08-25,98139,139324,0.37083116803717175,0.13017251041889566,0.0005706192237540631,0.004727987853962237,0.0015386339783368488,0.3748458818614414
2013-07-02,39202,66995,0.3437834804346717,0.12430488240395898,0.005994592112647314,0.011070863731442273,0.0011223917147084332,0.3512320799959186
2013-07-03,35790,60572,0.34911986588432525,0.12207320480581169,0.006845487566359318,0.009304274937133277,0.0021514389494272142,0.3564962279966471
2013-07-04,30935,52896,0.37582026830450943,0.11802165831582351,0.005463067722644254,0.00872797801842573,0.0012283820914821399,0.38283497656376275
2013-07-05,29614,49928,0.35672317147295196,0.12598770851624233,0.005369082190855677,0.008036739380022962,0.001755926251097454,0.36313905585196193
2013-07-06,26971,46256,0.3662823032145638,0.13102962441140484,0.00478291498275926,0.008231062993585702,0.002002150457899225,0.3738459827221831
2013-07-07,32151,55968,0.3626325775248048,0.1329663152001493,0.005474168766134801,0.009019937171472116,0.0014618518864109981,0.3701284563466144
2013-07-08,39447,66409,0.3296828656171572,0.1311379826095774,0.006134813800796004,0.009252921641696454,0.0010900702208025959,0.33637538976348014
2013-07-09,40538,69137,0.32327692535398883,0.1301494893680004,0.00530366569638364,0.008781883664709654,0.0025654941042972026,0.33122008979229367
2013-07-10,39340,66288,0.34354346720894763,0.13271479410269446,0.00472801220132181,0.007371631926792069,0.0014743263853584138,0.35022877478393494
2013-07-11,35633,59819,0.33870288777257035,0.12334072348665563,0.006763393483568602,0.010608144136053658,0.0015715769090449863,0.3471501136586872
2013-07-14,32045,55571,0.34748010610079577,0.12323295365891715,0.0066469027929474175,0.010048369480418162,0.0019035731003276641,0.3552816352004993
2013-04-14,30794,54802,0.38929661622393974,0.13275313372734948,0.004124180035071767,0.00743651360654673,0.0011041111904916542,0.394817172176398
2013-04-15,32332,55866,0.3744587405666213,0.12829395026599036,0.004391933687987133,0.007794135840653223,0.001917604849684523,0.38042805888902637
2013-04-16,33878,58209,0.3677017533502568,0.12441702579845328,0.0051065588287384145,0.008235433024381605,0.0009445657949111517,0.3724836176869945
2013-04-17,34478,60059,0.36458031208306746,0.1343465398224955,0.004031556354776959,0.007047972620221591,0.0010151400893323279,0.37023609258077617
2013-04-19,26669,45403,0.38261652105440774,0.13183846413438824,0.004724586598672616,0.007386853650305598,0.0011998950091866962,0.3880160485957479
2013-04-20,25965,46012,0.3848257269401117,0.1305988831118814,0.0040053918736761025,0.007664163296745619,0.0016560754862314654,0.3901020604660119
2013-04-21,32645,58000,0.40796446622759996,0.132608362689539,0.0031857864910399755,0.007903201102772248,0.0010721396844846072,0.4127431459641599
2013-04-24,32805,56180,0.35820759030635574,0.13305898491083676,0.004816338972717574,0.007834171620179851,0.0019814052735863436,0.3648224356043286
2013-04-26,26822,45834,0.3608232048318544,0.11896950264708075,0.004287525165908582,0.0064499291626276935,0.002274252479308031,0.36589366937588547
2013-04-27,23900,42229,0.3960669456066946,0.13384937238493724,0.004351464435146443,0.007573221757322176,0.0006694560669456067,0.4007112970711297
2013-04-28,28532,50580,0.3809757465302117,0.14089443431936072,0.003049207906911538,0.007465302116921351,0.0016472732370671527,0.3857072760409365
2013-04-30,33882,57607,0.36001416681423765,0.1313381736615312,0.003866359719024851,0.0068177793518682485,0.0017118233870491706,0.36523817956437044
2014-10-15,100835,139654,0.3630584618436059,0.12546238905142063,0.0007338721674021917,0.002628055734615957,0.0016760053552833838,0.3656666831953191
2014-10-16,88409,122623,0.38464409732040855,0.13145720458324378,0.0006560418056985149,0.00248843443540816,0.001493060661244896,0.38734744200251103
2014-10-17,77894,107968,0.37286568927003366,0.12448969111869977,0.0011297404164633989,0.003170975941664313,0.0011810922535753718,0.375998151333864
2014-06-25,85285,121975,0.33150026382130504,0.13423228000234508,0.00030486017470833087,0.0034824412264759337,0.0011139121768189014,0.33445506243770884
2014-06-26,74375,106763,0.3401411764705882,0.12814789915966388,0.00045714285714285713,0.0035361344537815126,0.0008067226890756303,0.3428840336134454
2014-06-28,57984,83980,0.3797081953642384,0.12339610927152318,0.0003966611479028698,0.003776903973509934,0.0012934602649006624,0.38246757726269315
2014-04-15,68686,98082,0.30904405555717324,0.12631395044113794,0.0006114783216375971,0.0028826835162915295,0.0013103106892234226,0.31214512418833534
2014-04-22,66368,94493,0.3324041706846673,0.12572324011571842,0.00034655255544840886,0.003284715525554484,0.0016875602700096432,0.335975168756027
2014-12-18,95940,130367,0.36745882843443817,0.12665207421304983,0.001146549927037732,0.0015843235355430477,0.0010110485720241818,0.3691786533249948
2013-02-11,35823,62496,0.35061273483516175,0.14580018423917596,0.0034893783323563074,0.012533846969823856,0.0030706529324735503,0.3608575496189599
2013-02-14,28938,50554,0.3522012578616352,0.1302785265049416,0.005045269196212593,0.011576473840624784,0.0028336443430783055,0.3619807865090884
2013-02-15,28766,50275,0.33598692901341864,0.13262184523395676,0.004206354724327331,0.010741848015017728,0.00194674268233331,0.3447472710839185
2013-02-17,31766,58389,0.3706793426934458,0.13829251400868853,0.005414594220235472,0.012655039979852673,0.0023295347226594473,0.3796511993955802
2013-02-21,31971,55712,0.34743986737981297,0.1336523724625442,0.0038159582121297425,0.009977792374339245,0.002502267680085077,0.35550968064808736
2013-02-22,28420,49108,0.3578465869106263,0.1383884588318086,0.004398311048557354,0.01115411681914145,0.0006685432793807178,0.3646375791695989
2013-02-24,33234,59500,0.3768730817837155,0.14798098333032436,0.004092194740326172,0.011343804537521814,0.0020761870373713666,0.38547872660528376
2013-02-25,34439,59312,0.34187984552396994,0.1335985365428729,0.0033392374923778274,0.009553122912976567,0.0021777635819855397,0.35035860506983363
2014-08-26,100792,145170,0.3689876180649258,0.13611199301531868,0.0006448924517818875,0.006061989046749742,0.0014782919279307883,0.3739979363441543
2014-08-27,104515,148806,0.3482466631583983,0.13338755202602498,0.0005932162847438167,0.004315170071281634,0.0022102090609003493,0.3524757211883462
2014-05-29,67537,96840,0.34893465803929696,0.12972148600026653,0.0006218813391178169,0.0026948191361772064,0.000977242104327998,0.35140737669721783
2013-12-27,29693,43389,0.3477250530428047,0.1372377327989762,0.0011113730508874146,0.004748593944700771,0.0023237800154918666,0.3527767487286566
2013-12-29,29602,44847,0.366799540571583,0.14826700898587933,0.0021957975812445106,0.006418485237483954,0.0033105871224917236,0.3732518073103169
2013-12-31,23186,34147,0.37522642974208575,0.14129215906150264,0.0015095316139049427,0.0046148537910808245,0.004312947468299836,0.38027257827999655
2014-01-02,35363,52502,0.3502530893872126,0.1519101886152193,0.0014987416225998925,0.0075502644006447414,0.004665893730735515,0.3580578570822611
2014-01-03,34590,50650,0.3511130384504192,0.14703671581381902,0.0011274934952298352,0.003816131830008673,0.004625614339404453,0.3565770453888407
2014-01-04,30325,45067,0.3575267930750206,0.1348062654575433,0.001978565539983512,0.00560593569661995,0.004550700741962077,0.3635943940643034
2014-01-06,39871,58736,0.36229339620275386,0.13975069599458254,0.001680419352411527,0.0059441699480825665,0.0032103533896817235,0.3676857866619849
2014-01-07,42297,63798,0.3699080313024564,0.1394425136534506,0.0017022483864103837,0.005083102820531007,0.004823037094829421,0.3769298058963993
2014-01-08,42348,62032,0.36041843770662135,0.13733824501747427,0.0011098517049211297,0.004014357230565788,0.003707376971757816,0.36549541890998394
2014-11-19,98147,135644,0.3546618847239345,0.127156204468807,0.0005400063170550297,0.0025675772056201413,0.0010596350372400582,0.3570562523561596
2014-11-22,72307,102180,0.3811249256641819,0.1281756952992103,0.0009404345360753454,0.0030979020011893733,0.0010925636522051807,0.3839600591920561
2013-05-02,31040,52980,0.3579896907216495,0.12796391752577319,0.0034149484536082474,0.0059278350515463915,0.001320876288659794,0.36262886597938143
2013-05-03,21374,35635,0.39403013006456444,0.12529241134088145,0.004351080752315898,0.007158229624777767,0.002386076541592589,0.3996912136240292
2013-05-04,23901,42564,0.38617631061461866,0.14359231831304128,0.0035981758085435757,0.0064014057989205475,0.001631730889920924,0.3908623070164428
2013-05-08,34075,57938,0.35424798239178285,0.13549523110785033,0.004754218635363169,0.0075421863536316944,0.001702127659574468,0.3606456346294938
2013-05-10,28256,48289,0.37666336353340885,0.13441392978482447,0.005060872027180068,0.007113533408833522,0.0010617214043035107,0.38126415628539073
2013-05-12,30745,54020,0.3935924540575703,0.13328996584810537,0.004098227354041308,0.006830378923402179,0.0018214343795739144,0.3985038217596357
2013-05-14,34257,58560,0.3689173015734011,0.13448346323379162,0.0032985959074057856,0.007122631870858511,0.0023644802522112267,0.3739673643342966
2013-05-15,34850,59688,0.3612625538020086,0.1248493543758967,0.003959827833572453,0.006456241032998565,0.001721664275466284,0.36565279770444764
2014-08-05,107125,154244,0.3499369894982497,0.1280933488914819,0.0003453908984830805,0.004359393232205367,0.0014935822637106185,0.3537362893815636
2014-08-06,104812,150394,0.34727893752623745,0.12683662176086707,0.000553371751326184,0.0050948364691065905,0.0018700148837919321,0.3519348929511888
2014-08-07,93823,134410,0.35078818626562785,0.13003208168572739,0.000575551836969613,0.004028862858787291,0.0009166195922108651,0.3541562303486352
2014-12-23,94748,130613,0.3857812302106641,0.12627179465529614,0.0007915734369063199,0.0018047874361464093,0.001234854561573859,0.387522691771858
2014-12-24,73646,101716,0.3989761833636586,0.12015588083534748,0.0012084838280422563,0.0016022594574043396,0.0015886809874263367,0.4004698150612389
2014-12-25,72308,100292,0.3779388172816286,0.12226862864413343,0.0008297837030480722,0.0016872268628644134,0.0013553133816451846,0.37969519278641367
2014-12-26,99163,137046,0.3575728850478505,0.13333602250839527,0.0008269213315450319,0.0018555307927351937,0.0016437582566078074,0.3596099351572663
2013-03-01,28807,50594,0.34120179123129796,0.12118582289026973,0.0038532301176797306,0.011733259277259,0.0016662616725101537,0.3496025271635366
2013-03-02,27443,48618,0.3624603724082644,0.13770360383340013,0.004518456436978464,0.01289946434427723,0.00207703239441752,0.37135152862296394
2013-03-05,36750,63471,0.3190204081632653,0.12340136054421769,0.003891156462585034,0.011265306122448979,0.0018775510204081633,0.32824489795918366
2013-03-06,37814,66611,0.327365525995663,0.134394668641244,0.004627915586819697,0.009890516739831809,0.001375152060083567,0.33545776696461627
2013-03-07,33877,59392,0.3419429111196387,0.129704519290374,0.003925967470555244,0.011423679782743454,0.001653038934970629,0.3511526994716179
2013-03-11,37246,65397,0.33496214358588844,0.13507490737260378,0.003570853245986146,0.012860441389679428,0.0016646082800837673,0.34478870214251195
2014-06-04,81940,115805,0.33408591652428604,0.12900903099829145,0.0005613863802782523,0.0023065657798389066,0.0015133024164022456,0.3366975835977545
2014-06-06,64328,91638,0.33964991916428305,0.1279536127347345,0.00043526924511876633,0.002502798159432906,0.001476806367367243,0.3422770799651785
2014-06-07,55506,80241,0.3718697077793392,0.12191474795517601,0.000828739235397975,0.0029005873238929125,0.0015493820487875185,0.3747522790328973
2014-06-09,81506,116949,0.3414595244521876,0.1276470443893701,0.0005152994871543199,0.002527421294137855,0.0016072436385051406,0.3434471081883542
2013-08-03,28157,49226,0.358028199026885,0.11240544092055262,0.004332847959654793,0.006925453706005611,0.002272969421458252,0.3641723194942643
2013-08-07,38558,56731,0.3258208413299445,0.12002697235333783,0.0025934955132527623,0.005135121116240469,0.0024119508273250686,0.33041132838840187
2013-08-08,35029,49107,0.32484512832224727,0.11761683176796368,0.003026064118301978,0.005709554940192412,0.0025122041736846614,0.3300122755431214
2013-08-09,32134,45527,0.3332918404182486,0.11909503952200162,0.002987489886101948,0.005414825418559781,0.002769652081907014,0.338519947718927
2013-08-11,30875,43491,0.3517408906882591,0.11391093117408907,0.0025263157894736842,0.006348178137651822,0.0023643724696356277,0.35812145748987856
2013-08-13,36893,52853,0.35033746239123953,0.12229962323475999,0.0027647521209985633,0.006261350391673217,0.0017347464288618437,0.35508090965765865
2014-07-08,100249,143483,0.34769424133906573,0.12715338806372134,0.0007182116529840697,0.00804995561052978,0.0013067462019571267,0.35395864297898233
2014-07-09,99685,141381,0.34490645533430303,0.12567587901890956,0.0004614535787731354,0.007333099262677434,0.0009630335557004564,0.35013291869388574
2014-07-10,94409,134844,0.3520321155822008,0.1274031077545573,0.0009638911544450211,0.00794415786630512,0.0015570549417958034,0.3584298107171986
2014-07-12,67306,97161,0.3733396725403382,0.12820550916708762,0.0006091581731197813,0.004026386949157579,0.0011291712477342287,0.37648946602086
2014-03-11,61110,88341,0.3156930126002291,0.1212567501227295,0.0009981999672721321,0.0037637047946326298,0.003076419571264932,0.32038946162657506
2014-03-12,66622,96378,0.3061751373420192,0.132778961904476,0.0008855933475428537,0.002911951007174807,0.0021914682837501126,0.30983759118609466
2014-03-13,61760,88144,0.3151068652849741,0.13011658031088083,0.0007610103626943005,0.002930699481865285,0.0016353626943005181,0.3180051813471503
2014-03-14,52850,75594,0.3119205298013245,0.12900662251655629,0.0006433301797540208,0.003519394512771996,0.0030842005676442763,0.3157994323557237
2014-03-15,47957,70254,0.33221427528827907,0.130450194966324,0.0006464124111182935,0.003065245949496424,0.001960089246616761,0.33575911754279875
2014-03-16,57607,83917,0.32161022098008923,0.1346016977103477,0.0009026680785321228,0.0037669033277205896,0.0021698751887791416,0.32553335532140193
2014-05-03,45879,66946,0.3226530656727479,0.12881710586542863,0.0004141328276553543,0.00289892979358748,0.002048867673663332,0.3257481636478563
2014-05-04,56306,81411,0.31406954853834407,0.13895499591517776,0.00031968173906866054,0.003303377970376159,0.0019358505310268887,0.31733740631549034
2014-05-07,64931,92663,0.3123931558115538,0.12001971323404845,0.0008624539896197502,0.0030801928200705365,0.001647903158737737,0.31585837273413314
2013-05-16,31835,54653,0.36965603895084026,0.1265588189100047,0.003738024187215329,0.006596513271556463,0.0026071933406627925,0.3754672530234019
2013-05-17,27651,47015,0.3507648909623522,0.1311344978481791,0.0035803406748399695,0.006003399515388232,0.0015550974648294818,0.35499620266898124
2013-05-20,36131,62383,0.358141208380615,0.12883673299936343,0.0033766018100799865,0.005895214635631452,0.001549915584954748,0.36212670559907006
2013-05-25,23163,40570,0.37836204291326686,0.12735828692311013,0.0038855070586711568,0.006821223503000475,0.0020290981306393817,0.3836722358934508
2013-05-26,26460,46270,0.3981859410430839,0.1339758125472411,0.003401360544217687,0.006991685563114134,0.002418745275888133,0.4044973544973545
2013-05-29,34165,58301,0.35258305283184543,0.13101126884238257,0.003483096736426167,0.011854236792038637,0.000995170496121762,0.36083711400556123
2013-05-30,31782,54776,0.36847901327795607,0.13413252784595053,0.00528601094959411,0.013749921339122773,0.001699074948083821,0.3773834245799509
2013-06-01,24461,43571,0.3785617922407097,0.14316667348023385,0.005641633620865868,0.008135399206900781,0.0027799354073831813,0.38518457953476964
2014-01-24,34962,50863,0.37835364109604713,0.13426005377266748,0.0011154968251244207,0.0026028259252903153,0.002917453234940793,0.3818145415022024
2014-01-25,32930,48681,0.3928029152748254,0.13890069845126024,0.0009110233829334953,0.003978135438809596,0.00391740054661403,0.3972669298511995
2014-01-26,38301,57341,0.3968303699642307,0.14725464087099555,0.0015926477115480013,0.004777943134644004,0.0022453721834939035,0.40106002454244016
2014-01-29,41299,60835,0.3550933436644955,0.1312622581660573,0.0015738879876026053,0.004624809317416887,0.0033899125886825347,0.35983922128865103
2014-02-01,31761,47201,0.3815056201001228,0.13248953118604578,0.0011334655709832814,0.01379049778029659,0.002266931141966563,0.3931236422027014
2014-02-02,35472,52908,0.4006258457374831,0.14862426702751466,0.0009866937302661254,0.01305254848894903,0.0033265674334686515,0.4124661705006766
2014-06-11,80302,115556,0.3352469427909641,0.12863938631665464,0.0005354785684042739,0.0038230679186072574,0.0020173843739881947,0.3385096261612413
2014-06-12,70506,100850,0.35521799563157747,0.1291804952769977,0.0008226250248205827,0.00381527813235753,0.0015459677190593707,0.35846594616061045
2014-06-14,52825,76197,0.36295314718409843,0.12547089446284904,0.0008518693800283957,0.00448651206814955,0.0019876952200662567,0.36668244202555605
2014-06-15,61690,88364,0.384697681958178,0.1281893337656022,0.0008753444642567677,0.0038904198411411897,0.0008429242989139244,0.3875506565083482
2014-09-06,72174,103782,0.4049242109346856,0.1333721284673151,0.0004710837697785906,0.007066256546678859,0.0019259012940948264,0.4101615540222241
2014-09-07,81912,118654,0.3955586483054986,0.13772096884461374,0.000488328938372888,0.005237327864049224,0.0015748608262525637,0.39968502783474946
2014-09-08,102551,145109,0.3638774853487533,0.1299255979951439,0.0005168160232469698,0.0049146278437070335,0.0017259704927304464,0.3681680334662753
2014-09-09,103953,147898,0.3742460535049493,0.13330062624455283,0.000827296951506931,0.004627091089242254,0.0017411714909622619,0.3787865670062432
2014-09-10,108265,153423,0.3573915854615989,0.1318523992056528,0.0003602272202466171,0.004156467925922505,0.001671823765759941,0.3612801921211841
2013-08-17,25555,36431,0.3691645470553708,0.13335942085697516,0.004030522402660927,0.007708863236157308,0.002700058696928194,0.3757777342985717
2013-08-18,30261,43416,0.37556590991705496,0.13168765077162023,0.0032054459535375565,0.006543075245365322,0.002511483427513962,0.3819768018241301
2013-08-20,37800,53306,0.3501851851851852,0.12804232804232804,0.002380952380952381,0.005105820105820106,0.0025396825396825397,0.35523809523809524
2013-08-22,32713,46585,0.3435331519579372,0.1132271573991991,0.0034848531164980282,0.005869226301470363,0.001956408767156788,0.34863815608473697
2013-08-23,30615,43887,0.3427404866895313,0.1225543034460232,0.0025477707006369425,0.004834231585823943,0.002449779519843214,0.34754205454842396
2013-08-26,36899,52405,0.35407463616900187,0.12761863465134557,0.0026829995392829075,0.0060706252201956695,0.0014634542941543132,0.3586818070950432
2013-08-27,36810,53703,0.34536810649280086,0.1254278728606357,0.002037489812550937,0.004373811464276012,0.0027438196142352623,0.3501494159195871
2014-07-13,81751,118619,0.3771696982299911,0.13845702193245343,0.000587148781054666,0.003694144414135607,0.0016635882129882203,0.38060696505241526
2014-07-14,101549,146334,0.33578863405843484,0.12894267791903416,0.0005219155284640912,0.003948832583284916,0.0012309328501511586,0.3392253985760569
2014-07-16,110576,156243,0.3257849804659239,0.12375198958182608,0.0006873100853711474,0.0050643901027347706,0.0008229633916944002,0.329655621473014
2013-06-03,36216,62274,0.3445162359178264,0.12058206317649657,0.003644797879390325,0.006488844709520654,0.00276121051468964,0.35017671747294016
2013-06-04,37902,66254,0.3534905809719804,0.1275922114927972,0.0039048071341881694,0.0067806448208537805,0.0016885652472165057,0.3589256503614585
2013-06-05,37536,64525,0.351209505541347,0.13211317135549872,0.004129369138959932,0.006633631713554987,0.002157928388746803,0.3562180306905371
2013-06-07,30809,53197,0.3561297023597001,0.12853386997305982,0.0053231198675711645,0.007627641273653803,0.00172027654256873,0.36145282222727126
2013-06-11,36625,63702,0.3529556313993174,0.1320409556313993,0.0036860068259385666,0.007017064846416382,0.0007372013651877133,0.3576518771331058
2013-06-13,34119,58464,0.36358040974237227,0.1245054075441836,0.004337759019900935,0.007180749728890061,0.0018757876842814855,0.36947155543831883
2013-06-15,26302,44867,0.40666109041137555,0.1276708995513649,0.003573872709299673,0.006653486426887689,0.0015588168200136871,0.4111474412592198
