date_key,active_users,row_events,weighted_events,bookings,bookers,booking_row_rate,booking_weighted_event_rate,booker_rate,booking_value_proxy_total,booking_value_proxy_per_active_user,avg_booking_value_proxy_per_booking,mobile_row_share,mobile_booking_share,package_booking_share,avg_valid_lead_days,avg_valid_stay_nights,avg_distance_filled,distance_imputed_share
2014-08-14,24253,92759,133086,7017,6000,0.075647646050518,0.053611950167560825,0.24739207520719086,7789,0.32115614563146827,1.1100185264357987,0.1340247307538891,0.09562491093059712,0.11001852643579878,49.17509303705302,3.222187334206737,1950.1231457003003,0.13093069136148514
2014-08-16,16797,69725,100936,4739,4004,0.06796701326640373,0.04762423714036617,0.2383759004584152,5297,0.3153539322498065,1.1177463599915594,0.19677303693079956,0.1487655623549272,0.1177463599915594,57.51221892175011,3.3594966268811626,2083.885521741009,0.12737181785586232
2014-08-18,26381,101770,146257,7558,6446,0.0742655006386951,0.05241458528480688,0.24434251923732989,8475,0.32125393275463404,1.1213283937549616,0.12527267367593595,0.09036782217517862,0.12132839375496163,52.33320221072714,3.297510541439956,1974.639946407481,0.12545936916576594
2014-03-31,17012,62760,89104,5247,4500,0.08360420650095603,0.05962695277428623,0.2645191629438044,5933,0.3487538208323536,1.130741376024395,0.11555130656469088,0.0750905279207166,0.1307413760243949,56.8259649122807,3.301431427429028,2012.1567525043874,0.13339706819630337
2014-04-01,16991,61927,88331,5333,4552,0.08611752547354143,0.061371432452932716,0.2679065387558119,6049,0.35601200635630625,1.1342583911494468,0.11219661859931855,0.07987999249953122,0.13425839114944685,55.86879787956169,3.322509033753018,1988.9429499840483,0.1289098454632067
2014-04-03,16343,60694,86636,5161,4398,0.08503311694730946,0.06056373793803961,0.2691060392828734,5794,0.3545248730343266,1.1226506490990118,0.11966586483013147,0.0825421429955435,0.12265064909901181,55.03282932379178,3.26592175077274,2041.8129728582353,0.12419679045704682
2014-04-04,15543,56058,80993,4825,4115,0.08607156873238432,0.0607459903942316,0.26474940487679344,5406,0.34780930322331594,1.1204145077720207,0.12677940704270577,0.0833160621761658,0.12041450777202073,55.09969648277093,3.2558572425766497,1997.7045813059412,0.1294016911056406
2014-04-05,11715,46833,67912,3566,2979,0.07614289069673094,0.05327482624572977,0.25428937259923173,4072,0.34758856167306873,1.1418956814357824,0.16176627591655457,0.11441390914189568,0.14189568143578238,62.18739181536489,3.364476364026155,2117.2645974826573,0.13791557235282814
2014-04-06,13785,58106,83359,4241,3510,0.07298729907410595,0.05148814165237107,0.2546245919477693,4810,0.34892999637286903,1.1341664701721292,0.16562833442329536,0.12284838481490215,0.1341664701721292,63.643637366045276,3.365599571549505,2231.5301402624773,0.1294874883832995
2013-08-30,8435,28861,41341,2930,2548,0.10152108381552961,0.07162381171234368,0.3020746887966805,3358,0.3981031416716064,1.146075085324232,0.1346800180173937,0.0962457337883959,0.14607508532423208,46.148620031244576,3.1915004880769766,1939.159051545466,0.12237968192370327
2013-09-05,9624,33221,47298,3314,2843,0.09975617832094158,0.07139836779567846,0.29540731504571904,3809,0.3957813798836243,1.1493663246831622,0.1110141175762319,0.08086904043452021,0.14936632468316235,51.47049773755656,3.290745563563685,2115.040450889654,0.13256674994732248
2013-09-06,8685,30276,43294,3116,2645,0.1029198044655833,0.07326650344158545,0.3045480713874496,3576,0.41174438687392056,1.147625160462131,0.11705641432157485,0.0821566110397946,0.14762516046213095,50.6913694816386,3.3675227892740702,2167.7293302815624,0.13076364116792177
2013-09-07,6993,26104,38618,2182,1878,0.08358872203493717,0.05743435703557926,0.26855426855426856,2552,0.36493636493636494,1.1695692025664528,0.1701271835733987,0.12694775435380384,0.1695692025664528,59.24732173712706,3.65556627435848,2327.854669784776,0.13522831749923384
2013-09-09,10372,35857,51355,3155,2678,0.08798839836015283,0.06258397429656314,0.2581951407635943,3314,0.31951407635942924,1.0503961965134707,0.10371754469141312,0.06973058637083994,0.05039619651347068,52.08183191584602,3.3652834435222956,2101.0582643074526,0.1378531388571269
2013-09-12,9466,32936,47232,3266,2793,0.09916201117318436,0.07063008130081301,0.2950559898584407,3738,0.3948869638706951,1.144519289650949,0.11707554044206947,0.08358848744641764,0.14451928965094918,50.97342951059167,3.349088020530995,2161.388609267985,0.12317828515909643
2013-09-13,8674,30413,43252,3092,2644,0.10166705027455364,0.0725977989457135,0.3048189993082776,3558,0.4101913765275536,1.1507115135834411,0.11860059842830369,0.08473479948253558,0.15071151358344115,49.8386958528384,3.3634918532255926,2095.929272882208,0.13073356788215565
2014-02-07,11967,42050,60600,3657,3163,0.0869678953626635,0.06118811881188119,0.26431018634578424,4264,0.3563131946185343,1.1659830462127427,0.115410225921522,0.07793273174733388,0.16598304621274268,61.88944962864216,3.497266976966225,2109.705429551376,0.13629013079667063
2014-02-09,9817,40184,59789,3070,2592,0.07639856659366913,0.05206643362491428,0.2640317816033411,3704,0.37730467556279923,1.206514657980456,0.16232828986661357,0.12019543973941368,0.206514657980456,72.43894175676348,3.7446399120395824,2255.4247355582015,0.14734720286681266
2014-02-10,12186,44538,65557,3897,3336,0.08749831604472585,0.060390194792318136,0.2737567700640079,4600,0.37748235680288855,1.180395175776238,0.10781804301944407,0.07877854760071851,0.18039517577623812,59.87233707865168,3.530256572124273,2085.972049797591,0.13754546679240198
2014-02-11,12247,44820,65632,3946,3410,0.08804105310129406,0.06126584592881521,0.2784355352331183,4714,0.3849105903486568,1.1946274708565636,0.10943775100401607,0.07780030410542321,0.19462747085656362,60.60700806217478,3.488065382892969,2178.6910318936275,0.13297634984381973
2014-02-12,11923,43165,62893,3869,3332,0.08963280435538051,0.062375781088515415,0.27945986748301604,4595,0.385389583158601,1.1876453864047558,0.11611259121973821,0.09201344016541742,0.18764538640475575,58.60052891641729,3.5146019345238093,2171.428350114043,0.13443762307424997
2014-02-17,11765,44319,64937,3786,3196,0.08542611521018073,0.05910343871752622,0.27165320866978326,4461,0.3791755206119847,1.1782884310618067,0.12969606714952955,0.08874801901743265,0.17828843106180667,65.3609800158067,3.680327868852459,2243.760194377725,0.14003023533924502
2014-12-04,24632,92875,127970,7021,5882,0.07559623149394347,0.056091271391732436,0.23879506333225073,7682,0.31187073725235465,1.094146133029483,0.13270524899057873,0.10454351232018232,0.09414613302948298,53.1141742887,3.339530216549239,2072.286438623798,0.12190578734858681
2014-12-05,23099,86312,117326,6672,5620,0.07730095467605895,0.058026353919847264,0.24330057578250142,7230,0.31300056279492616,1.08363309352518,0.13979516173880804,0.10866306954436451,0.08363309352517985,51.66997889757206,3.3172376177876806,1986.3958165680376,0.11839605153396979
2014-12-07,20974,89547,122317,5920,4984,0.06611053413291344,0.04896294055609605,0.23762753885763327,6487,0.30928768952035857,1.095777027027027,0.1884820261985326,0.15962837837837837,0.09577702702702702,55.9156047395484,3.448663586220785,2107.5575603344146,0.1278099768836477
2014-12-09,26959,102466,139015,7460,6281,0.07280463763589874,0.054634391972089344,0.23298341926629326,8202,0.3042397715048778,1.0994638069705094,0.13422013155583315,0.10348525469168901,0.09946380697050938,53.37634671172799,3.372378271662855,2027.1839224057533,0.12498780083149533
2014-10-09,25066,95838,133791,7235,6155,0.07549197604290574,0.05495137939024299,0.24555174339743077,8008,0.3194765818239847,1.1068417415342087,0.11466224253427659,0.08279198341395992,0.10684174153420871,53.762599317178086,3.2544937119420787,1977.802271733535,0.12922848974310816
2014-10-10,22028,83834,117193,6577,5596,0.07845265644010783,0.05683786574283447,0.2540403123297621,7262,0.329671327401489,1.104150828645279,0.12720375981105517,0.08864223810247833,0.104150828645279,54.77132180889165,3.2616644744708836,1997.1202355232595,0.12406660782021614
2014-10-12,18333,75548,105836,5023,4249,0.06648753110605178,0.04787595903095355,0.23176785032455136,5599,0.30540555282823323,1.114672506470237,0.1760867263196908,0.13259008560621144,0.11467250647023691,64.249354364496,3.51290155509223,2194.813468355552,0.13413988457669296
2014-11-06,24802,91946,127429,6821,5876,0.07418484762795553,0.05457941284950835,0.2369163777114749,7619,0.30719296830900733,1.116991643454039,0.11228329671763862,0.10027855153203342,0.116991643454039,55.68855224351649,3.383799053290579,2014.1793001357241,0.12921714919626737
2014-11-07,21437,81102,113233,6378,5441,0.07864171043870681,0.05735077230136091,0.25381350002332415,7084,0.33045668703643233,1.1106930072122922,0.11746935957189712,0.1121041078708059,0.11069300721229225,53.75354754324918,3.327048146591162,1982.311420449415,0.12097112278365516
2014-11-09,19392,82584,116774,5416,4581,0.06558171074300106,0.04707383492900817,0.23623143564356436,6069,0.3129641089108911,1.1205686853766617,0.16819238593432143,0.1499261447562777,0.12056868537666174,65.89176744298767,3.5582856379035883,2230.509807998149,0.12619877942458588
2014-11-10,25455,97290,136060,7232,6234,0.07433446397368691,0.054123180949581066,0.24490276959340013,8024,0.3152229424474563,1.1095132743362832,0.11230342275670675,0.09928097345132743,0.10951327433628319,57.60717040510938,3.3801272729147973,2064.872976683166,0.1285435296536129
2014-11-12,25848,97464,136428,7149,6170,0.07335016005909874,0.05347142815257865,0.23870318786753328,7988,0.3090374497059734,1.117359071198769,0.1157350406303866,0.10113302559798573,0.11735907119876905,56.46950506025086,3.3419565374043914,1984.0781393627044,0.12298900106706066
2014-06-17,20960,81632,119770,6026,5129,0.07381909055272443,0.05113133505886282,0.24470419847328245,6717,0.3204675572519084,1.114669764354464,0.1129704037632301,0.08197809492200464,0.114669764354464,47.95684467268872,3.1850377251837108,1889.500363475717,0.11693943551548412
2014-06-18,22539,86670,123513,6448,5463,0.0743971385715934,0.05314420344417187,0.2423798748835352,7205,0.31966813079551,1.1174007444168734,0.11026883581400715,0.07459677419354839,0.11740074441687345,47.80742416547394,3.1631447924506455,1842.409528288809,0.1292834890965732
2014-06-20,17683,68397,98300,5425,4608,0.07931634428410603,0.056113936927772126,0.260589266527173,6033,0.3411751399649381,1.112073732718894,0.11146687720221647,0.07797235023041475,0.11207373271889401,46.927823288472794,3.1630551194964864,1897.012567570793,0.12336798397590537
2014-06-23,21728,85220,121930,6375,5422,0.07480638347805679,0.05296481587796276,0.249539764359352,7052,0.3245581737849779,1.1061960784313725,0.11503168270359071,0.08690196078431373,0.10619607843137255,47.32263253684025,3.227146455728983,1829.9348239638173,0.12561605256981928
2014-04-07,18339,68301,97344,5470,4624,0.08008667515848962,0.056993754109138726,0.25214024755984515,6058,0.3303342603195376,1.1074954296160877,0.11822667310873926,0.07952468007312614,0.10749542961608775,57.16660806375996,3.288376741724969,2047.6231554819008,0.13305808114083248
2014-04-08,18166,68186,96997,5625,4739,0.08249494031032763,0.05886780003505263,0.2608719586039855,6356,0.34988439942750194,1.1299555555555556,0.11574223447628545,0.07733333333333334,0.12995555555555555,57.71282450141614,3.282641004134846,2026.4772296642286,0.12988003402457982
2014-04-09,18709,68789,97646,5560,4709,0.08082687639012051,0.057954242877332404,0.2516970442033246,6273,0.3352931744080389,1.1282374100719423,0.11641396153454768,0.07248201438848921,0.12823741007194245,56.46218951777092,3.2847067395264116,2043.5298029378214,0.12927939060024132
2014-04-11,14495,53609,76493,4590,3914,0.08561995187375254,0.06097289948099826,0.2700241462573301,5150,0.3552949292859607,1.122004357298475,0.12227424499617602,0.07995642701525055,0.12200435729847495,53.94249398062602,3.2147107252451166,1995.2907931895227,0.1279635882034733
2014-04-12,10882,43102,61917,3230,2726,0.07493851793420259,0.05276418431125539,0.2505054217974637,3629,0.3334864914537769,1.1235294117647059,0.17003851329404668,0.12879256965944272,0.12352941176470589,57.85582594157804,3.387594553706505,2150.702243287161,0.11630550786506427
2014-12-12,22329,83671,114077,6396,5437,0.076442255978774,0.05724203827239496,0.2434950064937973,6973,0.3122844731067222,1.0902126328955597,0.145020377430651,0.11632270168855535,0.09021263289555972,50.70090059920346,3.3470822058858745,2029.4099472920389,0.12522857381888589
2014-12-15,26294,102718,139898,7307,6218,0.0711365096672443,0.053224492129980414,0.23647980527877083,7953,0.302464440556781,1.0884083755303133,0.1302887517280321,0.10565211441083892,0.0884083755303134,50.447198191879046,3.3304279154113896,2082.179288349022,0.12973383438151054
2014-08-20,25682,96542,139364,7232,6168,0.07491040169045597,0.05273958841594673,0.2401682111985048,8168,0.3180437660618332,1.1294247787610618,0.134967164550144,0.10094026548672566,0.12942477876106195,53.81664180032326,3.355309679297866,1984.378501855609,0.12901120755733256
2014-08-21,23556,88208,127015,6534,5609,0.07407491384001451,0.052293036255560366,0.2381134318220411,7313,0.3104516895907624,1.1192225283134374,0.12653047342644658,0.09198041016222834,0.11922252831343741,52.87473198180312,3.2847706254840325,1982.2141898926236,0.1287751677852349
2014-08-24,18759,77549,113220,5089,4297,0.06562302544197862,0.04533651298357181,0.22906338290953676,5781,0.30817207740284663,1.1359795637649832,0.20210447587976635,0.1550402829632541,0.1359795637649833,63.508542596846205,3.447766804054229,2091.8036772645287,0.13468903531960438
2014-08-25,26125,98139,139324,7012,6007,0.07144967851720518,0.05091010881111654,0.229933014354067,7865,0.30105263157894735,1.1216486023958927,0.13384077685731463,0.09426697090701654,0.12164860239589276,54.975714445928446,3.3903660097261326,1951.4978800720576,0.13017251041889566
2013-07-01,10201,38349,66920,3302,2822,0.08610394012881692,0.05022414823670054,0.27663954514263306,3711,0.36378786393490836,1.1238643246517261,0.12490547341521291,0.08843125378558449,0.12386432465172623,44.038204368461074,3.315881096193918,1913.901397183155,0.11546585308613001
2013-07-02,10486,39202,66995,3574,3007,0.0911688179174532,0.054093589073811475,0.286763303452222,4109,0.3918558077436582,1.1496922216004477,0.11690730064792612,0.07834359261331841,0.14969222160044768,41.65981471501527,3.2066137020222865,1834.5250750212547,0.12430488240395898
2013-07-03,9817,35790,60572,3299,2810,0.0921765856384465,0.05519051707059367,0.286238158296832,3792,0.3862687175308139,1.1494392240072748,0.11514389494272143,0.09336162473476811,0.14943922400727494,41.20078773385849,3.2355247200834816,1892.9984922787867,0.12207320480581169
2013-07-04,7970,30935,52896,2673,2272,0.08640698238241475,0.0511002722323049,0.285069008782936,3042,0.38168130489335006,1.138047138047138,0.13770809762405042,0.09801720912832024,0.13804713804713806,44.147402977312616,3.3314201858796673,2010.4388889220445,0.11802165831582351
2013-07-05,8071,29614,49928,2817,2393,0.09512392787195245,0.057402659830155425,0.2964936191302193,3184,0.39449882294635114,1.1302804401845936,0.12456946039035591,0.096201632942847,0.13028044018459353,43.31047360380241,3.2210988562091503,1912.422801775618,0.12598770851624233
2013-07-06,6775,26971,46256,2177,1822,0.08071632494160394,0.0475830162573504,0.268929889298893,2467,0.3641328413284133,1.133210840606339,0.16332356976011272,0.1456132292145154,0.133210840606339,48.37888383876015,3.3207596545665257,2050.180478163486,0.13102962441140484
2013-07-07,7914,32151,55968,2609,2179,0.08114833131162327,0.04720554602630074,0.27533484963356075,2961,0.3741470811220622,1.1349175929474895,0.16391403066778637,0.13606745879647375,0.13491759294748945,49.83543393275997,3.336932299676721,2025.0679515342895,0.1329663152001493
2013-07-08,10606,39447,66409,3393,2916,0.08601414556240018,0.051830324203044766,0.2749387139355082,3865,0.36441636809353195,1.1391099322133804,0.10964078383654016,0.08193339227821986,0.1391099322133805,44.30865960974366,3.3025433703495217,1897.2645320069676,0.1311379826095774
2013-07-09,11317,40538,69137,3437,2980,0.08478464650451428,0.05050841083645515,0.2633206680215605,3967,0.35053459397366793,1.1542042478906023,0.11685332280822931,0.08728542333430317,0.15420424789060228,44.51377625672693,3.365661241351849,1900.8657579595908,0.1301494893680004
2013-07-10,10532,39340,66288,3547,2999,0.09016268429079817,0.0544442433019551,0.28475123433345995,4024,0.3820736802126852,1.1344798421201014,0.11947127605490594,0.09641950944460106,0.1344798421201015,45.27915410941411,3.290832266325224,1927.9656417590086,0.13271479410269446
2013-07-11,9767,35633,59819,3148,2659,0.08834507338702888,0.053712031294404786,0.2722432681478448,3564,0.3649022217671752,1.1321473951715375,0.11910307860690933,0.09593392630241424,0.13214739517153748,44.99047807414105,3.279931924549709,1933.5415344915675,0.12334072348665563
2013-07-14,7977,32045,55571,2515,2091,0.07848338274301764,0.045779273362005365,0.2621286197818729,2888,0.3620408674940454,1.14831013916501,0.18112029957871742,0.13996023856858847,0.14831013916500993,49.84798316159839,3.457964253065599,2011.8720154410926,0.12323295365891715
2013-04-13,6424,25100,44549,2074,1775,0.08262948207171315,0.04700442209701677,0.27630759651307596,2432,0.37858032378580325,1.1726133076181293,0.1652988047808765,0.13404050144648022,0.1726133076181292,62.76779925561292,3.463037364403375,2343.8199706563455,0.1299203187250996
2013-04-14,7553,30794,54802,2545,2113,0.0826459699941547,0.046896098682529835,0.2797563881901231,2934,0.3884549185754005,1.1528487229862476,0.1529193998830941,0.10884086444007858,0.15284872298624755,63.33694198976098,3.4639620480942255,2292.5928891587428,0.13275313372734948
2013-04-15,9149,32332,55866,3046,2639,0.0942100705183719,0.05498872301578778,0.2884468247895945,3473,0.3796043283418953,1.1401838476690742,0.10259185945812198,0.0623768877216021,0.14018384766907419,54.47840944392669,3.290430174563591,2157.2481086796934,0.12829395026599036
2013-04-16,9319,33878,58209,3202,2734,0.09451561485329713,0.055524059853287296,0.2933791179311085,3684,0.3953213864148514,1.1505309181761398,0.09315780152311234,0.07183010618363522,0.15053091817613992,53.107669485239576,3.271496175481413,2182.7085196871717,0.12441702579845328
2013-04-17,9540,34478,60059,3291,2871,0.09545217239979117,0.05577848449025125,0.3009433962264151,3807,0.39905660377358493,1.1567912488605288,0.10470444921399152,0.07748404740200547,0.15679124886052873,52.74178048283293,3.3011829998539506,2133.0421041465784,0.1343465398224955
2013-04-19,7367,26669,45403,2632,2240,0.09869136450560576,0.05900491156972006,0.3040586398805484,2995,0.4065426903760011,1.137917933130699,0.10956541302636019,0.07940729483282674,0.13791793313069908,52.64755302716347,3.247355696585071,2146.6420915595045,0.13183846413438824
2013-04-20,6496,25965,46012,2189,1839,0.08430579626420182,0.04818308267408502,0.2830972906403941,2520,0.3879310344827586,1.1512105984467793,0.15478528788754092,0.13339424394700777,0.15121059844677937,60.50199141564518,3.411433672281301,2340.482364578614,0.1305988831118814
2013-04-21,7816,32645,58000,2560,2107,0.07841935977944554,0.04456896551724138,0.269575230296827,2978,0.38101330603889455,1.16328125,0.13705008423954665,0.112109375,0.16328125,61.344549952367785,3.389662518911909,2405.0168301382378,0.132608362689539
2013-04-24,9243,32805,56180,3121,2710,0.09513793629019966,0.05615877536489854,0.29319485015687546,3603,0.3898085037325544,1.1544376802306953,0.10528882792257278,0.07850048061518744,0.1544376802306953,50.520476613471374,3.2260353938798083,2066.4016467858905,0.13305898491083676
2013-04-26,7465,26822,45834,2646,2258,0.09865036164342704,0.0581446088056901,0.3024782317481581,3034,0.4064300066979236,1.146636432350718,0.11430914920587577,0.08578987150415722,0.14663643235071808,51.87834650091736,3.2249240121580547,2176.104009970508,0.11896950264708075
2013-04-27,6059,23900,42229,2029,1727,0.08489539748953975,0.04854483885481541,0.2850305330912692,2346,0.38719260604060074,1.1562345983242976,0.14175732217573223,0.11089206505667816,0.15623459832429767,57.399773071104384,3.3871158143260676,2373.462441561272,0.13384937238493724
2013-04-28,6999,28532,50580,2205,1846,0.07728164867517173,0.04418742586002373,0.2637519645663666,2550,0.3643377625375054,1.1564625850340136,0.14464460956119446,0.11292517006802721,0.1564625850340136,59.98843381965196,3.5312334475087397,2524.2603338921544,0.14089443431936072
2013-04-30,9493,33882,57607,3195,2757,0.09429785726934656,0.05615636988560418,0.2904245233329822,3697,0.38944485410302326,1.1571205007824725,0.10182397733309723,0.07323943661971831,0.1571205007824726,50.957690142514295,3.365992095331491,2095.109724376296,0.1313381736615312
2014-10-15,27291,100835,139654,7581,6509,0.07518222839291913,0.05499305426267776,0.2385035359642373,8412,0.30823348356601077,1.109616145627226,0.11375018594733971,0.08336631051312492,0.10961614562722596,57.254056629052904,3.3887541016207616,2000.7680919833247,0.12546238905142063
2014-10-16,23703,88409,122623,6999,5927,0.07916614824282596,0.05796628691191701,0.25005273594059824,7738,0.32645656667932327,1.1055865123589084,0.11158366229682498,0.0848692670381483,0.10558651235890841,55.670156534730786,3.3228633956615905,2057.7671182991367,0.13145720458324378
2014-10-17,21208,77894,107968,6401,5462,0.08217577733843429,0.06031416716064019,0.25754432289702,7072,0.3334590720482837,1.1048273707233245,0.11366729144735153,0.08654897672238712,0.10482737072332449,55.146158393954195,3.371063917472665,2058.195649909439,0.12448969111869977
2014-06-25,21725,85285,121975,6286,5359,0.07370580993140646,0.0522566099610576,0.24667433831990793,7008,0.3225776754890679,1.114858415526567,0.11825057161282758,0.08988227807826916,0.11485841552656698,46.039338955418195,3.213277168541441,1843.651244475684,0.13423228000234508
2014-06-26,19101,74375,106763,5660,4901,0.07610084033613446,0.053923175632007346,0.2565834249515732,6343,0.33207685461494163,1.120671378091873,0.1202689075630252,0.09257950530035336,0.1206713780918728,46.04256063275985,3.26186042746114,1826.9188334595704,0.12814789915966388
2014-06-28,13605,57984,83980,4102,3423,0.07074365342163355,0.04954751131221719,0.2515986769570011,4543,0.33392135244395443,1.1075085324232081,0.1695812637969095,0.13676255485129205,0.1075085324232082,47.69407015061852,3.2628581320869037,1922.8176341275714,0.12339610927152318
2014-04-15,18350,68686,98082,5392,4626,0.07850216929214104,0.05569829326481923,0.2520980926430518,6092,0.3319891008174387,1.1298219584569733,0.11305069446466529,0.07418397626112759,0.1298219584569733,55.324442048831656,3.257636374255344,2000.1857408096712,0.12631395044113794
2014-04-22,18740,66368,94493,5545,4766,0.08354930086788814,0.059644629760934674,0.2543223052294557,6289,0.3355923159018143,1.1341749323715058,0.11543213596914176,0.07808836789900811,0.13417493237150585,55.66455648504032,3.317173091458806,2036.1495699749285,0.12572324011571842
2014-12-18,24890,95940,130367,6620,5641,0.06900145924536169,0.05163116432839599,0.22663720369626356,7200,0.2892728003214142,1.0876132930513596,0.1353450072962268,0.1122356495468278,0.08761329305135952,50.93749347803402,3.334248548878774,1967.784212197098,0.12665207421304983
2013-02-10,8099,32548,59496,2416,2085,0.07422883126459383,0.041145623235175476,0.25743919002345966,2915,0.35992097789850597,1.2065397350993377,0.14569251566916555,0.10968543046357616,0.20653973509933773,70.44338108174858,3.578048399687744,2206.9746367117436,0.14108393756912868
2013-02-11,9806,35823,62496,3170,2724,0.08849063450855596,0.051395289298515105,0.2777891087089537,3743,0.38170507852335306,1.180757097791798,0.10119197163833292,0.06277602523659306,0.1807570977917981,58.664098829066056,3.3828518120653586,1956.0739879817995,0.14580018423917596
2013-02-14,8345,28938,50554,2823,2412,0.0975533900062202,0.0566720734264351,0.289035350509287,3329,0.3989215098861594,1.1792419411973079,0.10968277006012855,0.0765143464399575,0.17924194119730782,55.18098777438177,3.3301751564521203,1997.4006305493747,0.1302785265049416
2013-02-15,8041,28766,50275,2765,2360,0.09612041994020719,0.05593237195425162,0.293495833851511,3257,0.40504912324337766,1.1779385171790235,0.10536744768129042,0.06726943942133816,0.1779385171790235,57.18390644091465,3.3495097866957164,1992.9052712406044,0.13262184523395676
2013-02-17,7730,31766,58389,2361,2028,0.0743247497324183,0.040863861343746255,0.26235446313065974,2859,0.36985769728331175,1.2109275730622617,0.14971982622930177,0.11859381617958492,0.21092757306226176,70.21117933784896,3.6705777324320876,2311.7379715427983,0.13829251400868853
2013-02-21,9059,31971,55712,2910,2539,0.09101998686309468,0.05318423319931074,0.28027376090076167,3410,0.37642123854730103,1.1718213058419245,0.11619905539395077,0.08213058419243986,0.1718213058419244,58.935382586580424,3.4718817136357893,2114.9387692254154,0.1336523724625442
2013-02-22,8063,28420,49108,2664,2330,0.09373680506685433,0.055245581168037794,0.2889743271735086,3097,0.38410021083963786,1.1625375375375375,0.11382828993666431,0.09271771771771772,0.16253753753753752,56.67146138893798,3.3725580898836425,2134.232280485071,0.1383884588318086
2013-02-24,8195,33234,59500,2561,2164,0.07705963772040682,0.04357983193277311,0.2640634533251983,3048,0.3719341061622941,1.1901600937133932,0.16570379731600168,0.12924638812963687,0.1901600937133932,68.64454045561665,3.576254679368171,2231.677792033797,0.14798098333032436
2013-02-25,9619,34439,59312,3125,2690,0.09074014924939748,0.05324386296196385,0.279654849776484,3655,0.37997712859964655,1.1696,0.09948024042509945,0.07104,0.1696,57.61158373149983,3.395279976546467,2140.9406505758207,0.1335985365428729
2014-08-26,26893,100792,145170,7122,6108,0.07066036987062466,0.049934559481986635,0.22712229948313686,8058,0.2996318744654743,1.131423757371525,0.13207397412493055,0.08593091828138164,0.13142375737152484,54.941564823731476,3.352801429412763,1972.2003553439974,0.13611199301531868
2014-08-27,28859,104515,148806,7218,6221,0.06906185714969143,0.049157964060588956,0.21556533490418933,8099,0.28064035482864963,1.1220559711831533,0.1420753001961441,0.09656414519257411,0.12205597118315323,55.41526811101644,3.3346978782287824,1928.4955094809723,0.13338755202602498
2014-08-31,16914,71317,104316,4356,3636,0.06107940603222233,0.04219870393803443,0.2149698474636396,4909,0.29023294312403924,1.126951331496786,0.20823926973933285,0.16804407713498623,0.12695133149678603,66.58589004390949,3.62036697764875,2264.1877683394364,0.13825595580296424
2014-05-29,17763,67537,96840,5529,4685,0.08186623628529546,0.058271375464684014,0.26375049259697125,6154,0.3464504869672916,1.1130403327907397,0.11712098553385551,0.08012298788207632,0.11304033279073973,51.298792503148384,3.25687773736174,2013.877543513434,0.12972148600026653
2014-10-23,23603,88524,123317,6770,5757,0.07647643576883105,0.05582360907255285,0.24390967249925857,7563,0.3204253696563996,1.1171344165435746,0.10503366318738422,0.08375184638109305,0.1171344165435746,57.41777546660035,3.3975053246929803,2066.8960036602375,0.12895937824770684
2014-10-25,15250,62541,88129,4208,3616,0.06728386178666794,0.04840631347229629,0.23711475409836066,4649,0.30485245901639346,1.104800380228137,0.17329431892678404,0.16611216730038023,0.10480038022813688,63.84971487153201,3.496010167637311,2232.9473428182614,0.12668489470907085
2014-03-02,9854,40345,59219,3122,2655,0.0773825752881398,0.05334436582853476,0.2694337324944185,3760,0.3815709356606454,1.2043561819346573,0.17300780765894164,0.1294042280589366,0.20435618193465727,67.3214498362608,3.588918744091158,2208.9155217414263,0.13300285041516915
2014-03-03,12188,45171,66263,4108,3534,0.09094330433242567,0.06281031646620286,0.28995733508368887,4812,0.39481457170987855,1.1713729308666017,0.1168670164486064,0.07740993184031159,0.17137293086660174,57.11827385303826,3.4348244240662043,2121.414878047164,0.12727192225100176
2014-03-06,18018,65512,94320,4946,4259,0.07549761875686897,0.05314885496183206,0.23637473637473638,5648,0.31346431346431347,1.141932875050546,0.11625351080718037,0.07784067933683785,0.1419328750505459,59.036095398257146,3.3972170288411436,2112.663721389112,0.13383807546709
2014-03-10,17714,65998,95366,5218,4482,0.07906300190914876,0.0554180735272529,0.25302021000338715,5925,0.33448120130969855,1.1354925258719817,0.11444286190490621,0.07972403219624377,0.1354925258719816,57.22086094221468,3.375268179120829,2034.309652623839,0.1335646534743477
2014-07-02,23785,92158,131951,6746,5791,0.07320037327198942,0.05187531735265364,0.2434727769602691,7537,0.31688038679840236,1.1172546694337384,0.11863321686668547,0.08938630299436703,0.11725466943373851,45.74405653618185,3.217622405099212,1828.2873964358087,0.13585364265717573
2014-07-04,16692,68063,97062,4902,4099,0.07202150948386055,0.05123529290556551,0.24556673855739275,5432,0.32542535346273666,1.1081191350469197,0.14394017307494528,0.11199510403916768,0.10811913504691963,49.23634572692924,3.3154702018109723,2114.264746914942,0.13396412147569164
2014-07-05,14955,65521,94069,4210,3529,0.06425420857435021,0.04523275468007527,0.2359745904379806,4690,0.3136074891340689,1.1140142517814726,0.18325422383663253,0.13610451306413301,0.11401425178147269,51.18652762721957,3.4273772687387427,2093.7979246014183,0.1267227301170617
2014-07-06,17686,79708,114611,5000,4169,0.06272896070657902,0.0440882637792184,0.2357231708696144,5584,0.3157299558973199,1.1168,0.17241682139810308,0.1358,0.1168,52.59238059373627,3.4314119580331184,1998.8872312653318,0.1283936367742259
2014-09-28,19015,79541,115400,5178,4315,0.06509850265900605,0.04537261698440208,0.2269261109650276,5844,0.30733631343676043,1.1286210892236386,0.17921575036773488,0.1369254538431827,0.12862108922363846,63.297168742921855,3.5176278398298,2168.755272065708,0.13985240316314856
2014-09-29,26763,101897,145113,7671,6531,0.07528190231312011,0.05355137031141249,0.2440309382356238,8496,0.31745320031386615,1.107547907704341,0.11850201674239673,0.0852561595619867,0.10754790770434103,55.78750785916378,3.346989908593046,2017.8676522007556,0.1306711679441004
2014-09-30,27677,103495,147759,7489,6462,0.07236098362239722,0.05140803605871724,0.2334790620370705,8482,0.306463850850887,1.1325944718921084,0.12226677617276197,0.0928027774068634,0.13259447189210843,56.87251754877884,3.408365855320143,2080.822875839729,0.13317551572539738
2014-10-01,26690,102068,146640,7433,6368,0.07282399968648352,0.051534369885433716,0.23859123267141252,8396,0.31457474709629074,1.1295573792546751,0.11826429439197397,0.08408448809363649,0.1295573792546751,55.053033126090966,3.3759133457087565,2027.7424972790109,0.1311576595994827
2014-10-02,23987,90214,127752,7114,5994,0.07885694016449775,0.05650792159809631,0.24988535456705716,7879,0.3284695876933339,1.1075344391341018,0.12245327776176647,0.08476244025864492,0.10753443913410177,54.84381932735824,3.284783480352847,2044.3815447877596,0.12768528166359988
2014-10-03,22187,82884,115376,6610,5667,0.07975001206505478,0.0581056718901678,0.2554198404471087,7278,0.32802992743498444,1.1010590015128594,0.12317214420153468,0.08350983358547655,0.1010590015128593,54.431918874871734,3.27046004842615,2043.4409253319716,0.13025433135466435
2014-04-24,16472,58969,84602,5015,4259,0.08504468449524326,0.06047138365523274,0.25855998057309376,5616,0.34094220495386107,1.119840478564307,0.11455171361223694,0.08594217347956132,0.11984047856430707,55.565026376944346,3.292490051358797,2096.2106674470324,0.12803337346741508
2013-10-14,9977,36230,51484,3443,2986,0.09503174165056583,0.06807940330976614,0.2992883632354415,3983,0.39921820186428786,1.1568399651466743,0.1177201214463152,0.08539064769096719,0.15683996514667442,53.607299875570305,3.4269584997780735,2104.394309083646,0.12967154292023186
2013-10-21,10182,35578,50705,3388,2902,0.09522738771150711,0.06778424218518883,0.28501276762914945,3910,0.38401099980357495,1.154073199527745,0.10191691494743943,0.07467532467532467,0.15407319952774498,51.963140123804166,3.4346697514318767,2019.0135949450457,0.1318792512226657
2013-10-22,9709,34127,49153,3046,2650,0.08925484220705014,0.06317010151974448,0.27294263054897516,3553,0.3659491193737769,1.1664478003939593,0.1145427374219826,0.08305975049244911,0.1664478003939593,51.6725918103954,3.4642436727486756,2068.6131389668326,0.13124505523485802
2013-10-23,9873,35003,50121,3182,2733,0.09090649372910893,0.06474332116278605,0.2768155575812823,3714,0.37617745366150107,1.1671904462602136,0.11710424820729652,0.08830923947203018,0.1671904462602137,53.7504577706569,3.442587647514859,2109.964237423631,0.13904522469502614
2013-10-25,7903,27731,39479,2714,2322,0.09786881107785511,0.06988525545226576,0.29381247627483237,3125,0.39541946096419084,1.1514369933677229,0.10659550683350763,0.07885040530582167,0.15143699336772293,53.16959867066431,3.437973124705712,2126.58037892632,0.13832894594497133
2014-09-03,26935,101363,145860,7310,6226,0.072117044680998,0.050952968600027425,0.23114906255801002,8251,0.3063300538333024,1.1287277701778387,0.13211921509821137,0.08686730506155951,0.12872777017783857,56.55482399857856,3.404168648905804,2065.3968461427435,0.1346447914919645
2014-09-05,23573,87227,124245,6823,5847,0.07822119297923807,0.05573664936214737,0.24803800958723965,7668,0.3252874050820854,1.123845815623626,0.13830579980969196,0.0948263227319361,0.12384581562362597,56.675574007385826,3.2990879148720547,2071.186523470373,0.1357951093124835
2014-10-27,26640,101261,140836,7696,6555,0.07600161957713236,0.0555184753898151,0.24605855855855857,8481,0.31835585585585585,1.1020010395010396,0.10381094399620781,0.08965696465696466,0.1020010395010395,56.78599102571705,3.397641654208291,2051.513368934265,0.13427676993116797
2014-10-28,26905,100694,139601,7488,6405,0.07436391443382923,0.05479187111840173,0.2380598401784055,8366,0.310945920832559,1.1172542735042734,0.11645182433908674,0.10176282051282051,0.1172542735042735,58.189921979824085,3.4124656278643446,2064.1903784483848,0.12680993902317914
2014-10-30,22789,85487,120148,6630,5690,0.07755565173652135,0.0560808336385125,0.2496818640572206,7383,0.3239720917986748,1.1135746606334842,0.10454221109642402,0.08944193061840121,0.11357466063348416,54.89180423837958,3.412116661582862,2080.4479823503148,0.1283353024436464
2014-11-01,16266,67575,94898,4604,3883,0.06813170551239364,0.0494004088600392,0.23871879995081766,5147,0.31642690274191565,1.1179409209383144,0.1613762486126526,0.16007819287576022,0.11794092093831451,62.073042112903465,3.546226345083488,2235.8601475936034,0.12707362190159083
2013-08-03,7389,28157,49226,2390,2034,0.08488120183258159,0.049120383537155164,0.27527405602923266,2755,0.3728515360671268,1.1527196652719665,0.17136058528962603,0.14435146443514643,0.15271966527196654,45.09256286784377,3.2754094843001216,1963.1947066757664,0.11240544092055262
2013-08-07,10702,38558,56731,3490,3029,0.09051299341252139,0.062346865029701576,0.2830312091197907,4035,0.3770323304055317,1.156160458452722,0.1313605477462524,0.09684813753581661,0.15616045845272206,46.74738675958188,3.2846715328467155,1893.161185566413,0.12002697235333783
2013-08-08,9937,35029,49107,3353,2885,0.09572068857232578,0.06927729244303256,0.2903290731609138,3873,0.3897554593941834,1.155084998508798,0.12164206800079934,0.09782284521324187,0.1550849985087981,44.6820433525184,3.2620230267880217,1894.153863948526,0.11761683176796368
2013-08-09,8866,32134,45527,3083,2628,0.09594199290471152,0.06875041184352143,0.29641326415519964,3515,0.39645838032934805,1.1401232565682777,0.1341569676977656,0.10509244242620824,0.14012325656827765,45.80775953555153,3.2607947434292868,1957.8667663577776,0.11909503952200162
2013-08-11,7832,30875,43491,2592,2215,0.08395141700404858,0.060104389413901727,0.2828140960163432,2920,0.372829417773238,1.126543209876543,0.17382995951417005,0.14583333333333334,0.12654320987654322,50.231743351625155,3.3085172267674956,2111.4719362824985,0.11391093117408907
2013-08-13,10393,36893,52853,3460,2983,0.09378472881034343,0.06629708815015231,0.2870201096892139,3965,0.38150678341191185,1.1459537572254335,0.12490174287805275,0.08208092485549133,0.14595375722543352,47.31059226441249,3.2610877748077027,1987.7178472559633,0.12229962323475999
2014-07-08,25135,100249,143483,7018,5903,0.0700056858422528,0.049782901110236054,0.23485180027849611,7854,0.312472647702407,1.1191222570532915,0.11882412792147552,0.07936734112282702,0.11912225705329153,49.418050051409004,3.3146658353613163,1867.7557148246835,0.12715338806372134
2014-07-09,25190,99685,141381,6877,5846,0.06898731002658375,0.049341849329117775,0.23207622072250894,7695,0.3054783644303295,1.1189472153555329,0.12459246626874655,0.08637487276428675,0.11894721535553293,49.439075060970104,3.3175616953331852,1876.6101847200564,0.12567587901890956
2014-07-10,23637,94409,134844,6789,5732,0.07191051700579394,0.051110913351724956,0.24250116343021533,7563,0.3199644624952405,1.1140079540433054,0.12254128314037857,0.08572691117984976,0.11400795404330534,48.1823830021841,3.3225851226256955,1906.5459568071735,0.1274031077545573
2014-07-12,16241,67306,97161,4514,3781,0.06706682910884616,0.04723088482004096,0.2328058617080229,5040,0.31032571885967614,1.1165263624280017,0.17894392773304013,0.13491360212671688,0.11652636242800177,50.702207686017985,3.369374207503543,2023.3931687808688,0.12820550916708762
2014-03-11,16812,61110,88341,4703,4102,0.07695958108329243,0.05387079611958207,0.24399238639067333,5406,0.3215560314061385,1.149479055921752,0.11777123220422189,0.07186901977461195,0.14947905592175206,58.117413880653245,3.367838370565046,2079.948861614285,0.1212567501227295
2014-03-12,18049,66622,96378,5181,4444,0.07776710395965297,0.054556019008487416,0.24621862707075184,5993,0.3320405562635049,1.1567265006755452,0.12724025096814867,0.08839992279482725,0.15672650067554525,56.81020987635774,3.3979044981032094,2035.2148172307882,0.132778961904476
2014-03-13,16934,61760,88144,4914,4175,0.0795660621761658,0.05650980214194954,0.24654541159796858,5571,0.3289831109011456,1.1336996336996337,0.1276392487046632,0.08587708587708588,0.1336996336996337,57.19853191385932,3.3349680897708636,2012.099322963154,0.13011658031088083
2014-03-14,14596,52850,75594,4505,3872,0.08524124881740776,0.06041484773923857,0.26527815839956154,5058,0.3465332967936421,1.1227524972253051,0.11965941343424787,0.07280799112097669,0.12275249722530522,55.892646167827934,3.318338903235607,2015.86436774542,0.12900662251655629
2014-03-15,11844,47957,70254,3426,2921,0.07143899743520236,0.04937797136106129,0.24662276258020938,3935,0.33223573117190136,1.1485697606538237,0.17417686677648728,0.1333917104495038,0.1485697606538237,62.792930768267745,3.491194310813637,2197.7553876648967,0.130450194966324
2014-03-16,13935,57607,83917,3971,3372,0.06893259499713576,0.04788064396963666,0.24198062432723358,4567,0.3277359167563689,1.1500881390078066,0.17881507455691148,0.1289347771342231,0.1500881390078066,65.38827208756841,3.483202648545043,2142.5738113934462,0.1346016977103477
2014-03-19,17358,63121,90562,5094,4378,0.08070214350216251,0.05699962456659526,0.2522179974651457,5782,0.3331028920382533,1.1350608559089124,0.12274837217407836,0.08932076953278367,0.13506085590891245,56.852877754875536,3.2739279697383896,2035.5038757005875,0.13401245227420353
2014-05-03,11444,45879,66946,3598,2986,0.07842367967915605,0.05444686762465271,0.2609227542817197,4022,0.35145054176861235,1.1178432462479155,0.16127204167484033,0.12201222901612006,0.1178432462479155,59.536655037069345,3.3587636077471252,2246.5095592035027,0.12881710586542863
2014-05-04,13606,56306,81411,4201,3515,0.07461016587930239,0.0520691307071526,0.25834190798177276,4736,0.3480817286491254,1.12735063080219,0.1684012361027244,0.12401809093073078,0.12735063080218995,60.346379334849345,3.4270135424091235,2156.702070414043,0.13895499591517776
2014-05-07,18417,64931,92663,5409,4595,0.08330381481880765,0.059052696329710885,0.24949774664711952,6182,0.3356681327034805,1.1429099648733592,0.1214982057876823,0.07709373266777593,0.14290996487335922,54.496477842003856,3.31362098530843,2029.6759746986677,0.12001971323404845
2014-05-09,13959,50482,71366,4743,3973,0.09395428073372687,0.0680015693747723,0.2846192420660506,5205,0.3728777133032452,1.0974067046173308,0.1166752505843667,0.07885304659498207,0.09740670461733081,51.539629372708355,3.2028824393536346,2056.365504440374,0.12220197298046828
2013-05-15,9751,34850,59688,3488,2934,0.10008608321377331,0.05939217263101461,0.3008922161829556,4034,0.413701158855502,1.1565366972477065,0.10390243902439024,0.07568807339449542,0.1565366972477064,49.28373473150496,3.299379061371841,2035.7828297508668,0.1248493543758967
2013-05-16,8860,31835,54653,3138,2675,0.09857075545782944,0.05809379174061808,0.30191873589164786,3572,0.40316027088036116,1.138304652644997,0.11044447934663107,0.07711918419375398,0.1383046526449968,48.210240887879934,3.269913043478261,2083.246962398322,0.1265588189100047
2013-05-17,7792,27651,47015,2773,2384,0.10028570395284077,0.0595341912155695,0.3059548254620123,3154,0.4047741273100616,1.137396321673278,0.10531264692054537,0.08330328164442842,0.13739632167327803,46.3210656213705,3.2112788793887574,2101.9955160140116,0.1311344978481791
2013-05-20,9736,36131,62383,3333,2843,0.09224765436882455,0.053957007518073835,0.2920090386195563,3806,0.3909202958093673,1.141914191419142,0.10467465611247959,0.0819081908190819,0.1419141914191419,50.13674359187981,3.356200233866028,2054.5774703979055,0.12883673299936343
2013-05-25,6120,23163,40570,1997,1682,0.08621508440184777,0.04988908060142963,0.27483660130718957,2283,0.3730392156862745,1.14321482223335,0.15058498467383327,0.10766149223835754,0.14321482223335003,54.82841416374117,3.506063899152358,2140.4450034670785,0.12735828692311013
2013-05-26,6513,26460,46270,2146,1759,0.08110355253212397,0.04692025070239896,0.27007523414709045,2496,0.38323353293413176,1.16309412861137,0.16058201058201058,0.11789375582479031,0.16309412861137,56.36401213500189,3.5609134157944813,2311.626875468689,0.1339758125472411
2013-05-29,9659,34165,58301,3302,2828,0.0966486170057076,0.057529030376837445,0.29278393208406667,3790,0.39238016357801014,1.1477892186553604,0.10926386653007464,0.07995154451847365,0.14778921865536038,48.934735358044996,3.259745260663507,2104.977235397631,0.13101126884238257
2013-05-30,8846,31782,54776,3075,2640,0.09675287898810647,0.05686797137432452,0.29843997286909335,3496,0.3952068731630115,1.136910569105691,0.10760808004530867,0.07609756097560975,0.13691056910569105,48.84041880179667,3.2953262083266868,1989.2630052149343,0.13413252784595053
2013-06-01,6300,24461,43571,2154,1780,0.08805854216916724,0.04996442587959882,0.28253968253968254,2478,0.3933333333333333,1.15041782729805,0.14684599975471158,0.12302692664809657,0.15041782729805014,53.52888212802697,3.4354958371115325,2318.988191097682,0.14316667348023385
2014-01-23,10782,39390,57281,3463,2970,0.08791571464838792,0.06136415216214801,0.27545909849749584,4124,0.3824893340753107,1.1908749639041294,0.11396293475501397,0.0828761189719896,0.19087496390412936,65.65619439784454,3.6291321524149356,2202.48033629895,0.13874079715663873
2014-01-24,9914,34962,50863,3280,2780,0.09381614324123334,0.0656076126064133,0.280411539237442,3958,0.3992334073028041,1.2067073170731708,0.11952977518448601,0.08628048780487804,0.20670731707317072,66.45408470062709,3.701643199219982,2182.6385884667916,0.13426005377266748
2014-01-25,8099,32930,48681,2456,2129,0.07458244761615548,0.051375279883322036,0.262871959501173,3011,0.37177429312260774,1.2259771986970684,0.17227452171272395,0.14006514657980457,0.2259771986970684,74.18428571428572,3.953870544833684,2284.5881595241976,0.13890069845126024
2014-01-26,9260,38301,57341,2811,2399,0.07339233962559724,0.049615458398004915,0.25907127429805615,3494,0.3773218142548596,1.2429740305940946,0.1713793373541161,0.12771255780860905,0.24297403059409464,77.60206589958159,3.8941444986620493,2247.785898526574,0.14725464087099555
2014-01-29,11488,41299,60835,3624,3103,0.08775030872418219,0.06047505547793211,0.27010793871866295,4384,0.3816155988857939,1.2097130242825607,0.12300539964648055,0.07864238410596026,0.2097130242825607,64.48932919435417,3.650724919723655,2126.6195560474225,0.1312622581660573
2014-02-01,7853,31761,47201,2441,2048,0.07685526274361638,0.052498887735429337,0.2607920539921049,2973,0.3785814338469375,1.217943465792708,0.16854003337426404,0.12576812781646865,0.2179434657927079,71.5434830575256,3.8200363949813236,2309.5714465600654,0.13248953118604578
2014-02-02,8517,35472,52908,2671,2273,0.07529882724402345,0.051145384440916306,0.26687800868850536,3277,0.3847598919807444,1.2268813178584799,0.17278416779431666,0.1396480718831898,0.22688131785847998,74.97903321387251,3.826701705275786,2373.499509597472,0.14862426702751466
2014-06-11,20830,80302,115556,6211,5302,0.07734552065951035,0.054700751150957114,0.2545367258761402,6959,0.33408545367258763,1.1204314925132828,0.11783019102886604,0.08388343261954596,0.12043149251328289,49.45710761409936,3.2554784674042128,1943.581515706886,0.12863938631665464
2014-06-12,18513,70506,100850,5743,4792,0.08145406064732079,0.05770946950917204,0.25884513585048347,6401,0.3457570355966078,1.114574264321783,0.11210393441692905,0.0816646352080794,0.11457426432178304,48.920196456961165,3.2673519654882752,1950.7352507375854,0.1291804952769977
2014-06-14,12552,52825,76197,3738,3141,0.07076194983435873,0.04984448206622308,0.25023900573613767,4163,0.33166029318036966,1.113697164258962,0.169919545669664,0.13777421080791868,0.11369716425896201,52.530655551345205,3.348178291625466,2052.1280896884277,0.12547089446284904
2014-06-15,14381,61690,88364,4367,3634,0.07078943102609823,0.05005432076411208,0.25269452750156457,4884,0.33961476948751823,1.1183879093198992,0.175701086075539,0.14197389512250974,0.11838790931989925,52.78523914595366,3.379511798209927,2038.0335533914138,0.1281893337656022
2014-09-06,17609,72174,103782,4807,4069,0.06660293180369663,0.047156539669692236,0.23107501845647113,5443,0.30910329944914533,1.132307052215519,0.19556904148308255,0.14437278968171416,0.13230705221551903,62.60159412253951,3.481176043759768,2215.1136696157973,0.1333721284673151
2014-09-07,19656,81912,118654,5370,4542,0.06555815997656021,0.04594872486388996,0.2310744810744811,6046,0.3075905575905576,1.1258845437616387,0.19669889637659926,0.15195530726256984,0.12588454376163874,65.7765902872777,3.4982511689554876,2194.8696908260836,0.13772096884461374
2014-09-08,26984,102551,145109,7723,6553,0.07530887070823297,0.05418685264180719,0.24284761340053365,8640,0.32018974206937445,1.1187362423928524,0.13144679232771986,0.08856661918943416,0.11873624239285252,55.269673554605944,3.36349917195018,2058.7294551178184,0.1299255979951439
2014-09-09,27841,103953,147898,7633,6481,0.07342741431223726,0.052509161719563484,0.2327861786573758,8671,0.3114471462950325,1.1359884711122756,0.12982790299462257,0.09301716232149876,0.13598847111227563,56.132525248635275,3.36074493582805,2047.6876960649413,0.13330062624455283
2014-09-10,29067,108265,153423,7834,6649,0.07235948829261535,0.05183707788271641,0.22874737675026663,8759,0.30133828740496094,1.1180750574419198,0.13607352329931188,0.0862905284656625,0.11807505744191983,55.71114150019404,3.286333070537495,2013.5284632330158,0.1318523992056528
2013-08-17,6694,25555,36431,2083,1835,0.08151046761886128,0.05810985150009607,0.27412608305945624,2400,0.358530026889752,1.1521843494959194,0.1907650166307963,0.14786365818530964,0.15218434949591936,53.19055476976269,3.479769697925704,2091.850278649705,0.13335942085697516
2013-08-18,7714,30261,43416,2537,2152,0.08383728231056475,0.05914870093974572,0.2789732953072336,2951,0.3825512056002074,1.1631848640126132,0.16846766465087076,0.1383523847063461,0.1631848640126133,52.79558414003448,3.413864218474537,2016.44636730038,0.13168765077162023
2013-08-20,10711,37800,53306,3540,3085,0.09365079365079365,0.06699058267362024,0.2880216599757259,4098,0.38259732984782,1.1576271186440679,0.11645502645502645,0.08022598870056497,0.1576271186440678,49.798276319278706,3.269710426250432,2003.3271706543512,0.12804232804232804
2013-08-22,9309,32713,46585,3152,2693,0.0963531317824718,0.06871310507674144,0.28928993447201634,3548,0.38113653453647006,1.1256345177664975,0.12132791245070768,0.09708121827411167,0.12563451776649745,46.02773091199116,3.1817287291288707,2014.9617006970095,0.1132271573991991
2013-08-23,8738,30615,43887,3071,2650,0.1003103054058468,0.07077266616537926,0.30327306019684136,3512,0.40192263675898376,1.1436014327580593,0.1284337742936469,0.09084988603060892,0.14360143275805926,47.701607885515934,3.2338924081793414,1954.9982249162185,0.1225543034460232
2013-08-26,10451,36899,52405,3453,2950,0.09357977180953414,0.06680660242343288,0.2822696392689695,3939,0.376901731891685,1.1407471763683754,0.11612780834168948,0.09788589632203881,0.14074717636837533,49.036548913043475,3.2823176550783915,1923.5838717338718,0.12761863465134557
2013-08-27,10549,36810,53703,3532,3005,0.09595218690573214,0.06664432154628233,0.2848611242771827,4073,0.3861029481467438,1.15317100792752,0.11605541972290138,0.0911664779161948,0.1531710079275198,47.922771199128896,3.2451362929411443,1976.0960083617888,0.1254278728606357
2014-03-21,14229,51457,74314,4411,3730,0.08572205919505607,0.06044621471055252,0.26214069857333616,5007,0.3518869913556821,1.1351167535706188,0.12750451833569776,0.08229426433915212,0.13511675357061892,56.68652854780663,3.360947438248722,2023.0784144312502,0.12457002934488991
2014-03-22,11439,46523,67132,3356,2820,0.0721363626593298,0.05043794315676577,0.24652504589562024,3860,0.3374420840982603,1.1501787842669846,0.17180749306794488,0.13110846245530394,0.1501787842669845,62.88876701722692,3.4939413540319104,2171.3516931891863,0.1332459213722245
2014-03-23,13331,54879,79711,3805,3256,0.06933435376009038,0.04819911931853822,0.244242742479934,4428,0.33215812767234265,1.1637319316688568,0.18841451192623773,0.13088042049934298,0.16373193166885677,64.50019153244195,3.4984713399117586,2172.6721288777294,0.13901492374132182
2014-05-10,11415,45924,66675,3661,3036,0.07971866562146154,0.05579302587176603,0.26596583442838373,4105,0.35961454226894435,1.1212783392515706,0.15989460848358156,0.11554220158426659,0.12127833925157061,57.129795438206656,3.36353711790393,2182.745534781201,0.123094678163923
2014-12-31,22132,87998,121082,5766,4824,0.06552421645946499,0.048454766191506585,0.21796493764684619,6339,0.2864178564973794,1.099375650364204,0.19787949726130138,0.1567811307665626,0.09937565036420395,62.805086673643025,3.507577826324413,2030.9664823679318,0.13317348121548217
2013-06-16,7662,31682,55757,2560,2141,0.08080297960987311,0.046182542102336924,0.2794309579744192,2946,0.38449490994518404,1.15078125,0.1662458178145319,0.123828125,0.15078125,51.222250388161854,3.4520120884364562,2127.1965141099313,0.13572375481345875
2014-07-21,26786,108701,157564,7472,6271,0.06873901804031242,0.048037622807240235,0.23411483610841485,8228,0.30717539012917194,1.1011777301927195,0.1246630665771244,0.08806209850107066,0.10117773019271949,47.747330731563636,3.267383479464698,1832.1788383090159,0.1274413298865696
2013-03-31,6819,27698,48764,2316,1876,0.08361614557007727,0.04790419161676647,0.27511365302830326,2643,0.38759348878134625,1.1411917098445596,0.1566900137194021,0.1196027633851468,0.1411917098445596,62.2654356816368,3.3963963963963963,2282.511282011005,0.13632753267383926
2013-04-03,10121,36565,64051,3377,2893,0.09235607821687405,0.05325443786982249,0.28584132002766527,3878,0.3831637190000988,1.1483565294640212,0.10562012853821962,0.07728753331359195,0.1483565294640213,56.69379120879121,3.3170778987012266,2085.506739035977,0.13326952003281828
2013-04-05,8059,28835,49936,2801,2411,0.09713889370556615,0.05667254085229093,0.2991686313438392,3235,0.4014145675642139,1.1549446626204927,0.11808565978845154,0.08675473045340949,0.15494466262049267,53.25090567089313,3.2415528145637516,2112.700691777951,0.1251257152765736
2013-04-08,9889,35476,61610,3372,2861,0.09505017476603901,0.055445544554455446,0.28931135605217917,3888,0.393164121751441,1.1530249110320285,0.10147705491036194,0.06998813760379596,0.15302491103202848,54.40000566059096,3.283343263256447,2107.730940729885,0.12354831435336566
2013-04-10,9558,34646,59545,3186,2744,0.09195866766726317,0.05436224704005374,0.2870893492362419,3700,0.38711027411592386,1.1613308223477714,0.10399468914160365,0.0687382297551789,0.1613308223477715,53.89397757886504,3.3027837507990934,2127.755943129421,0.12725855798649194
2013-01-07,9572,34353,60710,3002,2584,0.08738683666637558,0.05017295338494482,0.26995403259506895,3644,0.38069368992895947,1.2138574283810792,0.10135941548045295,0.06728847435043304,0.21385742838107927,63.29312816312202,3.652657419183106,2123.9546735949966,0.15151515151515152
2013-01-09,9673,34795,61049,3019,2646,0.08676533984767927,0.05015643171878327,0.27354491884627313,3699,0.3824046314483614,1.2252401457436237,0.09645063945969248,0.06889698575687314,0.22524014574362372,64.30064586817369,3.6100090302659558,2103.3241151969005,0.14019255640178185
2013-01-12,6851,26938,48881,2020,1725,0.07498700720172248,0.04199995908430679,0.2517880601372062,2454,0.3581958838125821,1.2148514851485148,0.14826638948697007,0.11485148514851486,0.21485148514851485,70.85768111616802,3.720959167514987,2218.032094496107,0.14867473457569233
2013-01-16,9671,34454,60416,3147,2697,0.0913391768735125,0.053081965042372885,0.2788749870747596,3780,0.39085926998242165,1.2011439466158247,0.09786962326580367,0.06545916746107404,0.2011439466158246,61.55837948120082,3.5217980440673973,2160.2816577757026,0.14320543333139837
2013-01-17,8691,30141,52743,2871,2454,0.095252314123619,0.05528695751094932,0.2823610631687953,3421,0.3936255896904844,1.1915708812260537,0.1054377757871338,0.0759317311041449,0.19157088122605365,61.71862496665778,3.532527659574468,2134.1904844677156,0.13761985335589397
2013-01-18,7802,27189,47864,2700,2317,0.09930486593843098,0.0570783887681765,0.2969751345808767,3234,0.4145091002307101,1.1977777777777778,0.10427010923535253,0.06962962962962962,0.19777777777777777,62.050048016547244,3.5986643286199307,2129.195491911781,0.1377027474346243
2013-01-21,9368,33156,57808,2992,2585,0.09024007721076124,0.05272626626072516,0.2759393680614859,3554,0.3793766011955593,1.1878342245989304,0.10167088913017251,0.08155080213903744,0.18783422459893048,65.22217844587223,3.6401591674318947,2154.4911687533704,0.14096996018820124
2013-01-22,9297,32837,58020,3016,2591,0.09184761092669855,0.05270596346087556,0.2786920511993116,3634,0.3908787781004625,1.2049071618037135,0.10287176051405426,0.07758620689655173,0.20490716180371352,62.2563867217378,3.6038902804836566,2129.4546401744115,0.13594420927612144
2014-09-13,17288,71506,102357,4620,3916,0.06460996280032445,0.0457418642594058,0.22651550208236929,5186,0.29997686256362793,1.1225108225108225,0.19068329930355496,0.14956709956709957,0.12251082251082251,62.50023094688222,3.432249532197476,2171.9160966525246,0.13843593544597657
2014-09-15,27658,106448,150663,7586,6487,0.0712648429280024,0.051147262433377805,0.23454335092920675,8543,0.30887989008605105,1.1261534405483786,0.13772921990079665,0.09187977853941472,0.1261534405483786,56.69925815884239,3.3479521120909417,2056.3687924673113,0.1293777243348865
2014-09-16,28006,104866,150640,7495,6446,0.0714721644765701,0.05058417419012214,0.23016496465043204,8441,0.30139970006427197,1.1262174783188792,0.131901664981977,0.09232821881254169,0.12621747831887925,57.48973867246758,3.4414792661183644,2039.2253254223947,0.130557091907768
2013-06-17,10614,39207,66791,3592,3080,0.09161629300890148,0.05458819302001767,0.29018277746372717,4089,0.38524590163934425,1.1383630289532294,0.11232688040400948,0.0757238307349666,0.1383630289532294,45.497297158814334,3.3269711253638308,1978.5200809607747,0.13125207233402197
2013-06-19,10079,37712,63151,3296,2811,0.08739923631735257,0.05298411743281975,0.2788967159440421,3792,0.3762278003770215,1.1504854368932038,0.11060140008485363,0.08373786407766991,0.15048543689320387,44.40210795273076,3.250934529531133,1979.191768300433,0.12134068731438269
2013-06-20,9408,34807,59244,3152,2697,0.09055649725629902,0.05401390858145973,0.2866709183673469,3588,0.38137755102040816,1.1383248730964468,0.1102364466917574,0.09041878172588833,0.1383248730964467,43.051072936549254,3.2792141841501987,1897.8490072337524,0.11839572499784526
2013-06-21,8264,30468,51293,2807,2401,0.0921294472889589,0.05534868305616751,0.2905372700871249,3204,0.3877057115198451,1.141432133950837,0.11517001444138113,0.08051300320627004,0.1414321339508372,42.705791123576965,3.3627035614987424,1891.1405033571577,0.12724826047000132
2013-06-22,6839,27766,49514,2312,1906,0.08326730533746309,0.047138183140121984,0.27869571574791635,2615,0.382365842959497,1.1310553633217992,0.1547216019592307,0.11980968858131488,0.13105536332179932,49.04209155999132,3.4825359979688804,2071.248619179477,0.13837066916372542
2013-06-24,10429,37873,64513,3442,2934,0.09088268687455443,0.05408212298296467,0.28133090420941603,3889,0.3729024834595839,1.1298663567693201,0.11277163150529401,0.084253341080767,0.12986635676932015,44.481288237942636,3.2638005799569023,1896.0843991286654,0.12351807356164021
2013-06-25,10323,38186,65118,3561,3030,0.09325407217304771,0.05545317730888541,0.2935193257773903,4051,0.3924246827472634,1.137601797247964,0.11407322055203478,0.08340353833192923,0.13760179724796406,43.60022110499855,3.2620374527878293,1852.2098781889592,0.12546483004242392
2013-06-27,9320,34995,58763,2997,2580,0.0856408058294042,0.052005513673570106,0.27682403433476394,3446,0.3697424892703863,1.1498164831498165,0.11350192884697814,0.09175842509175842,0.1498164831498165,43.05601332146651,3.289942702484812,1852.9953594851988,0.12438919845692242
2013-06-28,8436,31470,53626,2999,2577,0.09529710835716555,0.057099168313877596,0.3054765291607397,3409,0.4041014698909436,1.1367122374124707,0.12348268191928821,0.0960320106702234,0.13671223741247082,41.39157800568708,3.2327577922285933,1807.1516999635503,0.12551636479186526
2013-06-29,6708,27426,48419,2179,1855,0.07945015678553198,0.04568454532311696,0.27653548002385214,2474,0.3688133571854502,1.1353832033042681,0.14978487566542698,0.13354749885268472,0.135383203304268,45.298277126099705,3.3622165876603094,2080.752390679885,0.14088820826952528
2013-11-19,8726,30455,43999,2971,2587,0.09755376785421113,0.06863792358917248,0.29647031858812745,3472,0.39789135915654367,1.1686300908784921,0.11584304711869972,0.07573207674183777,0.1686300908784921,52.468393543933466,3.561446895505655,2067.44229683722,0.1243802331308488
2013-11-20,8575,29838,42844,2830,2523,0.09484549902808499,0.06710391186630567,0.29422740524781343,3328,0.38810495626822156,1.1759717314487632,0.11254105503049802,0.08162544169611308,0.17597173144876324,53.04000268474394,3.5344537249090666,2036.8579701752203,0.13067229707084926
2013-11-23,5913,22278,32053,1882,1629,0.08447796031959781,0.05965120269553552,0.2754946727549467,2192,0.3707086081515305,1.1647183846971307,0.169898554627884,0.11849096705632306,0.1647183846971307,54.75566241236743,3.5727301429795677,2155.3752833333365,0.12716581380734357
2013-11-24,6862,26810,39215,2231,1911,0.08321521820216338,0.05742700497258702,0.2784902360827747,2629,0.3831244535120956,1.1783953384132675,0.16777321894815367,0.12505602868668758,0.1783953384132676,54.94533233756535,3.6395697473952477,2118.3632761843755,0.13759791122715403
2013-11-25,8861,30741,44035,2980,2552,0.0969389414788068,0.06874077438401272,0.2880036113305496,3444,0.388669450400632,1.1557046979865773,0.10315214209036791,0.06442953020134229,0.15570469798657718,51.97765545096251,3.5366570831155255,2044.6771360086564,0.12641098207605478
2013-11-26,8377,29312,42079,2867,2475,0.09780977074235808,0.06927445994439031,0.29545183239823325,3329,0.3973976363853408,1.1611440530170911,0.11220660480349345,0.07708405999302406,0.16114405301709103,50.592979580687015,3.4728512212668288,2102.351953127981,0.1240447598253275
2013-11-28,6023,21275,31088,1965,1702,0.09236192714453584,0.06394750386001029,0.28258343018429355,2267,0.376390503071559,1.1536895674300254,0.13222091656874266,0.09770992366412214,0.15368956743002546,55.28830227743271,3.6918360609347736,2259.035554439524,0.13950646298472386
2013-12-01,6972,27470,40414,2254,1972,0.08205314888969785,0.05663878853862523,0.28284566838783703,2669,0.38281698221457255,1.184117125110914,0.16996723698580268,0.13220940550133098,0.18411712511091394,55.728806149586504,3.7215583086649855,2127.625634652924,0.1389515835456862
2013-12-05,7739,27424,39555,2514,2194,0.09167152858809802,0.0645936038427506,0.2834991600982039,2916,0.3767928672955162,1.1599045346062054,0.11004959159859977,0.07796340493237867,0.15990453460620524,50.38574400525567,3.4474213974598293,1989.7233068726669,0.125
2013-09-15,8094,31301,45694,2604,2209,0.08319223028018274,0.057885061496038864,0.272918211020509,3078,0.38028169014084506,1.1820276497695852,0.1549151784288042,0.11290322580645161,0.18202764976958524,58.47724508737118,3.5037063183903987,2211.1365735906675,0.1370563240791029
2013-09-18,9965,34601,50011,3334,2872,0.0963555966590561,0.06804503009337946,0.28820873055694934,3847,0.3860511791269443,1.153869226154769,0.10641310944770382,0.07438512297540492,0.15386922615476906,50.29187655607666,3.3228307585085375,2086.912575038157,0.13384006242594146
2013-09-19,9110,32010,45651,3170,2760,0.09903155263980007,0.07051324176907406,0.3029637760702525,3677,0.403622392974753,1.15993690851735,0.10721649484536082,0.07129337539432176,0.15993690851735015,49.95863708895216,3.319289419902531,2093.0975717805027,0.13083411433926898
2013-09-20,8270,28479,40536,2888,2480,0.101408055058113,0.07275014801657785,0.2998790810157195,3291,0.397944377267231,1.1395429362880887,0.11387338038554724,0.0896814404432133,0.13954293628808864,51.032034357728726,3.3019980231573003,2062.620909400124,0.1320271076933881
2013-09-23,10231,36460,52113,3473,2973,0.09525507405375755,0.06810200909561913,0.2905874303587137,3986,0.3896002345811749,1.1477109127555427,0.11851343938562808,0.08551684422689318,0.14771091275554277,50.742415915585845,3.3418928227028517,2071.795079346267,0.12748217224355457
2013-09-24,10078,35114,50163,3450,2962,0.09825140969413909,0.07017124175188884,0.29390752133359793,3991,0.39601111331613414,1.1568115942028985,0.11058267357749046,0.07971014492753623,0.15681159420289856,50.560222570980166,3.393799736646247,2102.212556132861,0.1362134761063963
2013-09-25,9982,34115,49183,3524,3008,0.10329766964678294,0.07264705284346218,0.301342416349429,4098,0.4105389701462633,1.162883087400681,0.10156822512091455,0.07406356413166856,0.16288308740068105,49.24108663729809,3.4298245614035086,2095.3741298462837,0.12730470467536276
2013-09-29,7688,29572,43050,2455,2101,0.08301771946435818,0.05790940766550522,0.2732830385015609,2880,0.37460978147762747,1.1731160896130346,0.1567699174895171,0.1230142566191446,0.17311608961303462,59.97621145374449,3.571948316899014,2224.0900980481333,0.13800216420938727
2014-07-24,23382,93006,132766,6477,5477,0.06964066834397781,0.049485561062320174,0.23424001368574116,7163,0.3063467624668548,1.105913231434306,0.12342214480786186,0.08985641500694766,0.105913231434306,48.66492022678616,3.3059768353104997,1874.545286645973,0.12993785347181902
2014-07-26,16001,68111,97461,4462,3768,0.06551071045792897,0.046551954114979324,0.2354852821698644,4950,0.30935566527092057,1.109367996414164,0.1757131740834814,0.13267593007619902,0.10936799641416405,49.37740561187013,3.376276732155227,1961.5053788549274,0.1316380613997739
2014-07-28,25958,101546,144558,7223,6086,0.07113032517282808,0.05065786743037397,0.23445565914169042,7943,0.3059942984821635,1.0996815727537035,0.12430819530065192,0.0897134154783331,0.09968157275370344,49.68299484632591,3.2912581053297485,1853.5333232233656,0.12991156717152819
2014-07-29,26488,103826,148662,7128,6030,0.06865332383025446,0.04871453364006942,0.22765025672002417,7939,0.2997206282090003,1.1137766554433222,0.1294280815980583,0.09301346801346802,0.1137766554433221,49.40311855521076,3.302578032111821,1856.5962764190522,0.12767514880665728
2014-09-18,24713,93988,134252,6919,5868,0.07361578073796655,0.052416351339272416,0.23744587868733055,7729,0.31275037429692876,1.1170689405983523,0.12797378388730477,0.09163173869056222,0.11706894059835236,55.22229083050324,3.358891311783821,2059.2279876156385,0.12834617185172575
2014-09-21,19404,81451,118177,5212,4390,0.06398939239542793,0.04474643966254009,0.22624201195629767,5875,0.3027726242011956,1.1272064466615503,0.18503149132607336,0.13699155794320797,0.12720644666155026,63.9858232699844,3.5316316440049444,2148.6346593185376,0.14085769358264477
2013-01-23,8961,30837,54167,2903,2536,0.09414015630573662,0.054867354662432845,0.28300412900345945,3498,0.39035821894877804,1.204960385807785,0.09666958523851217,0.074061315880124,0.20496038580778506,61.9108288552353,3.582503859925758,2188.626581857075,0.1343515906216558
2013-01-24,8457,29825,52906,2745,2386,0.0920368818105616,0.05243261633841152,0.2821331441409483,3301,0.3903275393165425,1.2025500910746811,0.10957250628667226,0.07978142076502732,0.20255009107468125,60.63079046593052,3.5720500271886895,2137.2747951377396,0.12663872590108968
2013-01-25,7695,26982,47293,2606,2232,0.09658290712326736,0.055927938595563824,0.29005847953216374,3090,0.4015594541910331,1.1857252494244053,0.1003632050996961,0.07712970069071373,0.18572524942440521,63.98172411226085,3.55714607754734,2180.536698710064,0.1419094210955452
2013-01-29,9096,31409,55677,2950,2532,0.09392212423190806,0.053846292005675596,0.2783641160949868,3572,0.39270008795074757,1.2108474576271187,0.10738960170651723,0.06949152542372881,0.21084745762711865,62.24192980772307,3.55308578249508,2199.5032625884364,0.1461682957114203
2013-02-03,6032,21445,38090,2204,1881,0.10277453951970156,0.0581779994749278,0.3118368700265252,2683,0.4447944297082228,1.2173321234119783,0.15229657262765214,0.10707803992740472,0.21733212341197822,75.84851466591697,3.9617061611374407,2527.03624125937,0.15467474935882491
2013-02-04,7519,22914,38729,3016,2611,0.13162258881033428,0.07916548322962122,0.3472536241521479,3550,0.47213725229418807,1.177055702917772,0.08510081173081958,0.06001326259946949,0.1770557029177719,64.40929620697216,3.709246012351713,2357.887315038902,0.1442349655232609
2013-02-08,7413,26845,47627,2549,2168,0.09495250512199664,0.054548890335314,0.2924591933090517,2821,0.380547686496695,1.1067085131424088,0.10668653380517787,0.0800313848568066,0.10670851314240878,58.2566662926811,3.289593440896611,2128.562252208357,0.13238964425405103
2014-05-21,19224,71539,102142,5626,4794,0.0786424188205035,0.05626480781656909,0.24937578027465668,6305,0.3279754473574698,1.1206896551724137,0.11442709571003229,0.08034127266263776,0.1206896551724138,50.25991189427313,3.2307681530982504,1896.693431711544,0.12436573058052251
2014-05-24,11308,46800,68044,3424,2839,0.07316239316239316,0.05139321615425313,0.2510611956137248,3811,0.3370180403254333,1.1130257009345794,0.17036324786324786,0.12850467289719625,0.11302570093457943,51.21980841601095,3.33784102355286,1997.8824913268413,0.12732905982905982
2014-02-19,11460,40616,59052,3693,3243,0.09092475871577703,0.0633509449298923,0.28298429319371726,4401,0.38403141361256543,1.191714053614947,0.11672739806972622,0.09125372326022205,0.1917140536149472,61.64934936908517,3.5857460474308303,2126.9046322062895,0.12662497537916093
2014-02-20,10751,39344,57642,3636,3115,0.09241561610410737,0.06401582179660664,0.28974048925681334,4336,0.40331131987722074,1.1925192519251926,0.11684119560797072,0.08058305830583058,0.1925192519251925,62.82987055921471,3.5647538893139505,2197.8248264467775,0.13183712891419277
2014-02-23,9766,39216,59052,2852,2461,0.07272541819665443,0.0491769965454176,0.2519967233258243,3452,0.35347122670489456,1.2103786816269284,0.17477560179518564,0.12482468443197756,0.21037868162692847,73.33973589435774,3.65106448389824,2250.2506740069903,0.13142594859241127
2014-02-25,15686,57303,83867,4520,3903,0.07887894176570162,0.054741435844849584,0.24882060436057632,5254,0.33494836159632796,1.1623893805309735,0.12903338394150393,0.07566371681415929,0.16238938053097346,61.14302431186251,3.5175218694668935,2086.4869310864947,0.13397204334851578
2014-02-26,17531,62727,91167,4952,4233,0.07894527077653961,0.05520637950135466,0.2414579887057213,5727,0.3266784553077406,1.1565024232633279,0.12444401932182314,0.07794830371567044,0.15650242326332794,60.06052484645449,3.486868202175304,2086.7827167420965,0.12783968625950548
2014-02-27,13454,48164,69884,3996,3420,0.08296653101901835,0.05822505866865091,0.25419949457410435,4599,0.34183142559833507,1.1509009009009008,0.10977078315754506,0.08183183183183183,0.15090090090090091,59.24092080113022,3.4508288903698765,2161.3971056285477,0.12474047006062619
2014-02-28,10163,36195,53540,3374,2857,0.09321729520652024,0.06404557340306313,0.2811177801830168,4005,0.3940765521991538,1.1870183758150563,0.12507252382925818,0.07943094250148192,0.18701837581505631,57.92696955451705,3.5183143078798627,2151.9815949493236,0.1294653957728968
2014-11-13,24128,91297,128739,6656,5773,0.072904914728852,0.05253264356566386,0.23926558355437666,7393,0.30640749336870027,1.1107271634615385,0.10863445677294982,0.1015625,0.11072716346153846,56.24171114788956,3.329185930310451,2044.0926091563415,0.12922659013987317
2014-11-15,16469,68105,96832,4642,3979,0.06815945965788121,0.04865127230667548,0.24160544052462202,5200,0.31574473252777946,1.1202068074105989,0.16524484252257543,0.15381301163291686,0.12020680741059887,63.03775858015985,3.5180816915510795,2181.142673237465,0.12109243080537406
2013-12-07,6045,22725,32780,1932,1643,0.08501650165016501,0.05964002440512508,0.2717948717948718,2282,0.37750206782464846,1.181159420289855,0.16712871287128714,0.13457556935817805,0.18115942028985507,51.26051123843103,3.5966416261599647,2050.792314580446,0.1316171617161716
2013-12-09,8722,30127,42829,2806,2456,0.0931390447107246,0.06631021037147727,0.28158679202017883,3261,0.37388213712451274,1.1621525302922309,0.10731237760148704,0.08018531717747683,0.16215253029223092,47.999534806446256,3.428095317447092,2001.6473487563146,0.11916221329704252
2013-12-12,7269,25320,36544,2442,2121,0.09644549763033175,0.06813704028021016,0.29178704085843993,2881,0.39634062457009217,1.1797706797706797,0.10939968404423381,0.07985257985257985,0.17977067977067976,49.06774703557312,3.5049167327517843,2024.8474483764705,0.124565560821485
2013-12-17,8177,28739,41242,2585,2272,0.08994745815790389,0.06367295475486155,0.2778525131466308,3027,0.37018466430231134,1.1709864603481626,0.12039388983611121,0.09555125725338491,0.17098646034816248,47.871082323443375,3.5133435797121697,1971.9795480172693,0.11896725703747521
2013-12-18,8044,28019,40772,2622,2280,0.09357935686498448,0.06617286373001079,0.2834410740924913,3036,0.3774241670810542,1.1578947368421053,0.1089260858703023,0.07932875667429443,0.15789473684210525,46.98249937497768,3.43252446324241,1983.3462160388508,0.11920482529711982
2013-12-21,5662,21346,31438,1821,1556,0.08530872294575097,0.058623322094280804,0.27481455316142706,2143,0.3784881667255387,1.1768259198242723,0.16073268996533308,0.1241076331685887,0.17682591982427237,45.9048669451354,3.373987949538693,1994.4688009119152,0.13248383772135294
2014-09-24,28470,105669,150130,7513,6376,0.07109937635446537,0.050775994138413376,0.22395504039339656,8454,0.2969441517386723,1.1252495674164782,0.12859968391865165,0.08971116730999601,0.1252495674164781,56.17557996401856,3.3567506874863215,1988.0875305080672,0.13294343658026478
2014-09-27,15633,63718,92301,4338,3681,0.06808123293260931,0.047930141601932805,0.23546344271732872,4870,0.31152050150323035,1.1226371599815583,0.18203647321008193,0.14730290456431536,0.12263715998155832,62.70552185800936,3.4864062179112496,2221.8905783014043,0.12971216924573903
2014-08-01,21603,84535,120897,6259,5345,0.07404033832140533,0.052590221428157856,0.24741933990649448,6923,0.3204647502661667,1.1060872343824892,0.13653516295025728,0.10001597699312989,0.10608723438248921,46.69958686979888,3.2254620171979664,1823.7946142521303,0.12846749866919027
2014-08-02,16812,71573,103116,4733,3996,0.06612828860044989,0.046501027968501495,0.23768736616702354,5278,0.31394242207946704,1.1151489541517008,0.1855588001061853,0.14409465455313755,0.11514895415170083,48.75511031570706,3.3143970726372904,1903.3627986114261,0.13280147541670742
2013-07-16,10657,38929,65856,3438,2991,0.08831462405918467,0.05303996598639456,0.28066059866754245,3969,0.3724312658346627,1.1544502617801047,0.11482442395129595,0.089586969168121,0.1544502617801047,44.15264203006937,3.2956591473509933,1908.771950583611,0.12350689717177425
2013-07-17,10453,37127,62883,3325,2875,0.08955746491771487,0.05387783661720974,0.27504065818425333,3880,0.37118530565387925,1.1669172932330827,0.12179815228809222,0.09233082706766917,0.16691729323308271,44.33327024981075,3.311822419774501,1898.2725615360148,0.12489562851832899
2013-07-19,8950,33108,56129,3160,2694,0.095445209617011,0.05713623973347111,0.3010055865921788,3617,0.4041340782122905,1.144620253164557,0.12259876766944545,0.09113924050632911,0.14462025316455696,42.77792940320233,3.255129023433938,1867.1161665056727,0.12105835447625951
2013-07-20,7051,28003,48247,2298,1922,0.0820626361461272,0.048189524737289366,0.27258544887250036,2627,0.3725712664870231,1.1431679721496955,0.17305288719065814,0.13272410791993036,0.1431679721496954,46.41580891582685,3.358936537631314,1947.1101023155422,0.12377245295146949
2013-07-22,11101,41523,70719,3523,2988,0.08484454398766948,0.05045320210975834,0.2691649400954869,3984,0.3588865867939825,1.1308543854669315,0.12465380632420586,0.09736020437127448,0.1308543854669316,45.77952870090635,3.357087435138936,1939.3115151680495,0.13060231678828602
2013-07-24,10352,37256,63063,3481,2981,0.0934346145587288,0.056039198896341756,0.2879636785162287,3990,0.3854327666151468,1.1462223498994542,0.11979278505475628,0.09537489227233553,0.14622234989945418,44.22422659594518,3.2495005129866623,1928.5931856628126,0.13176401116598668
2013-07-26,8309,29757,50814,2731,2356,0.09177672480424774,0.05441413783602944,0.2835479600433265,3093,0.37224696112648936,1.1325521786891248,0.12266021440333368,0.08861222995239838,0.13255217868912486,44.47666452940978,3.2111708785818194,1969.0810489681026,0.1265584568336862
2013-07-27,7344,28812,49877,2347,2003,0.08145911425794808,0.04789782865849991,0.272739651416122,2691,0.36642156862745096,1.1465700894759268,0.1679855615715674,0.12867490413293567,0.1465700894759267,46.59863376550955,3.3831586303284418,1960.7696896039884,0.135256143273636
2013-09-30,10446,36541,52756,3706,3139,0.10142032237760323,0.07165061793919175,0.30049779820026806,4241,0.40599272448784224,1.1443604964921748,0.11015024219370023,0.07501349163518618,0.14436049649217486,49.870007680491554,3.3369726637698696,2051.694566359918,0.13267288798883445
2013-10-04,8582,30098,42927,3062,2638,0.10173433450727623,0.07268152910755468,0.3073875553484036,3530,0.4113260312281519,1.1528412802090138,0.10824639510930958,0.08948399738732854,0.15284128020901372,47.092343541944075,3.3788162201883893,2097.6309635201637,0.13163665359824572
2013-10-05,7051,26154,38087,2296,1937,0.08778771889577121,0.06154330874051513,0.27471280669408593,2698,0.38264076017586157,1.1750871080139373,0.16620784583620096,0.1210801393728223,0.1750871080139373,57.269354591445655,3.4682417328297235,2132.274535182425,0.136040376233081
2013-10-10,9249,32093,45453,3010,2561,0.09378992303617611,0.06697027698941764,0.27689479943777706,3455,0.3735538977186723,1.1478405315614617,0.10120587043903655,0.073421926910299,0.1478405315614618,47.98168658159923,3.311023498857912,2023.1324537732191,0.12847038294955287
2013-10-12,6471,24188,34873,1981,1762,0.08190011575988093,0.057580363031571706,0.27229176325142945,2297,0.3549683201978056,1.1595153962645128,0.16698362824541094,0.14336193841494194,0.15951539626451286,55.520732364028,3.5302916978309646,2196.144014543754,0.13907722837770795
2013-12-27,8123,29693,43389,2545,2219,0.08571043680328697,0.05983083269953214,0.27317493536870613,3011,0.3706758586729041,1.1831041257367387,0.1648536692149665,0.12180746561886051,0.1831041257367387,53.220633850303436,3.563041418516513,1913.606897272115,0.1372377327989762
2013-12-29,7302,29602,44847,2172,1878,0.07337342071481656,0.049033380159207975,0.257189811010682,2603,0.3564776773486716,1.1984346224677715,0.20640497263698399,0.16988950276243095,0.19843462246777163,65.23438399295799,3.816775465796274,2093.493060381274,0.14826700898587933
2013-12-31,6472,23186,34147,2113,1839,0.09113258000517553,0.06281664567897619,0.28414709517923364,2565,0.39632262051915945,1.2139138665404638,0.1527645993271802,0.11168954093705631,0.2139138665404638,61.87508099002203,3.6011958923696867,2065.156752049327,0.14129215906150264
2014-01-02,9615,35363,52502,3115,2702,0.08808641800752198,0.059997714372785796,0.2810192407696308,3768,0.3918876755070203,1.2096308186195828,0.14000509006588807,0.10048154093097914,0.20963081861958266,62.01336731804022,3.645857077729656,2053.86279050403,0.1519101886152193
2014-01-03,9421,34590,50650,3060,2654,0.08846487424111014,0.061145113524185585,0.2817110710115699,3670,0.3895552489120051,1.1993464052287581,0.14972535414859786,0.1022875816993464,0.19934640522875818,65.67245521113716,3.7462418016135586,2084.736479946251,0.14703671581381902
2014-01-04,7796,30325,45067,2349,2030,0.07746084089035449,0.053009962944061066,0.2603899435608004,2865,0.36749615187275525,1.2196679438058748,0.18572135201978565,0.15155385270327798,0.21966794380587484,71.15605484883528,3.90920245398773,2207.976677784142,0.1348062654575433
2014-01-06,11090,39871,58736,3631,3135,0.09106869654636202,0.062431898665213835,0.28268710550045084,4410,0.3976555455365194,1.2145414486367392,0.12405006144817035,0.09143486642798128,0.21454144863673918,64.81022007838408,3.7334611697027804,2142.0160407719954,0.13975069599458254
2014-01-07,11703,42297,63798,3610,3184,0.08534884270752063,0.057525314273174706,0.2720669913697343,4458,0.38092796718790056,1.2349030470914129,0.12662836607797243,0.0778393351800554,0.23490304709141274,64.75348727057431,3.791739936314814,2187.7395167193963,0.1394425136534506
2014-01-08,11758,42348,62032,3772,3221,0.08907150278643619,0.06177456796492133,0.2739411464534785,4628,0.3936043544820548,1.2269353128313891,0.12071408330971947,0.07502651113467657,0.22693531283138918,66.41460012765656,3.7868794158091896,2208.3097106546757,0.13733824501747427
2014-11-19,26659,98147,135644,6924,6027,0.07054724036394389,0.05213647489015364,0.22607749728046814,7698,0.28875801793015493,1.1117850953206239,0.13592875992134248,0.11351819757365685,0.11178509532062392,54.51519970640406,3.3035803667194443,2020.4991820866887,0.127156204468807
2014-11-22,17497,72307,102180,5039,4245,0.06968896510711273,0.05013701311411235,0.24261301937474997,5550,0.31719723381151055,1.1014090097241516,0.17450592612056923,0.16392141297876564,0.10140900972415162,58.135771536150834,3.5617829446610156,2210.37262883814,0.1281756952992103
2014-11-24,25619,101728,142628,7520,6322,0.07392261717521233,0.05386740331491713,0.2467699754088762,8218,0.3207775479136578,1.0928191489361703,0.11572035231204782,0.10332446808510638,0.09281914893617021,54.32964449428476,3.3315267198139518,2004.9893836479982,0.1224933155080214
2013-05-02,8731,31040,52980,3046,2576,0.09813144329896907,0.05813514533786335,0.29504065971824533,3487,0.39938151414500056,1.144780039395929,0.11085695876288659,0.07452396585686145,0.1447800393959291,51.954419085795564,3.3030852994555353,2085.0129205062663,0.12796391752577319
2013-05-03,6476,21374,35635,2305,1963,0.10784130251707683,0.06546934193910481,0.30311920938851145,2611,0.4031809759110562,1.1327548806941432,0.1084027322915692,0.08676789587852494,0.13275488069414318,50.928668765565526,3.1421233683615286,2142.8480066954467,0.12529241134088145
2013-05-04,6212,23901,42564,2150,1808,0.08995439521358939,0.05121699088431538,0.2910495814552479,2477,0.39874436574372185,1.152093023255814,0.15551650558554037,0.12465116279069767,0.15209302325581395,57.15960529078312,3.477008590197069,2289.625328710719,0.14359231831304128
2013-05-08,9357,34075,57938,3379,2808,0.09916360968451944,0.05918395526252201,0.30009618467457516,3845,0.4109223041573154,1.137910624445102,0.10353631694790902,0.06806747558449246,0.1379106244451021,49.39595435378763,3.301082263883139,2115.9068705551995,0.13549523110785033
2013-05-10,7881,28256,48289,2919,2433,0.1033054926387316,0.06123547805918532,0.30871716787209746,3293,0.41784037558685444,1.1281260705721137,0.10645526613816535,0.07845152449468996,0.12812607057211373,50.479173336178995,3.3514168597397966,2088.385225031519,0.13441392978482447
2013-05-12,7407,30745,54020,2568,2126,0.08352577654903236,0.04794520547945205,0.287025786418253,2937,0.39651680842446335,1.1436915887850467,0.15787932997235324,0.10981308411214953,0.14369158878504673,58.29125706260818,3.509251678401834,2345.7399061955894,0.13328996584810537
2013-05-14,9415,34257,58560,3337,2850,0.09741074816825758,0.057684426229508194,0.3027084439723845,3809,0.40456718003186404,1.1414444111477375,0.10324897101322357,0.07761462391369493,0.14144441114773748,49.68752928772258,3.261400052920942,2109.511977165796,0.13448346323379162
2014-08-05,27574,107125,154244,7490,6385,0.06991831971995333,0.04925313140219393,0.2315587147312686,8390,0.3042721404221368,1.1201602136181577,0.13196732788798132,0.0945260347129506,0.12016021361815754,49.92015912147019,3.3141161469369385,1887.752423876588,0.1280933488914819
2014-08-06,27088,104812,150394,7622,6518,0.07272068083807198,0.051544609492399966,0.24062315416420554,8542,0.3153425871234495,1.120703227499344,0.13113956417204137,0.09525059039622147,0.120703227499344,49.603805105294306,3.3257158748729356,1840.9347130735696,0.12683662176086707
2014-08-07,24373,93823,134410,7085,6019,0.07551453268388349,0.05360464251171788,0.2469535961925081,7885,0.32351372420301155,1.1129146083274524,0.13082080086972278,0.09541284403669725,0.11291460832745237,47.883244995680876,3.2637273262346835,1925.986582185324,0.13003208168572739
2014-08-08,22530,86588,123939,6635,5672,0.07662724626969095,0.05435738548802233,0.2517532179316467,7320,0.3249001331557923,1.1032403918613414,0.13381761906961703,0.09434815373021854,0.10324039186134137,47.50002888737391,3.200192492781521,1863.181523200809,0.13053771885249688
2014-12-23,23626,94748,130613,6333,5339,0.06684046101236965,0.04938252700726574,0.22597985270464743,6961,0.29463303140607805,1.0991631138480973,0.14966015113775488,0.1258487288804674,0.09916311384809727,49.573732743231965,3.317783393425463,1946.7418228548747,0.12627179465529614
2014-12-24,18356,73646,101716,4867,4096,0.06608641338294001,0.0486255849620512,0.22314229679668773,5311,0.2893331880584005,1.0912266283131293,0.17575971539526927,0.14279843846311896,0.09122662831312923,48.28163193169922,3.2856190838864108,1907.9662384621124,0.12015588083534748
2014-12-25,17036,72308,100292,4346,3729,0.06010399955744869,0.0441311370797272,0.2188894106597793,4730,0.27764733505517725,1.0883571099861942,0.22435968357581457,0.20133456051541648,0.0883571099861942,48.15457867345809,3.3279998891751865,1864.6126360361015,0.12226862864413343
2014-12-26,24146,99163,137046,5833,4991,0.05882234301100209,0.04316069057104914,0.20670090284105028,6341,0.26261078439493085,1.0870906908966227,0.22437804423020682,0.2005828904508829,0.08709069089662266,52.64656190389681,3.3794845371240365,1875.6445832204754,0.13333602250839527
2014-12-27,21507,90857,126804,5237,4525,0.05764002773589267,0.041946626289391505,0.2103966150555633,5716,0.2657739340679779,1.0914645789574184,0.24623309156146472,0.23123925911781554,0.09146457895741837,57.31170919182019,3.5072001940634236,1956.0316036123338,0.13888858315814961
2013-03-01,8140,28807,50594,2771,2400,0.09619189780261742,0.055480887061706924,0.29484029484029484,3214,0.3948402948402948,1.1598700830025261,0.11396535564272572,0.07542403464453266,0.15987008300252617,54.58729439643156,3.314974182444062,2113.1455514909667,0.12118582289026973
2013-03-02,7120,27443,48618,2381,2004,0.08676165142294939,0.04954954954954955,0.28146067415730336,2832,0.39775280898876403,1.1894162116757665,0.1506395073424917,0.11885762284754305,0.18941621167576647,61.89197994070061,3.434161467754439,2248.7061025875446,0.13770360383340013
2013-03-05,10088,36750,63471,3362,2915,0.09148299319727891,0.053520505427675634,0.28895717684377475,3923,0.388877874702617,1.1668649613325401,0.1059047619047619,0.07465794170136823,0.16686496133254017,55.002403911820146,3.291886833993835,2021.466891057485,0.12340136054421769
2013-03-06,10500,37814,66611,3491,2969,0.09232030464907177,0.05320442569545571,0.28276190476190477,4091,0.38961904761904764,1.1718705242050989,0.10194636906965675,0.07189916929246634,0.17187052420509882,53.741199287972584,3.270886752136752,2050.726335825947,0.134394668641244
2013-03-07,9462,33877,59392,3038,2625,0.08967736222215662,0.05167362607758621,0.27742549143944195,3578,0.37814415556964703,1.1777485187623435,0.10183900581515483,0.08558262014483213,0.17774851876234365,53.367265291607396,3.3283965362794863,2074.1522501630247,0.129704519290374
2013-03-11,10299,37246,65397,3261,2796,0.08755302582827686,0.050384574215942626,0.27148266822021555,3738,0.3629478590154384,1.1462741490340387,0.10666917252859368,0.07850352652560565,0.14627414903403863,53.75315927033654,3.2665705659966817,2017.1444729069485,0.13507490737260378
2013-03-12,9880,35473,61911,3327,2875,0.0937896428269388,0.0544006719322899,0.2909919028340081,3908,0.39554655870445343,1.1746318004207996,0.10602430017196178,0.08235647730688307,0.1746318004207995,54.75367074999293,3.285983013167645,2037.5717816468757,0.1251656189214332
2014-06-04,21538,81940,115805,6216,5314,0.07586038564803514,0.05475583955787747,0.24672671557247655,6943,0.3223604791531247,1.116956241956242,0.11206980717598243,0.08156370656370657,0.11695624195624196,51.125735707133614,3.2405597485046056,1924.1047132737544,0.12900903099829145
2014-06-06,16801,64328,91638,5255,4415,0.08169071011068275,0.058447368995394926,0.26278197726325814,5798,0.34509850604130704,1.1033301617507136,0.11229946524064172,0.08011417697431018,0.1033301617507136,48.79227060653188,3.1748250658438137,1989.7664411595274,0.1279536127347345
2014-06-07,13344,55506,80241,3932,3276,0.07083918855619212,0.04970027791278773,0.24550359712230216,4333,0.3247152278177458,1.1019837232960326,0.17163910207905453,0.13504577822990843,0.10198372329603256,52.897547782185356,3.297551721022676,2132.0159567340324,0.12191474795517601
2014-06-09,20896,81506,116949,6394,5406,0.07844821240154098,0.0556396377908319,0.25870980091883616,7082,0.338916539050536,1.1076008758210822,0.11283831865138763,0.07882389740381608,0.10760087582108227,49.64810222920554,3.233419434194342,1910.9482804694067,0.1276470443893701
2014-01-11,8784,34611,51902,2583,2225,0.07462945306405477,0.0504990173789064,0.2533014571948998,3223,0.3669171220400729,1.2477739063104918,0.18089624685793534,0.12853271389856755,0.24777390631049168,73.19130032124562,3.866316217472119,2175.2314028007645,0.13510155730837017
2014-01-13,12260,44157,64866,3824,3312,0.08660008605657087,0.059969783862115746,0.27014681892332787,4623,0.3770799347471452,1.2089435146443515,0.11468170392010327,0.0776673640167364,0.20894351464435146,68.66797530976262,3.7602451080890225,2080.1137467186495,0.14654528160880495
2014-01-14,12224,44189,65088,3977,3413,0.08999977369933694,0.06237708947885939,0.27920484293193715,4878,0.39905104712041883,1.226552677897913,0.11260720993912512,0.0704048277596178,0.226552677897913,67.11392835293319,3.748619851421042,2115.115381460945,0.13277059901785512
2014-01-16,11162,39962,58876,3647,3140,0.091261698613683,0.06311570079489096,0.2813115929044974,4449,0.3985844830675506,1.219906772689882,0.12281667584204994,0.08472717301891966,0.2199067726898821,67.40425318738572,3.6652938221998994,2189.214442719024,0.13400230218707773
2014-01-17,9866,35199,51809,3255,2824,0.09247421801755731,0.06396572024165685,0.2862355564565173,3912,0.39651327792418406,1.2018433179723502,0.11676468081479588,0.0847926267281106,0.20184331797235022,67.85272111746465,3.679416966170346,2252.4006477550465,0.14077104463194978
2014-01-19,9171,37119,55145,2742,2337,0.07387052452921684,0.050267476652461694,0.25482499182204776,3396,0.3702976774615636,1.2385120350109409,0.19248902179476818,0.14040846097738877,0.23851203501094093,77.76558959974108,3.9400113645588117,2352.608092268578,0.1486570220102912
2014-01-21,12050,42656,63251,3724,3229,0.08730307576894224,0.05995162131824003,0.2679668049792531,4533,0.37618257261410787,1.2172395273899033,0.13365060015003752,0.08378088077336197,0.21723952738990332,66.61201775189612,3.6829331450094163,2201.410688544988,0.14173855963990997
2014-01-22,11407,41045,59556,3579,3060,0.08719697892556949,0.06106857411511855,0.26825633383010433,4330,0.3795914789164548,1.209835149483096,0.11801681081739554,0.08130762782900251,0.20983514948309584,66.32124124807885,3.619063929733565,2155.9745927801982,0.13645998294554756
2014-11-28,24354,90134,125422,6303,5331,0.06992921649987796,0.051123407376696274,0.21889627987188962,6970,0.28619528619528617,1.1058226241472315,0.19463243615062017,0.1543709344756465,0.10582262414723148,57.89962920200719,3.4626766047391255,2032.27701880879,0.13205893447533673
2014-11-29,17804,71941,101373,4788,4059,0.0665545377462087,0.047941759640140864,0.227982475848124,5302,0.2977982475848124,1.1073517126148704,0.20110924229577015,0.18128654970760233,0.1073517126148705,58.36412196750501,3.4870693861618034,2160.5908488084297,0.13085723023032764
2014-08-10,19224,82817,120197,5487,4594,0.06625451296231451,0.04624907443613401,0.23897211818560132,6121,0.3184040782355389,1.1155458356114452,0.18486542618061508,0.13850920357207946,0.11554583561144523,54.978654264315054,3.364407396622015,2051.1513163426885,0.13441684678266538
2014-08-11,25389,96885,138644,7144,6153,0.073736904577592,0.05220564900031736,0.24234904880066171,8025,0.31608176769467095,1.123320268756999,0.12618052330082055,0.0893057110862262,0.12332026875699888,50.00954121619529,3.267883817427386,1879.075931575473,0.12789389482376012
2014-08-12,26204,101434,146499,7088,6014,0.06987795019421496,0.04913344118389887,0.22950694550450312,7906,0.3017096626469241,1.1154063205417608,0.12347930674132934,0.09325620767494357,0.11540632054176073,50.34169436690569,3.2265794556278995,1886.4311101307935,0.1285466411656841
2014-10-04,16545,67487,95554,4650,3921,0.06890215893431327,0.04937522238734119,0.23699002719854942,5169,0.31242067089755216,1.1116129032258064,0.1773230399928875,0.1324731182795699,0.11161290322580646,61.6073668757507,3.487566409214697,2161.1685961677786,0.12842473365240714
2014-10-05,19560,81745,115430,5415,4518,0.06624258364425958,0.04743134367148921,0.23098159509202454,6081,0.3108895705521472,1.1229916897506924,0.1779436051134626,0.14533702677746999,0.12299168975069252,63.47797772065124,3.4832653462426895,2175.4183368661384,0.12931677778457398
2014-10-06,27068,101156,140877,7515,6500,0.07429119379967575,0.05422460728152928,0.24013595389389686,8288,0.30619181321117184,1.1028609447771125,0.11757088062003243,0.08529607451763141,0.10286094477711244,55.66521562768978,3.3206431710196105,2007.3700067077377,0.12359128474830954
2014-10-07,27723,103225,143198,7607,6543,0.07369338822959555,0.05406500090783391,0.2360134184612055,8466,0.30537820582188074,1.1129223084001578,0.12393315572777912,0.08413303536216643,0.11292230840015775,55.52156630827847,3.355574562383975,2041.487862311238,0.12644223782998304
2014-10-08,30983,113167,157387,7862,6774,0.06947254941811659,0.05072845914846842,0.21863602620792047,8711,0.2811541813252429,1.1079877893665735,0.12170509070665476,0.08242177562961078,0.1079877893665734,56.182023167388806,3.2780614959038195,1934.1858282859816,0.12979048662595988
2014-12-30,30216,122809,167669,7273,6196,0.05922204398700421,0.044122646404523194,0.20505692348424676,8025,0.26558776806989676,1.1033961226454008,0.18966850963691587,0.1622439158531555,0.1033961226454008,60.54005100585834,3.438752456997447,2005.5918556336007,0.13056860653535166
2013-10-31,7591,25840,36814,2715,2348,0.10506965944272446,0.07483566034660727,0.30931366091424056,3188,0.41997101831115796,1.1742173112338858,0.11029411764705882,0.07403314917127071,0.1742173112338858,52.5725350476338,3.429437599595787,2179.544144825142,0.1336687306501548
2013-11-02,5921,21848,32029,1885,1653,0.08627792017575979,0.0595397920634425,0.2791758148961324,2274,0.38405674717108595,1.2063660477453582,0.16477480776272427,0.13740053050397877,0.20636604774535808,60.15075146627566,3.741439617083947,2202.2845122309895,0.12939399487367265
2013-11-03,7065,27195,39908,2137,1860,0.0785806214377643,0.05424977448130701,0.2632696390658174,2563,0.36277423920736024,1.1993448759943846,0.17179628608200037,0.1338324754328498,0.19934487599438466,58.69538812617321,3.747560615020698,2270.9411069626963,0.14679168964883252
2013-11-04,9130,32246,46456,3084,2683,0.09563976927370836,0.06744015842948166,0.2938663745892662,3604,0.3947426067907996,1.1686121919584955,0.1100291509024375,0.07328145265888457,0.16861219195849547,49.708721580320535,3.4591477290439228,1994.65793998109,0.12562798486634
2013-11-07,8275,28235,41598,2791,2406,0.09884894634319108,0.0680080773114092,0.29075528700906345,3265,0.3945619335347432,1.1698316015764958,0.10749070302815654,0.07273378717305626,0.16983160157649588,51.44136415201361,3.4217754847891833,1996.682637471191,0.13355764122542943
2013-11-08,7585,25745,37558,2703,2375,0.10499126043892018,0.07295383140742319,0.3131179960448253,3179,0.419116677653263,1.1761006289308176,0.11936298310351524,0.09433962264150944,0.1761006289308176,52.14374586881294,3.502553108555837,2074.7033750089463,0.1301223538551175
2013-11-11,9054,31087,44715,3012,2609,0.09688937497989514,0.06820977300682098,0.2881599293130108,3502,0.3867903688977248,1.1626826029216468,0.11471032907646284,0.08167330677290836,0.16268260292164674,52.566967450854015,3.559944403141869,2105.8223516473126,0.13549071959339917
2013-11-14,8165,27896,40435,2806,2423,0.10058789790650989,0.0704340299245703,0.29675443968156767,3273,0.40085731781996325,1.1664290805416964,0.10764984227129337,0.07911617961511047,0.16642908054169636,52.45160248358037,3.5798840015850715,2128.8790341538297,0.11994551190134786
2013-11-16,5832,21972,31901,1899,1650,0.08642818132168215,0.06015485407980941,0.2829218106995885,2253,0.3863168724279835,1.1864139020537126,0.1584289095212088,0.13059505002632965,0.18641390205371247,58.69521985039226,3.723546365341507,2230.455844817325,0.1355816493719279
2013-03-14,9099,33080,58233,3116,2709,0.09419588875453447,0.054264763965449145,0.29772502472799206,3646,0.40070337399714256,1.1700898587933248,0.1101571946795647,0.0834403080872914,0.17008985879332478,52.8264977518532,3.2627918377351555,1963.6759479892391,0.1256348246674728
2013-03-15,8052,29678,51303,2810,2382,0.09468293011658467,0.0556887511451572,0.29582712369597614,3247,0.40325384997516145,1.1555160142348755,0.10526315789473684,0.0804270462633452,0.15551601423487543,52.1244926948052,3.265636723279449,2111.3565370402216,0.13498214165375025
2013-03-19,9867,35652,62701,3198,2738,0.08970043756311007,0.051562176041849414,0.27749062531671226,3745,0.37954798824364044,1.1710444027517197,0.09727364523729384,0.06879299562226392,0.17104440275171984,55.048355735903286,3.305885360449923,2016.6905215252675,0.13558846628520138
2013-03-20,9774,35898,62809,3292,2865,0.09170427321856371,0.053097486029072265,0.2931246163290362,3872,0.3961530591364846,1.1761846901579587,0.10696974761825172,0.07806804374240583,0.17618469015795868,54.20098998825438,3.275841667840541,1997.651225704551,0.12836369714190204
2013-03-24,8315,33757,59877,2643,2222,0.07829487217466007,0.044658216009486114,0.2672279013830427,3087,0.371256764882742,1.1679909194097617,0.1569748496608111,0.12561483163072265,0.16799091940976163,60.620321332936626,3.513933563805802,2202.2157763240148,0.13994134549871137
2013-03-27,9432,33768,58560,3090,2703,0.09150675195451315,0.053346994535519124,0.2865776081424936,3642,0.3861323155216285,1.1786407766990292,0.11383558398483772,0.09029126213592233,0.1786407766990291,52.04421910312835,3.2177876398092895,2002.6438825511627,0.12197938877043354
2014-12-02,28810,108676,152022,7737,6500,0.07119327174353123,0.05200563076396837,0.22561610551891703,8537,0.29632072197153764,1.1033992503554348,0.1377028966837204,0.1079229675584852,0.10339925035543493,54.283479573892144,3.420767194547182,2098.092794117813,0.12642165703559202
2014-11-03,27051,103128,142885,7904,6764,0.07664261888139012,0.05619204255170242,0.2500462090126058,8776,0.3244242357029315,1.110323886639676,0.10505391358312001,0.09387651821862349,0.11032388663967611,55.71310727664447,3.3712239177826224,2046.1760022310557,0.12104375145450315
2014-11-04,26638,101331,140392,7630,6465,0.07529778646218828,0.05540914012194427,0.2426984007808394,8460,0.31759141076657404,1.108781127129751,0.10954199603280339,0.0964613368283093,0.10878112712975098,56.23762640227524,3.424103299856528,2079.423058857133,0.12321007391617571
2014-07-13,18867,81751,118619,5262,4375,0.06436618512311776,0.04486633675886662,0.23188636243175917,5903,0.3128743308422113,1.1218167996959332,0.18758180328069382,0.12732801216267578,0.1218167996959331,53.62129909550445,3.3922945646969267,2041.6578310479586,0.13845702193245343
2014-07-14,26274,101549,146334,7271,6130,0.07160090202759259,0.05045990678857955,0.23331049706934612,8076,0.3073761132678694,1.1107137945262,0.12671715132596087,0.0903589602530601,0.11071379452619998,49.3232541183889,3.3064222723138372,1862.5789949778878,0.12894267791903416
2014-07-16,28273,110576,156243,7577,6448,0.06852300680075242,0.04932700985004128,0.2280621087256393,8430,0.29816432638913454,1.1125775372838855,0.12831898422804225,0.09542035106242576,0.11257753728388545,48.91922171945701,3.261934627690518,1811.82778568895,0.12375198958182608
2013-06-03,10012,36216,62274,3527,3030,0.0973878948531036,0.05729517936859685,0.30263683579704354,3983,0.39782261286456255,1.129288347037142,0.10699690744422355,0.07768641905301957,0.12928834703714204,47.46630085356391,3.297545927017037,2030.5135522290657,0.12058206317649657
2013-06-04,10416,37902,66254,3619,3084,0.09548308796369585,0.05549853593745283,0.2960829493087558,4156,0.3990015360983103,1.1483835313622548,0.11508627513059996,0.07543520309477757,0.14838353136225477,47.13482015150713,3.3106122991101077,1968.9358770671472,0.1275922114927972
2013-06-05,10152,37536,64525,3650,3090,0.09723998294970163,0.057450600542425415,0.30437352245862886,4199,0.41361308116627266,1.1504109589041096,0.1097612958226769,0.08383561643835616,0.15041095890410958,47.43508734383778,3.3336551613162766,1982.0491991624801,0.13211317135549872
2013-06-07,8488,30809,53197,3047,2609,0.09889967217371547,0.05799199202962573,0.3073751178133836,3463,0.40798774740810556,1.1365277321956022,0.11490148982440196,0.08697079094191007,0.13652773219560224,46.65442976015663,3.2414142735657747,2018.7083247363196,0.12853386997305982
2013-06-11,10164,36625,63702,3391,2922,0.09258703071672356,0.053907255659162975,0.2874852420306966,3949,0.38852813852813856,1.1645532291359482,0.11391126279863481,0.08198171630787378,0.1645532291359481,46.95626198958619,3.3435162780466343,2026.8990943488518,0.1320409556313993
2013-06-13,9333,34119,58464,3302,2773,0.09677892083589788,0.057539682539682536,0.29711775420550735,3786,0.4056573449051752,1.1465778316172017,0.10847328468009028,0.08207147183525136,0.1465778316172017,45.10576668334756,3.315197496605066,1896.470614686855,0.1245054075441836
2013-06-15,6424,26302,44867,2183,1854,0.082997490685119,0.049368132480442195,0.2886052303860523,2506,0.39009962640099627,1.1479615208428768,0.14375332674321345,0.12001832340815392,0.14796152084287678,49.00465506715507,3.538446817468519,2091.757934657771,0.1276708995513649
2014-08-15,21359,82311,118258,6320,5397,0.07678196109875958,0.054211977202388,0.2526803689311297,7030,0.32913525914134556,1.1123417721518987,0.14355310954793404,0.10316455696202531,0.11234177215189874,51.59158797866006,3.201159172716735,1941.5468392288644,0.1296424536210227
2014-08-17,19793,83839,121982,5545,4740,0.06613867054712008,0.045973996163368364,0.23947860354670844,6235,0.31501035719698883,1.1244364292155096,0.1908896814131848,0.1527502254283138,0.12443642921550947,58.72287790732365,3.440487033219884,2129.372057633669,0.13246818306516062
2014-08-19,27507,103683,149216,7611,6527,0.0734064407858569,0.05170357066266352,0.23728505471334568,8584,0.3120660195586578,1.127841282354487,0.1321913910670023,0.09499408750492708,0.12784128235448694,53.69388523229555,3.3189061425347037,1961.0618494463708,0.13498837803690095
2014-03-28,14080,51440,73132,4505,3835,0.08757776049766719,0.06259913580922168,0.2723721590909091,5076,0.36051136363636366,1.1267480577136515,0.12568040435458788,0.09056603773584905,0.1267480577136515,56.51987315421879,3.2923596470680097,2083.284692287337,0.12468895800933126
2014-03-29,11251,44574,64722,3268,2769,0.0733162830349531,0.05111090510182009,0.24611145675939916,3686,0.32761532308239266,1.127906976744186,0.16949342666128236,0.13372093023255813,0.12790697674418605,61.844068634056505,3.4481212831140744,2185.436278884977,0.13261093911248711
2014-03-30,13319,54859,79362,3988,3339,0.0726954556225961,0.050830372218442076,0.25069449658382764,4593,0.3448457091373226,1.151705115346038,0.1732441349641809,0.1213640922768305,0.15170511534603812,64.56142367192061,3.4562906029828895,2117.0275168463204,0.13689640715288284
2014-04-02,17814,66188,95112,5392,4597,0.08146491811204448,0.05763731180082429,0.2580554619961828,6144,0.3448972718086898,1.13946587537092,0.12216716021031003,0.08605341246290801,0.1394658753709199,55.55852342297401,3.319916955856279,2040.9617393029548,0.12626155798634192
2013-08-28,10262,35903,51030,3459,2960,0.09634292398963874,0.06903782088967274,0.2884427986747223,3988,0.38861820307932177,1.1529343740965596,0.11196835919003983,0.08557386527898236,0.1529343740965597,48.251953561062734,3.26868053416949,2017.8725768977279,0.12166114252290895
2013-08-29,8699,29182,41510,2734,2384,0.09368788979507915,0.06723681040713081,0.27405448902172663,3128,0.3595815610989769,1.1441111923920995,0.11435131245288191,0.084491587417703,0.1441111923920995,47.4715380122986,3.2022351394367172,1992.5122146890178,0.13432938112535125
2013-08-31,6593,24140,34950,2048,1767,0.08483844241922121,0.05919885550786838,0.2680115273775216,2371,0.3596238434703473,1.15771484375,0.18106876553438278,0.1474609375,0.15771484375,55.14522769806613,3.327199732351957,2112.4006159324426,0.13057166528583264
2013-09-01,6880,26486,38284,2223,1899,0.08393113342898136,0.058666805976387,0.2760174418604651,2556,0.3715116279069767,1.1497975708502024,0.17699916937249868,0.13945119208277104,0.14979757085020243,58.948108925869896,3.5193244065733413,2318.0083739186034,0.12602884542777315
2013-09-02,9199,33910,49224,2886,2502,0.0851076378649366,0.05964570128392654,0.27198608544407,3392,0.3687357321447983,1.1753291753291752,0.15219699203774698,0.09875259875259876,0.17532917532917533,60.30035158211954,3.5607412695579748,2342.428807600573,0.1350044234739015
2013-09-03,10462,36683,52640,3556,3083,0.09693863642559224,0.0683320668693009,0.2946855285796215,4144,0.39610017205123305,1.1653543307086613,0.10105498459777008,0.06805399325084364,0.16535433070866143,52.82233696691528,3.348559342983492,2152.548884560041,0.12643458822887987
2013-09-04,10417,35917,51165,3564,3102,0.09922877745914191,0.07057558878139353,0.29778247096092925,4163,0.39963521167322646,1.1680695847362514,0.11042124899072862,0.07744107744107744,0.16806958473625142,50.243002402368845,3.3611126689473387,2040.1573141894457,0.12654174903249157
2013-09-08,8062,31088,45365,2614,2198,0.08408389089037571,0.05839303427752673,0.27263706276358224,3030,0.3758372612255024,1.159143075745983,0.16273160061760164,0.1331293037490436,0.15914307574598316,62.72847383346223,3.5529583400875344,2343.9562875767615,0.13355635615028308
2013-09-10,9977,33924,49361,3019,2586,0.08899304327319892,0.06231640363850003,0.25919615114763955,3134,0.3141224817079282,1.038092083471348,0.10001768659356208,0.06293474660483604,0.038092083471348126,51.70432983596867,3.3916763557225056,2159.904063683212,0.13615729277207878
2013-09-11,9918,33499,47910,3023,2566,0.09024149974626108,0.06405760801502818,0.2587215164347651,3217,0.3243597499495866,1.0641746609328482,0.11645123735036866,0.08005292755540853,0.06417466093284817,52.26377634923008,3.343410969196093,2083.412030272937,0.12749634317442313
2014-02-05,11386,41520,61109,3671,3172,0.08841522157996147,0.061202114254856076,0.27858773932900055,4446,0.3904795362726155,1.2111141378371015,0.12203757225433526,0.09071097793516752,0.21111413783710162,64.14863137585915,3.6265386568644047,2099.9183103914447,0.1432562620423892
2014-02-06,12283,45133,66231,3814,3293,0.08450579398666165,0.058597937521704335,0.268094113815843,4485,0.36513880973703494,1.175930781331935,0.12830966255289922,0.08940744625065548,0.175930781331935,61.82952630178302,3.5408644226066075,2080.3385496714072,0.13274100990406132
2014-02-08,8661,34831,51066,2703,2296,0.07760328443053602,0.053714800454314024,0.26509640919062466,3274,0.3780163953354116,1.211246762856086,0.16465217765783355,0.1365149833518313,0.21124676285608582,69.59370060637411,3.6526968560715316,2258.7821822538654,0.1469954925210301
2014-02-13,11039,40117,58293,3630,3119,0.09048533040855497,0.06330091091554732,0.28254370866926354,4261,0.3859951082525591,1.1738292011019285,0.11713238776578508,0.09201101928374655,0.17382920110192837,57.73209919664687,3.466498198558847,2086.1932316123825,0.13151531769573996
2014-02-14,9567,34433,49863,3384,2899,0.09827781488688177,0.06878848043639572,0.30302080066896625,3960,0.4139228598306679,1.1702127659574468,0.11791014433828013,0.0851063829787234,0.1702127659574468,60.3501192068384,3.4549877636639086,2151.746922233443,0.13995295210989459
2014-02-15,8376,33345,49649,2642,2238,0.07923226870595292,0.05375737678503092,0.2671919770773639,3147,0.3757163323782235,1.1911430734292203,0.17204978257609838,0.13133989401968205,0.1911430734292203,68.48790153107176,3.638283153367221,2295.851504217029,0.1414904783325836
2014-02-16,9126,37522,55879,2909,2473,0.07752785032780769,0.05279264124268509,0.2709840017532325,3518,0.3854920008766163,1.209350292196631,0.17171259527743724,0.13131660364386388,0.20935029219663115,71.12762377824066,3.76104939097845,2336.854278802016,0.13208251159319867
2014-02-18,11847,43398,64144,3809,3264,0.08776902161389925,0.06020828136692442,0.275512788047607,4477,0.3779015784586815,1.1753741139406668,0.11811604221392691,0.08427408768705696,0.17537411394066685,62.88080188243979,3.5580190969412526,2199.4685927929604,0.1338310521222176
2014-12-06,17582,71053,97725,4808,4048,0.0676677972780882,0.04997697620874904,0.2302354680923672,5228,0.2973495620520987,1.0873544093178036,0.18542496446314724,0.16306156405990016,0.08735440931780367,55.28513682905874,3.4562150276959507,2189.366398112957,0.12399194967137207
2014-12-08,26474,101601,140515,6904,5947,0.06795208708575703,0.05003736255915738,0.2246354914255496,7489,0.2828813175190753,1.0847334878331403,0.1310124900345469,0.09936268829663963,0.0847334878331402,51.565393820606516,3.3528280866418876,2041.29532404937,0.12366020019487997
2014-12-10,27067,102554,139545,7305,6272,0.0712307662304737,0.05325163925615393,0.23172128422063767,7963,0.29419588428713933,1.0900752908966462,0.14208124500263275,0.11279945242984257,0.09007529089664613,51.87256728677482,3.3369300926694465,2025.9042380018504,0.12240380677496733
2014-10-11,16407,67042,94001,4392,3746,0.06551117210107096,0.04772289656493016,0.22831718169074175,4870,0.2968245261169013,1.1088342440801457,0.17520360371110646,0.13683970856102004,0.10883424408014572,62.62055123632728,3.485642068738596,2167.1532584600563,0.13103726022493362
2014-10-13,26265,100638,140209,7362,6283,0.07315328206045431,0.05331326804983988,0.23921568627450981,8141,0.30995621549590713,1.1058136375984786,0.12648303821618076,0.08489540885628905,0.10581363759847867,58.807952748858995,3.3716814159292037,2067.30124747668,0.12780460660982929
2014-10-14,26620,99247,138043,7425,6345,0.07481334448396425,0.0545699528407815,0.23835462058602555,8276,0.3108940646130729,1.1146127946127946,0.10825516136507904,0.0795959595959596,0.11461279461279461,57.541898596321396,3.3216414442446407,2042.0554163597049,0.1265126401805596
2014-11-08,16523,67582,95707,4486,3853,0.06637862152644196,0.04750958655061803,0.23319009865036616,5009,0.30315318041517886,1.1165849308961213,0.1623361250036992,0.16339723584485064,0.11658493089612126,61.47818555968437,3.542671889373572,2123.1946821807906,0.12287295433695362
2014-11-11,25084,97299,137082,7109,6118,0.07306344361195902,0.05282239827256679,0.2439004943390209,7958,0.31725402647105727,1.1194260796173865,0.12918940585206426,0.1031087354058236,0.11942607961738641,58.75431163034647,3.457756725797963,2105.4218035304984,0.12374227895456275
2014-06-19,19562,78271,112611,5861,4982,0.0748808626438911,0.052845636749518254,0.25467743584500563,6494,0.33197014620181986,1.1080020474321788,0.11577723550229331,0.08530967411704488,0.10800204743217881,45.99451638055552,3.1692502981113204,1871.3897242823252,0.12497604476753843
2014-06-21,13453,57950,83786,4047,3346,0.06983606557377049,0.04875516196023202,0.24871775812086525,4517,0.33576154017691223,1.1161354089448974,0.1675927523727351,0.12700765999505806,0.11613540894489746,49.64153126241086,3.3247891373248586,2031.3312873943285,0.1201725625539258
2014-06-22,15756,69374,100686,4886,4040,0.07042984403378788,0.04909322050731978,0.2564102564102564,5408,0.3432343234323432,1.10683585755219,0.1777322916366362,0.12853049529267294,0.10683585755218993,51.28125766207543,3.2733322723918925,1961.482660688787,0.12774238187217113
2014-06-24,22066,86736,124704,6440,5500,0.07424829367275411,0.05221965614575314,0.24925224327018944,7174,0.325115562403698,1.1139751552795032,0.12118382217303081,0.08571428571428572,0.11397515527950311,47.858792584303366,3.2458168437131154,1894.8279680857395,0.133324109942815
2014-04-10,16424,60388,86426,4995,4297,0.08271510896204544,0.05877860828917224,0.26162932294203606,5648,0.34388699464198735,1.1307307307307308,0.11714247863814002,0.08188188188188188,0.13073073073073074,54.81833996023857,3.2784322195823017,1964.0908655202109,0.12057031198251308
2014-04-13,13069,53810,77146,3914,3305,0.0727374094034566,0.051357166930236176,0.25288851480602953,4424,0.33851098018211034,1.1303014818599897,0.16469057795948708,0.12646908533469597,0.13030148185998977,58.8183965334474,3.3267939728479785,2106.9684983060256,0.13454748188069132
2014-04-14,17676,66068,93984,5454,4607,0.08255131077072107,0.05874404153898536,0.2606358904729577,6117,0.34606245756958587,1.1215621562156215,0.10869104558939274,0.07462412907957462,0.12156215621562157,53.80328340577625,3.2631371239488782,1939.9274277115999,0.13018405279409093
2014-12-11,23763,91144,124462,6728,5729,0.07381725620995348,0.05503687872603686,0.2410890880781046,7361,0.3097672852754282,1.0940844233055886,0.13367857456332835,0.11444708680142687,0.09408442330558858,51.55990120746433,3.3591603472909113,2051.8532978932076,0.1191521109453173
2014-12-13,17067,70487,96982,4814,4037,0.06829628158383816,0.05064857396217855,0.2365383488603738,5259,0.30813851291966954,1.0924387203988368,0.18736788343949948,0.15600332363938513,0.09243872039883673,50.78597696906016,3.44332769429794,2061.528750073542,0.12697376821257822
2014-12-14,20017,84202,115975,5711,4721,0.0678249922804684,0.05003664582884242,0.2358495279012839,6267,0.31308387870310234,1.0973559796883208,0.1908030688107171,0.15654001050604097,0.09735597968832078,55.25516462617378,3.462635950403389,2142.9180340791486,0.1323840288829244
2014-08-22,21517,78939,113799,6074,5198,0.07694548955522619,0.05422719004560673,0.24157642794069806,6765,0.31440256541339406,1.1137635824827132,0.14259111465815377,0.10059269015475798,0.1137635824827132,54.129786667680726,3.3127545306454897,1995.8548756316302,0.1266294227188082
2014-08-23,16244,65507,95731,4450,3750,0.06793167142442792,0.04703805454868329,0.23085446934252646,5019,0.30897562176803745,1.127865168539326,0.20130673057841147,0.1541573033707865,0.12786516853932584,59.79282582458713,3.4491233995517208,2033.4987791779758,0.13258125085868686
2013-07-12,8763,31784,53481,3005,2556,0.09454442486785804,0.057066995755501955,0.29168093118794935,3403,0.3883373273992925,1.1324459234608986,0.1312295494588472,0.09850249584026623,0.1324459234608985,42.75471996958946,3.3137447984498585,1923.3315283723932,0.12443367732192298
2013-07-13,7017,27855,48319,2351,1954,0.08440136420750315,0.04904902833254,0.2784665811600399,2656,0.37850933447342167,1.1297320289238622,0.16496140728774009,0.13951509995746492,0.12973202892386218,46.51349398460927,3.398223350253807,2008.6965833394238,0.13283073056901812
2013-07-15,10741,40136,67300,3539,3019,0.08817520430536177,0.05338781575037147,0.2810725258355833,4044,0.37650125686621355,1.142695676744843,0.11675303966513853,0.08646510313647923,0.14269567674484318,44.249160947753346,3.304551640707697,1859.961495013171,0.11887083914690054
2013-04-18,8824,31323,53860,2997,2585,0.0956804903744852,0.05625696249535834,0.29295104261106075,3434,0.38916591115140525,1.1458124791458124,0.10813140503783163,0.07941274607941275,0.14581247914581247,54.83952951733863,3.231874697238818,2092.6418485632694,0.14280241356191936
2013-04-22,9885,36193,62682,3328,2845,0.09195148233083746,0.05355604479754954,0.2878098128477491,3770,0.3813859382903389,1.1328125,0.10303097284005194,0.06820913461538461,0.1328125,53.98501997336884,3.246467905217488,2207.0992358824383,0.1240018788163457
2013-04-23,8613,30437,52326,2813,2444,0.09242040937017446,0.05463822956083018,0.2837571113433182,3267,0.3793103448275862,1.161393530039104,0.09748004073988895,0.07074297902595095,0.16139353003910417,53.16855748301563,3.289370990144851,2197.4017532332555,0.12126687912737787
2013-04-25,8184,29605,50895,2543,2190,0.0858976524235771,0.05065330582571962,0.26759530791788855,2958,0.3614369501466276,1.1631930790405034,0.1083262962337443,0.07274872198191112,0.16319307904050334,53.3687101586871,3.211450900441726,2184.057480370677,0.12673534875865564
2013-04-29,9590,34132,58538,3373,2879,0.09882221961795383,0.058355256414636646,0.3002085505735141,3817,0.39801876955161625,1.1316335606285206,0.1029532403609516,0.0782686036169582,0.1316335606285206,51.46883819379116,3.254945897337618,2064.5738402586658,0.13781788351107466
2014-10-18,15657,62133,87560,4281,3679,0.0689005842306021,0.04962311557788945,0.2349747716676247,4782,0.30542249473079136,1.1170287316047653,0.16788180194099753,0.15650548937164213,0.11702873160476523,62.02096989804957,3.507725093233884,2231.2010339362655,0.12709832134292565
2014-10-19,18595,76252,107241,5106,4318,0.06696217804123171,0.04817187456290038,0.2322129604732455,5705,0.3068029040064533,1.117312965139052,0.17431673923306928,0.1408147277712495,0.1173129651390521,65.04919087055241,3.5191859929754403,2176.2830352055475,0.12907202434034518
2014-10-20,26366,97542,135540,7440,6391,0.0762748354554961,0.05574000295115833,0.24239550936812562,8254,0.313054691648335,1.1094086021505376,0.1060261220807447,0.07688172043010753,0.10940860215053763,56.25385002103276,3.355465978384937,2077.1855639009136,0.12325972401632117
2014-06-27,17459,67699,96748,5352,4567,0.07905582061773438,0.05633191383801216,0.2615842831777307,5993,0.3432613551749814,1.1197683109118086,0.12248334539653466,0.09996263079222721,0.11976831091180867,44.56660213114996,3.2238580260641374,1843.7330495103702,0.12224700512562962
2014-06-29,15853,70317,102257,4737,3965,0.06736635521993259,0.046852538212542906,0.2501103892007822,5358,0.3379801930234025,1.1310956301456618,0.1726182857630445,0.12919569347688412,0.1310956301456618,50.04253048563582,3.3324003198903234,1925.522514511437,0.13032410370180753
2014-06-30,21134,82116,117959,6073,5201,0.07395635442544693,0.052263922210259495,0.24609633765496355,6789,0.3212359231569982,1.1178988967561336,0.11968434896975011,0.08529557055820847,0.1178988967561337,45.15304095633842,3.23504597476279,1829.791073203595,0.13402990890934774
2014-04-16,17406,63810,91503,5501,4673,0.08620905814135715,0.060850463919215766,0.2684706423072504,6220,0.3573480409054349,1.1307035084530086,0.11579689703808181,0.07580439920014542,0.13070350845300854,52.86787511956471,3.180607737412164,1993.080281712986,0.1256386146372042
2014-04-17,15352,55910,80009,4882,4157,0.08731890538365229,0.06206801734804834,0.2707790515893695,5454,0.35526315789473684,1.1171650962720197,0.12105169021641925,0.08828349037279803,0.11716509627201967,53.54772853334288,3.268348664981082,2002.3061651642038,0.12071185834376677
2014-04-18,13591,50951,73308,4370,3683,0.08576867971188004,0.06070278823593605,0.27098815392539183,4870,0.35832536237215806,1.1144164759725401,0.1424505897823399,0.10183066361556065,0.11441647597254005,56.318627354691706,3.2712671731685234,2045.9523999802693,0.13191105179486173
2014-04-19,10252,41812,60533,3068,2589,0.07337606428776428,0.0515256141278311,0.2525360905189231,3446,0.33612953570035115,1.123207301173403,0.16832488280876304,0.13135593220338984,0.12320730117340287,60.779235391281446,3.2934894770943823,2263.951691638306,0.12668611881756434
2014-04-20,11631,48196,69702,3549,2973,0.07363681633330567,0.051720180195690225,0.2556100077379417,3963,0.34072736652050556,1.1166525781910397,0.17084405344841896,0.1307410538179769,0.11665257819103973,62.608321049681315,3.3883905342685288,2217.7386036318094,0.12397294381276454
2014-04-21,17393,64789,92898,5224,4379,0.08063097130685765,0.05711640724235183,0.2517679526246191,5829,0.33513482435462544,1.1158116385911179,0.12645665159209124,0.08365237366003063,0.11581163859111791,56.29694835680751,3.2592214066710024,1999.5105775947522,0.12381731466761332
2014-04-23,18595,66827,95520,5534,4742,0.08281083992996843,0.05918132328308208,0.25501478892175317,6256,0.3364345254100565,1.130466208890495,0.12390201565235609,0.07932779183230936,0.13046620889049512,56.61021364514246,3.320928767493138,2091.9015487356173,0.1291543837071842
2014-12-16,27118,103983,141668,7054,6013,0.06783801198272794,0.05056187706468645,0.22173464119772845,7708,0.2842392506822037,1.092713354125319,0.1292903647711645,0.10107740289197618,0.09271335412531896,52.07670394394934,3.3528935731558107,2001.6922528701598,0.12220266774376581
2014-12-17,29466,110186,147959,7177,6141,0.0651353166463979,0.04923661284545043,0.20840969252698024,7832,0.2657978687300618,1.0912637592308765,0.15817798994427604,0.124703915284938,0.09126375923087642,50.501552428506585,3.306612989703838,1924.300599083971,0.1248978999146897
2014-12-19,22152,86493,118159,6186,5276,0.07152023863202803,0.0532333550554761,0.23817262549656915,6783,0.3062026002166847,1.0965082444228904,0.1504052351057311,0.1325573876495312,0.0965082444228904,48.18259450827924,3.3203524861622546,1938.872763316936,0.12111962817800284
2014-12-20,17677,74023,102347,4862,4141,0.06568228793753293,0.04825739884901365,0.2342592068789953,5316,0.30072976183741584,1.0933772110242699,0.18528025073288032,0.17379679144385027,0.09337721102426985,48.707464139413524,3.406175161347062,1977.3221490692847,0.12667684368371993
2014-12-21,17279,72224,98630,4613,3935,0.06387073548958795,0.04759201054445909,0.22773308640546328,5083,0.2941721164419237,1.101885974420117,0.20778411608329642,0.1723390418382831,0.10188597442011706,50.607111677729584,3.463671419852411,1893.9288287267777,0.13729508196721313
2013-02-12,9632,34341,60357,3083,2684,0.08977606942139134,0.05187467899332306,0.27865448504983387,3626,0.376453488372093,1.1761271488809601,0.10710229754520835,0.07622445669802141,0.1761271488809601,56.373577842122195,3.365286042538149,2001.1715318460283,0.13721207885617775
2013-02-13,9297,33409,58638,2957,2559,0.08850908437846089,0.05122957808929363,0.2752500806711842,3500,0.3764655265139292,1.1836320595197836,0.09590230177497082,0.06865065945214745,0.18363205951978356,58.896002404568684,3.3482618701550386,2034.7133011275323,0.14543985153701097
2013-02-16,6900,27032,49086,2182,1853,0.08071914767682746,0.04492115878254492,0.26855072463768115,2610,0.3782608695652174,1.1961503208065996,0.14738088191772714,0.11915673693858846,0.19615032080659944,65.95857966164715,3.6013812776818557,2204.3785181374847,0.13509914175791654
2013-02-18,9690,35634,63432,3060,2631,0.08587304259976428,0.048965821667297266,0.27151702786377707,3598,0.3713106295149639,1.1758169934640523,0.11446932704720211,0.0761437908496732,0.1758169934640523,61.134970707525916,3.4847676859363474,2194.4221266136574,0.1332435314587192
2013-02-19,9636,33939,59632,3110,2688,0.09163499219187365,0.05300845183793936,0.27895392278953923,3640,0.377750103777501,1.1704180064308682,0.10150564247620732,0.07717041800643087,0.17041800643086816,58.850682215053126,3.419875998569214,2219.316208066724,0.12716933321547483
2013-02-20,9506,33938,59409,3110,2706,0.09163769226236078,0.05312326415189618,0.2846623185356617,3714,0.3907006101409636,1.1942122186495177,0.10637044021450881,0.07395498392282958,0.19421221864951768,58.51550846454362,3.472810208097311,2140.6094331726254,0.13651364252460368
2013-02-23,6972,27317,49350,2125,1845,0.07779038693853645,0.043525835866261395,0.2646299483648881,2544,0.3648881239242685,1.1971764705882353,0.1527254090859172,0.12658823529411764,0.1971764705882353,65.98827507626714,3.5679662021938925,2264.361223430414,0.14174323681224146
2014-08-28,24053,90187,129398,6539,5596,0.07250490647210796,0.05136864557412016,0.23265289153120192,7321,0.3043695173159273,1.1195901513992965,0.13760298047390424,0.10750879339348524,0.11959015139929653,51.92631298675364,3.306519898391194,1960.9404697234406,0.13398826881923115
2014-08-29,21883,81513,117730,6251,5367,0.07668715419626317,0.05375860018686826,0.24525887675364438,7005,0.3201115020792396,1.1206207006878899,0.1511292677241667,0.10270356742921133,0.12062070068788994,51.84344891070881,3.2355407054878125,1892.975619111771,0.12616392477273564
2014-08-30,16105,63755,92701,4233,3593,0.06639479256528899,0.04609443263826712,0.22309841664079477,4783,0.2969885128841975,1.1299314906685565,0.21046192455493687,0.16253248287266714,0.12993149066855658,60.792683884135336,3.4373847099815538,2138.80667724414,0.13385616814367501
2014-05-26,16002,65011,93290,5068,4173,0.07795603820891849,0.05524707900096473,0.26077990251218597,5629,0.3517685289338833,1.1106945540647197,0.13842272846133732,0.1031965272296764,0.11069455406471981,56.255152774570924,3.386353115452273,2206.427555086702,0.1333159003860885
2014-05-27,19607,72792,104721,5936,5050,0.08154742279371359,0.05768661491009444,0.25756107512623044,6626,0.337940531442852,1.1162398921832883,0.1060281349598857,0.07126010781671159,0.11623989218328841,52.431424291152986,3.2849348287359805,1960.065131807115,0.1279673590504451
2014-05-28,19710,74118,105958,6039,5079,0.08147818343722173,0.05807017875007078,0.25768645357686454,6694,0.33962455606291225,1.108461665838715,0.11144391375914083,0.07964894850140752,0.10846166583871501,52.57457176410242,3.3158165266674784,1993.3077360266752,0.1277557408456785
2014-05-30,16471,61844,88017,5281,4419,0.08539227734299204,0.06112455548359976,0.26828972132839535,5861,0.35583753263311274,1.109827684150729,0.10969536252506307,0.07555387237265669,0.10982768415072904,49.720580385305965,3.238904473884772,1948.3700502193715,0.127207166418731
2014-05-31,12410,50981,73464,3864,3216,0.07579294246876288,0.05348197756724382,0.25914585012087027,4304,0.34681708299758257,1.113871635610766,0.16794492065671524,0.13690476190476192,0.11387163561076605,54.84412780656304,3.375425278766544,2124.6071386358362,0.12351660422510347
2014-06-01,14502,60893,87403,4470,3701,0.07340745241653392,0.05193185588595357,0.2552061784581437,4941,0.3407116259826231,1.1053691275167785,0.16438671111622025,0.11767337807606264,0.10536912751677853,56.97444787695544,3.4252082578775807,2099.507282960397,0.1352536416336853
2014-06-02,19655,74907,106897,6212,5249,0.08292949924573137,0.058982010720600206,0.26705672856779444,6918,0.3519715085220046,1.113650998068255,0.11335389215961125,0.07855763039278815,0.11365099806825499,50.101312995044545,3.2736375684395123,1947.0105652430232,0.12072302989039743
2014-06-03,20906,78966,113499,6341,5358,0.08030038244307677,0.056969664930968555,0.256290060269779,7100,0.3396154214101215,1.11969720864217,0.10970544284882101,0.07443620879987384,0.11969720864217001,51.23285674449261,3.26122179472528,1957.6718175298627,0.12466124661246612
2014-10-21,26726,99118,137483,7303,6267,0.07367985633285579,0.053977582682949894,0.23449075806330913,8156,0.30517099453715485,1.116801314528276,0.1143889101878569,0.08859372860468301,0.11680131452827605,57.65237364456919,3.360785424527825,2092.948965871098,0.12101737323190541
2014-10-22,27183,100884,138908,7358,6304,0.07293525236905753,0.05379819736804216,0.23190964941323622,8164,0.3003347680535629,1.1095406360424027,0.1107806986241624,0.08874694210383256,0.10954063604240283,56.70765675061748,3.39891318385472,2052.7569821044112,0.12238808929067048
2014-10-24,20857,76641,106069,6119,5224,0.07983977244555786,0.05882962976930112,0.25046746895526684,6758,0.324015917917246,1.1044288282399084,0.11272034550697407,0.09266219970583428,0.10442882823990848,58.53948296122209,3.383876832921294,2104.3518923453867,0.1305567516081471
2014-10-26,19246,81372,114459,5282,4482,0.06491176326008946,0.04668047073624617,0.23287955938896393,5943,0.30879143718175206,1.125141991669822,0.17032886005014009,0.15562287012495266,0.12514199166982204,65.77085382648042,3.6419739375092552,2216.952294511918,0.13182667256550165
2014-03-01,8624,34403,50637,2735,2328,0.07949888091154841,0.054624089104804784,0.2699443413729128,3307,0.3834647495361781,1.2091407678244972,0.17838560590646166,0.1356489945155393,0.20914076782449725,66.8061904900562,3.6626562317486275,2262.213085544061,0.12551230997296747
2014-03-04,12406,45301,66621,4152,3559,0.09165360588066489,0.06344846219660467,0.2868773174270514,4937,0.39795260357891343,1.1890655105973025,0.11315423500584976,0.08020231213872832,0.1890655105973025,58.91784182838955,3.4391327527990048,2152.1638013517236,0.12670801969051457
2014-03-05,19123,70617,102716,5509,4737,0.07801237662319271,0.05471396861248491,0.24771217905140408,6365,0.33284526486429955,1.1553821020148847,0.1271082034071116,0.08168451624614267,0.15538210201488473,59.30593989225971,3.4762602204052615,2041.4904975387942,0.1353498449381877
2014-03-07,16543,60643,87026,4934,4195,0.08136141022047062,0.057442603359915426,0.2535815752886417,5599,0.3384513087106329,1.13477908390758,0.1263459921178042,0.08856911228212404,0.13477908390758006,59.10546559038611,3.3990163282880137,2111.0656466851547,0.13417871807133552
2014-03-08,12043,48339,70715,3520,2993,0.07281904880117504,0.05058332744113696,0.2485261147554596,4059,0.3370422652163082,1.153125,0.1790065992262976,0.1338068181818182,0.153125,63.17301360501957,3.5157553867231286,2160.9100996326347,0.14400380645027824
2014-03-09,13504,56059,81844,3909,3261,0.06973010578140887,0.048421387028981966,0.24148400473933648,4533,0.335678317535545,1.1596316193399847,0.1799175868281632,0.12279355333844973,0.15963161933998465,65.71094838363993,3.5563994626063593,2107.9330620485084,0.1350184626910933
2014-07-01,20161,79541,117333,5649,4807,0.07101997711871864,0.04883536600956253,0.23843063340112097,6343,0.31461733048955903,1.1228536024075058,0.12729284268490465,0.0931138254558329,0.12285360240750576,45.990478945514916,3.2877802433238963,1827.232915248636,0.1320325366791969
2014-07-03,20877,81216,117303,6181,5258,0.07610569345941687,0.053442793449442895,0.2518561095942904,6959,0.3333333333333333,1.1258696003882867,0.11699665090622538,0.08946772366930918,0.12586960038828668,45.137285337669695,3.2898398106966313,1964.1457723947362,0.12487687155240347
2014-07-07,25790,102745,147150,7294,6175,0.07099128911382549,0.050261637784573564,0.239433889104304,8099,0.3140364482357503,1.1103646833013436,0.11549953769039856,0.08143679736769947,0.11036468330134357,48.363985234101825,3.2553316721929018,1892.6485003838216,0.1302253151004915
2014-04-25,14496,52310,75207,4566,3891,0.0872873255591665,0.06164319810655923,0.2684188741721854,5085,0.3507864238410596,1.1136662286465178,0.12840757025425348,0.0882610600087604,0.11366622864651774,54.838931180903565,3.240872415048776,2017.5057151637297,0.12035939590900402
2014-04-26,11387,46468,67115,3533,2915,0.07603081690625807,0.05328168069731059,0.2559936770000878,3956,0.3474137173970317,1.1197282762524767,0.158302487733494,0.11067081800169827,0.11972827625247665,60.15101856238425,3.4046688405640615,2253.9647731901637,0.12113712662477404
2014-04-27,13893,57029,82214,4203,3494,0.073699345946799,0.051791665653051794,0.25149355790685957,4714,0.33930756496077163,1.1215798239352843,0.16637149520419436,0.1192005710206995,0.12157982393528433,62.34036842105263,3.426865514148538,2227.2452371302766,0.12467341177295761
2014-04-28,18586,66755,94879,5605,4781,0.08396374803385515,0.05989734293152331,0.2572366297212956,6223,0.33482190896373615,1.1102586975914361,0.11410381244850573,0.08064228367528992,0.11025869759143622,55.581009186686046,3.2653686677483322,2073.6629837003748,0.12767582952587822
2014-04-29,18477,67765,96532,5638,4763,0.08319929166974102,0.059151369494053786,0.25777994263137954,6324,0.342263354440656,1.1216743526073076,0.1176418505128016,0.08478183753103938,0.12167435260730755,55.8720348365193,3.3087417140151514,2070.7681492365987,0.1277503135837084
2014-04-30,16882,61087,87296,5196,4413,0.08505901419287246,0.06048387096774194,0.2614026774078901,5810,0.34415353631086365,1.1181678214010777,0.11347749930427095,0.07736720554272518,0.11816782140107775,54.18452390702551,3.228821347687662,2088.581923720727,0.1254112986396451
2014-05-01,15759,59352,85974,5059,4272,0.08523722873702655,0.05983204224532998,0.2710831905577765,5706,0.3620788121073672,1.1278908875271794,0.12525272947836635,0.09152006325360743,0.12789088752717928,55.15422348836033,3.295616183799307,2048.192874521586,0.13303679741205013
2013-10-15,9958,34322,48343,3288,2856,0.09579861313443272,0.0690482593136545,0.2868045792327777,3837,0.385318337015465,1.1669708029197081,0.11109492453819707,0.08242092457420924,0.16697080291970803,52.545337883162716,3.4722749992692408,2031.3268874168368,0.13265543965969348
2013-10-16,9983,34568,48838,3353,2922,0.09699722286507753,0.06998648593308489,0.29269758589602324,3890,0.3896624261244115,1.1601550849985087,0.11221360796112011,0.08470026841634358,0.1601550849985088,51.84398354672383,3.3881754793724577,2085.1777157021666,0.13827817634806758
2013-10-17,9188,31857,45687,3172,2754,0.09956995322848981,0.07043579136296978,0.2997387897257292,3641,0.39627775359164125,1.1478562421185372,0.10952067049628025,0.07030264817150063,0.1478562421185372,52.279264844486335,3.4678491540909233,2076.2764573404434,0.13409925605047557
2013-10-18,7918,27029,38640,2903,2501,0.10740315956935144,0.07675983436853002,0.31586259156352614,3339,0.42169739833291237,1.1501894591801585,0.10880905693884346,0.08232862555976576,0.15018945918015847,49.50385499295722,3.3353667608986757,2055.661650283085,0.13618705834474085
2013-10-19,6359,24317,35351,1992,1713,0.08191799975325904,0.05767870781590337,0.2693819782984746,2321,0.3649944959899355,1.1651606425702812,0.15355512604350866,0.12650602409638553,0.16516064257028112,59.209856195146074,3.650366748166259,2234.9740587522224,0.12534440926101081
2013-10-20,7630,29642,43289,2404,2060,0.08110114027393563,0.05666566564254198,0.2699868938401048,2815,0.3689384010484928,1.170965058236273,0.1734026044126577,0.1376871880199667,0.17096505823627287,63.790223274695535,3.6428498693187605,2242.8109376272914,0.13855340395384927
2013-10-24,8747,30868,44383,2935,2493,0.09508228586238175,0.06748079219520987,0.2850120041156968,3393,0.38790442437407113,1.1560477001703577,0.10175586367759493,0.07597955706984667,0.15604770017035774,52.09903655886074,3.425578974759303,2107.7367782397714,0.13629000907088246
2013-10-26,6465,25032,36623,1962,1676,0.07837967401725791,0.05444665920323294,0.2592420726991493,2298,0.3554524361948956,1.1712538226299694,0.1565196548418025,0.11467889908256881,0.1712538226299694,61.07605216834693,3.634630818619583,2276.974985718416,0.13071268775966763
2013-10-27,7468,28137,41093,2284,1989,0.08117425454028504,0.0560436084004575,0.266336368505624,2667,0.3571237279057311,1.1676882661996497,0.16185094359739843,0.11339754816112084,0.16768826619964974,58.81667675437035,3.69280531827442,2140.4898554445354,0.1389273909798486
2013-10-28,10074,35209,50748,3382,2927,0.0960549859410946,0.06774651217781981,0.290549930514195,3909,0.38802858844550325,1.1558249556475457,0.11406174557641512,0.07451212300413956,0.15582495564754584,54.00744847192608,3.4258614787768145,2058.388687938252,0.13397142775994775
2013-10-29,9856,34439,49627,3232,2748,0.09384709195969686,0.06633485804098575,0.27881493506493504,3718,0.37723214285714285,1.1503712871287128,0.10781381573216411,0.06961633663366337,0.15037128712871287,53.11280709405437,3.515091423405558,2162.8224199150154,0.13464386306222598
2013-10-30,8948,30781,44322,3030,2608,0.0984373477144992,0.06940120030684536,0.2914617791685293,3519,0.393272239606616,1.1613861386138613,0.10763133101588643,0.07161716171617162,0.1613861386138614,52.855856148793656,3.448847144767309,2049.1004201612923,0.12861830349891168
2014-09-01,22024,87545,126723,5761,4904,0.06580615683362842,0.045942725472092674,0.22266618234653104,6503,0.2952687976752634,1.128797083839611,0.17121480381518075,0.11699357750390557,0.12879708383961117,63.7985622199872,3.499437092179028,2272.3293336986926,0.1375521160546005
2014-09-02,27552,102664,147100,7416,6327,0.07223564248422037,0.05106730115567641,0.22963850174216027,8395,0.3046965737514518,1.1320118662351673,0.13396127172134342,0.09021035598705501,0.1320118662351672,56.77272372858229,3.3716386205006215,2068.8860021777136,0.1311365230265721
2014-09-04,24854,93853,134999,7218,6131,0.07690750428862157,0.05421521640901044,0.24668061479037579,8136,0.32735173412730345,1.1271820448877805,0.12753987618935997,0.08603491271820449,0.12718204488778054,55.18992024906176,3.3244893368609345,2064.836979078227,0.1341779165290401
2014-10-29,25515,95733,133162,7297,6150,0.07622241024516102,0.05594689175590634,0.24103468547912993,8146,0.3192631785224378,1.1163491845964095,0.11150804842635247,0.09839660134301768,0.11634918459640949,56.484516790030526,3.395449405260513,2110.656815638384,0.12460697982931696
2014-10-31,19736,74406,103894,6247,5264,0.08395828293417197,0.06138949313723603,0.2667207134171058,6928,0.3510336441021484,1.10901232591644,0.10398354971373276,0.0994077157035377,0.10901232591643989,55.238500026900525,3.369077777178893,2164.4082734105837,0.1263204580275784
2013-07-29,11062,40772,69400,3376,2893,0.08280192288825665,0.049265129682997115,0.2615259446754656,3864,0.34930392334116794,1.1445497630331753,0.12111252820563131,0.09834123222748815,0.14454976303317535,45.448175757128446,3.324535196661811,1949.3970480950618,0.12888747179436869
2013-07-30,11076,40238,67286,3634,3081,0.09031263979323027,0.05455815474244271,0.27816901408450706,4202,0.379378837125316,1.1563015960374243,0.12289378199711715,0.08337919647771051,0.15630159603742433,45.266306108715696,3.3347243740316856,1870.658433430758,0.12376360654108057
2013-07-31,10854,40035,67630,3717,3189,0.09284376170850506,0.05572970575188526,0.29380873410724156,4320,0.39800995024875624,1.162227602905569,0.11862120644436118,0.0914716168953457,0.162227602905569,44.31187263761296,3.2867506777788935,1888.0311787489247,0.12326714125140502
2013-08-01,10091,36432,61352,3503,3025,0.09615173473869126,0.05769983048637371,0.2997720741254583,4003,0.39669011990882963,1.1427347987439338,0.1213768115942029,0.09020839280616615,0.14273479874393377,43.19744521528466,3.310118192864244,1845.9670999737268,0.13976723759332454
2013-08-02,9174,32930,55112,3219,2665,0.09775280898876404,0.05931557555523298,0.2904948768258121,3689,0.40211467189884453,1.1460080770425598,0.12645004555116915,0.09102205653929792,0.1460080770425598,43.869522852531894,3.2649951136086,1915.4091741836971,0.1303370786516854
2013-08-04,8332,33960,59149,2663,2248,0.07841578327444051,0.04561361984141744,0.2698031685069611,3065,0.36785885741718677,1.1509575666541494,0.1717020023557126,0.14607585429966202,0.15095756665414944,49.03588940745554,3.3943912489253845,2052.122975220275,0.12891637220259128
2013-08-05,10953,40054,67944,3524,3035,0.08798122534578319,0.05246968091369363,0.2770930338719985,4014,0.36647493837304845,1.1390465380249717,0.128651320717032,0.09960272417707151,0.13904653802497163,44.271070158746056,3.2207011517478277,1869.965015219846,0.13019923103809858
2013-08-06,10965,39609,67278,3572,3099,0.09018152440101997,0.0539106394363685,0.2826265389876881,4146,0.3781121751025992,1.1606942889137737,0.12052816279128481,0.09098544232922733,0.1606942889137738,45.017924050632914,3.3149982223576617,1919.1805554970736,0.12113408568759626
2013-08-10,6897,26558,38168,2247,1914,0.08460727464417502,0.05981450429679312,0.27751196172248804,2569,0.3724807887487313,1.1433021806853583,0.174900218389939,0.14107699154428127,0.14330218068535824,48.738319169027385,3.336466307890548,2017.5823876189584,0.11186836358159499
2013-08-12,10476,38045,53640,3536,3057,0.09294256801156525,0.06674123788217748,0.2918098510882016,4032,0.3848797250859107,1.1402714932126696,0.11431199894861348,0.07861990950226244,0.14027149321266968,45.12472664998024,3.2675107046571865,1998.3152259715375,0.12482586410829281
2014-07-11,20837,79860,115284,6125,5164,0.07669671925870274,0.05390166892196662,0.24782838220473197,6803,0.326486538369247,1.1106938775510204,0.1284372652141247,0.08620408163265306,0.1106938775510204,47.36082577541715,3.2824682669347744,1878.3074250551583,0.1273854244928625
2014-03-17,17391,64635,92753,5291,4516,0.0818596735514814,0.0577232003277522,0.25967454430452536,6009,0.3455235466620666,1.1357021357021357,0.11591243134524638,0.07862407862407862,0.1357021357021357,57.92074039653036,3.341501669384269,2042.6390506466666,0.1331012609267425
2014-03-18,17621,64320,92807,4973,4278,0.07731654228855721,0.05444632409193272,0.2427785029226491,5700,0.3234776686907667,1.1461894228835712,0.12178171641791045,0.08244520410215161,0.14618942288357129,57.20007159310216,3.373788453434471,2021.1227335159094,0.13658271144278608
2014-05-02,15224,55651,80863,4961,4208,0.08914484914916174,0.06242657334009374,0.2764056752496059,5525,0.36291382028376246,1.1136867567022777,0.1217947566081472,0.08163676678089095,0.11368675670227776,53.930028944860936,3.2450179444173926,2043.2501474926557,0.122010386156583
2014-05-05,18057,66744,95529,5541,4756,0.08301869830996045,0.05887217494164076,0.26338815971645346,6215,0.3441878495874176,1.121638693376647,0.11001737983938631,0.07832521205558564,0.12163869337664682,53.97970653917058,3.261217009898908,2043.037993062175,0.13524811218985977
2014-05-06,18689,68307,97957,5822,4910,0.08523284582839241,0.06036322059679247,0.26272138691208735,6525,0.34913585531596125,1.1207488835451735,0.11707438476290863,0.07660597732737891,0.12074888354517348,54.255107869414296,3.2298152143601486,2011.5705051827126,0.12834702153512817
2014-05-08,17221,63070,89819,5251,4477,0.08325669890597749,0.05925249668778321,0.25997328842692063,5887,0.3418500667789327,1.121119786707294,0.11203424766132868,0.07236716815844602,0.12111978670729386,52.984661749543974,3.248993747713063,2021.257841416187,0.12368796575233867
2013-05-18,6345,24817,43212,2122,1783,0.08550590321150824,0.04973155604924558,0.2810086682427108,2400,0.37825059101654845,1.1310084825636193,0.1554579522101785,0.11969839773798303,0.13100848256361922,54.418875713302846,3.308325894668506,2204.126819065922,0.1390579038562276
2013-05-19,7545,31287,55423,2626,2147,0.08393262377345223,0.048138859318333546,0.28455931080185554,3009,0.39880715705765407,1.1458492003046459,0.15444114168824113,0.1130997715156131,0.14584920030464585,54.24580000642447,3.398408043569334,2213.414138003366,0.1367021446607217
2013-05-21,9695,35565,61280,3297,2820,0.09270350063264446,0.05461814621409922,0.29087158329035584,3739,0.38566271273852504,1.1340612678192297,0.11328553353015605,0.0791628753412193,0.1340612678192296,47.55765974260555,3.288021953151522,2042.4311271634772,0.12630395051314494
2013-05-22,9616,35094,61147,3447,2932,0.09822191827662849,0.05719005020687851,0.30490848585690516,3971,0.41295757071547423,1.1520162460110241,0.1033794950703824,0.08093994778067885,0.1520162460110241,50.21091221538021,3.3026542571527058,2019.5371246336235,0.129252863737391
2013-05-23,8864,32043,56198,3045,2603,0.09502855537870986,0.05493078045482046,0.2936597472924188,3472,0.3916967509025271,1.1402298850574712,0.10701245201760134,0.07389162561576355,0.14022988505747128,48.53208422108034,3.225324247087272,1985.7911779463004,0.12879568080391973
2013-05-24,7810,27824,47398,2804,2417,0.10077630822311673,0.06012911937212541,0.3094750320102433,3209,0.4108834827144686,1.1444365192582027,0.11349913743530765,0.08059914407988587,0.14443651925820256,47.82652288383164,3.2703651431259724,2077.350645489521,0.12791115583668775
2013-05-27,8730,33275,57542,2940,2462,0.08835462058602554,0.05184039484202843,0.2820160366552119,3356,0.3844215349369989,1.1414965986394559,0.13445529676934637,0.09965986394557823,0.1414965986394558,53.63159800814849,3.4209761414557347,2275.477957929623,0.13331329827197597
2013-05-28,10052,35787,61023,3427,2914,0.09576103054181687,0.05686380545040395,0.2898925586947871,3934,0.39136490250696376,1.14794280711993,0.10738536340011737,0.07236650131310184,0.14794280711992996,48.88196041047496,3.2998086985877455,2118.669005837773,0.12538072484421717
2013-05-31,7817,27753,47091,2840,2389,0.10233127950131517,0.06098829925038755,0.3056159652040425,3193,0.4084687220161187,1.1242957746478872,0.10204302237595936,0.0795774647887324,0.12429577464788732,46.24346789057136,3.246622478177406,2062.002447346596,0.11912225705329153
2014-01-27,11168,41049,59852,3553,3043,0.0865550926940973,0.06018178172826305,0.2724749283667622,4294,0.3844914040114613,1.2085561497326203,0.11788350507929547,0.07289614410357445,0.20855614973262032,65.00463324229419,3.7226395243571235,2092.441032530638,0.13917513215912689
2014-01-28,11691,41984,61159,3653,3162,0.0870093368902439,0.060530747723147864,0.2704644598409033,4460,0.38149003506971174,1.2209143169997263,0.12452362804878049,0.07938680536545305,0.22091431699972625,65.45932158947343,3.693690678270017,2173.59773841255,0.14172065548780488
2014-01-30,10217,36367,53086,3350,2893,0.09211647922567162,0.06436725313642015,0.2831555251052168,4053,0.3966917881961437,1.2098507462686567,0.11983391536282893,0.08388059701492537,0.2098507462686567,65.28361824538223,3.587089117655176,2188.2571956631123,0.1438391948744741
2014-01-31,9213,33237,47606,3071,2662,0.09239702740921263,0.06536991135571146,0.28893954195159016,3668,0.398133072831868,1.194399218495604,0.12125041369558023,0.08303484207098664,0.19439921849560404,63.35586073966992,3.583252309188138,2166.3927506729965,0.125883804194121
2014-02-03,11396,41230,60028,3755,3242,0.09107446034440941,0.06325381488638636,0.2844857844857845,4501,0.39496314496314494,1.1986684420772304,0.11312151346107203,0.07669773635153129,0.19866844207723036,62.98169014084507,3.6553005141830885,2219.362846052783,0.14217802570943489
2014-02-04,11709,42326,61253,3821,3334,0.0902754807919482,0.06350709353011282,0.28473823554530703,4651,0.3972158168929883,1.2172206228735933,0.11999716486320465,0.08165401727296519,0.2172206228735933,62.711607121745914,3.578042391045487,2156.6948778148535,0.13256627132259133
2014-06-10,21341,81083,116587,6307,5337,0.07778449243367908,0.0550147100448592,0.2500820017806101,7058,0.3307248957405932,1.1190740447122245,0.12152979046162574,0.07943554780402727,0.11907404471222452,49.820783002455364,3.2604127951634085,1888.3954383006374,0.13117422887658325
2014-06-13,16732,64156,91524,5412,4596,0.08435688010474468,0.06014815786023338,0.27468324169256514,6041,0.3610447047573512,1.1162232076866223,0.13030737577155682,0.09183296378418329,0.11622320768662232,47.87694346978557,3.2154873205966044,1911.2123886390536,0.1239946380697051
2014-06-16,20967,81818,116255,6240,5305,0.07626683614852478,0.054432067437959655,0.2530166452043688,6906,0.3293747317212763,1.1067307692307693,0.11248136106969127,0.07884615384615384,0.10673076923076923,47.6329603130924,3.2527581763514757,1892.0566542162592,0.1251558336796304
2014-09-11,25441,95632,136682,7368,6221,0.0770453404718086,0.05479872989859674,0.24452655162925985,8243,0.3240045595691993,1.118756786102063,0.1365965367241091,0.08916938110749185,0.11875678610206297,56.320913008912505,3.336033026597756,2076.8989061549382,0.1365547097205956
2013-08-14,10076,35912,51564,3477,2938,0.09682000445533527,0.06855558141338919,0.29158396188963875,4000,0.39698292973402144,1.1504170261719873,0.1225217197594119,0.090882945067587,0.15041702617198735,44.94333249588254,3.1806702690595516,1912.1858677763478,0.12349632434840722
2013-08-15,9238,33316,47103,3153,2681,0.09463921239044303,0.06772392416618898,0.29021433210651654,3600,0.38969473912102187,1.141769743101808,0.12348421179013087,0.09514747859181731,0.14176974310180782,47.93642192721033,3.2408838444820094,2001.7934070434758,0.12258374354664425
2013-08-16,8454,29424,41300,3009,2581,0.10226345840130506,0.07384987893462469,0.3052992666193518,3416,0.4040690797255737,1.1352608840146228,0.12999592169657423,0.09837155201063476,0.1352608840146228,46.496096812681095,3.1289903616104997,1978.162320953298,0.12241707449700924
2013-08-19,10258,35277,49905,3417,2950,0.09686197805935878,0.0693116922152089,0.28758042503411974,3887,0.3789237668161435,1.1375475563359672,0.11500411032684185,0.08867427568042142,0.1375475563359672,48.415139374307394,3.2610616946059983,2000.4765551598919,0.13277773053264166
2013-08-21,10329,35990,51681,3325,2933,0.09238677410391775,0.06516901762736789,0.283957788750121,3866,0.37428599089940945,1.1627067669172932,0.12578494026118367,0.09473684210526316,0.16270676691729324,47.88137151133642,3.2895794940526053,2024.6370934663948,0.1271742150597388
2013-08-24,6980,25682,37230,2293,1929,0.089284323650806,0.062422777330110125,0.2763610315186246,2645,0.37893982808022925,1.1535106846925425,0.16404485631960128,0.12603576101177497,0.15351068469254253,52.966480664923715,3.481207423067888,2117.956441717485,0.13118137216727668
2013-08-25,8047,31068,44900,2555,2204,0.08223895970130038,0.05761692650334076,0.2738908910152852,2951,0.3667205169628433,1.1549902152641878,0.16096948628814214,0.12915851272015655,0.15499021526418788,57.223262722810645,3.371624906810152,2091.425974457735,0.13177546028067466
2014-03-20,15536,56068,80703,4616,4021,0.0823286009845188,0.05810192929630869,0.2588182286302781,5259,0.3385041194644696,1.1392980935875217,0.12565099522008988,0.09012131715771231,0.13929809358752165,56.004675649147856,3.3184192636588072,2037.339955722827,0.13292787329671113
2014-03-24,17505,63199,90695,5145,4423,0.08140951597335401,0.05750041347373064,0.252670665524136,5783,0.3303627534990003,1.1240038872691933,0.11647336192028356,0.07580174927113703,0.1240038872691934,56.32328814847659,3.3409256964960767,2007.1739394360673,0.13669520087343154
2014-03-25,17369,62015,89588,4789,4142,0.07722325243892607,0.05408090369245881,0.23847083885082618,5432,0.3127410904485002,1.1342660263102944,0.1215996129968556,0.08268949676341616,0.1342660263102944,57.88334462620592,3.3869136201876415,2074.383343984056,0.1291139240506329
2014-03-26,17946,64958,92776,5330,4559,0.0820530188737338,0.058204708114167454,0.25403989747018835,6018,0.3353393513874958,1.1290806754221387,0.12494227039009821,0.0900562851782364,0.12908067542213883,57.73255975220748,3.3352454580595285,2004.1954174121843,0.13262415714769543
2014-03-27,15779,57118,82051,4670,4049,0.08176056584614307,0.05786644891591815,0.25660688256543507,5298,0.3357627226059953,1.134475374732334,0.12474176266676004,0.08843683083511777,0.13447537473233404,58.07186646115042,3.2947285187137587,2026.6318596973213,0.13177982422353723
2013-11-18,9129,32200,46913,3019,2654,0.09375776397515528,0.0653123867584678,0.2907218753423157,3525,0.38613210647387447,1.1676051672739318,0.09925465838509316,0.07419675389201723,0.16760516727393177,53.6066552635671,3.554127810872345,2039.4037310603303,0.1370496894409938
2013-03-28,8541,30311,52433,3022,2609,0.099699778958134,0.05872256021970896,0.30546774382390823,3536,0.4140030441400304,1.170086035737922,0.10801359242519218,0.09066843150231635,0.17008603573792191,51.56998408699111,3.324939046792024,2020.1709178194071,0.12896308270924747
2014-07-17,23775,94188,136352,6747,5725,0.07163332908650784,0.050259622154423846,0.24079915878023134,7528,0.31663512092534174,1.1157551504372314,0.12484605257569967,0.0905587668593449,0.11575515043723136,48.83208166473694,3.2881604278074867,1857.9136650837793,0.12517518155179003
2014-07-18,21164,84413,121800,6194,5237,0.0733773233980548,0.05179802955665025,0.24744849744849745,6867,0.32446607446607445,1.10865353567969,0.12956535130844776,0.09444623829512432,0.10865353567969002,47.201016997368605,3.2831505364819646,1814.8097635929803,0.12589293118358547
2014-07-19,16411,69794,101330,4581,3815,0.06563601455712526,0.04584032369485838,0.23246602888306622,5053,0.3079032356346353,1.1030342719930146,0.18743731552855547,0.14276358873608383,0.10303427199301463,50.205975541569295,3.359817115251898,1920.4222472755414,0.1207840215491303
2014-07-20,19225,84308,121841,5352,4428,0.06348152014043744,0.04455807158509861,0.23032509752925878,5968,0.3104291287386216,1.1150971599402093,0.1824026189685439,0.1311659192825112,0.11509715994020926,51.63358769566714,3.411810236014194,1985.1637853402267,0.13619110879157376
2014-07-22,26689,105298,150846,7288,6182,0.0692130904670554,0.0490500245283269,0.23163100902993744,8101,0.3035332908688973,1.1115532381997804,0.1274763053429315,0.08589462129527992,0.11155323819978046,47.73502275685794,3.2815128858842515,1859.7538802628994,0.12818856958346786
2014-07-23,25803,102715,146138,7245,6092,0.07053497541741713,0.05030176956027864,0.23609657791729644,8061,0.3124055342402046,1.1126293995859213,0.1261548946113031,0.08405797101449275,0.11262939958592133,48.36952540523691,3.282546305819204,1818.9015025298886,0.12727449739570657
2013-03-29,7186,26867,47003,2539,2158,0.09450254959615886,0.05508159053677425,0.3003061508488728,2941,0.4092680211522405,1.1583300512012604,0.1330256448431161,0.09216226860968886,0.15833005120126034,58.098489945428724,3.3508507754856196,2156.742189110881,0.12390665128224215
2013-03-30,5925,23679,42512,1973,1638,0.08332277545504456,0.04702201731275875,0.27645569620253163,2262,0.3817721518987342,1.146477445514445,0.16221124202880188,0.11758743030917385,0.146477445514445,61.35886019590383,3.414306494395482,2195.1945240992204,0.13581654630685416
2013-04-01,9405,34396,59589,3171,2691,0.09219095243632981,0.05398647401366024,0.2861244019138756,3678,0.39106858054226473,1.1598864711447492,0.13268984765670427,0.08230842005676443,0.1598864711447493,57.685730149916715,3.3952025050958614,2140.2202636308166,0.13926037911385045
2013-04-02,10429,37772,65562,3459,2922,0.09157577041194535,0.05323205515390012,0.28018026656438777,4013,0.38479240579154284,1.1601618965018792,0.10889018320449009,0.07690083839259902,0.16016189650187915,53.70157151594118,3.3482370632938587,2072.2459383018513,0.13705919728899715
2013-04-04,9239,32687,56283,3125,2688,0.095603756845229,0.05625144359753389,0.29094057798463036,3600,0.38965255980084423,1.152,0.10609722519656133,0.08224,0.152,53.431687609450364,3.2322699953767913,2177.1066574456636,0.1351913604797014
2013-04-06,6825,26196,45939,2163,1850,0.0825698579935868,0.04751953677703041,0.27106227106227104,2525,0.36996336996337,1.1673601479426723,0.1472743930371049,0.12528895053166897,0.1673601479426722,63.15934529285495,3.445097813136554,2281.2188359527004,0.1403267674454115
2013-04-07,7926,31496,56402,2551,2127,0.08099441198882398,0.045831708095457606,0.26835730507191524,2967,0.37433762301286905,1.1630733045864368,0.15630556261112521,0.11446491571932575,0.16307330458643668,66.59947034236303,3.547286474018069,2413.8340549223,0.1336995173990348
2013-04-09,9663,35523,61976,3246,2787,0.09137741744785069,0.052778494901252096,0.28841974542067683,3807,0.3939770257683949,1.1728280961182995,0.09517777214762267,0.06777572396796057,0.17282809611829944,55.93007546423222,3.381260096930533,2204.4393680707008,0.12577766517467556
2013-04-11,8694,31212,53623,2933,2548,0.09397026784570037,0.05538668108833896,0.29307568438003223,3412,0.39245456636760984,1.1633140129560178,0.11091887735486351,0.07773610637572452,0.16331401295601772,54.61063740789601,3.2693648334624323,2127.8316891899835,0.11892861719851339
2013-04-12,7834,28182,48204,2725,2299,0.09669292456177703,0.0572151688656543,0.2934643860097013,3078,0.39290273168241,1.1295412844036696,0.11166702150308708,0.07339449541284404,0.12954128440366972,53.86352472146086,3.3054672713637823,2122.5047367876014,0.12373145979703357
2014-05-11,12947,52902,77067,4002,3349,0.07564931382556425,0.052642505871514395,0.2586699621533946,4506,0.34803429365876265,1.1259370314842578,0.1774980151979131,0.13118440779610194,0.12593703148425786,58.595748302536265,3.3925680437308343,2147.693236225073,0.12031681221881971
2014-05-12,18977,68588,97695,5908,5005,0.08613751676678136,0.06139515840114643,0.26374031722611585,6523,0.3437318859672235,1.1040961408259986,0.10533912637779204,0.06990521327014218,0.10409614082599865,51.78473498439369,3.2349824881537512,1962.459530596147,0.12747127777453782
2014-05-13,18812,68906,99623,5885,5037,0.0854062055553943,0.05995603424911918,0.26775462470763345,6606,0.3511588347863066,1.1225148683092607,0.11684033320755813,0.07663551401869159,0.12251486830926084,51.689443879773485,3.2674946366807256,1998.9129798395545,0.1344585377180507
2014-05-14,18809,69104,99677,5598,4760,0.08100833526279232,0.05720477141165966,0.2530703386676591,6261,0.3328725610080281,1.1184351554126473,0.10987786524658485,0.07466952483029654,0.11843515541264737,51.97786207595523,3.232827029928479,1955.627546900246,0.12743111831442464
2014-05-15,17574,64795,93849,5560,4704,0.08580909020757775,0.060181781372204285,0.2676681461249573,6226,0.3542733583703198,1.1197841726618705,0.10872752527201172,0.07625899280575539,0.1197841726618705,51.508792786672636,3.207294437913754,1989.3631839671195,0.12741723898448953
2014-05-16,15326,56275,81730,5106,4285,0.09073300755219903,0.06379542395693136,0.2795902388098656,5633,0.36754534777502285,1.1032119075597338,0.11043980453131941,0.07403055229142186,0.10321190755973364,50.42936376726575,3.1740075159848256,1953.8753367371346,0.12598844957796534
2014-05-17,10882,43035,63724,3360,2830,0.07807598466364588,0.05355909861276756,0.26006248851314095,3791,0.34837346076088954,1.1282738095238096,0.1655861508074823,0.125,0.1282738095238095,54.44652406417112,3.3107522371364655,2069.5667562197405,0.13303125363076565
2014-05-18,13420,54927,80843,4171,3458,0.07593715294845886,0.0524473361948468,0.2576751117734724,4677,0.3485096870342772,1.1213138336130424,0.17639776430535073,0.12826660273315751,0.12131383361304243,57.49190154317051,3.3608742490916064,2090.6402912992758,0.1291350337720975
2013-01-08,10037,35631,62868,3152,2716,0.0884622940697707,0.05109117516065407,0.27059878449735975,3885,0.38706784895885227,1.2325507614213198,0.09786421935954646,0.070748730964467,0.2325507614213198,64.80770316027088,3.621312222348787,2079.6260730869476,0.14333024613398446
2013-01-10,9007,32345,57063,2810,2439,0.0868758695316123,0.049979846835953246,0.2707893860330854,3405,0.37803930276451647,1.2117437722419928,0.09213170505487711,0.06725978647686832,0.2117437722419929,63.52335258679585,3.71646656844613,2205.727201153487,0.14005255835523264
2013-01-11,8437,30030,52658,2737,2326,0.09114219114219115,0.05260359299631585,0.27569041128363164,3281,0.3888823041365414,1.1987577639751552,0.102997002997003,0.06686152721958348,0.19875776397515527,63.095214173281086,3.585327976773235,2084.4623514778873,0.14082584082584082
2013-01-13,8166,31215,56643,2361,2049,0.07563671311869294,0.04208816623413308,0.2509184423218222,2908,0.3561107029145236,1.231681490893689,0.14794169469806184,0.12155866158407455,0.2316814908936891,74.65085193416434,3.7535048628956185,2269.2586572764326,0.1506006727534839
2013-01-14,9880,35968,63624,3126,2685,0.0869105871886121,0.04957248836916887,0.2717611336032389,3745,0.3790485829959514,1.1980166346769034,0.09886565836298933,0.0706973768394114,0.1980166346769034,63.22688911245249,3.552384444005753,2132.607141515461,0.12725200177935944
2013-01-15,9801,34562,60285,3231,2769,0.09348417336959666,0.05447457908269055,0.2825221916131007,3900,0.39791857973676154,1.2070566388115134,0.10236676118280193,0.06901887960383782,0.20705663881151345,63.01042271513181,3.5289224731277273,2098.918800156783,0.13190787570163764
2013-01-19,6470,24392,43929,1977,1699,0.08105116431616924,0.045687359147715635,0.262596599690881,2413,0.372952086553323,1.2205361659079412,0.1397179403082978,0.1274658573596358,0.2205361659079413,70.65397296406198,3.7476573237266253,2352.801027403861,0.1342653328960315
2013-01-20,7744,30705,56330,2417,2053,0.0787168213645986,0.043404935203266465,0.2651084710743802,2967,0.3831353305785124,1.227554820024824,0.1514737013515714,0.11294993793959454,0.22755482002482416,76.6853359489946,3.8439746718554186,2291.597993941338,0.13896759485425828
2014-09-12,22448,84108,120186,6696,5626,0.07961192752175773,0.05660393057427654,0.25062366357804705,7426,0.3308089807555239,1.109020310633214,0.1319969562942883,0.09707287933094384,0.10902031063321387,55.74581191699981,3.3351249985069455,2102.641554332173,0.12900080848432968
2014-09-14,19900,83702,121098,5290,4487,0.06320040142409979,0.04441857008373384,0.22547738693467337,5956,0.2992964824120603,1.125897920604915,0.20256385749444458,0.14896030245746691,0.12589792060491492,65.15782678859603,3.537159685077228,2181.2029668114246,0.13153807555375022
2013-06-18,10374,38840,65883,3411,2935,0.08782183316168898,0.052426270813411655,0.28291883555041447,3945,0.38027761711972236,1.156552330694811,0.11622039134912461,0.08267370272647317,0.1565523306948109,46.88013140536486,3.3552279864012666,1958.6522605517482,0.13650875386199793
2013-06-23,8026,33334,59231,2666,2239,0.07997840043199136,0.045381641370228425,0.278968352853227,3064,0.3817592823324196,1.1492873218304576,0.16742665146697067,0.1369092273068267,0.14928732183045762,49.7741702524599,3.3470083921994807,2171.126905229725,0.14168716625667488
2013-06-26,9816,36320,61792,3195,2732,0.08796806167400881,0.05251488865872605,0.278321108394458,3691,0.37601874490627546,1.1552425665101722,0.1163546255506608,0.086697965571205,0.15524256651017215,43.63935289066179,3.199550074987502,1844.5569985678642,0.12144823788546255
2013-06-30,7850,32063,56799,2611,2234,0.0814334279387456,0.04633884399373228,0.2845859872611465,3047,0.3881528662420382,1.1669858291842206,0.16333468483922278,0.12792033703561853,0.1669858291842206,47.54763024999216,3.373358526216344,1982.3207269259433,0.13776003493122915
2013-11-21,7865,26656,38386,2642,2311,0.09911464585834334,0.06984317198978794,0.2938334392879847,3088,0.3926255562619199,1.1688115064345193,0.11614645858343338,0.08440575321725965,0.1688115064345193,49.50828231228637,3.440092078946375,2084.7091298187784,0.13066476590636256
2013-11-22,7234,24173,34993,2395,2066,0.0990774831423489,0.06992827136855942,0.28559579762233894,2748,0.37987282278131046,1.1473903966597077,0.119678980680925,0.08851774530271399,0.1473903966597077,50.9291746005464,3.449014389087582,2046.5904910141248,0.13093120423613122
2013-11-27,7744,27113,38894,2676,2303,0.09869804152989341,0.0699850876741914,0.2973915289256198,3115,0.40224690082644626,1.164050822122571,0.11134879946888947,0.07212257100149477,0.164050822122571,48.78497839813892,3.544195006297696,2077.898889031456,0.133035813078597
2013-11-29,6676,23504,33974,2262,1970,0.09623893805309734,0.06778713133572732,0.2950868783702816,2660,0.39844218094667466,1.1759504862953138,0.14014635806671205,0.10698496905393456,0.17595048629531387,54.24119575863391,3.6153780435711234,2128.5691673067977,0.13257317903335603
2013-11-30,5809,21616,31415,1777,1544,0.08220762398223538,0.05704281394238421,0.26579445687725944,2104,0.36219659149595457,1.1840180078784468,0.17325129533678757,0.12661789532920653,0.18401800787844683,57.06273148148148,3.6879416139828933,2231.1479406149856,0.13240192450037008
2013-12-02,9655,33550,48937,3336,2904,0.09943368107302533,0.06908882849377772,0.3007767995857069,3993,0.41356809943034695,1.1969424460431655,0.10479880774962742,0.07164268585131894,0.19694244604316546,52.116164628690726,3.600597996711018,2051.191658083438,0.13076005961251863
2013-12-03,8687,30179,43453,2967,2598,0.09831339673282746,0.06945435297908084,0.2990675722343732,3499,0.40278577184298375,1.1793056959892148,0.10033466980350575,0.06673407482305359,0.1793056959892147,51.52349995024711,3.470580404685836,2051.691360669406,0.1334040226647669
2013-12-04,8546,29609,42676,2890,2531,0.09760545779999324,0.0686568563126816,0.29616194710975896,3455,0.4042827053592324,1.1955017301038062,0.10523827214698234,0.07128027681660899,0.19550173010380623,52.44205936042188,3.5332745403975307,2069.97683694354,0.1303657671653889
2013-12-06,7832,26298,37560,2717,2340,0.10331584150885999,0.07364217252396166,0.29877425944841673,3190,0.40730337078651685,1.174089068825911,0.11715719826602783,0.08833271991166727,0.17408906882591094,49.451120666692034,3.4437955647162104,2043.977456269757,0.12289907977792988
2013-09-14,6843,26234,38227,2160,1847,0.08233589997712892,0.05731550997985717,0.2699108578109016,2522,0.3685518047639924,1.1675925925925925,0.15384615384615385,0.12268518518518519,0.1675925925925926,58.459431583772634,3.5603692637707804,2180.8852144741586,0.1375314477395746
2013-09-16,10915,39439,57887,3565,3069,0.09039275843708004,0.06251835472558606,0.28117269812185064,4162,0.38131012368300504,1.167461430575035,0.10915591166104617,0.07152875175315568,0.16746143057503507,53.136750616279954,3.387353391126976,2079.9176421310576,0.12611881640001013
2013-09-17,10540,36668,53420,3487,2978,0.09509654194392932,0.06656682890303257,0.2825426944971537,4028,0.38216318785578746,1.155147691425294,0.10957783353332606,0.07255520504731862,0.15514769142529394,51.85180630704487,3.3883042858708756,2124.098900559641,0.13393149340024
2013-09-21,6701,25046,36686,2062,1758,0.08232851553142219,0.05707899471187919,0.2623489031487838,2378,0.3548724071034174,1.1532492725509214,0.1552343687614789,0.1309408341416101,0.15324927255092144,59.19938392607113,3.491734210737501,2272.9608838649415,0.13734728100295457
2013-09-22,7563,29917,43330,2339,2003,0.07818297289166695,0.054488806831294714,0.2648419939177575,2725,0.3603067565780775,1.1650277896536982,0.1630511080656483,0.1278324070115434,0.16502778965369816,61.062602579132474,3.581202906350915,2315.959759282256,0.13373667145769963
2013-09-26,9217,31411,44817,3158,2702,0.10053802807933526,0.07162460673405181,0.2931539546490181,3645,0.3954649018118694,1.1542115262824573,0.10938843080449524,0.08169727675744141,0.15421152628245724,48.991060881780164,3.3370829727910776,2056.0043429330008,0.1304320142625195
2013-09-27,8199,27490,39434,2846,2486,0.10352855583848672,0.07361667596490339,0.3032077082571045,3259,0.3974874984754238,1.1451159522136332,0.10618406693343034,0.08397751229796205,0.14511595221363316,49.576608784473954,3.3491221653255305,2070.3158111391313,0.13699527100763914
2013-09-28,6483,23840,34323,1999,1742,0.0838506711409396,0.059144014217871396,0.2687027610674071,2304,0.35539102267468764,1.152576288144072,0.1546979865771812,0.12906453226613307,0.15257628814407204,56.531159389839054,3.547024386134861,2188.691679524502,0.13057885906040267
2014-07-25,20584,80334,113447,5998,5085,0.07466328080264895,0.05378723104180807,0.24703653322969296,6631,0.32214341235911387,1.1055351783927976,0.12530186471481564,0.0906968989663221,0.1055351783927976,47.22348838657451,3.2915854694448607,1867.0999992410736,0.1285632484377723
2014-07-27,18948,81507,117694,5390,4566,0.06612928950887653,0.04632351691675022,0.2409753008233059,6010,0.3171838716487228,1.1150278293135436,0.19232703939538937,0.14322820037105752,0.1150278293135436,51.7722384541727,3.407574824485774,1977.8882021912405,0.13635638656802485
2014-09-17,27351,103020,148210,7589,6432,0.0736653077072413,0.05207475878820592,0.2351650762312164,8555,0.31278563855069286,1.1272894979575703,0.13424577751892836,0.09078930030307024,0.12728949795757016,55.8928956546237,3.3467108792119764,2038.827790053712,0.13083867210250436
2014-09-19,21369,80726,115709,6545,5521,0.08107672868716399,0.05747176105575193,0.25836492114745657,7255,0.3395105058729936,1.108479755538579,0.12580828977033423,0.08877005347593583,0.10847975553857907,55.41376574432213,3.360741220101053,2078.0948051893124,0.13402125709189108
2014-09-20,16255,66899,96469,4478,3769,0.0669367255115921,0.04703065233391038,0.23186711780990465,5038,0.3099354044909259,1.1250558284948637,0.17971868039881014,0.14448414470745868,0.12505582849486377,60.531065841036224,3.4478944362619854,2095.369480066285,0.13595121003303487
2014-09-22,26782,101936,144901,7516,6417,0.07373253806309842,0.052753259121745194,0.23960122470315884,8371,0.3125606750802778,1.1137573177221927,0.11661238424109245,0.07996274614156466,0.11375731772219265,56.01959552326723,3.3298243533098084,2098.9435269683454,0.13884201852142522
2013-01-26,6746,25891,46953,2043,1746,0.0789077285543239,0.043873660894937494,0.2588200415060777,2516,0.3729617551141417,1.2315222711698484,0.1430612954308447,0.12432697014194811,0.23152227116984828,72.05233325568756,3.8174790047876934,2342.2917461427182,0.1532192653817929
2013-01-27,7922,31847,58530,2438,2107,0.0765535215247904,0.042115154621561596,0.2659681898510477,2994,0.3779348649330977,1.2280557834290402,0.1490250259051088,0.10254306808859721,0.2280557834290402,72.73843483748817,3.717118265859101,2248.1060025856755,0.15674945834772505
2013-01-28,9175,31901,56007,2813,2456,0.08817905394815209,0.05102933561876194,0.2676839237057221,3362,0.3664305177111717,1.195165303945965,0.11316259678379988,0.08176324209029506,0.19516530394596515,62.37433053997858,3.6770018444317243,2186.178101332694,0.14532459797498512
2013-01-30,9014,31083,55044,2974,2594,0.09567931023388991,0.054792529612673495,0.28777457288662084,3534,0.39205680053250497,1.1882985877605918,0.10401183926905383,0.07498318762609281,0.1882985877605918,61.39340446168768,3.6378634433191768,2150.7308999611378,0.14191036901200013
2013-01-31,7311,22673,39037,2844,2474,0.1254355400696864,0.07385301124574122,0.33839420051976477,3401,0.46518944056900563,1.1958509142053446,0.10038371631455917,0.07630098452883263,0.1958509142053446,62.47201062887511,3.628332438718912,2235.330352317039,0.14462135579764476
2013-02-01,6120,18183,30373,2572,2177,0.14145080569762966,0.08616205182234221,0.355718954248366,3035,0.4959150326797386,1.1800155520995335,0.10520816146950449,0.07231726283048212,0.18001555209953343,62.91674947554378,3.6873007884583124,2298.1315655821923,0.13842600230984986
2013-02-02,5501,18415,32061,2065,1750,0.1121368449633451,0.0649699011259786,0.3181239774586439,2489,0.4524631885111798,1.2053268765133172,0.1406462123269074,0.12736077481840194,0.20532687651331719,72.20897149397722,3.877156125608138,2313.127488327372,0.15764322563127886
2013-02-05,7594,22734,37880,3068,2638,0.1349520541919592,0.08196937697993664,0.3473795101395839,3630,0.47800895443771396,1.183181225554107,0.10411718131433095,0.07235984354628422,0.1831812255541069,66.66508996065603,3.681782389179675,2195.0969784455287,0.15184305445588106
2013-02-06,7612,22551,38048,3213,2808,0.14247705201543168,0.08552354920100926,0.36889122438255384,3824,0.5023646873357857,1.1901649548708373,0.11041638951709458,0.07905384375972611,0.19016495487083723,63.96113609045987,3.7153683070954937,2207.274784334468,0.1386634739035963
2013-02-07,7253,24394,41935,2631,2249,0.10785439042387472,0.0638130439966615,0.31007858817041223,2756,0.37998069764235487,1.0475104522995058,0.09690907600229565,0.06917521854808058,0.047510452299505894,54.18418558655075,3.0518564356435642,2076.130613285698,0.12183323768139706
2013-02-09,6970,27181,49621,2130,1837,0.07836356278282623,0.04332842949557647,0.263558106169297,2557,0.36685796269727405,1.2004694835680751,0.13575659468010742,0.10657276995305165,0.20046948356807512,66.86732805212112,3.588215513376177,2238.4132558095744,0.13708104926235237
2014-05-19,19084,71175,102010,5858,4954,0.08230417983842642,0.058357023821194,0.2595891846573046,6463,0.338660658142947,1.103277569136224,0.11904460835967685,0.08262205530897918,0.10327756913622396,49.13217041732848,3.174231641841523,1967.644618211821,0.12264137688795224
2014-05-20,18977,69722,101213,5697,4848,0.08171022059034451,0.05734441227905506,0.2554671444380039,6356,0.3349317594983401,1.115674916622784,0.12085138119962135,0.08127084430401967,0.11567491662278392,50.80556951123233,3.218174234470062,1946.0919995856168,0.12894065001003988
2014-05-22,17513,64900,93487,5294,4553,0.08157164869029276,0.05749462492111203,0.2599783018329241,5906,0.33723519671101465,1.1156025689459765,0.10904468412942989,0.08216849263316962,0.11560256894597658,49.94582427578126,3.1947219691471456,1940.9465554409746,0.12682588597842834
2014-05-23,15616,58618,85009,4988,4226,0.08509331604626565,0.059770141984966295,0.27061987704918034,5527,0.3539318647540984,1.1080593424218124,0.11436760039578286,0.07898957497995189,0.10805934242181235,49.0933963713325,3.168911987964166,1890.0286837930298,0.12049199904466205
2014-05-25,11502,48281,69630,3509,2887,0.072678693481908,0.05099813298865431,0.250999826117197,3934,0.34202747348287255,1.1211171273867198,0.1687620388972888,0.13280136791108577,0.12111712738671987,58.11354028514589,3.4380847206884337,2159.2635085359525,0.12373397402704998
2014-02-21,10020,35730,52212,3253,2795,0.09104394066610691,0.06343369340381522,0.27894211576846306,3812,0.38043912175648703,1.1718413771902858,0.11382591659669745,0.08207808177067323,0.1718413771902859,61.31335837210606,3.4844486862789132,2189.3953205581315,0.13067450321858382
2014-02-22,8093,32104,47842,2514,2136,0.07830799900323947,0.05344676225910288,0.2639317929074509,3005,0.371308538242926,1.1953062848050915,0.17384126588587093,0.1368337311058075,0.1953062848050915,67.00838554817794,3.635354798374492,2318.6711290505796,0.12693122352354846
2014-02-24,12373,45560,66446,4027,3439,0.08838893766461808,0.0614634439996388,0.2779439101268892,4734,0.38260729006708155,1.1755649366774275,0.11079894644424934,0.06704742984852248,0.17556493667742737,61.588442100637224,3.5528125551049197,2226.6690966491346,0.13661106233538192
2014-11-14,20686,78975,110944,6257,5378,0.07922760367204812,0.05744339486587828,0.25998259692545683,6950,0.3359760224306294,1.110755953332268,0.1180246913580247,0.10516221831548665,0.11075595333226786,55.46592089593838,3.293366342918809,2048.011393376229,0.1296486229819563
2014-11-16,18965,81342,115816,5432,4613,0.06677976936883774,0.04750638944532707,0.24323754284207752,6116,0.3224887951489586,1.125920471281296,0.1719898699318925,0.15408689248895435,0.12592047128129602,63.315132355835466,3.5221273866495633,2186.0886352120224,0.13620269971232574
2014-11-17,25038,97397,138442,7167,6142,0.07358542870930317,0.052773002412562664,0.24530713315760044,7944,0.3172777378384855,1.1084135621598996,0.118473874965348,0.10032091530626483,0.10841356215989954,55.57604865470161,3.336314460872701,2047.2927968488495,0.13250921486288078
2014-11-18,24175,93469,130768,6892,5877,0.07373567706940269,0.05371344671479261,0.2431023784901758,7697,0.31838676318510856,1.11680208937899,0.11730092330077352,0.09416715031921068,0.11680208937899013,56.891461417423976,3.3584925894944555,2056.569923110179,0.13075993110015086
2013-12-08,7133,27267,39575,2319,2016,0.08504786005061063,0.05925457991156033,0.2826300294406281,2750,0.38553203420720594,1.1858559724018973,0.16085377929365166,0.1198792583009918,0.18585597240189736,52.53568543945958,3.5876889052709178,2100.6262933687726,0.12949719441082627
2013-12-10,8178,28310,40424,2733,2378,0.09653832567997174,0.06869681377399564,0.2907801418439716,3201,0.3914159941305943,1.1712403951701427,0.10974920522783468,0.0801317233809001,0.1712403951701427,49.105413911383,3.455048409405256,2089.4594119583558,0.13645354998233838
2013-12-11,8014,28750,41593,2758,2391,0.0959304347826087,0.06770370014185079,0.2983528824557025,3230,0.4030446718243075,1.1711385061638868,0.10935652173913044,0.08158085569253082,0.17113850616388687,49.71554936444367,3.493481528083604,2004.637216213636,0.13641739130434782
2013-12-13,7287,23683,33979,2353,2071,0.09935396698053456,0.07024927160893493,0.28420474818169345,2755,0.3780705365719775,1.1708457288567786,0.11214795422877169,0.07224819379515512,0.17084572885677857,46.29908241363271,3.4348471356485604,1970.7284735532396,0.11691930920913736
2013-12-14,5773,21283,31081,1802,1560,0.0846685147770521,0.05836363051381873,0.27022345401004677,2123,0.3677464056816213,1.1781354051054385,0.173753700136259,0.13706992230854606,0.1781354051054384,52.330870240504545,3.532725727238383,2075.7099296730826,0.13635295775971432
2013-12-15,6493,25247,36833,2235,1918,0.08852536935081395,0.06124942307170201,0.2953950408131834,2649,0.40797782227013707,1.185234899328859,0.1651285301223908,0.10961968680089486,0.18523489932885906,51.954974611234526,3.6483450830445694,2036.6915812943141,0.1284112963916505
2013-12-16,8060,28598,40840,2696,2328,0.09427232673613539,0.06718903036238981,0.288833746898263,3142,0.38982630272952856,1.1654302670623145,0.10591649765717882,0.08271513353115727,0.16543026706231453,47.869610862262036,3.454673126887157,2032.0894913721113,0.12458913210714036
2013-12-19,7415,26137,37543,2534,2197,0.09695068293989363,0.06842820232799723,0.29629130141604854,2967,0.40013486176668916,1.170876085240726,0.10869648391169606,0.0749802683504341,0.17087608524072612,47.87180174659108,3.458809980806142,1961.4717411580712,0.11963882618510158
2013-12-20,6851,24155,34965,2499,2163,0.10345684123369903,0.07241527241527242,0.31572033279813166,2912,0.4250474383301708,1.165266106442577,0.11935417097909336,0.08283313325330131,0.16526610644257703,44.77933377527345,3.4676776069796427,2036.9467207237478,0.12875181121920928
2013-12-22,5805,22337,33031,1824,1598,0.08165823521511394,0.05615936544458236,0.2752799310938846,2186,0.37657192075796725,1.1984649122807018,0.1665845905896047,0.13980263157894737,0.19846491228070176,48.01442716967606,3.631150490240173,2036.3059833235586,0.13864887854232888
2013-12-23,6920,25055,36213,2379,2030,0.0949511075633606,0.0669096733217353,0.29335260115606937,2814,0.40664739884393064,1.1828499369482977,0.12324885252444621,0.09163514081546868,0.1828499369482976,46.48346645367412,3.3585275975326443,1922.1348170481697,0.12129315505887049
2013-12-24,5116,18822,27460,1776,1552,0.09435766656040803,0.06565914056809906,0.3033620015637217,2105,0.4114542611415168,1.1852477477477477,0.13478907661247477,0.10810810810810811,0.18524774774774774,44.47968949383241,3.4186567164179102,1964.404655641491,0.1275634895335246
2013-12-25,5086,19223,27567,1538,1353,0.08000832336263851,0.056335473573475535,0.26602438065277234,1804,0.3546991742036964,1.1729518855656698,0.195442958955418,0.17360208062418725,0.1729518855656697,44.71984557595993,3.4844158560819998,1826.8250080107255,0.12979243614420224
2013-12-26,7732,28719,42271,2353,2055,0.08193182213865385,0.05637434647867332,0.2657785825142266,2743,0.3547594412829798,1.1657458563535912,0.17664264076047217,0.13557161070973225,0.16574585635359115,51.17869463707008,3.5720878198853305,1852.2466784923292,0.14067342177652425
2014-09-23,27561,103732,147714,7473,6361,0.07204141441406701,0.05124768133013797,0.23079714088748593,8415,0.3053227386524437,1.1260537936571657,0.12189102687695215,0.07961996520808243,0.1260537936571658,57.465942525298324,3.3770828489498568,2072.97796001005,0.13681409786758184
2014-09-25,24120,91436,129773,6741,5751,0.07372369744958222,0.0528615351421328,0.23843283582089553,7574,0.31401326699834164,1.1235721703011423,0.11996369045015093,0.08915591158581813,0.12357217030114226,57.07707122769005,3.364132287759973,2072.7020327726323,0.13157837175729473
2014-09-26,20316,76729,109873,6158,5245,0.08025648711699618,0.05695666815323146,0.25817089978342195,6814,0.3354006694231148,1.1065280935368627,0.122652452136741,0.09207534913933095,0.10652809353686261,54.796653494529,3.319398212460357,2088.372961079821,0.13148874610642652
2014-07-30,29585,115687,163665,7536,6434,0.06514128640210222,0.046790700516298536,0.21747507182693931,8343,0.28200101402737876,1.1070859872611465,0.13339441769602461,0.09885881104033971,0.1070859872611465,50.51196292229073,3.248723085061179,1868.647869449026,0.13213239171211977
2014-07-31,24470,94794,135301,6914,5903,0.07293710572399097,0.05180301697696248,0.24123416428279526,7694,0.31442582754393134,1.1128145791148394,0.13165390214570544,0.1002314145212612,0.11281457911483946,46.36090932128226,3.197738376591032,1837.170201118658,0.13365824841234678
2014-08-03,19463,86069,124552,5491,4537,0.06379765072209506,0.04458378829725737,0.2331089760057545,6136,0.3152648615321379,1.1174649426334,0.18561851537719737,0.1384083044982699,0.11746494263340011,52.67071667751837,3.3915768099705925,2009.6396777857606,0.13345106832889891
2013-07-18,9781,35618,60709,3119,2699,0.08756808355325958,0.052084534418290536,0.2759431550966159,3570,0.3649933544627339,1.1445976274446938,0.12083777865124375,0.09329913433792883,0.14459762744469382,43.418978677858206,3.351662946113199,1882.4138904064832,0.12297153124824527
2013-07-21,8209,33092,57433,2596,2171,0.07844796325395866,0.04563578430519039,0.2644658301863808,2946,0.35887440613960286,1.1348228043143298,0.1761452919134534,0.1263482280431433,0.13482280431432975,49.568383712821756,3.4153003802281368,2012.5319235469717,0.12293001329626496
2013-07-23,10889,40117,68830,3551,3006,0.08851609043547623,0.052535231730350136,0.27605840756726974,4071,0.37386353200477546,1.146437623204731,0.11862801306179425,0.09349479019994368,0.14643762320473105,44.23918918918919,3.297476158123852,1999.213940954917,0.11972480494553431
2013-07-25,9738,35654,60710,3207,2722,0.08994783194031525,0.05371437983857684,0.27952351612240706,3666,0.3764633394947628,1.1431244153414406,0.11266618051270545,0.08886810102899906,0.1431244153414406,44.12838560729771,3.250789978557725,1925.9466027557214,0.12433387558198239
2013-07-28,8652,36348,62767,2921,2404,0.0803620556839441,0.04690362770245511,0.2778548312528895,3325,0.3843042071197411,1.138308798356727,0.17406734896005283,0.14275932899691887,0.13830879835672716,49.37154379471315,3.3537173587625437,2052.4889671477304,0.1371739848134698
2013-10-01,10306,35896,51543,3550,3092,0.09889681301537775,0.07003860854044196,0.3000194061711624,4121,0.399864156801863,1.1608450704225353,0.10399487408067751,0.07915492957746478,0.1608450704225352,49.51712300092104,3.3072186301676605,2069.646013917813,0.1332460441274794
2013-10-02,10063,34530,49101,3434,2994,0.09944975383724297,0.0712205454064072,0.2975255887906191,3981,0.39560767166848854,1.1592894583576006,0.10834057341442224,0.07775189283634246,0.15928945835760047,49.3550735144854,3.3276338364011746,2083.6201805042083,0.136750651607298
2013-10-03,9369,32242,46405,3310,2887,0.1026611252403697,0.07307402219588406,0.30814387874906607,3869,0.41295762621411036,1.168882175226586,0.10663110228893989,0.07220543806646526,0.1688821752265861,47.292114193206935,3.332636244459704,1989.1637185186642,0.12344147385397929
2013-10-06,7917,30782,44476,2508,2151,0.08147618738223637,0.05728932457954852,0.27169382341796133,2907,0.3671845395983327,1.1590909090909092,0.1579819374959392,0.11523125996810207,0.1590909090909091,58.3095811893441,3.5180242067386325,2173.70532923697,0.14742381911506725
2013-10-07,10561,36874,51968,3498,3051,0.09486358952107175,0.06833051108374384,0.2888930972445791,4030,0.3815926522109649,1.152086906803888,0.10351467158431416,0.07947398513436249,0.15208690680388792,49.48248498518901,3.3212561045480586,1995.878421962923,0.12694581547974182
2013-10-08,10268,36134,51049,3427,2978,0.09484142358997066,0.06818938666771142,0.29002726918582,3992,0.3887806778340475,1.1648672308141232,0.10557923285548237,0.0758681062153487,0.16486723081412313,51.10553724273566,3.396604423696788,2029.7927210107953,0.12852161399236176
2013-10-09,10111,35177,49827,3399,2969,0.09662563606902237,0.06929977722921307,0.293640589457027,3988,0.3944219167243596,1.1732862606649015,0.11243141825624697,0.08590761988820242,0.17328626066490144,48.77837899413339,3.3250371046923166,2044.4814490129731,0.1346902805810615
2013-10-11,8461,28913,40528,2998,2520,0.10369038148929548,0.07505921831819977,0.2978371350904148,3430,0.40538943387306464,1.1440960640426951,0.11109189637879155,0.08038692461641093,0.14409606404269512,48.20078317219392,3.3001250955591077,2020.7622373445927,0.13142876906581816
2013-10-13,7116,27908,40075,2283,1969,0.08180450050164827,0.05784154709918902,0.27670039347948283,2695,0.3787240022484542,1.1804643013578624,0.15397018775978213,0.13315812527376258,0.18046430135786246,59.936096160746324,3.628256404713004,2274.581362212302,0.13995986813816827
2013-12-28,6791,25997,39364,2005,1723,0.07712428357118128,0.05174778985875419,0.2537181563834487,2382,0.35075835664850535,1.1880299251870323,0.18706004538985269,0.1371571072319202,0.18802992518703243,56.93535594655989,3.6627134358340414,1992.5986733662633,0.1405931453629265
2013-12-30,8827,32378,47319,2770,2397,0.0855519179689913,0.05940531287643441,0.27155318907896225,3371,0.3818964540614025,1.2169675090252707,0.15025634690221756,0.11913357400722022,0.21696750902527076,59.86129401217966,3.709987295094667,1986.0453966050827,0.13351658533572178
2014-01-01,7322,29018,43677,2172,1888,0.07485009304569577,0.05041555051857957,0.2578530456159519,2650,0.3619229718656105,1.220073664825046,0.20121993245571715,0.14318600368324125,0.22007366482504603,69.95522285083483,3.8523278370514062,2093.0996178947644,0.14129161210283273
2014-01-05,8665,34819,52641,2512,2189,0.07214451879720842,0.04811838680876123,0.25262550490478936,3132,0.3614541257934218,1.2468152866242037,0.194089433929751,0.14888535031847133,0.24681528662420382,74.27111865577166,3.9336219336219336,2174.301836096578,0.14204888135787933
2014-01-09,11339,40542,59668,3669,3142,0.09049874204528637,0.06234497553127304,0.27709674574477466,4488,0.39580209895052476,1.223221586263287,0.11425188693207045,0.07358953393295176,0.223221586263287,67.52961517561626,3.7300663629160065,2224.971430961598,0.12535148734645551
2014-01-10,10604,37234,54791,3353,2895,0.09005210291668905,0.06216349400448979,0.273010184835911,4060,0.38287438702376464,1.210855949895616,0.11583498952570231,0.07306889352818371,0.21085594989561587,64.77996181666622,3.7323932269197586,2176.659565176166,0.13675672772197453
2014-11-20,22785,86575,120800,6457,5588,0.07458273173548946,0.054561258278145695,0.24524906736888305,7182,0.3152073732718894,1.1122812451602913,0.12279526422177303,0.10686077125600124,0.11228124516029116,55.25050852942536,3.385444650301065,2077.62263759855,0.129136586774473
2014-11-21,20514,78035,108390,6268,5300,0.08032293201768437,0.058732355383337945,0.25836014429170323,6861,0.33445451886516525,1.0946075303126994,0.12857051323124238,0.11933631142310147,0.09460753031269943,55.282501378399516,3.2898857928341108,2088.3604673506106,0.12382905106682898
2014-11-23,19977,85821,120995,5680,4710,0.06618426725393552,0.047696185792801354,0.23577113680732842,6280,0.31436151574310456,1.1056338028169015,0.1755514384591184,0.14859154929577464,0.1056338028169014,60.15180101915879,3.5338287877725585,2165.296321616714,0.11915498537653954
2013-05-01,9381,35292,60534,3243,2774,0.09189051343080584,0.054300062774639044,0.2957040827203923,3738,0.3984649824112568,1.15263644773358,0.11824209452567154,0.09435707678075855,0.15263644773358,52.427372075815356,3.3193901150672414,2088.836421584304,0.12866938682987647
2013-05-05,7183,29450,52570,2521,2070,0.08560271646859083,0.04856381966901274,0.28818042600584715,2882,0.4012251148545176,1.14319714399048,0.14475382003395587,0.10987703292344307,0.14319714399047997,59.16564815130928,3.5240998938028842,2376.2800921675753,0.1369100169779287
2013-05-06,9647,34612,59673,3242,2796,0.09366693632266267,0.05521760260084125,0.2898310355550949,3744,0.38809992743858196,1.1548426896977175,0.1141800531607535,0.08019740900678593,0.15484268969771744,51.72825960756995,3.3484552892874824,2088.6626516623164,0.13249739974575292
2013-05-07,9895,35471,60734,3517,2976,0.09915141946942573,0.058649191556623965,0.30075795856493176,4018,0.40606366851945425,1.142450952516349,0.1022525443319895,0.07364230878589707,0.14245095251634915,51.12860862674063,3.3207975913196615,2058.611015323939,0.12472160356347439
2013-05-09,8837,31357,53733,3077,2653,0.098128009694805,0.05782293934825898,0.3002150050922259,3535,0.40002263211497113,1.148846278843029,0.11219185508817808,0.07474813129671758,0.14884627884302892,50.328712744501715,3.352051142021909,2154.1514480163664,0.1314539018400995
2013-05-11,6499,25954,45594,2227,1853,0.08580565616090005,0.049699521866912316,0.28512078781350975,2520,0.3877519618402831,1.1315671306690616,0.14471757725206133,0.11180960933991918,0.1315671306690615,56.46839558738146,3.4599767080745343,2325.8437253425777,0.13859135393388303
2013-05-13,10150,36477,62267,3611,3028,0.0989938865586534,0.058827308204988195,0.29832512315270937,4079,0.401871921182266,1.1296039878150097,0.10294157962551745,0.06480199390750485,0.1296039878150097,49.057543067862845,3.312675978578921,2069.29198581654,0.13030128574170025
2014-08-04,26323,105675,152237,7508,6393,0.07104802460373788,0.04996157307356293,0.242867454317517,8324,0.3162253542529347,1.1086840703249867,0.12614147149278448,0.09762919552477357,0.10868407032498668,47.84163187244961,3.2817147690231594,1856.405019086586,0.12524248876271588
2014-12-22,24598,95731,130846,6436,5446,0.06723005087171345,0.05002063494489706,0.2214001138303927,6983,0.28388486868851126,1.0849906774394034,0.13810573377484828,0.12057178371659416,0.08499067743940336,48.28163214114007,3.330208812821693,1929.3626131188796,0.12773291828143443
2013-02-26,9831,35503,61783,3232,2764,0.09103456045967946,0.053089037437482806,0.2811514596683959,3786,0.38510833079035706,1.171410891089109,0.09863955158718982,0.06342821782178218,0.17141089108910892,57.29975958138877,3.3744300045599633,2108.7195722469073,0.1323550122524857
2013-02-27,9715,34513,59745,3218,2759,0.09324022831976357,0.054715875805506735,0.2839938239835306,3815,0.39269171384457024,1.185518955873213,0.09747051835540231,0.0742697327532629,0.18551895587321318,56.163743200395615,3.3613255452170594,2140.4254204404597,0.1365862138904181
2013-02-28,9178,32009,55375,3064,2666,0.09572307788434503,0.05598194130925508,0.29047722815428195,3600,0.39224231858792763,1.174934725848564,0.10743853291261833,0.07865535248041776,0.17493472584856398,56.3846129710395,3.3202476076177243,2055.3407393376324,0.1314942672373395
2013-03-03,8512,35528,64033,2751,2309,0.07743188471065075,0.043540049661893086,0.2712640977443609,3260,0.38298872180451127,1.1850236277717194,0.14307025444719657,0.1079607415485278,0.18502362777171938,65.53093643121626,3.491846351563616,2323.0185476818874,0.15185206034676874
2013-03-04,10157,36296,63711,3371,2890,0.09287524796120784,0.05367989829071903,0.2845328344983755,3897,0.3836762823668406,1.156036784336992,0.10516310337227243,0.07742509641056067,0.156036784336992,54.43308349697154,3.275970589873559,2069.397344888459,0.14117258100066124
2013-03-08,8373,30036,51795,2926,2475,0.09741643361299773,0.05743797663867169,0.29559297742744534,3424,0.40893347665114055,1.1701982228298018,0.1067052869889466,0.07963089542036911,0.17019822282980177,54.08045323885286,3.281857960282733,2105.8029047760792,0.1461579438007724
2013-03-09,7198,28866,52197,2298,1969,0.07960922885055081,0.04450447343717072,0.27354820783550987,2703,0.37552097804945817,1.1762402088772845,0.14830596549573893,0.12097476066144473,0.1762402088772846,60.31473687871726,3.4318947368421053,2177.3608992998193,0.13940275756945888
2013-03-10,8286,33980,61221,2590,2172,0.07622130665097115,0.04269776710605838,0.2621288921071687,3072,0.37074583635047065,1.186100386100386,0.15344320188346086,0.1193050193050193,0.1861003861003861,66.17077345294656,3.5205870969662687,2234.078787746908,0.1418481459682166
2014-06-05,18939,72665,103764,6041,5079,0.08313493428748366,0.059220924405381445,0.268176778076984,6696,0.35355615396800255,1.1084257573249463,0.11162182618867406,0.0759807978811455,0.1084257573249462,48.946674011844095,3.2120526475538753,1900.5027618610309,0.1296910479598156
2014-06-08,15503,66877,96469,4748,3920,0.07099600759603451,0.04990204107018835,0.2528542862671741,5265,0.3396116880603754,1.1088879528222408,0.1753517651808544,0.13100252737994944,0.10888795282224094,52.78738908590325,3.327523362383188,2050.169702833284,0.12470655083212465
2014-01-12,9501,39007,58988,2890,2507,0.07408926602917425,0.04967111954973893,0.2638669613724871,3586,0.37743395432059784,1.2408304498269895,0.18729971543569102,0.14463667820069204,0.24083044982698962,75.20874384236453,3.9493123164889505,2238.587525827315,0.14705052939216037
2014-01-15,11875,42188,61796,3797,3274,0.09000189627382194,0.062220855718816755,0.27570526315789473,4581,0.3857684210526316,1.206478799051883,0.12152744856357257,0.07690281801422176,0.20647879905188307,68.63297417884944,3.733274626936716,2113.5652949140613,0.12150374514079833
2014-01-18,8195,32623,49021,2419,2087,0.07415013947215154,0.0498153852430591,0.2546674801708359,3002,0.3663209273947529,1.2410086812732535,0.17735953161879656,0.1298057048367094,0.24100868127325342,75.73121644423992,3.916723066510798,2330.0115763244007,0.13818471630444779
2014-01-20,11773,43490,63336,3770,3232,0.08668659461945274,0.06037640520399141,0.2745264588465132,4561,0.387411874628387,1.209814323607427,0.13115658772131525,0.07931034482758621,0.20981432360742705,68.63557663527732,3.682323314003188,2199.543725471538,0.14152678776730282
2014-11-25,24614,95025,132588,7119,5958,0.0749171270718232,0.054446857935861466,0.24205736572682213,7829,0.31807101649467784,1.099733108582666,0.12034727703235991,0.10099733108582666,0.09973310858266611,54.69301331198922,3.4104709942273392,2127.2836407899754,0.12894501446987636
2014-11-26,23965,90996,127841,6748,5729,0.07415710580684866,0.05359782855265525,0.2390569580638431,7421,0.3096599207177133,1.0997332542975697,0.13851158292672205,0.10951393005334914,0.09973325429756966,53.591942205557324,3.4323243671931793,2141.4911360400038,0.12636819200843993
2014-11-27,18890,73428,103043,5108,4280,0.06956474369450345,0.05047407393030094,0.22657490735839067,5589,0.2958708311275807,1.0941660140955365,0.15438252437762162,0.14487079091620986,0.09416601409553642,56.449696721870104,3.437261890131498,2295.955119036437,0.13501661491529118
2014-11-30,20652,87502,122825,5768,4785,0.0659184932915819,0.04779971504172603,0.23169668797210924,6326,0.3063141584350184,1.096740638002774,0.19177847363488834,0.1555131761442441,0.09674063800277392,59.73889924413086,3.5995347024846427,2158.5569907540494,0.12397430915864781
2014-08-09,16761,70393,101989,4832,4084,0.06864318895344708,0.04799537204992695,0.24366087942246883,5381,0.3210428972018376,1.1136175496688743,0.1789098347847087,0.1459023178807947,0.11361754966887418,52.13875822473603,3.363715525609547,1990.1593522392095,0.12661770346483314
2014-08-13,27997,106200,152262,7781,6639,0.07326741996233521,0.05214038959162496,0.23713254991606245,8672,0.30974747294352967,1.1145097031229918,0.12204331450094162,0.09137642976481172,0.1145097031229919,50.96915540063121,3.234722340415473,1939.6483060597043,0.13261770244821092
2014-12-28,23378,100729,139478,5610,4726,0.05569399080701685,0.04084515120664191,0.2021558730430319,6146,0.26289674052528017,1.0955436720142602,0.24438840850202026,0.20659536541889484,0.09554367201426026,60.685411678208425,3.513478027334036,2012.542984550857,0.1374877145608514
2014-12-29,29777,121719,166937,7072,5990,0.058101035992737374,0.04298028597614669,0.2011619706484871,7763,0.2607045706417705,1.0977092760180995,0.18144250281385815,0.15794683257918551,0.09770927601809955,59.74312356612477,3.505309078936538,1964.4452536841736,0.1308094874259565
2013-11-01,7024,24109,34646,2519,2188,0.10448380272927123,0.07443860763147261,0.311503416856492,2958,0.421127562642369,1.1742755061532355,0.11622215770044382,0.08019055180627233,0.17427550615323542,52.63995846313603,3.4828304717452907,2130.632171612118,0.13542660417271557
2013-11-05,9056,31159,45411,3132,2688,0.10051670464392311,0.07013719142938936,0.2968197879858657,3725,0.41132950530035334,1.1893358876117497,0.10539490997785551,0.06449553001277139,0.1893358876117497,51.287618864045236,3.4943006182380216,2019.02652637497,0.14474148721075772
2013-11-06,8994,30530,44020,3065,2656,0.1003930560104815,0.07069513857337574,0.29530798309984435,3601,0.40037802979764286,1.1748776508972267,0.1141827710448739,0.0799347471451876,0.17487765089722676,51.366527855198875,3.4578317215972634,1962.6083788125654,0.13121519816573862
2013-11-09,6030,22930,33691,1989,1714,0.08674225904928042,0.06007539105399068,0.28424543946932007,2343,0.38855721393034826,1.1779788838612368,0.14823375490623636,0.12518853695324283,0.1779788838612368,58.66711825889345,3.645794023432358,2172.874018008184,0.1272132577409507
2013-11-10,6974,26422,38450,2235,1956,0.08458860040875028,0.058543563068920675,0.2804703183252079,2688,0.38543160309721824,1.2026845637583892,0.15960184694572704,0.12348993288590604,0.20268456375838925,60.558552406964836,3.765737324559735,2232.604437480362,0.14760426916963137
2013-11-12,9420,31562,45547,3096,2687,0.09809264305177112,0.06893977649460996,0.28524416135881103,3613,0.38354564755838644,1.1669896640826873,0.10848488688929725,0.0791343669250646,0.16698966408268734,52.79590865842055,3.523547381149367,2104.021972247611,0.13243774158798555
2013-11-13,8999,31287,45459,3017,2645,0.09642982708473168,0.0673354011306892,0.2939215468385376,3544,0.3938215357261918,1.1746768312893603,0.11001374372742673,0.08882996353994034,0.1746768312893603,51.62649561712202,3.539700879388921,2056.4179301966,0.13225940486464027
2013-11-15,7309,24918,35813,2607,2267,0.10462316397784734,0.07410716778823333,0.31016554932275275,3017,0.4127787659050486,1.1572688914461067,0.11393370254434546,0.0774836977368623,0.15726889144610665,52.25256178420735,3.4735887096774194,2085.690420316381,0.1295047756641785
2013-11-17,7104,27950,41241,2244,1946,0.08028622540250448,0.055357532552556925,0.27393018018018017,2659,0.37429617117117114,1.1849376114081998,0.16361359570661896,0.11541889483065954,0.18493761140819964,60.36284168666929,3.628827080638206,2148.4957605040745,0.13273703041144902
2013-03-13,9558,35050,61467,3270,2805,0.09329529243937233,0.05415914230400052,0.29347143753923416,3806,0.398200460347353,1.163914373088685,0.10082738944365192,0.06574923547400612,0.163914373088685,52.7452832889576,3.273643769137443,2071.6875732538742,0.132867332382311
2013-03-16,7033,27495,49379,2270,1948,0.08256046553918894,0.046396241317159116,0.2769799516564766,2676,0.3804919664439073,1.178854625550661,0.14519003455173668,0.12158590308370044,0.17885462555066078,59.40025580120592,3.3656294983944193,2254.680853610365,0.13955264593562466
2013-03-17,8207,33174,60173,2687,2240,0.08099716645565805,0.045169760523822974,0.272937736078957,3160,0.38503716339710004,1.1760327502791217,0.15147404593959124,0.12020841086713807,0.17603275027912169,63.282377855090004,3.464930534304425,2256.8029983099646,0.15512148067763912
2013-03-18,9751,35703,62328,3203,2742,0.08971234910231633,0.05185470414580927,0.28120192800738386,3687,0.378115065121526,1.151108335935061,0.10789009326947316,0.06962222916016235,0.15110833593506087,54.206488098587585,3.2967465850478943,2111.7018957805694,0.1371593423521833
2013-03-21,9004,32519,56563,2793,2438,0.08588824994618531,0.04996198928628255,0.27076854731230565,3252,0.3611728120835184,1.1643394199785178,0.1098127248685384,0.08342284282133906,0.16433941997851773,53.211124494270976,3.362698981340145,2076.4667402788077,0.13266090593191673
2013-03-22,8129,28565,49280,2779,2416,0.09728688955014879,0.05710227272727273,0.29720752860130395,3211,0.3950055357362529,1.1554516012954301,0.10866444950113775,0.07088880892407341,0.15545160129543,53.41272407732865,3.2741952618718795,2087.3232324412556,0.12651846665499739
2013-03-23,6971,27488,49107,2314,1950,0.08418218859138533,0.04763068401653532,0.27973031128962844,2668,0.38272844642088655,1.152981849611063,0.15337601862630967,0.11408815903197926,0.1529818496110631,60.007845283707354,3.4201618837380425,2268.3647202825696,0.13511350407450523
2013-03-25,9803,34975,60848,2939,2550,0.08403145103645461,0.049007362608467,0.26012445169845966,3381,0.3448944200754871,1.15039128955427,0.10990707648320229,0.08710445729840081,0.15039128955427017,52.2437609488527,3.2466079090803666,1977.8381905620915,0.1361829878484632
2013-03-26,9573,33437,58072,3210,2767,0.09600143553548464,0.055775588924094226,0.28904209756607124,3749,0.39162227097043767,1.1679127725856697,0.10572120704608667,0.07881619937694705,0.16791277258566978,53.10648773604731,3.32218891008752,2075.635825306845,0.1334748930825134
2014-12-01,31908,123826,175644,9246,7848,0.07466929400933568,0.0535571952358179,0.2459571267393757,10267,0.32176883540178014,1.1104261302184728,0.1289389950414291,0.09863724853990916,0.11042613021847285,54.07701258090321,3.433246984538169,1939.379546782441,0.12339896306106957
2014-12-03,30568,113529,156694,7793,6621,0.06864325414651763,0.050576282435830344,0.21659905783826222,8534,0.2791808427113321,1.0950853329911459,0.15067515788917368,0.11074040805851405,0.0950853329911459,53.41120424477996,3.316910362364908,1928.1035836907083,0.12543050674277056
2014-11-02,20509,87002,121421,5684,4743,0.06533183145215052,0.04752884591627478,0.23126432298015506,6291,0.3067433809547028,1.1067909922589725,0.1664674375301717,0.14655172413793102,0.10679099225897255,64.9842853034225,3.608736263102665,2243.831074668646,0.1290659984827935
2014-11-05,29004,105028,144944,7397,6354,0.07042883802414594,0.051833811678993265,0.21907323127844436,8235,0.2839263549855192,1.1132891712856563,0.11880641352782115,0.10963904285521157,0.11328917128565635,56.17304467144382,3.313231151219978,1940.981755846587,0.12402406977187036
2014-07-15,27515,104718,153441,7128,6080,0.06806852690081934,0.047249431377532736,0.22097037979284026,8019,0.291441032164274,1.125,0.13156286407303425,0.09329405162738497,0.125,48.9181817313296,3.3057671068427372,1856.350196014596,0.1316010618995779
2013-06-02,7771,32344,57977,2663,2188,0.08233366312144447,0.046449454093864806,0.28155964483335477,3045,0.39184146184532237,1.143447239954938,0.1546809300024734,0.11753661284265865,0.14344723995493805,54.16324629761868,3.4075491660443116,2273.2749339750835,0.14259213455354935
2013-06-06,9393,33402,57250,3311,2828,0.09912580085024848,0.058602620087336244,0.3010752688172043,3781,0.4025338017672735,1.1419510721836303,0.1022393868630621,0.07248565388100271,0.14195107218363032,47.32833263183212,3.3082557193236277,1982.6135064562811,0.12996227770792168
2013-06-08,6783,27297,47810,2233,1862,0.08180386123017182,0.047416858397824724,0.27450980392156865,2556,0.37682441397611677,1.1446484549932825,0.14554712972121478,0.10927004030452306,0.14464845499328258,53.180282001251705,3.5047495841803733,2277.0939316216636,0.1292449719749423
2013-06-09,8074,34171,61154,2711,2261,0.0793362793011618,0.04500114465120843,0.2800346792172405,3149,0.3900173396086203,1.1615639985245296,0.15925785022387404,0.12873478421246773,0.16156399852452968,55.198473058288066,3.5493841711356002,2146.821034012076,0.12861783383570863
2013-06-10,10479,38788,67427,3534,2997,0.09111065277921007,0.05328725881323505,0.28600057257371886,4015,0.3831472468747018,1.1361063950198076,0.11658244817984943,0.07498585172608942,0.1361063950198076,46.446751767173296,3.3713231472819873,1967.203876774055,0.13560895122202743
2013-06-12,10000,36566,62777,3523,2988,0.09634633265875403,0.057027255204931744,0.2988,4045,0.4045,1.1481691739994322,0.1136028004156867,0.08657394266250355,0.1481691739994323,46.29442934409576,3.27046783625731,1986.8403128366351,0.1244872285729913
2013-06-14,8236,30107,50717,2982,2528,0.09904673331783306,0.05958554330894966,0.30694511898980087,3390,0.41160757649344343,1.13682092555332,0.11977281030989471,0.09188464118041582,0.13682092555331993,44.5521955122862,3.337955692184315,1982.8675915926597,0.11870993456671206
