date_key,active_users,sessions,booking_sessions,session_booking_rate,sessions_per_user,avg_rows_per_session,avg_weighted_events_per_session,median_session_duration_seconds,avg_time_to_first_booking_seconds,multi_destination_session_share,booking_value_proxy_total,booking_value_proxy_per_session
2014-04-04,15505,19146,4263,0.22265747414603573,1.234827475008062,2.924892928026742,4.2259479786900656,143.0,670.8796622097115,0.1367909746161078,5402,0.28214770709286535
2013-03-24,8291,10390,2322,0.22348411934552453,1.2531660837052225,3.2473532242540903,5.761308950914341,182.0,733.7975882859604,0.1695861405197305,3085,0.29692011549566893
2014-08-14,24176,30090,6236,0.2072449318710535,1.2446227663798808,3.0770687936191425,4.4181123296776335,158.0,743.7184092366901,0.1327351279494849,7784,0.2586905948820206
2013-05-02,8701,10611,2678,0.2523796060691735,1.2195149982760602,2.9233813966638396,4.989162190180002,139.0,593.5840179238237,0.1413627367825841,3480,0.3279615493355951
2013-06-13,9297,11400,2873,0.25201754385964914,1.2262020006453695,2.9917543859649123,5.129473684210526,142.0,633.3094326487992,0.14140350877192984,3783,0.3318421052631579
2014-10-10,21954,27284,5840,0.21404486145726434,1.242780358932313,3.071580413429116,4.295301275472805,156.0,736.967294520548,0.1293798563260519,7248,0.26565019791819383
2014-11-01,16229,20170,4056,0.20109072880515616,1.2428368969129335,3.356965790778384,4.713138324243927,206.0,817.5742110453649,0.1553296975706495,5170,0.25632126921170056
2014-11-04,26573,32884,6761,0.20560150833231966,1.2374967071839837,3.0798868750760247,4.271013258727649,159.0,698.684366218015,0.1331650650772412,8461,0.25729838219194745
2014-07-02,23705,29566,6023,0.2037137252249205,1.247247416156929,3.1193600757627005,4.463809781505784,160.0,752.6363938236759,0.13552729486572415,7537,0.25492119326253126
2013-11-14,8142,9866,2515,0.25491587269410093,1.2117415868337018,2.831035880802757,4.1017636326778835,146.0,659.5598409542744,0.12750861544698966,3278,0.3322521792012974
2014-08-26,26796,33482,6358,0.189893076877128,1.2495148529631288,3.012185651992115,4.336449435517592,145.0,731.1574394463668,0.12675467415327638,8078,0.24126396272624095
2014-09-09,27778,34573,6764,0.19564399965290835,1.2446180430556555,3.0107309171897145,4.285540739883724,148.0,723.0598758131283,0.13053538888728197,8669,0.2507448008561594
2014-02-23,9728,11955,2539,0.2123797574236721,1.2289268092105263,3.2733584274362193,4.924717691342535,194.0,794.1614808979913,0.1606022584692597,3458,0.2892513592639063
2013-11-16,5800,6916,1690,0.24436090225563908,1.1924137931034482,3.173076923076923,4.606998264893002,182.0,775.7402366863905,0.15066512434933488,2246,0.3247541931752458
2014-11-13,24039,29511,6007,0.20355121818982752,1.2276301010857358,3.087492799295178,4.351258852631222,161.0,738.394539703679,0.12229338212869777,7390,0.25041509945444074
2014-12-04,24543,30394,6145,0.2021780614594986,1.2383979138654606,3.05382641310785,4.206751332499835,155.0,724.9217249796583,0.12926893465815623,7666,0.25222083305915644
2014-02-20,10721,13130,3225,0.24562071591774562,1.2246991885085345,2.9912414318354914,4.383320639756283,160.0,678.0728682170543,0.14295506473724295,4333,0.33000761614623003
2013-07-19,8919,11058,2798,0.25302948091879185,1.2398250924991592,2.991408934707904,5.068185928739374,145.0,655.1833452466047,0.14622897449810093,3621,0.32745523602821486
2014-09-28,18944,23462,4511,0.1922683488193675,1.2384923986486487,3.398005285141932,4.930099735742903,198.0,843.8488140101973,0.14623646747932828,5863,0.24989344471912028
2014-03-15,11798,14770,3026,0.2048747461069736,1.2519071028987965,3.249898442789438,4.759309410968179,179.0,798.5485789821547,0.15863236289776575,3925,0.2657413676371022
2014-12-30,30127,38242,6462,0.1689765179645416,1.2693597105586352,3.2128549762041736,4.385936927984938,174.0,823.2706592386259,0.14371633282778098,8040,0.21024005020657915
2014-08-11,25291,31348,6370,0.20320275615669262,1.2394923095172197,3.088299094041087,4.417825698609161,157.0,730.5301412872841,0.13716983539619754,7992,0.25494449406660713
2014-08-01,21560,26763,5591,0.20890782049844936,1.241326530612245,3.16395770279864,4.524305944774502,164.0,754.6394204972277,0.14131450136382318,6944,0.259462691028659
2013-07-22,11069,13746,3121,0.2270478684708279,1.241846598608727,3.0184053542848828,5.13734904699549,139.0,659.4815764178148,0.15298996071584461,3987,0.2900480139676997
2014-06-17,20904,26127,5339,0.20434799249818195,1.2498564867967854,3.132851073602021,4.600413365483982,162.0,745.167821689455,0.1430703869560225,6713,0.25693726796034755
2013-11-04,9106,11019,2773,0.2516562301479263,1.2100812650999342,2.932208004356112,4.226064071149832,156.0,685.4954922466643,0.13313367819221344,3610,0.32761593611035483
2014-07-26,15935,19882,3928,0.197565637259833,1.247693755883276,3.423750125741877,4.902223116386682,194.0,832.7561099796334,0.15667437883512725,4920,0.24746001408309024
2014-11-12,25755,31671,6402,0.20214075968551673,1.2297029702970297,3.0768210665908877,4.307663161883111,154.0,722.7969384567323,0.12004673044741246,7979,0.25193394588108997
2013-09-09,10336,12736,2790,0.2190640703517588,1.2321981424148607,2.8165829145728645,4.045618718592965,119.0,575.9458781362007,0.13410804020100503,3310,0.259893216080402
2014-10-27,26569,33009,6865,0.20797358296222243,1.242387745116489,3.0680117543700205,4.270532279075404,158.0,691.7538237436271,0.13344845345208883,8490,0.25720258111424155
2014-09-21,19337,24200,4577,0.1891322314049587,1.2514867869886745,3.3665702479338844,4.884049586776859,208.0,847.2372733231374,0.15144628099173554,5857,0.24202479338842975
2014-10-09,24989,31122,6453,0.20734528629265472,1.2454279883148585,3.0763447079236554,4.294679005205321,158.0,711.8196187819618,0.12261422787738577,8004,0.25718141507615194
2014-10-03,22136,27329,5918,0.21654652566870358,1.2345952294904228,3.036115481722712,4.224816129386366,157.0,707.5417370733356,0.13374071499140108,7295,0.2669325624794175
2014-02-10,12144,14910,3465,0.2323943661971831,1.2277667984189724,2.9908115358819582,4.397652582159624,154.0,688.0493506493507,0.14164989939637826,4598,0.30838363514419853
2014-02-12,11882,14660,3447,0.23512960436562075,1.2337990237333782,2.9359481582537517,4.276398362892223,150.0,680.8859878154917,0.13635743519781718,4591,0.3131650750341064
2013-12-18,8014,9638,2353,0.24413778792280555,1.2026453706014475,2.9076571902884414,4.233762191326001,143.0,683.0594985125372,0.13924050632911392,3035,0.314899356713011
2014-12-09,26877,33532,6605,0.19697602290349517,1.2476094802247275,3.0569306930693068,4.147321961111774,153.0,711.6105980317941,0.13229154240725277,8230,0.24543719432184183
2014-01-29,11459,14217,3229,0.22712245902792433,1.2406841783750764,2.905887317999578,4.279454174579729,154.0,699.847630845463,0.13793345994232256,4382,0.3082225504677499
2013-07-20,7026,8818,1999,0.2266953957813563,1.2550526615428408,3.177251077341801,5.469040598775233,174.0,739.9869934967484,0.1605806305284645,2622,0.29734633703787705
2013-12-27,8095,9818,2271,0.2313098390710939,1.2128474366893145,3.024750458341821,4.419128132002444,165.0,749.630559225011,0.15094723976369934,3008,0.3063760440008148
2014-09-15,27572,34345,6769,0.19708836803028099,1.2456477585956767,3.1036540981219973,4.396243994759063,157.0,736.005022898508,0.13734168001164654,8575,0.2496724414034066
2014-09-05,23507,28947,6069,0.20965903202404393,1.2314204279576297,3.0106055895256847,4.289667323038657,150.0,704.4023727137914,0.12844163471171452,7664,0.26475973330569663
2013-05-14,9386,11544,2954,0.2558905058905059,1.2299168975069252,2.9662162162162162,5.076749826749826,144.0,615.2714962762357,0.147002772002772,3792,0.3284823284823285
2013-02-21,9040,11132,2632,0.23643550125763566,1.2314159292035398,2.8686669062163133,5.0001796622349985,136.0,623.7754559270517,0.14040603665109594,3415,0.30677326625943224
2014-01-24,9881,12049,2895,0.2402689019835671,1.2194109907904058,2.8970039007386506,4.219852269897917,155.0,692.5440414507772,0.1392646692671591,3976,0.32998589094530667
2014-04-06,13738,17135,3669,0.2141231397723957,1.2472703450283884,3.3854683396556755,4.860927925299095,205.0,862.0795857181794,0.16947767726874818,4810,0.28071199299679017
2014-10-28,26820,33186,6697,0.20180196468390285,1.2373601789709172,3.0325137106008557,4.203368890495993,150.0,703.2589219053308,0.1308985716868559,8355,0.2517627915386006
2013-06-01,6282,7741,1860,0.24027903371657408,1.2322508755173511,3.1613486629634413,5.634155793825087,172.0,714.952688172043,0.16767859449683503,2490,0.3216638677173492
2014-07-14,26186,33044,6422,0.1943469313642416,1.2618956694416863,3.073871202033652,4.428943227212202,151.0,743.5973217066335,0.14050962353226001,8076,0.24440140418835493
2014-10-17,21142,25969,5720,0.2202626208171281,1.228313309999054,3.002233432169125,4.161346220493665,160.0,684.4596153846154,0.13134891601524895,7067,0.27213215757249026
2014-01-14,12192,15075,3536,0.23456053067993365,1.2364665354330708,2.936119402985075,4.323847429519072,151.0,687.7695135746607,0.13817578772802652,4875,0.32338308457711445
2013-10-04,8552,10444,2742,0.2625430869398698,1.2212347988774557,2.882516277288395,4.11384527001149,147.0,641.8643326039387,0.1378782075833014,3532,0.3381846036001532
2014-12-07,20908,26179,5225,0.19958745559417854,1.252104457623876,3.4258757018984682,4.678138966347072,207.0,845.9756937799043,0.1569196684365331,6515,0.24886359295618626
2014-11-10,25374,31181,6485,0.20797921811359482,1.2288563096082605,3.1251403098040473,4.369808537250249,169.0,722.576098689283,0.12645521311054808,8046,0.2580417561976845
2014-11-28,24286,30061,5565,0.185123582049832,1.2377913201021165,3.003759023319251,4.17617511060843,133.0,781.1840071877808,0.12803965270616413,6984,0.23232760054555737
2013-08-18,7693,9630,2238,0.232398753894081,1.2517873391394774,3.1409138110072687,4.5046728971962615,167.0,733.4387846291331,0.1545171339563863,2949,0.30623052959501557
2014-09-29,26672,32936,6831,0.20740223463687152,1.2348530293941211,3.0865010930289047,4.395160310905999,158.0,705.0086370955936,0.12748967694923488,8494,0.25789409764391547
2013-10-22,9675,11921,2742,0.23001426054861168,1.2321447028423773,2.8583172552638203,4.108631826189078,131.0,645.7764405543398,0.12893213656572436,3556,0.2982971227246036
2014-07-13,18817,23865,4596,0.19258328095537397,1.2682680554817451,3.4313429708778544,4.976702283679028,206.0,899.2536988685814,0.16777707940498637,5910,0.24764299182903834
2013-10-21,10149,12459,3009,0.2415121598844209,1.2276086313922554,2.8595392888674853,4.078979051288226,136.0,644.9391824526421,0.13500280921422264,3908,0.3136688337747813
2014-10-06,26996,33297,6771,0.20335165330209928,1.2334049488813157,3.027540018620296,4.213382587019852,148.0,714.5526510116674,0.12688830825599903,8270,0.24837072408925728
2014-06-20,17611,21738,4829,0.22214555156868157,1.2343421725058201,3.1368571165700616,4.507222375563529,167.5,726.9353903499689,0.1352010304535836,6034,0.2775784340785721
2014-08-18,26300,32900,6706,0.20382978723404255,1.2509505703422052,3.094255319148936,4.446109422492401,161.0,730.1497166716373,0.1368693009118541,8470,0.2574468085106383
2014-06-23,21656,26856,5672,0.2112004766160262,1.2401182120428518,3.169086982424784,4.532767351802204,168.0,745.3529619181946,0.14063896336014298,7050,0.2625111706881144
2014-09-13,17205,21423,4072,0.19007608644914345,1.2451612903225806,3.3364141343415956,4.77575502964104,186.0,816.3661591355599,0.14946552770386967,5195,0.24249638239275545
2014-07-05,14900,18543,3689,0.1989429973574934,1.244496644295302,3.5392331337971203,5.083859138219274,214.0,860.5841691515316,0.15801110931348758,4701,0.2535188480828345
2014-12-05,23022,28441,5905,0.2076227980732042,1.2353835461732257,3.034703421117401,4.123272740058367,148.0,718.0254022015241,0.13044548363278366,7227,0.25410498927604513
2013-03-11,10269,12534,2910,0.23216850167544278,1.2205667543090857,2.9641774373703527,5.20145205042285,139.0,630.9941580756014,0.14592308919738312,3739,0.2983086006063507
2013-04-17,9507,11662,2954,0.2533013205282113,1.2266750815188807,2.955239238552564,5.146887326359115,141.0,603.3324306025728,0.13977019379180244,3805,0.32627336648945293
2014-08-27,28765,35580,6474,0.18195615514333896,1.2369198678950113,2.933389544688027,4.176278808319281,133.0,735.6578622181032,0.1245362563237774,8081,0.22712197863968522
2014-02-19,11430,14008,3365,0.24021987435751,1.2255468066491688,2.9046973158195315,4.221944603083952,155.0,676.6463595839524,0.13842090234151913,4412,0.3149628783552256
2014-05-03,11400,14156,3123,0.22061316756145805,1.2417543859649123,3.2390505792596778,4.726829612884996,188.0,794.5616394492475,0.1575303758123764,4025,0.28433173212771967
2014-10-07,27664,34308,6841,0.19939955695464615,1.2401677270098324,3.011367611052816,4.180919902063659,148.0,713.0444379476685,0.12451906260930395,8490,0.24746414830360267
2014-08-08,22440,28084,5923,0.21090300526990458,1.2515151515151515,3.0797251103831362,4.409806295399516,160.0,729.4924869154145,0.1368750890186583,7317,0.2605398091439966
2014-02-01,7839,9746,2131,0.21865380668992407,1.2432708253603777,3.2748820028729737,4.865483275189821,210.0,829.9582355701549,0.16119433613790274,2990,0.30679253026882825
2014-06-09,20819,25917,5651,0.21804221167573407,1.2448724722609155,3.1438052243701047,4.511093104911834,165.0,726.720934347903,0.14681483196357603,7100,0.2739514604313771
2014-01-23,10756,13254,3074,0.23192998340123736,1.2322424693194496,2.981665912177456,4.334766862833861,152.0,697.0234222511385,0.14093858457824054,4124,0.3111513505356873
2013-01-29,9071,11214,2630,0.2345282682361334,1.2362473817660677,2.7927590511860174,4.955412876761192,115.0,577.9627376425856,0.12867843766720172,3578,0.3190654538969146
2013-02-17,7705,9720,2100,0.21604938271604937,1.2615184944841011,3.262037037037037,5.989094650205761,190.0,737.5880952380952,0.16954732510288065,2864,0.2946502057613169
2013-04-13,6401,7880,1847,0.23439086294416245,1.2310576472426182,3.1974619289340103,5.682741116751269,169.0,671.5896047644829,0.16446700507614212,2433,0.308756345177665
2014-09-03,26859,33381,6495,0.1945717623797969,1.2428236345359098,3.039633324346185,4.372846829034481,148.0,736.1385681293302,0.12686857793355502,8257,0.24735628051885802
2014-09-30,27599,34192,6688,0.19560131024801122,1.2388854668647415,3.025064342536266,4.318290828263922,144.0,730.9328648325359,0.12812938699110904,8451,0.2471630790828264
2013-09-23,10205,12552,3083,0.24561822817080944,1.229985301322881,2.900653282345443,4.141730401529637,139.0,640.4099902692183,0.14045570427023582,4000,0.3186743148502231
2013-01-22,9268,11456,2698,0.23550977653631286,1.2360811394044022,2.8534392458100557,5.039280726256983,116.0,538.9718309859155,0.13032472067039105,3630,0.3168645251396648
2014-10-16,23621,29216,6205,0.21238362541073386,1.2368655010372127,3.020947426067908,4.191230832420591,156.5,715.2514101531024,0.12404162102957283,7727,0.26447836801752467
2014-09-24,28372,35155,6646,0.18904849950220454,1.2390737346679825,2.998805290854786,4.259650120893188,142.0,728.8176346674692,0.1273787512444887,8431,0.23982363817380173
2014-06-12,18447,22858,5020,0.21961676437133607,1.2391174716756113,3.09016536879867,4.424884066847493,160.0,706.9820717131474,0.14065097558841544,6411,0.28047073234753694
2013-07-17,10410,12900,2984,0.23131782945736434,1.239193083573487,2.8768992248062015,4.881162790697674,134.0,633.7335790884719,0.14224806201550388,3882,0.30093023255813955
2014-11-07,21353,26113,5681,0.21755447478267528,1.2229194960895424,3.095354804120553,4.3212959062535905,164.0,721.0756908994895,0.1243059012752269,7081,0.27116761766170105
2013-10-12,6436,7918,1813,0.22897196261682243,1.2302672467371039,3.0491285678201567,4.397827734276333,170.0,741.9933811362383,0.1458701692346552,2298,0.29022480424349584
2014-01-02,9590,11780,2794,0.2371816638370119,1.2283628779979145,3.0074702886247877,4.469694397283531,170.5,724.1005726556907,0.14176570458404075,3773,0.32028862478777587
2013-03-02,7102,8766,2076,0.23682409308692676,1.2343001971275698,3.1438512434405657,5.576431667807438,176.0,695.3747591522158,0.15799680584074835,2835,0.32340862422997946
2014-06-07,13294,16534,3407,0.2060602395064715,1.2437189709643448,3.354784081287045,4.8481916051772105,202.0,810.4590548869974,0.16329986694084916,4327,0.26170315713076087
2014-09-16,27909,34708,6697,0.19295263339864008,1.2436131713784084,3.018180246629019,4.33496600207445,146.0,718.2911751530536,0.12968191771349544,8431,0.24291229687680074
2013-05-30,8819,10862,2758,0.2539127232553858,1.2316589182446989,2.925796354262567,5.044835205302891,142.0,628.3778100072516,0.14095010127048427,3500,0.32222426809059107
2014-08-21,23469,29232,5841,0.1998152709359606,1.2455579700882013,3.0205254515599345,4.357861247947455,151.0,709.2393425783256,0.13098659003831417,7318,0.25034209085933223
2014-12-18,24803,30891,5893,0.19076753747046066,1.2454541789299682,3.1049496617137677,4.216114725971966,157.0,751.5117936534872,0.13385775792301965,7191,0.23278624842187046
2014-07-21,26714,33629,6563,0.19515894020042227,1.2588530358613461,3.2308424276665972,4.6822682803532665,162.0,760.0335212555234,0.14243658746914864,8240,0.24502661393440187
2014-08-12,26121,32922,6296,0.19123990037057287,1.2603652233834846,3.0813741570985966,4.453982139602697,154.0,752.8157560355781,0.13699046230484174,7912,0.24032561812769576
2014-03-06,17962,22251,4407,0.19805851422407983,1.2387818728426678,2.935373691070064,4.22605725585367,140.0,709.9646017699115,0.14588108399622488,5646,0.25374140488067953
2014-07-06,17615,22096,4365,0.19754706734250543,1.2543854669315924,3.610789283128168,5.194288559015207,225.0,875.0240549828179,0.1646904417089066,5600,0.25343953656770457
2014-10-02,23897,29657,6259,0.2110462959840847,1.2410344394693895,3.0384057726674985,4.3019186026907645,157.0,706.8133887202429,0.13082914657585057,7862,0.2650976160771487
2014-04-08,18115,22564,4960,0.21981918099627726,1.2455975710736957,3.02397624534657,4.305486615848253,148.0,699.8633064516129,0.1432813330969686,6348,0.2813330969686226
2014-02-25,15655,19308,4048,0.20965402941785788,1.2333439795592462,2.97513983840895,4.355603894758649,157.0,715.8962450592885,0.14294592914853946,5266,0.2727366894551481
2014-07-29,26417,33031,6314,0.19115376464533318,1.250369080516334,3.140080530410826,4.493718022463746,157.0,747.4019638897688,0.14247222306318308,7951,0.240713269353032
2014-11-15,16397,20111,4110,0.2043657699766297,1.2265048484478869,3.3853115210581275,4.813335985281687,209.0,842.4768856447689,0.13733777534682512,5202,0.2586644125105664
2014-07-10,23553,29716,6014,0.20238255485260465,1.2616651806563919,3.1809126396554044,4.541997577062862,168.0,751.4797140006651,0.14191008211064746,7543,0.2538363171355499
2014-08-31,16851,21166,3784,0.1787772843239157,1.2560678891460448,3.3620901445714826,4.919021071529812,191.0,863.8189746300211,0.15265047718038363,4886,0.23084191628082773
2014-08-05,27475,34485,6667,0.19333043352182108,1.2551410373066425,3.11059881107728,4.481629694069886,156.0,772.2000899955002,0.14107583007104538,8393,0.24338118022328548
2014-08-20,25601,31993,6417,0.20057512580877068,1.2496777469630092,3.0169724627262213,4.354827618541556,150.0,749.9982858033349,0.13371675053918045,8164,0.255180820804551
2013-11-26,8354,10148,2557,0.2519708316909736,1.2147474263825713,2.8853961371698857,4.14249113125739,149.0,652.3253813062182,0.13381947181710682,3329,0.3280449349625542
2014-04-01,16957,20976,4742,0.22606788710907705,1.2370112637848676,2.9537090007627764,4.218392448512586,150.5,684.8899198650358,0.13896834477498093,6055,0.2886632341723875
2013-12-09,8698,10444,2528,0.24205285331290693,1.20073580133364,2.8905591727307547,4.1010149368058215,144.0,636.6574367088608,0.13510149368058216,3265,0.31261968594408274
2013-11-24,6829,8286,1955,0.23594013999517258,1.2133548103675502,3.2373883659184166,4.732078204199855,205.0,785.306905370844,0.16087376297369058,2632,0.3176442191648564
2013-08-20,10688,13180,3188,0.24188163884673747,1.2331586826347305,2.8713960546282244,4.053110773899848,139.0,640.7537641154329,0.1355083459787557,4096,0.31077389984825493
2014-05-21,19159,23675,4999,0.21115100316789862,1.2357116759747377,3.021710665258712,4.314086589229144,152.0,726.1076215243048,0.13909186906019008,6292,0.265765575501584
2014-12-27,21419,27046,4705,0.17396287805960217,1.2627106774359214,3.3624935295422613,4.691821341418325,192.5,905.2036131774707,0.15451453079937882,5706,0.21097389632478
2014-02-09,9786,12121,2674,0.22060886065506147,1.238606172082567,3.3049253361933832,4.92558369771471,221.0,768.9936424831712,0.16541539476940847,3692,0.3045953304182823
2014-11-24,25547,31949,6634,0.20764343171930263,1.250596938975222,3.1785032395380135,4.4543178190240695,167.0,728.0530599939705,0.13925318476321638,8220,0.2572850480453222
2014-08-07,24280,30229,6288,0.20801217374044792,1.24501647446458,3.1061894207549043,4.450296073307089,157.0,746.4250954198474,0.13602831717886799,7883,0.2607760759535545
2014-04-22,18695,23184,4947,0.21337991718426502,1.2401176785236694,2.861067977915804,4.071859903381642,134.0,701.3050333535476,0.13418737060041408,6285,0.271092132505176
2014-10-23,23516,29036,6023,0.2074321531891445,1.234733798265011,3.0495936079349772,4.249448959911834,156.0,707.6352316121535,0.12649814023970243,7580,0.2610552417688387
2014-02-02,8482,10588,2345,0.22147714393653192,1.2482904975241689,3.345391008689082,4.993860974688326,214.0,835.0639658848614,0.16377030600680015,3280,0.30978466188137516
2013-06-22,6811,8567,1985,0.23170304657406326,1.2578182352077523,3.2437259250612818,5.781253647717987,187.0,724.7823677581864,0.16003268355316913,2609,0.304540679350998
2013-12-31,6444,7727,1891,0.2447262844570985,1.1990999379267535,2.990682024071438,4.400802381260515,165.0,728.4193548387096,0.13782839394331564,2553,0.33039989646693413
2013-06-16,7627,9536,2233,0.23416526845637584,1.2502950045889603,3.3351510067114094,5.875,175.5,757.6354679802955,0.1669463087248322,2956,0.3099832214765101
2014-06-15,14342,17803,3806,0.21378419367522328,1.2413192023427695,3.4785148570465654,4.985395719822502,214.0,833.7388334209144,0.1591866539347301,4892,0.27478514857046565
2013-09-20,8239,10019,2567,0.2562131949296337,1.2160456366063843,2.8400039924144127,4.043018265295938,139.0,607.4382547721075,0.12765745084339755,3288,0.32817646471703765
2013-09-25,9956,12190,3128,0.25660377358490566,1.224387304138208,2.7977030352748153,4.036505332239541,136.0,632.1630434782609,0.13347005742411813,4097,0.3360951599671862
2014-01-26,9223,11549,2474,0.21421768118451814,1.2521955979616177,3.3124945882760413,4.957139146246428,212.0,817.6354082457559,0.16460299593038358,3470,0.3004589141917049
2013-11-08,7564,9086,2462,0.27096632181377944,1.201216287678477,2.834470614131631,4.131300902487343,154.0,639.674654752234,0.12172573189522343,3192,0.35130970724191063
2014-07-16,28181,35311,6739,0.19084704483022288,1.2530073453745432,3.1256832148622244,4.415791113250829,151.0,756.2760053420388,0.13726600775962164,8422,0.238509246410467
2013-03-14,9060,11162,2808,0.25156781938720657,1.232008830022075,2.960043003046049,5.212237950188138,145.0,643.4134615384615,0.14647912560473034,3636,0.32574807382189575
2014-07-08,25048,31305,6183,0.19750838524197412,1.249800383264133,3.1991694617473247,4.575499121546079,165.0,769.4856865599223,0.13882766331256988,7869,0.25136559655007185
2013-07-26,8267,10245,2425,0.23670082967301123,1.2392645457844442,2.890092728160078,4.935968765251342,148.0,642.9282474226804,0.14006832601268912,3071,0.2997559785261103
2013-08-11,7804,9681,2292,0.2367524016114038,1.2405176832393645,3.1833488276004545,4.48879248011569,183.0,762.7792321116929,0.15990083669042454,2912,0.3007953723788865
2013-12-21,5638,6857,1617,0.23581741286276797,1.2162114224902447,3.13300277089106,4.606095960332507,175.0,819.526283240569,0.15721160857517866,2152,0.313839871663993
2013-05-15,9730,11954,3076,0.25731972561485694,1.2285714285714286,2.9192738832190064,4.993558641458926,136.0,604.4499349804942,0.1453906642128158,4044,0.33829680441693155
2014-10-01,26654,33196,6666,0.2008073261838776,1.2454415847527576,3.0760935052415954,4.421044704181226,154.0,720.8043804380438,0.12844921074828292,8417,0.25355464513796844
2013-05-12,7378,9173,2232,0.24332279515970784,1.2432908647329899,3.356153930011992,5.899705657909081,196.0,733.7405913978495,0.16494058650387006,2946,0.32115992586939934
2014-06-25,21648,26943,5580,0.20710388598151652,1.2445953436807096,3.16401291615633,4.524329139294065,160.0,739.1863799283154,0.13220502542404336,6990,0.25943658835319006
2014-08-25,26038,32422,6250,0.19277034112639566,1.2451801213610876,3.0292085620874714,4.3040528036518415,148.0,724.55376,0.13308864351366356,7860,0.24242798100055518
2014-06-18,22464,27784,5707,0.2054059890584509,1.2368233618233617,3.119277281888857,4.439245608983588,155.5,735.0763974066936,0.137597178232076,7222,0.2599337748344371
2014-03-14,14546,17979,3998,0.22237054341175816,1.2360098996287638,2.937482618610601,4.206296234495801,149.0,677.9247123561781,0.1398298014350075,5049,0.28082763223761054
2013-08-26,10418,12866,3082,0.23954609047100886,1.2349779228258784,2.8635939685994094,4.069330017099332,134.0,656.7537313432836,0.13508471941551375,3938,0.30607803513135395
2014-06-26,19043,23628,5101,0.2158879295750804,1.2407708869400829,3.1494836634501437,4.521076688674454,167.0,731.2417173103313,0.1361097003555104,6347,0.2686219739292365
2014-07-12,16176,20254,3968,0.19591191863335639,1.2521018793273986,3.3248247259800534,4.795744050557914,197.5,870.5453629032259,0.15705539646489583,5051,0.24938283795793423
2014-06-04,21467,26467,5525,0.20875051951486756,1.2329156379559323,3.1000491177692977,4.381380587146258,156.0,718.6979185520362,0.14451959043336984,6944,0.2623644538481883
2013-04-14,7528,9385,2218,0.23633457645178477,1.2466790648246546,3.2798082045817796,5.828875865743207,185.0,719.9576194770063,0.16707511987213639,2941,0.31337240277037826
2013-06-24,10386,12714,3041,0.239185150228095,1.2241478913922588,2.9778983797388707,5.0734623249960675,142.0,646.2831305491615,0.14865502595563945,3870,0.30438886267107124
2014-11-06,24715,30255,6105,0.2017848289538919,1.2241553712320452,3.0468352338456453,4.221384895058668,163.0,710.3870597870598,0.11839365394149727,7615,0.2516939348867956
2014-12-23,23542,29641,5603,0.1890287102324483,1.2590688981394953,3.200431834283594,4.412334266725145,160.0,842.6157415670177,0.14108835734286967,6972,0.23521473634492762
2014-07-09,25117,31381,6116,0.1948950001593321,1.2493928415017717,3.1751059558331476,4.504987094101526,161.0,762.2531066056246,0.13893757369108697,7701,0.24540326949427999
2013-04-20,6476,8073,1927,0.23869689087080392,1.246602841260037,3.251083859779512,5.740121392295305,178.0,684.8131811105345,0.1636318592840332,2535,0.3140096618357488
2014-05-04,13564,16875,3662,0.2170074074074074,1.2441020347979947,3.335288888888889,4.8267851851851855,202.0,825.7782632441289,0.16106666666666666,4732,0.28041481481481484
2014-03-11,16755,20667,4223,0.20433541394493637,1.2334825425246194,2.9579039047757294,4.2757536168771475,142.0,718.9256452758702,0.14365897324236707,5404,0.26147965355397496
2014-04-15,18308,22828,4822,0.21123182057122833,1.2468866069477824,3.00718415980375,4.29314876467496,149.0,712.7648278722522,0.13917119327142105,6116,0.26791659365691256
2014-11-03,26966,33522,7048,0.21024998508442216,1.2431209671438108,3.074339239902154,4.253266511544657,155.0,693.0039727582293,0.13594057633792733,8782,0.26197720899707655
2013-09-24,10052,12354,3072,0.24866440019426905,1.229009152407481,2.8442609681074957,4.062732718147968,138.0,631.9710286458334,0.131050671847175,3980,0.3221628622308564
2014-03-21,14174,17367,3889,0.22393044279380434,1.2252716241004658,2.9644152703403006,4.28116542868659,150.0,700.6595525842118,0.1384234467668567,4998,0.2877871825876663
2013-08-17,6671,8277,1889,0.22822278603358706,1.2407435167141359,3.0808263863718737,4.392171076476984,158.0,732.5542615140286,0.14920865047722603,2405,0.29056421408722966
2013-04-05,8037,9864,2508,0.2542579075425791,1.2273236282194848,2.9248783454987834,5.06265206812652,141.0,586.1331738437002,0.1420316301703163,3227,0.3271492295214923
2014-09-08,26895,33495,6859,0.20477683236303926,1.2453987730061349,3.057680250783699,4.326347216002389,151.0,718.6815862370607,0.12697417525003732,8637,0.257859381997313
2014-03-31,16961,20841,4665,0.2238376277529869,1.228760096692412,3.0008636821649635,4.260112278681445,145.0,674.9069667738478,0.14111606928650255,5927,0.2843913439854134
2013-08-08,9897,12257,2998,0.2445949253487803,1.2384560978074164,2.853716243779065,3.9973892469609202,132.0,665.5486991327551,0.1361670881945011,3857,0.31467732724157627
2014-08-06,27004,33905,6807,0.2007668485474119,1.2555547326322027,3.0863884382834392,4.426249815661407,157.0,743.0675774937564,0.13747234921103083,8547,0.25208671287420736
2014-10-04,16473,20227,4067,0.20106787956691552,1.2278880592484671,3.339101201364513,4.730706481435705,201.0,839.5517580526187,0.15494141494042615,5162,0.2552034409452712
2014-04-12,10840,13381,2825,0.21112024512368283,1.234409594095941,3.2321201703908526,4.639264628951499,182.0,813.2980530973451,0.15955459233241162,3631,0.2713549062102982
2013-07-27,7315,9117,2069,0.2269386859712625,1.246343130553657,3.161017878688165,5.4627618734232755,175.0,730.9753504108265,0.1699023801689152,2694,0.29549193813754526
2013-11-02,5900,7127,1699,0.23838922407745194,1.2079661016949153,3.0620176792479303,4.487582433001263,187.0,729.3555032371984,0.1498526729339133,2267,0.3180861512557879
2014-02-27,13413,16509,3525,0.2135198982373251,1.2308208454484455,2.9181052759101096,4.234902174571446,140.0,680.5083687943262,0.14428493548973287,4600,0.27863589557211216
2013-06-28,8396,10348,2661,0.25715114031696945,1.232491662696522,3.0447429454967145,5.199845380749903,146.0,630.3186771890266,0.1500773096250483,3389,0.3275028991109393
2014-12-31,22031,27503,5000,0.18179834927098862,1.2483772865507694,3.175653565065629,4.368577973312003,167.0,762.9364,0.14198451078064211,6273,0.22808420899538231
2014-05-29,17712,21885,4883,0.2231208590358693,1.2356029810298104,3.0880968700022846,4.427553118574366,161.0,709.1089494163424,0.13890792780443226,6156,0.2812885538039753
2014-08-10,19148,24127,4817,0.19965184233431427,1.2600271568832253,3.4334562937787543,4.982592116715713,219.0,835.7315756695039,0.15720976499357567,6131,0.2541136486094417
2014-12-02,28718,35793,6797,0.18989746598496912,1.2463611672122015,3.0364317045232307,4.246724219819518,140.0,742.656318964249,0.12843293381387422,8559,0.23912496856927332
2013-12-05,7706,9302,2264,0.24338851859815094,1.2071113418115753,2.9429155020425717,4.244678563749731,152.0,644.4898409893993,0.13437970328961513,2923,0.314233498172436
2013-06-19,10049,12495,2931,0.23457382953181272,1.243407304209374,3.0226490596238493,5.060904361744698,139.0,651.4145342886387,0.1480592236894758,3791,0.3034013605442177
2013-10-10,9223,11205,2659,0.23730477465417224,1.214897538761791,2.8664881749219098,4.059705488621152,139.0,635.6367055283941,0.13208389112003568,3446,0.307541276215975
2014-05-07,18362,22480,4781,0.2126779359430605,1.2242675089859492,2.8855871886121,4.118549822064057,140.0,699.309976992261,0.13941281138790035,6177,0.27477758007117437
2013-04-28,6973,8682,1920,0.22114720110573602,1.2450881973325685,3.281271596406358,5.819972356599862,171.0,712.1276041666666,0.16159870997466022,2547,0.29336558396682794
2014-01-19,9142,11308,2418,0.2138309161655465,1.2369284620433165,3.2928899893880437,4.892200212239123,209.0,844.6145574855252,0.16271666077113547,3390,0.29978776087725506
2013-11-20,8536,10213,2584,0.2530108685009302,1.1964620431115276,2.9168706550474885,4.177225105258005,154.0,642.7859907120743,0.12973661020268284,3315,0.32458631156369333
2013-12-01,6955,8541,2038,0.23861374546306052,1.2280373831775702,3.2298325722983257,4.752253834445615,199.0,752.5843964671246,0.16075401006907855,2686,0.3144830816063693
2014-03-23,13292,16535,3366,0.20356818869065618,1.2439813421606982,3.319564560024191,4.822316298760206,194.0,835.7575757575758,0.1612337465981252,4424,0.2675536740247959
2013-05-29,9634,11720,2927,0.24974402730375428,1.2165248079717668,2.9184300341296927,4.9793515358361775,142.0,598.0809702767339,0.14061433447098975,3791,0.3234641638225256
2013-09-19,9071,11184,2855,0.2552753934191702,1.2329401389042003,2.859263233190272,4.076806151645208,148.0,635.6430823117338,0.12795064377682402,3668,0.3279685264663805
2014-11-22,17430,21673,4440,0.20486319383564805,1.2434308663224325,3.339408480597979,4.715267844783832,205.0,848.313063063063,0.14894107876159277,5556,0.256355834448392
2013-07-02,10436,12862,3112,0.24195303996268078,1.2324645458029897,3.0460270564453427,5.193282537707977,136.5,634.9206298200514,0.1472554812626341,4102,0.3189239620587778
2013-11-11,9019,10884,2694,0.24751929437706727,1.2067856746867724,2.8480338110988606,4.094909959573686,158.0,674.7386785449146,0.13340683572216097,3502,0.32175670709298054
2013-11-28,6003,7260,1759,0.24228650137741048,1.2093953023488255,2.9294765840220385,4.277961432506887,165.0,745.8470722001138,0.13856749311294767,2266,0.31212121212121213
2013-02-25,9592,11846,2800,0.23636670606111768,1.2349874895746455,2.9048624008104,5.004727334121222,134.0,597.6121428571429,0.1448590241431707,3663,0.3092183015363836
2014-11-29,17730,21796,4210,0.1931547072857405,1.2293288212069937,3.2987245366122226,4.648192328867682,190.0,824.3087885985748,0.14397137089374198,5290,0.24270508350155992
2013-12-07,6012,7304,1700,0.23274917853231106,1.2149035262807717,3.110076670317634,4.485898138006572,181.0,746.4441176470589,0.14526286966046,2281,0.3122946330777656
2014-12-25,16961,21458,3871,0.1803989188181564,1.2651376687695302,3.3690931121260137,4.676111473576289,197.0,917.4438129682253,0.14964115947432194,4727,0.22029080063379625
2014-01-16,11124,13578,3248,0.2392104875533952,1.220604099244876,2.9460156134924143,4.34703196347032,161.0,707.6554802955665,0.1408160259242893,4456,0.32817793489468255
2013-03-07,9425,11637,2711,0.23296382229096846,1.2346949602122015,2.9047864569906334,5.091948096588468,132.0,617.7904832165252,0.14273438171350003,3580,0.3076394259688923
2013-12-17,8142,9810,2325,0.23700305810397554,1.2048636698599853,2.9226299694189604,4.1961264016309885,147.0,688.7802150537634,0.13129459734964322,3024,0.30825688073394497
2013-04-03,10088,12395,2997,0.2417910447761194,1.2286875495638383,2.9488503428801938,5.166034691407826,137.0,620.6446446446447,0.14320290439693426,3870,0.31222267043162566
2014-12-26,24055,30417,5179,0.1702666272150442,1.2644772396591146,3.2652135319064994,4.516882006772528,182.0,870.7901139216065,0.14876549298089883,6350,0.20876483545385804
2013-02-04,7503,9154,2705,0.29549923530696964,1.2200453152072503,2.5049158837666594,4.229735634695215,35.0,383.40665434380776,0.12224164299759668,3559,0.3887917850120166
2013-10-23,9851,12157,2843,0.23385703709796826,1.2340879098568673,2.881714238710208,4.130213045981739,140.0,712.1800914526908,0.13268076005593485,3713,0.3054207452496504
2014-03-22,11399,14089,2939,0.2086024558165945,1.2359856127730502,3.2996664064163532,4.758747959400951,190.0,826.5039128955427,0.1595571012846902,3862,0.27411455745617147
2014-04-03,16287,20228,4565,0.22567727901918133,1.2419721250076747,2.996737195965988,4.276003559422582,160.0,707.1864184008763,0.14381055962032827,5778,0.28564366225034604
2013-01-17,8668,10579,2539,0.24000378107571604,1.220466082141209,2.8427072502126856,4.970034974950373,122.0,551.3229617959827,0.13129785423953114,3425,0.3237546081860289
2014-06-14,12498,15416,3283,0.2129605604566684,1.2334773563770203,3.4289050337311884,4.9444732745199795,208.0,819.0779774596406,0.15438505448884277,4162,0.26997924234561493
2014-04-09,18656,23041,4914,0.2132719934030641,1.235045025728988,2.9777787422420903,4.223514604400851,137.0,729.3453398453398,0.14231153161755133,6285,0.2727746191571546
2014-09-07,19580,24342,4747,0.19501273519020623,1.2432073544433095,3.3650480650727137,4.875688111083724,199.0,819.5205392879714,0.14998767562238108,6044,0.24829512776271465
2014-06-06,16743,20675,4609,0.22292623941958886,1.2348444125903362,3.106311970979444,4.421378476420798,154.0,702.4593187242352,0.14282950423216445,5785,0.2798065296251511
2013-07-14,7948,9818,2154,0.21939295172132817,1.235279315551082,3.286820126298635,5.6977999592585045,170.0,775.393686165274,0.15797514768792015,2876,0.2929313505805663
2014-03-10,17666,21959,4656,0.2120315132747393,1.2430091701573645,3.007878318684822,4.344778906143267,147.0,707.3453608247422,0.13976046268044992,5933,0.27018534541645794
2013-06-11,10130,12474,3029,0.24282507615840948,1.2313919052319842,2.9362674362674364,5.109026775693442,138.0,625.7302740178277,0.14085297418630752,3952,0.31681898348565013
2014-11-19,26577,32199,6243,0.19388800894437716,1.21153629077774,3.049287244945495,4.214633994844561,145.0,726.3738587217683,0.11609056181869003,7694,0.23895152023354763
2014-03-02,9823,12149,2758,0.2270145691003375,1.2367912043164002,3.3191209153016707,4.871923615112355,209.0,789.339376359681,0.1641287348752984,3752,0.30883200263396166
2014-01-13,12228,15035,3446,0.22919853674758897,1.2295551193981027,2.9331559694047225,4.300299301629531,155.0,687.1700522344747,0.13980711672763552,4638,0.30848021283671434
2014-01-22,11374,14002,3158,0.22553920868447364,1.2310532794091789,2.9270104270818456,4.243322382516784,151.5,704.3923369221026,0.13798028853020997,4316,0.3082416797600343
2014-04-11,14439,17936,4070,0.2269179304192685,1.242191287485283,2.981378233719893,4.253456735057984,148.0,701.1341523341523,0.14579616413916147,5142,0.28668599464763606
2014-04-07,18300,22715,4815,0.21197446621175434,1.241256830601093,3.0084085406119305,4.285450143077262,145.0,688.3204569055036,0.1431653092670042,6068,0.26713625357693155
2013-02-08,7389,9030,2261,0.2503875968992248,1.22208688591149,2.9704318936877074,5.272978959025471,144.0,618.9181777974347,0.14374307862679955,2816,0.31184939091915836
2013-01-24,8430,10450,2471,0.23645933014354067,1.2396204033214708,2.856267942583732,5.0685167464114835,116.0,528.6972885471469,0.1310047846889952,3305,0.31626794258373203
2013-10-14,9943,12248,3089,0.25220444154147614,1.2318213818766972,2.953135205747877,4.192929457870672,154.5,660.2512139851084,0.13871652514696278,3984,0.32527759634225994
2014-08-16,16728,20849,4161,0.1995779174061106,1.246353419416547,3.3476425727852654,4.847474699026332,200.0,840.070415765441,0.15607463187682863,5312,0.2547844021295985
2014-10-08,30901,37983,7037,0.18526709317326173,1.2291835215688813,2.98236052971066,4.145354500697681,142.0,742.4912604803184,0.11963246715635942,8716,0.22947107916699577
2013-09-06,8651,10663,2763,0.2591203226108975,1.2325742688706507,2.83728781768733,4.0529869642689675,131.0,640.8765834238147,0.12491794054206133,3588,0.3364906686673544
2014-12-15,26187,32682,6518,0.19943699895967198,1.248023828617253,3.143198090692124,4.282816229116945,160.0,721.2818349186867,0.13374334496052873,7939,0.2429165901719601
2013-05-08,9328,11507,2921,0.2538454853567394,1.2335977701543739,2.957330320674372,5.025462761797167,147.0,614.3372132831222,0.14286955766055445,3848,0.33440514469453375
2013-01-07,9572,11903,2698,0.22666554650088214,1.2435227747597157,2.896832731244224,5.122490128539024,144.0,590.3839881393625,0.134671931445854,3656,0.3071494581198017
2014-07-04,16628,20790,4302,0.20692640692640693,1.250300697618475,3.274362674362674,4.665993265993266,181.0,775.2071129707113,0.14954304954304953,5426,0.260990860990861
2013-03-15,8026,9877,2475,0.2505821605750734,1.2306254672314976,3.004151058013567,5.199453275286018,145.0,636.8359595959596,0.15034929634504404,3249,0.32894603624582364
2014-12-12,22233,27479,5662,0.20604825503111468,1.235955561552647,3.0387568688816913,4.147166927471887,147.0,711.4212292476157,0.1313366570835911,6950,0.25292041195094433
2014-02-28,10123,12413,2959,0.23837911866591477,1.226217524449274,2.916136308708612,4.313945057600902,147.0,681.7992565055762,0.13832272617417224,3989,0.3213566422299202
2013-04-30,9461,11550,2866,0.24813852813852813,1.2208011838072086,2.930909090909091,4.982164502164502,138.0,590.19888346127,0.14051948051948052,3692,0.31965367965367963
2014-12-24,18258,22597,4287,0.1897154489534009,1.2376492496439917,3.2502102048944552,4.486834535557818,163.0,846.5924889199906,0.1417887330176572,5309,0.23494269150772226
2013-02-14,8315,10180,2503,0.24587426326129666,1.2242934455802765,2.8531434184675835,4.986935166994106,139.0,566.9420695165801,0.13546168958742633,3326,0.32671905697445974
2013-04-26,7427,8977,2332,0.2597749805057369,1.2086979938063822,2.979168987412276,5.100813189261446,145.0,597.327615780446,0.14459173443243845,3032,0.3377520329731536
2014-10-25,15180,18609,3761,0.2021065076038476,1.225889328063241,3.3598258906980494,4.734698264280724,202.0,806.954533368785,0.14568219678650116,4649,0.2498253533236606
2014-05-24,11261,13960,2964,0.21232091690544413,1.2396767605008436,3.3505014326647564,4.874283667621777,197.0,844.5867071524966,0.16045845272206305,3799,0.272134670487106
2013-08-30,8404,10240,2639,0.25771484375,1.2184673964778676,2.814453125,4.02529296875,137.0,664.3899204244032,0.1349609375,3366,0.3287109375
2013-05-10,7852,9633,2524,0.262015986712343,1.2268211920529801,2.932731236374961,5.009758123118447,140.0,610.2852614896989,0.14367279144607079,3287,0.34122287968441817
2014-01-03,9390,11469,2749,0.23968959804690906,1.221405750798722,3.0182230360101143,4.414334292440492,165.0,723.8581302291742,0.14404045688377365,3676,0.32051617403435345
2013-08-27,10518,12964,3123,0.24089787102746066,1.232553717436775,2.838012958963283,4.1377661215674175,139.0,648.0051232788985,0.13159518667078063,4075,0.3143319962974391
2013-01-25,7671,9366,2306,0.2462096946401879,1.2209620649198278,2.8725176169122357,5.033418748665386,131.0,539.0676496097138,0.13623745462310485,3085,0.32938287422592355
2014-01-06,11054,13557,3246,0.23943350298738658,1.2264338700922743,2.932359666592904,4.318580806963192,166.0,682.3872458410351,0.14191930368075534,4400,0.3245555801430995
2014-01-08,11720,14442,3331,0.2306467248303559,1.2322525597269625,2.9250796288602685,4.280432073120067,160.0,699.3872710897629,0.13405345520011078,4626,0.32031574574158705
2013-04-10,9527,11729,2852,0.24315798448290563,1.2311325705888527,2.95728536107085,5.081336857362094,141.0,599.3723702664797,0.13871600306931536,3710,0.3163100008525876
2013-05-25,6085,7436,1727,0.23224852071005916,1.2220213640098603,3.098171059709521,5.419042495965573,162.0,715.1117544875507,0.1589564281871974,2279,0.30648197955890266
2013-07-03,9770,12079,2923,0.2419902309793857,1.2363357215967246,2.963738720092723,5.018130639953639,131.0,656.9664728019159,0.14405165990562133,3791,0.3138504843116152
2014-08-24,18670,23324,4489,0.19246269936546048,1.2492769148366363,3.3266163608300463,4.855170639684445,201.0,842.9879705947873,0.15413308180415022,5793,0.24837077688218145
2013-06-04,10386,12740,3218,0.2525902668759812,1.2266512613133065,2.9690737833594976,5.181318681318682,137.0,635.2958359229335,0.14058084772370485,4170,0.32731554160125587
2013-06-03,9983,12190,3137,0.25734208367514355,1.2210758289091455,2.9821164889253486,5.13174733388023,140.0,629.924768887472,0.14101722723543889,3979,0.3264150943396226
2014-10-12,18264,22654,4418,0.1950207468879668,1.2403635567236093,3.3406903858038315,4.679394367440628,206.0,846.0959710276143,0.14438951178599807,5592,0.24684382449015627
2014-02-11,12209,15113,3518,0.2327797260636538,1.237857318371693,2.9644676768345133,4.343214451134784,150.0,667.4448550312678,0.13683583669688348,4718,0.3121815655396017
2014-03-19,17306,21435,4557,0.2125962211336599,1.2385877730266959,2.94616281782132,4.226125495684628,150.0,730.780557384244,0.14089106601352927,5765,0.2689526475390716
2013-07-16,10611,13132,3078,0.2343892780992994,1.237583639619263,2.9553761803228755,4.997258604934511,138.0,661.3125406107862,0.14247639354249161,3959,0.30147730734084677
2014-07-28,25865,32450,6378,0.19654853620955315,1.2545911463367485,3.1304468412942987,4.457750385208012,161.0,722.8904045155222,0.14203389830508475,7948,0.2449306625577812
2014-02-26,17498,21635,4375,0.2022186272244049,1.2364270202308836,2.8915645944072104,4.201848856020337,138.0,688.6116571428571,0.1358909174948001,5722,0.2644788537092674
2014-03-16,13890,17275,3503,0.20277858176555716,1.2437005039596831,3.3401447178002894,4.863965267727931,199.0,823.3291464459035,0.16463096960926193,4575,0.26483357452966716
2013-02-03,6008,7525,1961,0.26059800664451827,1.252496671105193,2.84265780730897,5.048770764119602,103.0,492.790413054564,0.14564784053156146,2676,0.35561461794019933
2014-07-24,23296,29111,5741,0.1972106763766274,1.2496136675824177,3.184157191439662,4.54343718869156,165.0,742.1931719212681,0.1447562776957164,7169,0.2462642987186974
2014-06-11,20749,25919,5500,0.21219954473552222,1.2491686346329944,3.0935992900960687,4.452409429376133,159.0,713.4476363636363,0.14024460820247694,6950,0.26814306107488717
2014-10-15,27226,33618,6786,0.20185614849187936,1.2347755821641078,3.0015765363793205,4.156047355583318,153.0,708.8190391983495,0.11940032125646975,8403,0.24995538104586829
2014-02-17,11730,14518,3308,0.22785507645681224,1.23768115942029,3.0418790467006476,4.45701887312302,162.0,701.8065296251511,0.1482297837167654,4453,0.3067226890756303
2013-04-15,9124,11020,2728,0.24754990925589837,1.2078035949145112,2.9351179673321233,5.078312159709619,129.0,573.9706744868035,0.13765880217785845,3477,0.31551724137931036
2013-11-25,8826,10586,2631,0.248535802002645,1.1994108316338092,2.906385792556206,4.162384281126015,146.0,645.7890535917902,0.1346117513697336,3433,0.32429624031740034
2014-03-12,17995,22350,4627,0.20702460850111856,1.242011669908308,2.9837136465324385,4.319418344519016,144.0,725.3866436135725,0.13440715883668905,5985,0.2677852348993289
2013-02-10,8076,10149,2158,0.21263178638289487,1.2566864784546805,3.211744999507341,5.858705291161691,176.0,729.8637627432809,0.1569612769731008,2918,0.2875160114296975
2014-10-30,22697,28066,5966,0.21257036984251407,1.236551086046614,3.044894178008979,4.280089788356018,155.0,692.5108950720751,0.126630086225326,7393,0.26341480795268296
2013-09-05,9595,11822,2944,0.2490272373540856,1.2321000521104741,2.8045170021992893,3.991202842158687,135.5,645.1375679347826,0.1322111317881915,3794,0.3209270850955845
2013-03-19,9838,12127,2844,0.23451801764657376,1.2326692417157958,2.9524202193452624,5.196998433248124,145.0,607.225035161744,0.14636760946647975,3751,0.30930980456831864
2014-01-17,9824,11996,2902,0.2419139713237746,1.2210912052117264,2.929143047682561,4.303101033677892,155.0,688.4334941419711,0.13612870956985662,3910,0.32594198066022007
2014-01-07,11683,14457,3288,0.22743307740195062,1.2374390139518958,2.9378847617071315,4.433976620322335,153.0,711.9114963503649,0.13944801826105002,4478,0.3097461437365982
2014-06-28,13555,16714,3592,0.21490965657532607,1.2330505348579859,3.481811654900084,5.038291252841929,211.0,844.7185412026726,0.15418212277132942,4561,0.2728850065813091
2013-11-03,7053,8584,1921,0.22378844361602981,1.2170707500354458,3.168918918918919,4.6529589934762345,200.0,823.6850598646538,0.15319198508853682,2574,0.29986020503261884
2013-04-21,7793,9818,2213,0.22540232226522713,1.2598485820608238,3.3089223874516196,5.893359136280301,190.0,701.3357433348395,0.16795681401507434,2980,0.3035241393359136
2013-07-09,11270,13799,3094,0.22421914631495035,1.2244010647737356,2.9366620769620986,5.003261105877238,132.0,640.216224951519,0.141676933111095,3974,0.28799188346981663
2014-11-09,19313,23995,4745,0.1977495311523234,1.2424273805208927,3.437341112731819,4.8612210877266095,218.0,822.7608008429926,0.14628047509897896,6055,0.25234423838299647
2013-03-12,9852,12196,2994,0.24549032469662185,1.237921234267154,2.9121023286323386,5.087815677271236,139.0,604.1012024048097,0.1397179403082978,3910,0.3205969170219744
2013-03-27,9395,11504,2781,0.24174200278164118,1.2244811069717936,2.9384561891515992,5.094054242002781,135.5,637.3128371089537,0.1402990264255911,3640,0.31641168289290683
2014-08-02,16754,20815,4159,0.19980783089118423,1.2423898770442878,3.442085034830651,4.955512851309152,207.0,822.2981485934118,0.15392745616142206,5266,0.2529906317559452
2014-02-07,11923,14457,3267,0.225980493878398,1.2125304034219575,2.8963132046759354,4.174517534758248,134.0,652.2271196816652,0.13702704572179567,4251,0.2940444075534343
2013-02-11,9777,12133,2836,0.23374268523860545,1.2409737138181447,2.952526168301327,5.15585593010797,136.0,601.3861071932299,0.14110277754883377,3735,0.307838127421083
2014-01-25,8058,9993,2199,0.22005403782647853,1.2401340282948623,3.2976083258280795,4.872410687481237,215.0,817.0904956798545,0.16271389972981087,3009,0.301110777544281
2013-04-24,9214,11189,2806,0.25078201805344535,1.2143477317126112,2.9336848690678345,5.024935204218429,144.0,588.8884533143264,0.14076324962016265,3610,0.32263830547859507
2013-02-15,8015,9862,2449,0.24832691137700263,1.230442919525889,2.91198539849929,5.08629081322247,141.5,609.0008166598611,0.1419590346785642,3256,0.33015615493814643
2013-08-09,8831,10925,2728,0.24970251716247138,1.2371192390442758,2.940503432494279,4.1659496567505725,141.0,647.3178152492669,0.1434324942791762,3512,0.32146453089244853
2014-04-24,16435,20311,4453,0.21924080547486582,1.2358381502890174,2.902269706070602,4.1597656442321895,144.0,672.7608353918706,0.1371178179311703,5622,0.2767958249224558
2014-09-27,15580,19163,3830,0.19986432187027084,1.22997432605905,3.331367739915462,4.819652455252309,186.0,811.4493472584857,0.14152272608672964,4867,0.25397902207378803
2013-07-10,10489,12969,3127,0.2411134243195312,1.2364381733244352,3.035623409669211,5.115197779319916,148.0,669.4611448672849,0.14496106099159534,4020,0.309969928290539
2013-07-11,9727,12083,2774,0.22957874699991723,1.242212398478462,2.9452122817181166,4.947446826119341,139.0,643.1604181687095,0.1465695605396011,3558,0.29446329553918726
2013-05-26,6492,8057,1846,0.22911753754499192,1.2410659272951325,3.2978776219436514,5.779694675437508,188.0,746.2741061755146,0.17065905423855032,2496,0.3097927268213975
2013-06-07,8454,10330,2713,0.2626331074540174,1.2219067896853562,2.9809293320425945,5.149661181026137,148.0,588.6277183929229,0.14114230396902228,3459,0.3348499515972895
2013-07-04,7929,9895,2358,0.2383021728145528,1.2479505612309245,3.1155128852956038,5.326528549772612,149.0,702.6174724342663,0.15411824153612935,3048,0.3080343607882769
2013-12-12,7239,8714,2190,0.25131971540050496,1.2037574250587098,2.89855405095249,4.181317420243286,145.0,682.2374429223744,0.13288960293780125,2879,0.3303878815698875
2014-05-10,11365,14120,3181,0.22528328611898016,1.242410910690717,3.256232294617564,4.729320113314448,198.0,825.7497642250864,0.16423512747875355,4116,0.2915014164305949
2013-06-25,10292,12595,3136,0.24898769352917824,1.2237660318694132,3.0306470821754665,5.163715760222311,147.0,650.6511479591836,0.14807463279079,4055,0.32195315601429136
2014-09-10,28984,36013,6976,0.19370782772887568,1.2425131106817555,3.008080415405548,4.261350068030989,140.0,744.723623853211,0.12395523838613834,8799,0.2443284369533224
2013-07-07,7887,9816,2269,0.23115321923390383,1.2445796880943325,3.2802567237163816,5.713834555827221,183.0,737.8607315998237,0.16900977995110025,2957,0.3012428687856561
2013-01-21,9337,11518,2683,0.23293974648376453,1.2335868051836778,2.8846153846153846,5.029866296231985,131.0,560.904584420425,0.14855009550269144,3556,0.3087341552352839
2014-09-06,17535,21713,4237,0.19513655413807396,1.2382663244938694,3.3318749136462027,4.789066457882375,204.0,810.2629218786877,0.14765347948233776,5449,0.25095564868972503
2013-09-18,9932,12254,2991,0.2440835645503509,1.233789770438985,2.8240574506283664,4.0798106740656115,135.0,670.1260448010698,0.12738697568141016,3857,0.3147543659213318
2013-06-21,8226,10083,2489,0.24685113557472974,1.225747629467542,3.0140831101854606,5.074382624218982,139.0,621.8111691442347,0.14807101061192104,3203,0.317663393831201
2013-03-20,9750,12070,2956,0.24490472245236122,1.2379487179487179,2.9613090306545153,5.175890637945319,138.0,632.7872124492558,0.14134217067108534,3865,0.32021541010770505
2013-06-20,9375,11602,2794,0.24082054818134804,1.2375466666666666,2.9989656955697295,5.111101534218238,139.0,634.3414459556192,0.14592311670401656,3584,0.3089122565074987
2013-02-24,8177,10221,2252,0.22033069171313963,1.2499694264400147,3.2565306721455825,5.827218471773799,182.0,689.6856127886323,0.16475882986009197,3053,0.2986987574601311
2014-01-21,12010,14735,3314,0.22490668476416695,1.2268942547876769,2.8984051577875807,4.2993552765524266,151.0,713.4296922148461,0.13695283338988803,4538,0.30797421106209705
2013-11-19,8708,10424,2673,0.2564274750575595,1.1970601745521359,2.9278587874136606,4.2360897927858785,156.0,658.9633370744482,0.1300844205679202,3481,0.3339409056024559
2013-01-16,9642,11964,2804,0.23436977599465061,1.240821406347231,2.8844032096288865,5.058174523570712,142.0,616.3377318116976,0.13473754597124707,3784,0.3162821798729522
2013-09-29,7661,9496,2167,0.22820134793597305,1.239524866205456,3.117312552653749,4.536541701769166,178.5,722.9437009690816,0.15553917438921652,2875,0.3027590564448189
2013-09-13,8632,10608,2739,0.2582013574660634,1.2289156626506024,2.8608597285067874,4.065328054298643,141.0,643.6553486673969,0.12754524886877827,3548,0.3344645550527903
2014-09-18,24642,30618,6134,0.20033966947547194,1.2425127830533236,3.073976092494611,4.392775491540924,158.0,712.1638408868602,0.1304134822653341,7732,0.25253119080279574
2014-10-05,19496,24173,4744,0.19625201671286147,1.2398953631514156,3.3917594009845695,4.790841020973814,207.0,847.7112141652614,0.14942290985810616,6085,0.25172713357878623
2013-01-18,7776,9628,2399,0.24916909015371833,1.2381687242798354,2.8210427918570833,4.964374740340673,125.0,548.1121300541893,0.13616535105941005,3220,0.33444121312837555
2013-06-17,10573,13054,3205,0.24551861498391298,1.234654308143384,2.998314692814463,5.107936264746438,144.0,600.591263650546,0.1445533935958327,4079,0.3124712731729738
2013-09-30,10425,12783,3260,0.2550262066807479,1.2261870503597123,2.8558241414378474,4.120628960337949,145.0,634.8717791411043,0.13478839083157318,4236,0.33137761088946255
2013-01-12,6819,8591,1781,0.20730997555581424,1.2598621498753484,3.1275753695728086,5.674892329181702,168.0,660.5345311622684,0.16156442788965197,2447,0.28483296473053193
2014-05-09,13908,17004,4126,0.24264878852034816,1.2226056945642796,2.9684191954834156,4.195424605975065,148.0,683.6509936984974,0.1405551634909433,5190,0.30522230063514466
2013-03-05,10065,12362,3024,0.24462061155152887,1.2282165921510184,2.9701504610904386,5.124251739200776,147.0,598.8191137566138,0.14892412231030577,3925,0.31750525804885943
2013-07-01,10173,12633,2935,0.2323280297633183,1.2418165732822177,3.03712499010528,5.306261378928204,145.0,645.5369676320273,0.15000395788807092,3730,0.2952584500910314
2013-08-22,9281,11354,2804,0.24696142328694734,1.2233595517724383,2.8895543420820857,4.118372379778052,138.0,665.6850927246791,0.13722036286771183,3551,0.31275321472608775
2013-06-27,9280,11537,2692,0.2333362225881945,1.2432112068965517,3.0228828985004768,5.07809655889746,132.0,637.7262258543833,0.1418046285862876,3457,0.29964462165207595
2013-07-08,10571,13033,3034,0.2327936775876621,1.2329013338378583,3.0260108954193203,5.091536867950587,134.0,616.2495056031642,0.14424921353487302,3866,0.29663162740735055
2013-11-07,8251,9980,2473,0.24779559118236472,1.2095503575324202,2.8314629258517034,4.166933867735471,153.0,632.8730287100688,0.13657314629258516,3268,0.32745490981963926
2013-04-08,9859,12157,2992,0.2461133503331414,1.2330865199310275,2.924323435057991,5.085876449782019,133.0,586.9802807486631,0.14345644484659045,3903,0.3210496010528913
2013-07-05,8037,9812,2475,0.2522421524663677,1.2208535523205175,3.019669792091317,5.090705258866694,147.0,633.7931313131313,0.1484916428862617,3176,0.32368528332653895
2013-04-27,6042,7436,1802,0.24233458848843464,1.2307183051969546,3.2260623991393222,5.694862829478214,177.5,701.180910099889,0.15586336740182893,2352,0.31629908552985475
2013-02-22,8043,9845,2409,0.2446927374301676,1.2240457540718637,2.8947689182326055,5.016658202133063,134.0,602.225404732254,0.13631284916201117,3091,0.3139664804469274
2013-09-07,6971,8609,1937,0.22499709606226043,1.234973461483288,3.0338018352886515,4.487513067719828,167.0,744.4233350542075,0.15170170751539086,2540,0.29504007434080615
2013-07-06,6741,8307,1886,0.22703743830504394,1.2323097463284378,3.2482243890694593,5.578066690742747,187.0,706.4125132555673,0.1735885397857229,2470,0.297339593114241
2013-08-03,7362,9180,2117,0.23061002178649237,1.2469437652811737,3.0700435729847495,5.372331154684096,166.0,757.1648559282003,0.1599128540305011,2750,0.2995642701525055
2013-10-25,7886,9660,2429,0.2514492753623188,1.2249556175500889,2.874223602484472,4.091821946169772,145.0,648.5500205846027,0.1372670807453416,3133,0.32432712215320914
2013-04-19,7347,8933,2321,0.2598231277286466,1.215870423302028,2.9818649949624985,5.079816411060114,140.0,586.4291253769927,0.1371319825366618,2990,0.33471398186499496
2013-05-20,9702,12055,2943,0.24413106594773953,1.2425273139558854,2.9978432185815014,5.175031107424306,146.0,614.2898402990146,0.15379510576524263,3812,0.3162173372044795
2013-05-17,7758,9495,2485,0.26171669299631384,1.2238979118329467,2.9058451816745654,4.941653501843075,134.0,582.7553319919517,0.14312796208530806,3143,0.3310163243812533
2013-10-05,7027,8598,2006,0.233310072109793,1.2235662444855557,3.043033263549663,4.429751104908118,169.0,736.018444666002,0.15154687136543382,2703,0.3143754361479414
2013-09-12,9436,11547,2899,0.2510608816142721,1.223717676981772,2.8613492682081927,4.109552264657487,137.0,627.170403587444,0.12773880661643716,3750,0.3247596778383996
2013-01-09,9650,11963,2737,0.22878876535985956,1.2396891191709845,2.913483239989969,5.111928446041962,138.0,617.0065765436609,0.13533394633453147,3707,0.3098721056591156
2013-01-23,8944,11194,2637,0.2355726281936752,1.2515652951699463,2.758084688225835,4.84241557977488,110.0,540.5331816458096,0.13274968733249956,3502,0.31284616758978023
2014-04-05,11674,14536,3114,0.21422674738580078,1.2451601850265548,3.2380985140341223,4.691180517336268,192.0,805.0822093770071,0.16152999449642266,4071,0.2800632911392405
2013-03-06,10473,12893,3090,0.23966493446056,1.2310703714312996,2.937020088420073,5.1766850228806325,143.0,611.0744336569579,0.14511750562320638,4096,0.3176917707283022
2013-06-05,10113,12540,3211,0.25606060606060604,1.2399881340848413,2.992025518341308,5.142902711323764,135.0,640.5066957334163,0.14146730462519935,4190,0.33413078149920256
2013-08-13,10366,12864,3103,0.2412157960199005,1.2409801273393788,2.8707245024875623,4.112873134328358,136.0,637.6248791492104,0.1384483830845771,3974,0.3089241293532338
2013-07-24,10305,12835,3073,0.2394234514998052,1.245511887433285,2.9023763147643162,4.9156213478768995,144.0,652.2730231044582,0.14008570315543437,3985,0.3104791585508376
2013-08-23,8701,10675,2727,0.2554566744730679,1.2268704746580852,2.8656674473067913,4.100140515222482,140.0,644.5258525852586,0.1405152224824356,3506,0.32843091334894614
2014-03-03,12158,14915,3655,0.2450553134428428,1.226764270439217,3.026818638954073,4.442507542742206,162.0,689.4350205198358,0.14200469326181697,4821,0.3232316459939658
2013-08-07,10652,13290,3122,0.23491346877351393,1.2476530229064964,2.9023325808878857,4.2635063957863055,134.0,668.0688661114671,0.14085778781038374,4035,0.3036117381489842
2013-06-15,6393,7967,1912,0.23998995857913893,1.2462067886751134,3.297728128530187,5.62081084473453,177.0,761.5392259414226,0.16656206853269737,2511,0.3151750972762646
2013-04-16,9297,11509,2858,0.24832739595099487,1.2379262127568034,2.9449126770353637,5.059171083499869,135.0,586.4877536738978,0.14171517942479797,3691,0.32070553479885305
2013-12-29,7280,8916,1943,0.21792283535217585,1.2247252747252748,3.3269403319874384,5.040825482279049,214.0,832.6340710241894,0.164535666218035,2613,0.2930686406460296
2014-01-04,7759,9394,2093,0.22280178837555886,1.210723031318469,3.219501809665744,4.791888439429423,210.0,816.1251791686574,0.16478603363849265,2857,0.3041302959335746
2013-05-04,6182,7617,1882,0.24707890245503478,1.2321255257198318,3.1301037153735067,5.562557437311278,167.0,690.9224229543039,0.16056190101089668,2476,0.3250623605093869
2013-03-31,6798,8501,1945,0.2287966121632749,1.250514857310974,3.2610281143394895,5.738148453123162,184.0,728.878149100257,0.16645100576402777,2646,0.31125749911775086
2014-03-13,16879,20864,4355,0.208732745398773,1.2360921855560163,2.9533167177914113,4.209164110429448,152.0,709.4849598163031,0.142829754601227,5582,0.26754217791411045
2013-10-31,7575,8992,2421,0.26923932384341637,1.1870627062706272,2.872664590747331,4.091525800711744,157.0,666.4122263527468,0.1317838078291815,3183,0.35398131672597866
2014-01-11,8749,10779,2279,0.2114296316912515,1.2320265173162648,3.200296873550422,4.801373040170702,199.0,792.4655550680122,0.15743575470822896,3214,0.29817237220521386
2013-03-01,8124,9875,2493,0.25245569620253167,1.215534219596258,2.9136202531645568,5.115645569620253,141.0,598.4320096269555,0.14420253164556962,3220,0.3260759493670886
2013-11-23,5892,7127,1675,0.23502174828118422,1.2096062457569585,3.1330152939525746,4.509471025677003,177.0,758.0334328358209,0.14690613161217903,2187,0.30686123193489545
2013-06-29,6683,8328,1928,0.23150816522574447,1.2461469399970073,3.2893852065321805,5.801633045148895,184.0,758.5684647302904,0.1691882804995197,2476,0.2973102785782901
2013-05-03,6444,7795,2060,0.2642719692110327,1.2096523898199876,2.744964720974984,4.579602309172547,124.0,586.6509708737864,0.13470173187940987,2615,0.3354714560615779
2013-05-16,8830,10849,2765,0.2548621992810397,1.228652321630804,2.933910959535441,5.036961931975298,139.0,604.2010849909584,0.13964420683934003,3572,0.329246935201401
2013-09-15,8073,10050,2288,0.22766169154228855,1.244890375325158,3.114825870646766,4.549850746268657,168.0,751.3955419580419,0.15412935323383084,3071,0.3055721393034826
2013-11-17,7081,8714,2003,0.22985999540968557,1.2306171444711198,3.2164333256828095,4.743057149414735,193.0,771.1318022965552,0.16077576313977507,2658,0.3050263943080101
2013-08-02,9145,11193,2774,0.24783346734566247,1.2239475123018042,2.9434467971053335,4.920396676494238,139.0,652.1391492429705,0.14303582596265524,3690,0.32967032967032966
2014-11-11,25006,30899,6369,0.20612317550729797,1.2356634407742142,3.14974594647076,4.438719699666656,175.0,746.3203014601978,0.12579695135764912,7949,0.25725751642447975
2014-04-27,13859,17280,3642,0.2107638888888889,1.2468432065805615,3.3004050925925927,4.754513888888889,196.0,802.7034596375618,0.16574074074074074,4718,0.2730324074074074
2014-07-23,25726,32258,6390,0.19809039618079236,1.253906553681101,3.1923243846487694,4.5452910905821815,166.0,752.4281690140845,0.14216628433256867,8056,0.24973649947299895
2014-03-07,16486,20375,4347,0.21334969325153375,1.2358971248331918,2.977963190184049,4.274944785276074,145.0,687.9960892569588,0.1409079754601227,5587,0.2742085889570552
2014-11-18,24113,29762,6115,0.20546334251730394,1.2342719694770456,3.143471540891069,4.394227538471877,160.0,705.6040883074407,0.12472280088703716,7689,0.2583495732813655
2014-08-19,27436,34312,6827,0.1989682909769177,1.2506196238518734,3.0207507577523898,4.349003264164141,154.0,743.5907426395196,0.13441361622755887,8584,0.25017486593611565
2013-08-05,10919,13511,3154,0.23343941973207016,1.2373843758585952,2.9598845385241654,5.016505069943009,141.0,671.1582117945466,0.14329065206128339,4020,0.2975353415735327
2013-04-23,8578,10439,2536,0.2429351470447361,1.216950338074143,2.9081329629274837,4.987834083724494,145.0,598.631309148265,0.13966855062745473,3265,0.31276942235846344
2013-12-11,7986,9588,2470,0.2576136837713809,1.2006010518407213,3.002607425949103,4.346266166040884,152.0,694.1619433198381,0.1319357530246141,3233,0.33719232373800584
2014-09-01,21978,27523,5147,0.1870072303164626,1.2522977522977523,3.185590233622788,4.6130872361297826,169.0,787.0194287934719,0.13948334120553718,6533,0.23736511281473677
2014-05-25,11459,14154,3031,0.21414441147378832,1.2351863164324985,3.4158541754980924,4.923908435777872,208.5,840.9884526558891,0.1641938674579624,3943,0.27857849371202487
2013-03-21,8975,11055,2523,0.2282225237449118,1.2317548746518105,2.9492537313432834,5.14093170511081,135.0,621.6341656757828,0.14762550881953868,3255,0.2944369063772049
2014-08-13,27909,34578,6937,0.20061889062409624,1.238955175749758,3.0716351437330096,4.398750650702759,155.0,753.1109989909182,0.13465209092486552,8673,0.2508242234947076
2014-10-31,19650,24168,5494,0.22732538894405827,1.2299236641221374,3.0667411453161204,4.279336312479312,166.0,702.5535129231889,0.1348477325388944,6895,0.2852946044356173
2013-08-21,10303,12672,3027,0.23887310606060605,1.2299330292147919,2.8355429292929295,4.070864898989899,137.0,670.2847703997357,0.13233901515151514,3874,0.3057133838383838
2014-10-11,16341,20065,3886,0.19367057064540244,1.2278930298023376,3.34109145277847,4.6844256167455764,197.0,814.764539372105,0.14428108646897583,4883,0.24335908298031397
2013-06-18,10341,12757,3037,0.23806537587207025,1.233633110917706,3.041153876303206,5.156541506623815,140.0,623.8952914059928,0.1484675080348044,3950,0.309633926471741
2013-10-28,10043,12278,3026,0.24645707769995112,1.2225430648212685,2.8628441114187977,4.129581365043166,146.0,643.0637805684071,0.13121029483629257,3905,0.3180485421078352
2013-10-08,10233,12576,3082,0.2450699745547074,1.228965112870126,2.8746819338422394,4.062738549618321,137.0,647.6022063595068,0.12849872773536897,3994,0.317589058524173
2013-10-13,7093,8754,2032,0.23212245830477496,1.2341745382771747,3.194882339501942,4.591158327621659,180.0,745.1707677165355,0.15558601782042494,2693,0.30763079734978294
2013-11-27,7724,9299,2363,0.25411334552102377,1.203909891248058,2.9090224755350036,4.174534896225401,146.0,665.3690224291155,0.13227228734272503,3114,0.3348747177115819
2013-12-19,7384,8888,2266,0.25495049504950495,1.2036836403033586,2.9382313231323134,4.216359135913591,157.0,653.8998234774933,0.13343834383438344,2966,0.3337083708370837
2014-10-21,26652,32953,6563,0.19916244348010803,1.2364175296413027,3.00713136891937,4.169423117773799,147.0,715.1479506323328,0.1278487542864079,8162,0.24768609838254485
2014-01-27,11145,13775,3161,0.2294736842105263,1.2359802602063705,2.977495462794918,4.344392014519056,158.0,707.942423283771,0.14344827586206896,4302,0.3123049001814882
2014-11-25,24537,30502,6214,0.20372434594452823,1.2431022537392509,3.11740213756475,4.349124647564095,157.0,732.6543289346637,0.13481083207658515,7843,0.2571306799554128
2014-09-04,24768,30871,6369,0.20631012924751385,1.24640665374677,3.0383207541057953,4.369084253830456,150.0,740.6955566022923,0.12733633507175018,8134,0.263483528230378
2014-04-28,18523,22849,4971,0.21755875530657798,1.2335474815094747,2.9200840299356647,4.155455380979474,139.0,701.4602695634682,0.1379929099741783,6227,0.27252833822049105
2014-01-28,11660,14427,3283,0.22755943716642407,1.2373070325900515,2.9124558120191306,4.243085880640466,154.0,687.7505330490405,0.13932210438760656,4467,0.30962778124350177
2014-09-23,27481,34165,6656,0.194819259476072,1.2432225901531968,3.0392799648763353,4.3301331772281575,149.0,727.2764423076923,0.13399678033074783,8439,0.24700717108151618
2014-01-20,11733,14587,3349,0.22958798930554603,1.243245546748487,2.9744978405429494,4.333036265167615,151.0,698.744699910421,0.14643175430177555,4574,0.31356687461438265
2014-12-03,30478,37767,6905,0.18283157253687082,1.239156112605814,3.0040511557709113,4.149071941112611,130.0,747.5603186097031,0.12468557206026425,8508,0.22527603463341012
2014-07-20,19167,24116,4640,0.19240338364571238,1.2582042051442583,3.5073809918726155,5.067548515508376,216.0,856.0538793103449,0.16254768618344667,5976,0.24780228893680545
2014-09-14,19829,24714,4670,0.18896172210083353,1.2463563467648393,3.3858541717245285,4.896495913247552,198.0,839.1809421841542,0.15282835639718378,5940,0.2403495994173343
2014-05-13,18767,23417,5251,0.22423880087116196,1.247775350349017,2.9476875774010334,4.262117265234658,146.0,702.9424871453057,0.13908698808557884,6615,0.2824870820344194
2014-06-21,13404,16671,3496,0.2097054765760902,1.2437332139659802,3.4826345150260933,5.039049847039769,211.0,836.070652173913,0.157998920280727,4508,0.2704096934796953
2013-12-25,5057,6120,1388,0.22679738562091503,1.210203678070002,3.1395424836601307,4.5053921568627455,191.0,836.9113832853026,0.15359477124183007,1804,0.29477124183006537
2014-07-27,18882,23851,4795,0.20103978868810532,1.26316068213113,3.4201081715651336,4.939457465095803,208.0,854.1071949947863,0.16208963984738586,6026,0.25265188042430087
2014-05-05,18013,22459,4961,0.2208914021105125,1.2468217398545496,2.9718153078943854,4.252460038291999,150.0,714.271719411409,0.14061178146845363,6223,0.2770826840019591
2014-08-28,23978,29757,5843,0.19635715965991196,1.2410125948786388,3.0301441677588468,4.346909970763182,146.0,738.7862399452337,0.12793628389958664,7316,0.24585811741775043
2014-06-05,18869,23420,5324,0.2273270708795901,1.2411892522126238,3.102220324508967,4.434713919726729,159.0,727.4267468069121,0.14073441502988898,6701,0.2861229718189582
2014-06-16,20884,25738,5506,0.21392493589245473,1.2324267381727638,3.1704095112285335,4.505050897505634,164.0,717.6343988376317,0.14297925246716917,6905,0.2682803636646204
2014-10-20,26284,32367,6659,0.2057342354867612,1.2314335717546796,3.0077239163345384,4.178422467327834,160.0,680.495269559994,0.13059597738437298,8240,0.2545802823863812
2014-12-28,23280,29366,4957,0.16880065381733977,1.261426116838488,3.433119934618266,4.751753728802016,205.0,898.2126286060117,0.15763127426275284,6161,0.2098004494994211
2013-04-11,8665,10617,2636,0.2482810586794763,1.225274091171379,2.9335970613167563,5.035320712065555,133.0,610.2723823975721,0.14165960252425355,3404,0.32061787698973343
2014-05-14,18753,23506,4990,0.2122862247936697,1.2534527808883913,2.9370373521654045,4.236109929379733,141.0,714.1286573146292,0.1375393516548966,6254,0.26605972943078365
2014-09-22,26706,33212,6699,0.20170420330001204,1.2436156668913352,3.0700349271347704,4.364115379983138,151.0,701.2406329302881,0.13121763218113935,8367,0.2519270143321691
2014-04-26,11338,14034,3046,0.21704432093487244,1.2377844417004762,3.3157332193244975,4.789297420550093,192.0,808.7117531188444,0.16581160039903092,3953,0.28167307966367394
2014-12-06,17515,21703,4220,0.19444316453946459,1.239109334855838,3.275676173800857,4.5071649080772245,187.0,809.4457345971564,0.14458830576418008,5222,0.24061189697276875
2014-04-21,17347,21504,4590,0.21344866071428573,1.2396379777483137,3.0132533482142856,4.322312127976191,158.0,710.0071895424836,0.14462425595238096,5832,0.27120535714285715
2014-07-07,25700,32274,6433,0.1993245336803619,1.2557976653696499,3.182964615479953,4.557631530024168,163.0,755.3816259909839,0.14150709549482557,8081,0.25038730866951725
2014-11-02,20435,25445,4980,0.19571625073688348,1.2451676045999511,3.4255452937708784,4.7869129494989195,214.0,844.1767068273092,0.15999213990960895,6284,0.246964040086461
2013-09-01,6865,8499,1975,0.23238028003294506,1.2380189366351055,3.1271914342863867,4.524296976114837,170.0,758.1260759493671,0.1573126250147076,2569,0.30227085539475235
2014-07-11,20751,25928,5405,0.20846189447701327,1.2494819526769794,3.0732027152113544,4.440064794816415,157.0,747.3034227567067,0.13900030854674483,6800,0.2622647331070657
2014-03-20,15482,19091,4166,0.21821800848567388,1.2331094173879344,2.9367241108375675,4.227908438531245,149.0,726.9361497839654,0.1366612539940286,5271,0.276098685244356
2014-07-17,23697,29480,5979,0.20281546811397558,1.2440393298729797,3.201492537313433,4.636533242876526,169.0,768.7034621174109,0.14260515603799187,7541,0.25580054274084124
2013-12-04,8516,10282,2588,0.25170200350126437,1.207374354156881,2.8850418206574595,4.1551254619723785,147.0,674.1147604327666,0.13071386889710174,3460,0.3365104065356934
2014-06-08,15452,19290,4105,0.21280456194919647,1.2483820864612996,3.4713841368584757,5.009279419388284,210.0,829.0394640682096,0.16464489372731986,5264,0.27288750648004145
2014-03-09,13457,16746,3379,0.20177952943986624,1.2444081147358252,3.354054699629762,4.898722082885465,193.0,842.7676827463747,0.1695927385644333,4538,0.2709900871849994
2014-07-22,26598,33334,6406,0.19217615647687047,1.2532521242198662,3.152966940661187,4.517459650806984,157.0,774.6317514829847,0.1378172436551269,8093,0.24278514429711406
2014-09-11,25341,31455,6480,0.20600858369098712,1.2412690896176157,3.0360515021459227,4.338102050548403,154.0,692.4055555555556,0.12894611349546972,8205,0.2608488316642823
2014-05-11,12915,15976,3485,0.21813970956434653,1.2370112272551297,3.3121557336004006,4.822671507260892,202.5,830.5730272596844,0.16311967951927892,4504,0.2819228843264897
2014-08-17,19727,24748,4924,0.19896557297559397,1.2545242560957064,3.3860109907871343,4.926781962178762,205.0,843.158610885459,0.1566591239696137,6227,0.2516162922256344
2013-06-26,9769,12096,2838,0.23462301587301587,1.2382024772238713,3.0105820105820107,5.116650132275132,140.0,625.1007751937984,0.14401455026455026,3692,0.30522486772486773
2014-06-03,20857,25847,5585,0.2160792355012187,1.2392482140288632,3.0552868804890316,4.389484272836306,154.0,695.8683974932856,0.1417185746895191,7106,0.27492552327155956
2013-04-18,8790,10687,2664,0.24927481987461403,1.2158134243458476,2.924861981847104,5.027042200804716,137.0,603.1295045045046,0.13867315429961635,3423,0.32029568634789934
2013-10-01,10289,12684,3210,0.25307473982970674,1.2327728642239284,2.8394828129927467,4.078051087984862,137.0,636.4121495327103,0.13008514664143803,4139,0.32631661936297696
2014-06-27,17389,21421,4711,0.21992437327855843,1.2318707228707804,3.15097334391485,4.507772746370384,163.0,755.7875185735512,0.13566126698099995,5971,0.27874515662200644
2014-01-01,7306,8997,1959,0.21773924641547182,1.2314535997810019,3.2278537290207847,4.858174947204624,220.0,752.660541092394,0.1626097588084917,2665,0.29620984772702014
2013-05-23,8828,10799,2708,0.25076395962589126,1.2232668781150884,2.9662931752940085,5.20307435873692,144.0,598.2289512555392,0.14390221316788593,3466,0.32095564404111493
2014-12-13,16995,21075,4188,0.1987188612099644,1.2400706090026479,3.342870699881376,4.59226571767497,194.0,820.2000955109837,0.1454329774614472,5261,0.24963226571767497
2014-09-02,27481,34086,6583,0.19312914393005925,1.240347876714821,3.009886757026345,4.310626063486476,144.0,716.9617195807383,0.1262981869389192,8391,0.24617144868861116
2013-06-12,9963,12240,3095,0.252859477124183,1.2285456187895212,2.990767973856209,5.13406862745098,138.0,611.60549273021,0.1448529411764706,4030,0.3292483660130719
2014-03-24,17455,21662,4605,0.21258424891515096,1.2410197651102837,2.9169513433662635,4.18700950974056,143.0,686.9782844733985,0.1402455913581387,5786,0.2671036838703721
2013-12-02,9628,11579,3003,0.2593488211417221,1.2026381387619443,2.892564124708524,4.214353571120132,142.0,693.1212121212121,0.13567665601519993,3990,0.3445893427757147
2014-02-03,11363,13966,3348,0.23972504654160104,1.229076828302385,2.9457969354145783,4.285192610625805,157.0,706.0683990442055,0.14112845481884576,4498,0.32206787913504226
2013-03-25,9775,12103,2648,0.21878873006692556,1.238158567774936,2.8906056349665374,5.025448235974552,126.0,619.3081570996978,0.14004792200280922,3385,0.27968272329174587
2014-09-26,20228,24924,5457,0.21894559460760712,1.232153450662448,3.0735836944310706,4.406475686085701,160.0,704.5222649807587,0.12762798908682393,6805,0.2730300112341518
2014-11-27,18819,23363,4467,0.19119976030475538,1.2414581008555183,3.1403073235457777,4.405769806959722,155.0,773.5545108573987,0.13624106493172966,5575,0.2386251765612293
2013-04-01,9386,11602,2834,0.24426822961558353,1.2360963136586405,2.968884675056025,5.146871229098431,144.0,592.0504587155963,0.14006205826581625,3683,0.3174452680572315
2014-07-30,29509,36703,6693,0.18235566574939377,1.24379003016029,3.156799171729831,4.465765741220063,150.0,754.7944120723143,0.14045173419066562,8336,0.22712039887747595
2014-10-13,26177,32681,6564,0.20085064716501944,1.248462390648279,3.0793427373703377,4.292065726262966,155.0,718.4306825106643,0.13270707750680824,8144,0.24919678100425324
2014-02-05,11358,14018,3281,0.23405621343986302,1.2341961612960028,2.962048794407191,4.356684263090313,161.5,732.1088082901555,0.1396062205735483,4457,0.31794835211870454
2013-04-22,9849,12014,2962,0.24654569668719828,1.2198192709919788,3.013234559680373,5.2310637589478945,147.0,639.7302498311951,0.14882636923589146,3761,0.3130514399866822
2013-08-15,9224,11247,2797,0.2486885391659998,1.2193191673894188,2.974926647105895,4.204854627900773,146.0,635.7189846263855,0.14448297323730772,3606,0.32061883168845023
2014-05-31,12356,15353,3371,0.2195662085585879,1.2425542246681773,3.308083110792679,4.764801667426561,205.0,802.0872144764165,0.15677717709893832,4292,0.27955448446557674
2013-07-25,9705,12101,2852,0.23568300140484258,1.24688304997424,2.951574250061978,5.02603090653665,139.0,668.804347826087,0.14205437567143211,3676,0.30377654739277743
2013-05-13,10113,12375,3155,0.2549494949494949,1.2236725007416196,2.9420606060606063,5.019232323232323,139.0,601.2415213946117,0.14432323232323233,4078,0.3295353535353535
2013-04-06,6805,8356,1910,0.22857826711345142,1.2279206465833945,3.1367879368118716,5.505026328386788,164.5,668.8251308900524,0.16539013882240305,2532,0.30301579703207276
2014-06-02,19588,24211,5453,0.22522820205691627,1.2360118439861139,3.0878113254305894,4.4083267936062125,165.0,689.1450577663671,0.1413820164388088,6917,0.2856965841972657
2014-05-18,13367,16611,3604,0.21696466197098307,1.2426872147826737,3.309373306844862,4.8698452832460415,207.0,826.9517203107658,0.16242249112034193,4678,0.2816206128469087
2014-12-17,29385,36338,6408,0.176344322747537,1.2366173217628043,3.0347845230887778,4.077164400902636,134.0,751.3952871410737,0.12815785128515603,7841,0.21577962463536793
2013-02-09,6952,8718,1918,0.22000458820830465,1.2540276179516685,3.1183757742601514,5.701078228951594,177.0,678.8967674661105,0.16093140628584537,2559,0.2935306262904336
2013-05-07,9862,12023,3091,0.25709057639524246,1.2191239099574123,2.954337519753805,5.061299176578225,141.0,597.6515690714979,0.1431423105714048,4005,0.3331115362222407
2013-11-30,5790,6979,1590,0.22782633615131107,1.2053540587219345,3.092563404499212,4.496776042412953,174.0,727.333962264151,0.15661269522854276,2105,0.30161914314371685
2014-05-08,17178,21262,4671,0.2196877057661556,1.2377459541273723,2.9654783181262347,4.222227448029348,146.5,681.1400128452152,0.136252469193867,5899,0.2774433261217195
2014-03-04,12373,15327,3709,0.24199125725843282,1.2387456558635739,2.961114373328114,4.351666992888367,150.0,701.7303855486654,0.13818751223331377,4950,0.32295948326482676
2014-08-29,21790,27055,5605,0.2071705784513029,1.2416245984396512,3.0132323045647755,4.352171502494918,152.0,738.4203389830509,0.1300314174829052,7005,0.2589170208833857
2014-02-04,11682,14352,3439,0.2396181716833891,1.2285567539804827,2.949902452619844,4.268185618729097,153.0,663.1628380343122,0.1395624303232999,4645,0.32364827201783725
2014-05-12,18927,23453,5236,0.2232550206796572,1.2391292862048924,2.921715771969471,4.162154095424892,143.0,683.1858288770053,0.13588879887434444,6519,0.2779601756704899
2013-08-16,8426,10310,2670,0.25897187196896215,1.223593638737242,2.852279340446169,4.003200775945684,132.0,606.9561797752809,0.13656644034917556,3413,0.33103782735208537
2013-10-16,9956,12160,3015,0.24794407894736842,1.2213740458015268,2.838815789473684,4.012006578947369,133.0,642.4593698175788,0.134375,3881,0.3191611842105263
2013-07-23,10842,13481,3139,0.23284622802462726,1.2434052757793765,2.974927675988428,5.098583191157926,140.0,660.3966231283848,0.1464283065054521,4072,0.3020547437133744
2013-03-26,9552,11707,2877,0.24575040574015547,1.225607202680067,2.8576065601776715,4.965063637140172,124.0,606.5828988529719,0.1374391389766806,3757,0.3209191082258478
2014-02-21,9990,12118,2888,0.2383231556362436,1.213013013013013,2.9470209605545468,4.302937778511305,153.0,665.8469529085872,0.14111239478461793,3801,0.31366562138966825
2013-03-04,10126,12432,2994,0.24083011583011582,1.2277305945091843,2.903957528957529,5.0902509652509655,133.0,593.3433533734135,0.14116795366795368,3893,0.31314350064350066
2014-06-13,16658,20616,4804,0.23302289483896002,1.237603553848001,3.1031237873496313,4.422002328288708,162.0,699.9321398834305,0.13576833527357393,6028,0.2923942568878541
2013-11-22,7205,8647,2145,0.24806291199259858,1.2001387925052047,2.7976176708685094,4.054122817162021,143.0,678.1337995337996,0.12709610269457616,2760,0.31918584480166534
2014-08-15,21287,26407,5614,0.21259514522664444,1.240522384553953,3.119589502783353,4.479721286022645,163.0,732.4278589241183,0.13541863899723558,7033,0.2663308971106146
2014-04-02,17774,22047,4818,0.2185331337596952,1.2404073365590187,3.0061686397242253,4.3170045811221485,155.0,714.8486924034869,0.14065405724134802,6165,0.27962988161654645
2013-03-30,5900,7382,1701,0.23042535898130587,1.251186440677966,3.2037388241668925,5.748171227309673,172.0,742.7477954144621,0.15781630994310486,2255,0.3054727716066107
2013-10-26,6440,7945,1740,0.21900566393958465,1.233695652173913,3.160226557583386,4.626054122089364,171.0,766.8505747126437,0.14826935179358086,2302,0.28974197608558844
2013-05-01,9370,11520,2897,0.25147569444444445,1.2294557097118464,3.0653645833333334,5.259375,146.5,636.1149464963755,0.14973958333333334,3750,0.3255208333333333
2013-10-02,10024,12231,3108,0.2541084130488104,1.220171588188348,2.8251165072357125,4.018559398250347,138.0,635.5514800514801,0.13073338238901153,3988,0.3260567410677786
2014-03-25,17328,21428,4292,0.2002986746313235,1.2366112650046168,2.891683778234086,4.177384730259473,135.0,690.1255824790308,0.1373903304088109,5428,0.2533134216912451
2014-04-14,17611,21799,4808,0.22056057617321895,1.2378059167565727,3.0276618193495115,4.304509381164274,156.0,703.2780782029951,0.14390568374696086,6092,0.2794623606587458
2014-01-10,10569,12781,2985,0.23354980048509505,1.2092913236824676,2.9212111728346764,4.2941866833581095,144.0,693.3098827470686,0.1356701353571708,4063,0.31789374853297864
2014-12-29,29663,37741,6245,0.1654699133568268,1.2723257930755487,3.2187011472933946,4.413370074984765,168.0,809.6296236989592,0.14686945231975834,7750,0.20534697013857608
2014-03-05,19082,23820,4931,0.20701091519731318,1.2482968242322607,2.9733837111670867,4.325944584382872,146.0,718.6142770229162,0.14143576826196474,6377,0.26771620486985725
2014-12-21,17228,21548,4124,0.19138667161685538,1.2507545855583933,3.3614256543530723,4.592908854650084,206.0,887.9384093113482,0.1550956005197698,5099,0.23663449043994803
2014-12-10,26982,33624,6546,0.19468236973590292,1.2461641094062708,3.0484475374732334,4.148405900547228,148.0,729.296822487015,0.12862836069474184,7966,0.2369141089697835
2014-04-10,16372,20175,4429,0.21952912019826518,1.2322868311751771,2.9988599752168525,4.294671623296159,148.0,723.6561300519304,0.13714993804213135,5638,0.279454770755886
2014-05-23,15562,19305,4385,0.22714322714322716,1.2405217838324123,3.0295778295778297,4.3931623931623935,159.0,720.000228050171,0.14322714322714322,5533,0.2866096866096866
2014-07-01,20124,25017,4987,0.19934444577687171,1.2431425163983303,3.190910181076868,4.7073589958827995,170.0,761.0170443152196,0.13522804492944798,6379,0.25498660910580806
2014-06-10,21282,26265,5579,0.21241195507329144,1.2341415280518748,3.090043784504093,4.441423948220065,158.0,731.2464599390572,0.1421283076337331,7066,0.26902722253950123
2013-07-21,8178,10303,2276,0.2209065320780355,1.259843482514062,3.22110065029603,5.6057458992526445,185.0,729.4749560632689,0.16461224885955547,2949,0.2862273124332719
2013-08-25,8030,9985,2286,0.228943415122684,1.2434620174346203,3.114772158237356,4.504056084126189,182.0,770.6662292213473,0.15893840761141712,2959,0.29634451677516277
2013-08-04,8303,10529,2344,0.2226232310760756,1.2680958689630255,3.229651438883085,5.6282647924779186,178.0,752.8877986348123,0.16221863424826669,3072,0.2917655997720581
2014-01-09,11298,13932,3256,0.23370657479184612,1.2331386086032927,2.9126471432672982,4.289836347975883,158.0,691.1848894348894,0.13881711168532873,4488,0.32213608957795004
2013-08-19,10225,12440,3064,0.2463022508038585,1.2166259168704157,2.8336012861736335,4.006430868167203,132.0,616.3880548302872,0.1317524115755627,3883,0.31213826366559483
2014-05-06,18643,23090,5119,0.2216977046340407,1.238534570616317,2.960588999566912,4.2450411433521005,146.0,691.8023051377222,0.13854482459939368,6522,0.28245993936769165
2013-02-18,9659,12008,2755,0.22943037974683544,1.2431928771094316,2.9676882078614257,5.2870586275816125,146.0,615.356442831216,0.14723517654896737,3592,0.29913391072618256
2014-12-22,24535,30594,5685,0.18582074916650324,1.24695333197473,3.132673073151598,4.280643263384977,159.0,789.1192612137203,0.14169444989213573,6988,0.22841079950317056
2014-05-15,17519,21853,4934,0.22578135725072074,1.2473885495747474,2.965267926600467,4.29510822312726,153.0,716.9120389136604,0.14098750743604996,6233,0.28522399670525783
2013-10-18,7884,9565,2580,0.2697334030318871,1.213216641298833,2.8246732880292735,4.0421327757449035,139.0,619.7341085271318,0.13110297961317302,3329,0.34803972817564033
2014-10-22,27124,33450,6560,0.1961136023916293,1.233225188025365,3.0176382660687593,4.154140508221226,151.0,713.1908536585366,0.12756352765321374,8164,0.24406576980568012
2013-02-28,9151,11155,2748,0.24634692962796953,1.2189924598404547,2.869385925593904,4.961272971761542,126.0,583.4421397379913,0.1370685791125056,3592,0.322008068130883
2014-10-29,25434,31370,6427,0.20487727127829136,1.233388377762051,3.0549569652534267,4.248995855913293,152.0,736.7255329080442,0.12939113802996494,8146,0.25967484858144724
2014-12-11,23670,29553,5973,0.20211146076540454,1.2485424588086185,3.089940107603289,4.219774642168308,155.0,734.255985267035,0.12834568402531046,7364,0.24917944032754713
2014-03-26,17906,22232,4739,0.2131612090680101,1.2415949960906958,2.920879812882332,4.173038862900324,140.0,711.1426461278751,0.13575026988125224,6022,0.27087081684059017
2014-07-15,27421,34520,6323,0.18316917728852838,1.258889172532001,3.035805330243337,4.448899188876014,151.0,750.5051399652064,0.14023754345307068,8025,0.2324739281575898
2013-01-31,7284,8903,2570,0.28866674154779287,1.2222679846238331,2.5326294507469393,4.349769740536898,59.0,445.8610894941634,0.12310457149275525,3391,0.3808828484780411
2014-12-19,22067,27439,5515,0.20099128977003536,1.2434404314134229,3.1518641349903422,4.308065162724589,161.0,787.6757932910244,0.13867123437443055,6787,0.24734866430992383
2014-02-13,11009,13573,3236,0.23841449937375672,1.232900354255609,2.966035511677595,4.308627422087969,151.0,684.0377008652657,0.13895233183526118,4273,0.3148161791792529
2014-12-16,27012,33650,6264,0.18615156017830609,1.2457426329038945,3.082407132243685,4.197800891530461,148.0,746.4062899106002,0.1300445765230312,7697,0.22873699851411589
2014-01-31,9177,11170,2734,0.24476275738585496,1.2171733682031165,2.9757385854968668,4.266338406445837,158.0,668.0351133869788,0.1432408236347359,3657,0.3273948075201432
2014-09-12,22368,27791,5899,0.21226296282969306,1.2424445636623749,3.0282105717678385,4.328883451477097,152.0,691.7730123749789,0.1339282501529272,7421,0.26702889424633874
2014-05-01,15726,19565,4471,0.22852031689240992,1.244118021111535,3.0412982366470738,4.404548939432661,151.0,722.1974949675688,0.14019933554817277,5731,0.29292103245591616
2014-10-14,26543,32826,6643,0.20237007250350333,1.2367102437554158,3.0201669408395784,4.199019070249193,157.0,722.8580460635255,0.119904953390605,8284,0.2523609334064461
2014-08-22,21445,26471,5433,0.2052434739904046,1.2343669853112613,2.98371803105285,4.290355483359148,147.0,702.8518314006994,0.12923576744361753,6759,0.25533602810622946
2013-05-31,7783,9421,2467,0.26186179811060395,1.2104586920210716,2.938010826876128,4.986837915295617,135.0,601.1670044588569,0.13554824328627535,3174,0.3369069100944698
2014-09-17,27262,33935,6718,0.19796670104611758,1.2447729440246498,3.031236186827759,4.358567850302048,149.0,739.6351592735933,0.1300132606453514,8548,0.2518933254751731
2013-12-22,5773,7036,1643,0.23351335986355884,1.2187770656504417,3.1550596930073906,4.662166003411029,189.0,821.3073645769933,0.15776009096077317,2181,0.30997725980670837
2014-04-23,18553,23034,4934,0.21420508813058955,1.241524281787312,2.9001910219675264,4.1483025093340276,145.0,700.8986623429266,0.13406268993661544,6256,0.2715985065555266
2014-09-25,24052,29712,6019,0.20257808292945612,1.235323465824048,3.0810446957458266,4.370153473344104,158.0,710.4228277122446,0.13462574044157244,7582,0.25518309100700054
2013-03-16,7004,8697,2016,0.23180407036909279,1.241719017704169,3.1601701736230883,5.673795561687938,183.0,679.8392857142857,0.16465447855582385,2679,0.308037254225595
2013-07-28,8628,10840,2529,0.23330258302583026,1.2563745943439963,3.3550738007380074,5.799261992619926,192.0,782.8916567813365,0.1746309963099631,3334,0.30756457564575646
2014-05-02,15181,18780,4388,0.2336528221512247,1.2370726566102366,2.9650692225772097,4.307188498402556,153.0,692.7944393801276,0.1396698615548456,5519,0.29387646432374864
2013-05-27,8694,10761,2556,0.23752439364371342,1.2377501725327813,3.0855868413716196,5.3266425053433695,149.0,630.1881846635367,0.15825666759594834,3349,0.31121642969984203
2013-09-16,10890,13569,3179,0.234284029773749,1.2460055096418732,2.906183211732626,4.26486845014371,137.0,652.3290342875118,0.13685606898076497,4167,0.30709705947380056
2013-08-31,6559,8063,1808,0.224234156021332,1.229303247446257,2.9877216916780354,4.3285377650998385,159.0,743.0724557522124,0.1562693786431849,2358,0.29244698003224606
2013-11-15,7282,8645,2329,0.26940427993059574,1.1871738533369953,2.883400809716599,4.146211683053789,135.0,650.5422928295405,0.12967032967032968,3017,0.34898785425101214
2013-12-30,8787,10797,2462,0.22802630360285264,1.2287470126322977,2.9987033435213486,4.384366027600259,168.0,748.0982940698619,0.14642956376771327,3362,0.3113827915161619
2014-02-16,9096,11309,2571,0.22734105579626845,1.2432937554969217,3.3248739941639402,4.95251569546379,203.0,819.4025670945158,0.16279069767441862,3536,0.31267132372446726
2013-05-06,9627,11794,2903,0.24614210615567236,1.2250960839306118,2.934712565711379,5.057147702221468,131.0,601.3503272476748,0.14032558928268613,3761,0.31889096150585045
2014-11-05,28930,35281,6601,0.1870978713755279,1.2195298997580366,2.977551656699073,4.107026444828661,134.0,722.0263596424784,0.11340381508460645,8236,0.23344009523539583
2013-01-10,8972,11157,2511,0.22506050013444473,1.2435354436023183,2.891637536972304,5.104418750560186,131.0,578.1692552767821,0.1385677153356637,3401,0.30483104777269876
2014-06-19,19490,24275,5180,0.2133882595262616,1.245510518214469,3.221585993820803,4.635715756951596,169.0,747.9758687258687,0.13952626158599382,6477,0.26681771369721935
2014-02-22,8077,9901,2214,0.22361377638622362,1.2258264207007552,3.2592667407332594,4.863145136854863,200.0,766.0325203252032,0.16382183617816382,3018,0.30481769518230484
2014-04-30,16828,21006,4584,0.21822336475292772,1.2482766817209412,2.905265162334571,4.154003618013901,140.0,693.098167539267,0.13429496334380653,5792,0.2757307435970675
2013-09-08,8042,10051,2301,0.2289324445328823,1.2498134792340214,3.098099691572978,4.520843697144563,175.0,750.0730117340287,0.1562033628494677,3034,0.3018605113919013
2014-11-21,20460,25139,5556,0.22101117785114763,1.228690127077224,3.111659174987072,4.324595250407733,167.0,721.5707343412527,0.12502486176856678,6896,0.27431480965829985
2013-09-21,6679,8225,1827,0.2221276595744681,1.2314717772121575,3.051306990881459,4.4690577507598785,167.0,699.5024630541872,0.15525835866261398,2377,0.2889969604863222
2013-09-22,7538,9374,2069,0.22071687646682311,1.2435659326081188,3.1889268188606783,4.623213142735225,185.0,747.4040599323345,0.15991039044164712,2722,0.29037764028163005
2013-09-17,10507,12940,3103,0.23979907264296754,1.2315599124393262,2.834853168469861,4.132148377125193,136.0,637.9758298420883,0.13168469860896445,4025,0.31105100463678514
2013-04-02,10394,12763,3033,0.23764005327900964,1.2279199538195114,2.9615294209825276,5.14040586069106,139.0,635.5690735245631,0.142364647810076,4017,0.3147379142834757
2013-10-24,8698,10740,2576,0.2398510242085661,1.234766613014486,2.8680633147113594,4.121508379888268,143.0,657.6622670807453,0.13007448789571693,3379,0.31461824953445067
2014-05-27,19543,24027,5255,0.21871228201606527,1.2294427672312336,3.029633329171349,4.359845174179049,154.0,704.2664129400571,0.1407166937195655,6635,0.27614766720772466
2014-11-23,19906,24717,4914,0.1988105352591334,1.2416859238420577,3.4763118501436256,4.903912287089857,216.0,844.485754985755,0.15661285754743698,6258,0.2531860662701784
2014-05-20,18932,23634,5058,0.214013709063214,1.2483625607437143,2.9523144622154525,4.281839722433782,150.0,704.0757216291024,0.14022171447914022,6379,0.2699077600067699
2013-02-12,9608,11847,2783,0.23491179201485607,1.2330349708576187,2.895838608930531,5.084156326496159,131.0,593.6593604024434,0.1375875749134802,3636,0.30691314256773866
2014-02-06,12249,15056,3399,0.22575717321997874,1.2291615642093232,3.0087672688629117,4.418570669500531,159.0,688.6828478964401,0.13868225292242295,4486,0.29795430393198724
2013-05-05,7161,8804,2156,0.2448886869604725,1.2294372294372293,3.348023625624716,5.981485688323489,183.0,733.1233766233767,0.165038618809632,2876,0.3266696955929123
2013-03-18,9716,11934,2838,0.23780794369029662,1.2282832441333882,2.9844980727333668,5.216691804927099,138.0,628.8403805496829,0.14462879168761522,3691,0.3092843975196916
2013-01-08,10017,12376,2809,0.2269715578539108,1.2354996505939901,2.8800096961861668,5.07950872656755,133.0,593.1573513705945,0.13655462184873948,3884,0.3138332255979315
2013-03-29,7160,8805,2232,0.2534923339011925,1.2297486033519553,3.0537194775695626,5.343327654741624,161.0,675.722670250896,0.1532084043157297,2939,0.33378762067007384
2014-04-29,18416,23073,4975,0.21561998873141766,1.252877932232841,2.9317383955272396,4.170589000130022,145.0,708.2619095477387,0.1415507302908161,6316,0.2737398691110822
2013-12-28,6764,8257,1774,0.21484800775099916,1.2207273802483738,3.1406079689960036,4.755964636066368,190.0,800.9515219842165,0.15598885793871867,2382,0.2884824996972266
2014-07-31,24378,30328,6151,0.20281587971511475,1.2440725244072524,3.1171194935373254,4.450474808757583,153.0,749.7634530970574,0.13555130572408336,7675,0.25306647322606174
2014-02-08,8636,10661,2400,0.2251195947847294,1.2344835572024084,3.2840258887534004,4.8083669449394995,207.0,794.6191666666666,0.1584279148297533,3285,0.30813244536159834
2014-04-18,13538,16731,3831,0.22897615205307514,1.2358546314078889,3.043571812802582,4.377084454007531,167.0,740.489689376142,0.14494052955591416,4860,0.29047875201721357
2013-08-14,10043,12318,3038,0.2466309465822374,1.2265259384646021,2.9073713265140446,4.178113330086053,143.0,644.4805793285055,0.13606104887157006,3987,0.3236726741354116
2014-05-16,15269,18917,4451,0.23529100808796322,1.2389154496037724,2.9749431728075275,4.321932653169108,149.0,716.6650190968322,0.14267589998414124,5612,0.2966643759581329
2014-12-14,19956,24988,4940,0.19769489354890346,1.2521547404289437,3.379782295501841,4.657355530654714,204.0,852.3089068825911,0.15619497358732193,6292,0.25180086441491917
2013-09-26,9187,11229,2814,0.2506011220945765,1.2222705997605312,2.793213999465669,3.982812360851367,129.0,619.7935323383084,0.12957520705316591,3646,0.3246949861964556
2014-11-17,24963,30906,6393,0.20685303824500098,1.238072347073669,3.14502038439138,4.470976509415648,161.0,718.9166275613953,0.12842166569598137,7945,0.25706982462952177
2014-03-17,17324,21509,4698,0.2184201961969408,1.2415723851304548,2.9982332976893393,4.303500860105072,154.0,725.8957002979992,0.14380026965456322,6005,0.2791854572504533
2014-05-26,15938,19897,4372,0.21973161783183395,1.2484000501945036,3.2691360506609035,4.693169824596673,192.0,754.8188472095151,0.15771221792229984,5635,0.2832085238980751
2014-08-03,19400,24352,4757,0.19534329829172142,1.2552577319587628,3.541598226018397,5.12955814717477,212.0,872.5303762875762,0.15912450722733246,6159,0.25291557161629435
2014-05-30,16415,20217,4620,0.22852055201068408,1.2316174230886385,3.0578226245239155,4.353267052480586,163.0,714.6800865800866,0.14087154375030914,5850,0.28936043923430776
2014-11-26,23865,29728,6000,0.20182992465016147,1.2456735805573016,3.059001614639397,4.302442142088267,155.0,752.8818333333334,0.13458692142088266,7414,0.24939451022604953
2013-12-15,6469,7830,1976,0.25236270753512136,1.210388004328335,3.2287356321839082,4.709067688378033,196.0,793.0025303643724,0.16168582375478927,2651,0.33856960408684544
2014-01-15,11840,14630,3406,0.23280929596719072,1.2356418918918919,2.8848940533151057,4.2280929596719075,153.0,661.7407516147974,0.13588516746411483,4580,0.31305536568694464
2013-01-11,8408,10435,2432,0.2330618112122664,1.2410799238820172,2.884810733109727,5.056157163392429,135.0,587.6274671052631,0.13560134163871587,3283,0.31461427886919024
2013-01-30,8992,11152,2686,0.24085365853658536,1.2402135231316727,2.789903156384505,4.943418220946915,118.0,526.5521221146687,0.13190459110473457,3527,0.3162661406025825
2014-03-27,15744,19404,4193,0.21608946608946608,1.232469512195122,2.950113378684807,4.235879200164915,151.0,692.5647507751014,0.13997113997113997,5315,0.27391259534116674
2013-07-15,10707,13348,3151,0.23606532813904704,1.2466610628560755,3.001872939766257,5.03685945459994,142.0,658.4566804189146,0.14653880731195684,4069,0.3048396763560084
2013-11-09,5998,7305,1757,0.2405201916495551,1.2179059686562188,3.1331964407939767,4.605886379192334,188.0,745.030734206033,0.14565366187542778,2333,0.31937029431895964
2014-01-30,10185,12598,2986,0.23702174948404509,1.2369170348551792,2.8802984600730275,4.201301793935546,153.0,671.1265907568654,0.1345451658993491,4050,0.3214795999364979
2013-07-31,10813,13454,3290,0.2445369406867846,1.244243040784241,2.9666270254199496,5.012189683365542,137.0,642.2227963525836,0.13490411773450275,4302,0.31975620633268914
2013-12-06,7801,9237,2411,0.2610154812168453,1.1840789642353544,2.8450795712893795,4.065064414853308,140.0,658.5408544172542,0.12709754249215113,3179,0.34415935909927464
2013-06-09,8047,10146,2361,0.23270254287403902,1.2608425500186404,3.3584663906958405,6.009166173861621,190.0,729.999152901313,0.17198896116696236,3147,0.31017149615612066
2014-03-28,14027,17184,3984,0.23184357541899442,1.2250659442503742,2.988885009310987,4.248079608938547,148.0,681.2612951807229,0.13704608938547486,5052,0.29399441340782123
2013-05-21,9663,11952,2922,0.24447791164658633,1.2368829556038496,2.96795515394913,5.118557563587684,136.0,627.6680355920603,0.14650267737617134,3736,0.31258366800535475
2014-11-14,20605,25264,5569,0.22043223559214692,1.2261101674350885,3.1258312222925904,4.394395186827106,166.0,713.7179026755252,0.1231000633312223,6944,0.27485750474984166
2013-02-02,5484,6790,1839,0.27083946980854195,1.238147337709701,2.722238586156112,4.743151693667158,69.0,504.0500271886895,0.14005891016200295,2499,0.3680412371134021
2013-11-12,9402,11327,2782,0.24560783967511257,1.2047436715592428,2.7957093669992052,4.037432682969895,137.0,684.4126527677929,0.12624702039374944,3616,0.3192372207998587
2013-02-26,9810,12064,2868,0.23773209549071617,1.2297655453618757,2.944628647214854,5.123259283819628,143.0,627.9215481171548,0.14497679045092837,3796,0.3146551724137931
2014-04-17,15294,18965,4346,0.2291589770630108,1.2400287694520726,2.9538623780648563,4.225046137621935,158.0,704.6320754716982,0.14373846559451622,5451,0.2874242024782494
2013-08-28,10230,12686,3082,0.24294497871669557,1.2400782013685239,2.8303641809869147,4.0236481160334225,138.0,671.6216742375082,0.12769982658048243,3981,0.3138104997635188
2013-02-19,9614,11789,2792,0.2368309441004326,1.2262325774911587,2.879039782848418,5.058020188311137,128.0,599.224212034384,0.13699211129018576,3652,0.3097803036729154
2013-03-08,8338,10198,2564,0.25142184742106294,1.2230750779563444,2.9393998823298686,5.0648166307119045,144.0,607.5081903276131,0.14316532653461464,3408,0.33418317317121005
2013-07-12,8729,10797,2662,0.24654996758358802,1.236911444609921,2.944058534778179,4.957951282763731,145.0,634.0338091660406,0.14059460961378162,3414,0.31619894415115307
2013-04-07,7899,9895,2235,0.22587165234967155,1.2526902139511331,3.1871652349671553,5.71500757958565,175.0,710.3825503355705,0.166144517433047,2966,0.2997473471450227
2014-11-16,18896,23486,4816,0.20505833262369072,1.2429085520745131,3.4732180873711997,4.944775611002299,220.0,861.9069767441861,0.14110533935110278,6125,0.26079366431065315
2014-07-19,16343,20420,3988,0.19529872673849166,1.2494646025821452,3.4187561214495594,4.960381978452498,206.0,859.8828986960883,0.1614103819784525,5045,0.2470617042115573
2014-11-20,22699,27946,5801,0.20757890216846775,1.2311555575135469,3.0891004079295783,4.310670578973735,159.0,730.9855197379762,0.12330923924711945,7166,0.25642310169612825
2013-03-13,9537,11785,2901,0.24616037335596097,1.235713536751599,2.9802291047942298,5.219686041578277,145.0,619.9441571871769,0.14306321595248198,3811,0.3233771743742045
2013-05-19,7510,9358,2235,0.23883308399230604,1.2460719041278296,3.3496473605471255,5.933425945714896,211.0,770.0863534675615,0.17973926052575337,3011,0.32175678563795684
2014-08-23,16161,20137,3916,0.19446789491979938,1.2460243796794752,3.247405273873963,4.746337587525451,191.0,824.8271195097038,0.14326861002135372,5020,0.2492923474201718
2013-02-07,7223,8652,2347,0.2712667591308368,1.1978402325903363,2.821544151641239,4.854368932038835,117.0,524.1256923732425,0.12586685159500693,2754,0.3183079056865465
2014-05-19,19028,23632,5163,0.2184749492213947,1.2419592179945345,3.0078283683141502,4.313473256601219,152.0,704.8006972690297,0.1426878808395396,6455,0.2731465809072444
2013-04-04,9212,11278,2792,0.24756162440148963,1.2242726877985237,2.8912041142046463,4.977655612697287,135.0,594.5032234957021,0.14018442986345098,3605,0.3196488739138145
2014-05-22,17443,21498,4699,0.2185784724160387,1.2324714785300694,3.021583403107266,4.354079449251093,155.0,725.186635454352,0.14043166806214533,5897,0.2743045864731603
2014-02-18,11819,14530,3379,0.23255333792154165,1.2293764277857686,2.9872677219545767,4.416517549896765,147.0,672.5338857650192,0.13922918100481763,4471,0.3077081899518238
2014-02-15,8349,10250,2305,0.2248780487804878,1.2276919391543897,3.2557073170731705,4.841951219512195,189.0,788.6863340563991,0.15882926829268293,3136,0.3059512195121951
2014-10-26,19186,23834,4670,0.1959385751447512,1.2422599812363182,3.4205336913652764,4.809557774607703,207.5,825.6687366167024,0.15255517328186624,5959,0.25002097843416965
2013-07-29,11030,13632,2992,0.21948356807511737,1.2359020852221214,2.9982394366197185,5.110401995305164,140.0,684.6517379679144,0.1486942488262911,3864,0.2834507042253521
2013-01-15,9768,12080,2874,0.23791390728476822,1.2366912366912366,2.8586920529801323,4.988907284768212,132.0,614.3455114822547,0.13783112582781457,3889,0.3219370860927152
2013-12-03,8658,10386,2676,0.2576545349508954,1.1995841995841996,2.904583092624687,4.187463893703062,152.0,636.9402092675635,0.13123435393799346,3490,0.33602927017138456
2014-11-08,16445,20172,3992,0.19789807654174102,1.2266342353298876,3.3546995835812017,4.754114614316875,202.0,836.9879759519038,0.14192940709894905,5025,0.2491076740035693
2014-06-30,21071,26114,5409,0.2071302749483036,1.2393336813630107,3.137550739067167,4.507926782568737,164.0,729.3562580883712,0.136095580914452,6784,0.2597840238952286
2014-10-18,15589,19103,3843,0.20117259069256138,1.2254153569824877,3.2540962152541484,4.584777260116212,185.0,796.1498829039813,0.14421818562529445,4784,0.25043186933989425
2014-06-01,14477,18043,3864,0.214155073989913,1.2463217517441458,3.3948345618799536,4.870476084908275,214.0,815.6765010351967,0.168098431524691,4954,0.2745663138059081
2013-10-09,10080,12390,3080,0.24858757062146894,1.2291666666666667,2.838418079096045,4.01864406779661,137.0,658.1512987012987,0.12760290556900727,4000,0.3228410008071025
2013-02-01,6108,7414,2293,0.3092797410304829,1.213817943680419,2.4571081737253846,4.106690045859185,21.0,382.6122982991714,0.12247100080927974,3044,0.41057458861613166
2013-10-03,9327,11306,2980,0.26357686184326906,1.2121796933633537,2.8431806120643905,4.09402087387228,138.0,632.1312080536912,0.13099239341942331,3857,0.34114629400318414
2013-10-19,6331,7858,1773,0.225629931280224,1.241194124151003,3.091753626877068,4.488164927462458,164.0,733.1144952058658,0.14736574191906338,2316,0.29473148383812675
2013-10-20,7611,9435,2149,0.22776894541600423,1.2396531336223886,3.143508214096449,4.596078431372549,185.0,737.3369008841322,0.1568627450980392,2822,0.2990990990990991
2014-09-20,16189,20062,3940,0.19639118731931013,1.2392365186237568,3.3357093011663843,4.810836407137873,197.5,831.4977157360406,0.14824045459076862,5055,0.2519688964210946
2013-07-30,11042,13664,3196,0.2338992974238876,1.237456982430719,2.9423302107728335,4.9156908665105385,134.0,648.4962453066333,0.1413934426229508,4207,0.3078893442622951
2014-06-22,15698,19694,4257,0.21615720524017468,1.254554720346541,3.525388443180664,5.116837615517417,220.0,858.5496828752642,0.16324768965167055,5419,0.2751599471920382
2014-04-25,14452,17910,4055,0.22640982691233946,1.2392748408524772,2.925963149078727,4.209491903964266,147.0,689.5309494451295,0.1417643774427694,5082,0.28375209380234506
2013-09-04,10371,12700,3213,0.25299212598425197,1.224568508340565,2.831259842519685,4.038188976377953,137.0,671.4777466542173,0.13653543307086613,4170,0.3283464566929134
2013-12-16,8034,9629,2401,0.24935091909855644,1.1985312422205625,2.973517499221103,4.246962301381244,144.0,690.445231153686,0.1364627687194932,3141,0.32620209782947346
2013-08-01,10063,12491,3139,0.25130093667440556,1.2412799364006757,2.920262589064126,4.914098150668481,143.0,630.9684612934055,0.1421823713073413,4015,0.32143143063005364
2013-12-08,7109,8589,2074,0.24147164978460822,1.2081868054578704,3.1733612760507626,4.611130515775993,186.0,777.1750241080039,0.15787635347537549,2746,0.3197112585865642
2013-03-28,8506,10399,2697,0.25935186075584193,1.2225487890900542,2.9080680834695642,5.03308010385614,145.0,632.1764923989618,0.14068660448120013,3534,0.3398403692662756
2014-12-01,31867,40359,8229,0.20389504199806735,1.266482568173973,3.075299189771798,4.361480710622166,157.0,745.8270749787338,0.13387348546792538,10306,0.2553581605094279
2014-04-13,13025,16244,3462,0.21312484609702043,1.2471401151631478,3.3156242304851022,4.758864811622753,188.0,832.7619872905835,0.16147500615611918,4451,0.27400886481162273
2014-10-24,20770,25420,5445,0.21420141620771047,1.2238805970149254,3.01191974822974,4.169984264358773,150.0,685.3516988062443,0.13029110936270652,6734,0.26490952006294255
2014-03-08,11984,14794,3109,0.2101527646343112,1.234479305740988,3.2622008922536163,4.77037988373665,192.0,817.848825989064,0.16222793024199,4058,0.2743003920508314
2014-08-30,16037,19792,3730,0.18845998383185125,1.2341460372887698,3.2226657235246563,4.687752627324171,178.0,847.6686327077748,0.14187550525464834,4779,0.2414611964430073
2013-12-13,7263,8595,2132,0.24805119255381036,1.1833952912019827,2.7515997673065735,3.9505526468877252,118.0,631.9643527204503,0.122978475858057,2750,0.31995346131471786
2013-01-19,6451,8022,1765,0.2200199451508352,1.2435281351728413,3.0403889304412863,5.482797307404637,152.0,644.0787535410765,0.1524557466965844,2423,0.30204437796060835
2013-06-06,9360,11527,2941,0.2551401058384662,1.231517094017094,2.893727769584454,4.960267198750759,141.0,578.3046582794967,0.13932506289580984,3776,0.32757872820334866
2013-01-13,8141,10270,2134,0.20778967867575462,1.2615157843016829,3.0488802336903604,5.529016553067186,164.0,720.898313027179,0.15219084712755598,2909,0.28325219084712755
2014-08-09,16682,20949,4274,0.20401928493006827,1.2557846780961515,3.3664136712969595,4.877893932884625,194.0,847.6808610201217,0.15442264547233758,5387,0.25714831256861903
2014-12-20,17582,21988,4303,0.1956976532654175,1.25059720168354,3.3548753865744954,4.63534655266509,195.5,862.0883104810597,0.14767145715845006,5287,0.24044933600145535
2013-06-23,8004,10037,2346,0.23373517983461192,1.2539980009995002,3.328185712862409,5.913021819268706,196.0,760.6824381926684,0.17196373418352098,3085,0.30736275779615424
2014-06-24,22008,27482,5736,0.2087184338839968,1.2487277353689568,3.1597045338767193,4.5419911214613204,163.0,749.292189679219,0.1337602794556437,7186,0.26148024161269195
2013-09-02,9168,11411,2593,0.22723687669792306,1.244655322862129,2.9757251774603453,4.319078082551924,156.0,691.2969533359044,0.149855402681623,3396,0.29760757164139867
2013-01-27,7896,10030,2182,0.21754735792622135,1.2702634245187436,3.1664007976071784,5.818943170488534,171.0,672.813932172319,0.1560319042871386,2991,0.29820538384845463
2013-07-18,9740,12154,2800,0.23037683067302944,1.2478439425051335,2.9336021063024518,4.995063353628435,141.0,662.7492857142857,0.14275135757775217,3568,0.29356590422906037
2013-09-28,6460,7879,1798,0.22820154841985024,1.2196594427244583,3.0262723695900493,4.361721030587638,154.0,688.9632925472747,0.14164234039852774,2309,0.29305749460591446
2014-04-20,11585,14445,3090,0.21391484942886813,1.2468709538195943,3.3283489096573207,4.8116303219106955,189.0,799.8699029126213,0.16372447213568708,3956,0.2738663897542402
2013-09-10,9952,12209,2699,0.22106642640674912,1.2267885852090032,2.7720534032271273,4.024817757392088,130.0,575.9855502037792,0.12875747399459414,3130,0.25636825292816773
2014-07-18,21085,26281,5467,0.20802100376697993,1.2464311121650462,3.2034169171644913,4.62406301130094,170.0,753.4744832632157,0.1420417792321449,6849,0.26060652182184846
2014-04-16,17343,21635,4869,0.225051999075572,1.2474773683907052,2.9487866882366536,4.233233186965565,154.0,705.9714520435408,0.1399584007395424,6204,0.2867575687543333
2014-01-18,8162,10072,2160,0.21445591739475775,1.2340112717471208,3.2309372517871324,4.853653693407466,208.0,838.4777777777778,0.1602462271644162,2997,0.29755758538522636
2013-05-09,8807,10831,2759,0.25473178838519067,1.2298171908708981,2.894284922906472,4.961499399870742,142.0,596.2961217832548,0.142369125657834,3530,0.32591635121410767
2013-04-25,8150,9904,2264,0.22859450726978997,1.2152147239263804,2.986672051696284,5.125504846526656,138.0,641.5309187279152,0.14529483037156704,2950,0.297859450726979
2013-06-02,7756,9645,2299,0.2383618455158113,1.2435533780299124,3.35800933125972,6.018662519440125,189.0,743.882122662027,0.17034733022291343,3050,0.31622602384655263
2013-08-24,6957,8577,1993,0.2323656290078116,1.2328589909443726,2.992538183514049,4.339629240993355,151.0,693.0085298544907,0.14865337530605108,2644,0.30826629357584234
2013-05-18,6319,7807,1861,0.2383758165748687,1.2354802975154298,3.185858844626617,5.545151786857948,169.0,706.0419129500268,0.15409248110669913,2409,0.3085692327398489
2013-10-15,9930,12126,2978,0.24558799274286658,1.2211480362537763,2.8370443674748476,3.995134421903348,135.0,625.1685695097381,0.1314530760349662,3843,0.3169223156853043
2013-11-06,8968,10768,2725,0.25306463595839523,1.2007136485280998,2.834509658246657,4.093796433878158,155.0,674.8693577981651,0.13289375928677563,3582,0.3326523031203566
2014-06-29,15788,19685,4136,0.21010922021844045,1.24683303775019,3.570535941071882,5.193294386588773,223.0,865.5800290135396,0.16022352044704088,5350,0.2717805435610871
2014-12-08,26369,33134,6165,0.18606265467495625,1.2565512533656946,3.061236192430736,4.233083841371401,149.0,744.9435523114355,0.12853866119393975,7459,0.22511619484517414
2013-11-29,6656,8077,2031,0.25145474805001855,1.2134915865384615,2.9109818001733316,4.208988485823944,169.0,699.2747415066469,0.14522718831249226,2659,0.3292063885105856
2014-01-05,8635,10596,2248,0.21215553038882598,1.2270990156340476,3.292940732351831,4.9773499433748585,209.5,816.9977758007118,0.1652510381275953,3128,0.295205738014345
2014-03-29,11220,13794,2851,0.20668406553574017,1.2294117647058824,3.233724807887487,4.6952298100623455,186.0,778.4380918975799,0.15774974626649269,3690,0.26750761200521966
2013-06-30,7818,9811,2305,0.23494037305065743,1.2549245331286774,3.276016715931098,5.8039955152379985,180.0,749.0160520607375,0.17031902966058507,3043,0.31016206299052085
2014-10-19,18543,22848,4497,0.19682247899159663,1.232163080407701,3.3450192577030813,4.7071516106442575,204.0,842.3373360017789,0.14964110644257703,5726,0.2506127450980392
2013-01-14,9849,12159,2775,0.22822600542807797,1.2345415778251598,2.954683773336623,5.227979274611399,144.0,619.8104504504505,0.14252816843490418,3754,0.3087424952709927
2014-07-03,20810,25751,5486,0.2130402702807658,1.2374339259971168,3.148848588404334,4.553531901673721,163.0,749.6487422530076,0.1311793716748864,6937,0.26938759659819034
2014-09-19,21298,26396,5751,0.21787392029095318,1.2393651986101981,3.055841794211244,4.378201242612517,158.0,705.0272996000696,0.13047431429004394,7250,0.27466282770116685
2013-11-01,7005,8308,2253,0.2711844005777564,1.1860099928622412,2.9074386133846897,4.176215695714974,152.5,648.91344873502,0.12891189215214252,2964,0.3567645642753972
2013-02-13,9258,11370,2654,0.2334212840809147,1.2281270252754375,2.935268249780123,5.154265611257696,133.0,646.224566691786,0.14195250659630607,3501,0.3079155672823219
2013-09-03,10438,12833,3201,0.24943505026104573,1.2294500862234143,2.8545936258084628,4.0940543910231435,143.0,622.2158700406123,0.13519831683939842,4144,0.3229174783760617
2013-10-30,8916,10895,2702,0.24800367140890317,1.221960520412741,2.818540614960991,4.060761817347407,143.0,633.0333086602517,0.13189536484625974,3505,0.3217072051399725
2014-03-18,17573,21808,4466,0.2047872340425532,1.2409947077903603,2.9474963316214233,4.254172780630961,147.0,689.5017913121361,0.142516507703595,5714,0.26201393983859134
2013-07-13,6978,8663,2048,0.23640771095463464,1.2414732014903984,3.2107814844742006,5.562276347685559,188.0,729.62841796875,0.16253030128131132,2648,0.3056677825233753
2013-09-11,9887,12147,2671,0.21988968469580966,1.2285829877617074,2.75821190417387,3.94113772948053,127.0,602.1359041557469,0.13147279163579484,3214,0.2645920803490574
2013-02-20,9479,11662,2790,0.23923855256388268,1.2302985546998628,2.9096209912536444,5.088063796947351,141.0,607.8824372759857,0.13788372491853884,3703,0.3175270108043217
2014-01-12,9468,11735,2566,0.21866212185769066,1.2394381073088296,3.323647209203238,5.035619940349382,212.0,816.0779423226812,0.16335747763101832,3573,0.3044737963357478
2013-02-16,6873,8587,1921,0.22371025969488761,1.2493816382947767,3.1499941772446722,5.727727960871084,181.0,727.9656428943259,0.16070804704786304,2604,0.30324909747292417
2013-03-03,8477,10690,2401,0.2246024321796071,1.2610593370296095,3.3395696913002806,6.02956033676333,196.5,743.3252811328613,0.16557530402245088,3263,0.3052385406922357
2013-01-28,9147,11215,2542,0.22666072224699063,1.2260850552093583,2.855283102987071,5.008559964333482,114.0,601.3532651455547,0.13562193490860455,3364,0.29995541685242977
2013-05-28,10028,12244,3046,0.2487749101600784,1.2209812524930195,2.9228193400849394,4.982358706305129,136.0,594.1930400525279,0.14390721986278993,3941,0.3218719372754002
2014-07-25,20498,25651,5274,0.20560601925850844,1.2513903795492243,3.1343807258976257,4.423297337335776,162.0,719.8490709139173,0.13882499707613738,6634,0.25862539472145335
2013-10-27,7439,9225,2052,0.2224390243902439,1.240086033068961,3.044010840108401,4.44130081300813,173.0,748.791910331384,0.14601626016260164,2664,0.288780487804878
2013-11-13,8964,10985,2735,0.2489758761948111,1.2254573850959394,2.839963586709149,4.125443786982249,148.0,654.2329067641682,0.13163404642694584,3544,0.3226217569412836
2013-12-23,6895,8443,2110,0.2499111690157527,1.2245105148658448,2.974535117849106,4.300130285443562,149.0,725.2170616113744,0.13916854198744522,2811,0.33293852895890086
2013-06-10,10440,12875,3126,0.24279611650485436,1.2332375478927202,3.0111844660194174,5.233320388349514,144.0,637.28886756238,0.14718446601941748,4023,0.3124660194174757
2014-04-19,10203,12755,2710,0.2124656997255978,1.2501225129863767,3.2805958447667583,4.751313210505684,185.0,835.2177121771218,0.16244609956879655,3461,0.27134457075656604
2013-04-09,9622,11852,2877,0.24274384070199123,1.2317605487424652,2.9884407694903814,5.200303746203172,132.0,602.5822036843934,0.1431825852176848,3787,0.3195241309483631
2013-05-24,7779,9564,2525,0.2640108741112505,1.22946394138064,2.9131116687578418,4.967273107486407,147.0,613.4194059405941,0.14502300292764533,3216,0.33626097867001253
2014-05-17,10840,13391,2940,0.2195504443282802,1.2353321033210332,3.215667239190501,4.761332238070346,188.0,824.4425170068027,0.15107161526398327,3808,0.2843700993204391
2014-03-01,8606,10617,2412,0.22718282000565132,1.23367418080409,3.244984458886691,4.774041631345955,197.0,785.1218905472637,0.16652538381840445,3315,0.3122350946595083
2013-08-12,10438,12968,3178,0.24506477483035163,1.2423835983904963,2.932526218383714,4.130552128315855,135.0,649.0081812460667,0.1431215299198026,4033,0.31099629858112277
2014-05-28,19646,24285,5272,0.217088737904056,1.2361294920085513,3.0508132592135064,4.358534074531604,156.0,694.8674127465857,0.1387276096355775,6685,0.27527280214123945
2013-12-10,8151,9800,2461,0.25112244897959185,1.2023064654643603,2.8874489795918366,4.1236734693877555,142.0,661.0560747663551,0.13071428571428573,3203,0.32683673469387753
2013-11-21,7841,9368,2383,0.2543766011955593,1.1947455681673256,2.836571306575576,4.086464560204953,140.0,654.1653378094838,0.13332621690862512,3087,0.3295260461144321
2013-12-14,5754,6933,1602,0.23106880138468194,1.2049009384775808,3.0791864993509304,4.495456512332324,170.0,734.5905118601747,0.149286023366508,2130,0.3072263089571614
2013-03-22,8091,9928,2502,0.25201450443190976,1.2270423927821035,2.86674053182917,4.929290894439967,144.0,641.5375699440448,0.14151893634165996,3221,0.3244359387590653
2014-11-30,20593,25619,5004,0.1953237831297084,1.2440635167289855,3.4077832858425388,4.785159451969242,201.0,837.540967226219,0.15617315273820212,6313,0.24641867364065734
2013-10-06,7887,9765,2225,0.22785458269329237,1.2381133510840623,3.1577060931899643,4.560675883256528,179.0,741.9806741573034,0.15442908346134152,2896,0.2965693804403482
2014-02-24,12336,15142,3557,0.23490952318055738,1.2274643320363166,3.0089155989961696,4.387333245278034,149.0,660.9662637053697,0.1400079249768855,4722,0.3118478404437987
2013-10-17,9163,11133,2853,0.2562651576394503,1.2149950889446688,2.861852151262014,4.103835444174975,142.0,632.378899404136,0.1322195275307644,3657,0.3284828887092428
2013-09-14,6826,8411,1915,0.2276780406610391,1.2322004101963082,3.120318630364998,4.540958268933539,161.0,723.48772845953,0.153132802282725,2532,0.30103435976697185
2014-03-30,13280,16463,3488,0.21186903966470266,1.2396837349397591,3.3408248800340155,4.832715786916115,201.0,853.7213302752293,0.16643382129624004,4595,0.2791107331592055
2013-10-11,8431,10235,2616,0.25559355153883734,1.2139722452852568,2.823839765510503,3.9586712261846606,132.0,635.1773700305811,0.13473375671714705,3425,0.3346360527601368
2014-08-04,26224,32706,6651,0.20335718216840948,1.2471781574130567,3.222680853665994,4.641227909252125,168.0,748.1632837167343,0.14556962025316456,8313,0.25417354613832327
2013-08-06,10927,13615,3218,0.23635695923613662,1.2459961563100577,2.9100991553433713,4.948879911861917,140.0,665.0689869484152,0.14168196841718692,4151,0.30488431876606686
2013-02-27,9684,11964,2859,0.23896690070210633,1.2354399008674102,2.8844867937144767,4.9969909729187565,133.0,585.3392794683456,0.1423436977599465,3804,0.31795386158475425
2013-03-10,8259,10371,2260,0.21791534085430528,1.2557210316018887,3.2807829524636003,5.913315977244239,201.0,742.7646017699115,0.16652203259087842,3070,0.2960177417799634
2013-09-27,8173,9951,2567,0.2579640237162094,1.2175455768995473,2.7631393829765853,3.9627173148427293,128.0,592.9361121932217,0.12400763742337453,3259,0.3275047733896091
2013-02-23,6954,8714,1909,0.21907275648381913,1.2530917457578372,3.127955014918522,5.635070002295158,162.0,640.1691985332635,0.16180858388799632,2538,0.2912554509983934
2013-12-20,6823,8212,2226,0.27106673161227474,1.2035761395280669,2.9376522162688747,4.260837798343887,152.0,703.3310871518419,0.13212372138334144,2913,0.35472479298587434
2013-08-29,8669,10725,2463,0.22965034965034964,1.237166916599377,2.725874125874126,3.87990675990676,119.0,636.3905805927731,0.12708624708624708,3122,0.2910955710955711
2013-11-10,6962,8458,2009,0.23752660203357767,1.2148807813846596,3.1338377867108065,4.560770867817451,191.0,760.9636635141861,0.15370063844880585,2694,0.3185150153700638
2013-03-17,8177,10271,2336,0.2274364716191218,1.2560841384370796,3.236199006912667,5.859799435303281,186.0,741.0933219178082,0.1681433161328011,3152,0.3068834582805959
2013-04-12,7810,9534,2405,0.2522550870568492,1.220742637644046,2.9546884833228444,5.0554856303754985,143.0,576.7559251559252,0.14243759177679882,3074,0.3224250052443885
2013-05-11,6482,8027,1945,0.24230721315559986,1.2383523603825979,3.2389435654665504,5.69278684440015,176.0,741.2313624678663,0.1546032141522362,2530,0.3151862464183381
2013-11-18,9098,11018,2748,0.24941005627155563,1.2110353923939328,2.9197676529315664,4.256489381012888,154.0,678.7962154294032,0.13487021237974223,3528,0.3202033036848793
2013-11-05,9030,10826,2777,0.2565121004987992,1.198892580287929,2.872067245520044,4.183262516164788,156.0,651.4267194814548,0.12811749491963792,3725,0.344079068908184
2013-04-29,9561,11607,2989,0.25751701559403806,1.2139943520552243,2.9435685362281383,5.0488498319979325,138.0,611.5316159250585,0.14551563711553372,3815,0.3286809683811493
2013-10-07,10520,12970,3155,0.24325366229760986,1.2328897338403042,2.838704703161141,3.99922898997687,139.0,645.8877971473851,0.13276792598303777,4031,0.3107941403238242
2014-02-14,9529,11690,3009,0.2573994867408041,1.2267814041347465,2.939777587681779,4.2635585970915315,162.0,659.1359255566633,0.13738237810094098,3954,0.33823781009409754
2013-03-23,6941,8675,2024,0.233314121037464,1.249819910675695,3.171066282420749,5.669510086455332,171.0,688.1724308300395,0.16380403458213255,2653,0.30582132564841497
2013-02-05,7572,9264,2750,0.2968480138169257,1.2234548335974644,2.456066493955095,4.0914291882556135,25.0,370.6370909090909,0.11895509499136442,3627,0.3915155440414508
2013-03-09,7181,8955,2041,0.22791736460078169,1.2470408021166968,3.2303740926856506,5.841652707984366,178.0,730.5820676139148,0.1599106644332775,2713,0.30295924064768287
2013-05-22,9596,11910,3065,0.2573467674223342,1.2411421425593998,2.9527287993282956,5.142317380352645,142.0,628.8929853181077,0.14987405541561713,3971,0.33341729638958856
2013-06-14,8206,10010,2633,0.26303696303696306,1.2198391420911527,3.005094905094905,5.056443556443557,152.0,599.1503987846563,0.14515484515484514,3394,0.33906093906093904
2013-01-20,7720,9750,2140,0.2194871794871795,1.2629533678756477,3.1553846153846155,5.789948717948718,169.0,639.5214953271028,0.16225641025641024,2963,0.3038974358974359
2013-08-10,6870,8562,1992,0.23265592151366504,1.246288209606987,3.110021023125438,4.467998131277739,175.0,760.2640562248996,0.16106049988320487,2574,0.30063069376313944
2013-12-24,5079,6139,1597,0.26014008796220883,1.208702500492223,3.0584785795732206,4.459358201661509,176.0,767.6236693800877,0.15295650757452353,2105,0.3428897214530054
2013-10-29,9830,12060,2866,0.23764510779436152,1.226856561546287,2.8598673300165838,4.1184908789386405,147.0,661.1336357292394,0.1351575456053068,3731,0.3093698175787728
2013-06-08,6760,8420,1948,0.23135391923990498,1.2455621301775148,3.2590261282660333,5.711520190023753,180.0,731.1149897330596,0.16140142517814726,2564,0.30451306413301665
2013-01-26,6730,8422,1813,0.21526953217763,1.251411589895988,3.0909522678698647,5.61184991688435,150.0,686.1682294539437,0.15637615768226074,2520,0.2992163381619568
2013-12-26,7707,9327,2111,0.22633215396161682,1.2101985208252237,3.086630213359065,4.544333654980165,183.0,769.1350071056371,0.15610592902326578,2742,0.29398520424573815
2013-02-06,7587,9238,2922,0.3163022299198961,1.217609068142876,2.440679800822689,4.117341415890886,16.0,381.3268309377139,0.11550119073392509,3823,0.4138341632387963
