date_key,full_date,year,month,year_month,events_on_date,weighted_events_on_date,bookings_made_on_date,checkins_on_date,checkouts_on_date,booking_value_proxy_for_checkins,package_checkins,avg_stay_nights_for_checkins,avg_lead_days_for_checkins
2014-07-17,2014-07-17,2014,7,2014-07,94188,136352,6747,5866,5295,6584,718,2.3088987384930104,33.35151721786567
2014-07-18,2014-07-18,2014,7,2014-07,84413,121800,6194,7181,5940,7888,707,2.1680824397716196,33.659980498676696
2014-07-19,2014-07-19,2014,7,2014-07,69794,101330,4581,6415,5872,7055,640,2.1926734216679655,35.40433494464369
2014-07-20,2014-07-20,2014,7,2014-07,84308,121841,5352,5530,8139,6161,631,2.638336347197107,33.07850940665702
2014-07-22,2014-07-22,2014,7,2014-07,105298,150846,7288,5272,4931,5831,559,2.3086115326251897,30.431037753746917
2014-07-23,2014-07-23,2014,7,2014-07,102715,146138,7245,5617,5219,6206,589,2.3626491009435644,31.308226495726494
2014-03-28,2014-03-28,2014,3,2014-03,51440,73132,4505,4865,4139,5547,682,2.227338129496403,27.337512846865366
2014-03-29,2014-03-29,2014,3,2014-03,44574,64722,3268,4017,4031,4597,580,2.239980084640279,27.32445219123506
2014-03-30,2014-03-30,2014,3,2014-03,54859,79362,3988,3202,5650,3773,571,2.795752654590881,27.513429106808246
2014-04-02,2014-04-02,2014,4,2014-04,66188,95112,5392,3240,3022,3713,473,2.3614197530864196,23.712345679012344
2014-05-11,2014-05-11,2014,5,2014-05,52902,77067,4002,3510,6193,4015,505,2.803703703703704,30.616524216524216
2014-05-12,2014-05-12,2014,5,2014-05,68588,97695,5908,4111,3570,4673,562,2.4470931646801266,25.964720194647203
2014-05-13,2014-05-13,2014,5,2014-05,68906,99623,5885,3883,3402,4331,448,2.251609580221478,25.98892608807623
2014-05-14,2014-05-14,2014,5,2014-05,69104,99677,5598,4106,3737,4625,519,2.330004870920604,27.85115712545676
2014-05-15,2014-05-15,2014,5,2014-05,64795,93849,5560,4686,4039,5342,656,2.3647033717456254,32.79342723004695
2014-05-16,2014-05-16,2014,5,2014-05,56275,81730,5106,5946,4635,6668,722,2.221997981836529,35.642160161507405
2014-05-17,2014-05-17,2014,5,2014-05,43035,63724,3360,5162,4399,5727,565,2.207283998450213,33.595233481883355
2014-05-18,2014-05-18,2014,5,2014-05,54927,80843,4171,4238,6604,4753,515,2.605710240679566,31.29643615765872
2014-12-06,2014-12-06,2014,12,2014-12,71053,97725,4808,6367,5570,7015,648,2.0645515941573738,31.140880503144654
2014-12-08,2014-12-08,2014,12,2014-12,101601,140515,6904,5633,5333,6332,699,2.4335167761406002,23.318884348907442
2014-12-10,2014-12-10,2014,12,2014-12,102554,139545,7305,5374,5097,6005,631,2.244882768887235,25.05676530802159
2014-10-11,2014-10-11,2014,10,2014-10,67042,94001,4392,7997,6429,8880,883,2.0951606852569715,33.66658329164582
2014-10-13,2014-10-13,2014,10,2014-10,100638,140209,7362,5857,7784,6505,648,2.4162540549769504,27.63398804440649
2014-10-14,2014-10-14,2014,10,2014-10,99247,138043,7425,5427,5341,6022,595,2.3095632946379214,26.674345742720234
2014-11-08,2014-11-08,2014,11,2014-11,67582,95707,4486,7151,5911,8004,853,2.1248776394909803,31.06237762237762
2014-11-11,2014-11-11,2014,11,2014-11,97299,137082,7109,5065,5415,5667,602,2.3020730503455082,24.286137440758292
2014-06-19,2014-06-19,2014,6,2014-06,78271,112611,5861,5551,5017,6273,722,2.306791569086651,35.47063063063063
2014-06-21,2014-06-21,2014,6,2014-06,57950,83786,4047,5560,5310,6113,553,2.1938848920863308,35.493613959345204
2014-06-22,2014-06-22,2014,6,2014-06,69374,100686,4886,5068,7490,5666,598,2.6570639305445933,34.20599842146803
2014-06-24,2014-06-24,2014,6,2014-06,86736,124704,6440,4912,4576,5416,504,2.2837947882736156,31.230502952555486
2014-07-25,2014-07-25,2014,7,2014-07,80334,113447,5998,7788,6215,8592,804,2.2393425783256293,34.03814049056119
2014-07-27,2014-07-27,2014,7,2014-07,81507,117694,5390,5857,8532,6560,703,2.5982584941096123,34.41181492231518
2014-08-19,2014-08-19,2014,8,2014-08,103683,149216,7611,5909,5601,6528,619,2.3256050093078353,31.299593771157753
2014-08-22,2014-08-22,2014,8,2014-08,78939,113799,6074,8238,7005,9134,896,2.150279193979121,34.28994657600777
2014-08-23,2014-08-23,2014,8,2014-08,65507,95731,4450,6954,6766,7716,762,2.22073626689675,33.175945907063735
2013-07-12,2013-07-12,2013,7,2013-07,31784,53481,3005,3871,3351,4356,485,2.2314647377938517,33.54005167958656
2013-07-13,2013-07-13,2013,7,2013-07,27855,48319,2351,3346,3090,3772,426,2.2513448894202033,35.55827854154214
2013-07-15,2013-07-15,2013,7,2013-07,40136,67300,3539,2991,2994,3428,437,2.5921096623202944,30.128050819124038
2013-04-18,2013-04-18,2013,4,2013-04,31323,53860,2997,2536,2307,2975,439,2.270110410094637,22.25
2013-04-22,2013-04-22,2013,4,2013-04,36193,62682,3328,2302,2135,2646,344,2.499131190269331,20.117289313640313
2013-04-23,2013-04-23,2013,4,2013-04,30437,52326,2813,2191,1873,2492,301,2.292560474669101,20.38658146964856
2013-04-25,2013-04-25,2013,4,2013-04,29605,50895,2543,2740,2295,3284,544,2.452189781021898,25.491785323110623
2013-04-29,2013-04-29,2013,4,2013-04,34132,58538,3373,2345,2418,2695,350,2.408102345415778,21.8136460554371
2014-10-18,2014-10-18,2014,10,2014-10,62133,87560,4281,7101,6365,7788,687,2.121391353330517,32.43895226024504
2014-10-19,2014-10-19,2014,10,2014-10,76252,107241,5106,5552,10159,6241,689,2.6795749279538903,30.40046838407494
2014-10-20,2014-10-20,2014,10,2014-10,97542,135540,7440,5959,5710,6702,743,2.5103205235777817,26.729942933870426
2014-06-27,2014-06-27,2014,6,2014-06,67699,96748,5352,7036,5849,7790,754,2.1918703808982376,34.68609610463463
2014-06-29,2014-06-29,2014,6,2014-06,70317,102257,4737,5330,7933,5929,599,2.495497185741088,34.09551510602365
2014-06-30,2014-06-30,2014,6,2014-06,82116,117959,6073,5174,5419,5724,550,2.392732895245458,32.91012756088133
2014-04-14,2014-04-14,2014,4,2014-04,66068,93984,5454,4135,3668,4836,701,2.56590084643289,27.659250302297462
2014-04-16,2014-04-16,2014,4,2014-04,63810,91503,5501,4089,3720,4745,656,2.482514062117877,30.69251467710372
2014-04-17,2014-04-17,2014,4,2014-04,55910,80009,4882,5221,4019,6229,1008,2.507757134648535,34.39030465606438
2014-04-18,2014-04-18,2014,4,2014-04,50951,73308,4370,6361,4466,7487,1126,2.3735261751296965,32.216577540106954
2014-04-19,2014-04-19,2014,4,2014-04,41812,60533,3068,4260,4708,4888,628,2.344131455399061,31.779290913359944
2014-04-20,2014-04-20,2014,4,2014-04,48196,69702,3549,3356,6420,3918,562,2.7094755661501786,31.35111773472429
2014-04-21,2014-04-21,2014,4,2014-04,64789,92898,5224,3853,4716,4420,567,2.581884246042045,27.67998961847911
2014-04-23,2014-04-23,2014,4,2014-04,66827,95520,5534,4029,3458,4600,571,2.3752792256142965,27.512037726482998
2014-12-16,2014-12-16,2014,12,2014-12,103983,141668,7054,5008,4695,5525,517,2.2270367412140577,25.72903354632588
2014-12-17,2014-12-17,2014,12,2014-12,110186,147959,7177,5471,5043,6038,567,2.290074940595869,26.809366995975118
2014-12-19,2014-12-19,2014,12,2014-12,86493,118159,6186,8360,6064,9238,878,2.387200956937799,36.795740098121335
2014-12-20,2014-12-20,2014,12,2014-12,74023,102347,4862,8766,6287,9695,929,2.490645676477299,41.08327629477527
2014-12-21,2014-12-21,2014,12,2014-12,72224,98630,4613,6985,8785,7763,778,2.6979241231209734,39.75307934689201
2013-02-12,2013-02-12,2013,2,2013-02,34341,60357,3083,1569,1417,1755,186,2.1032504780114722,9.995530012771392
2013-02-13,2013-02-13,2013,2,2013-02,33409,58638,2957,1703,1624,1941,238,2.1015854374633,11.065294117647058
2013-02-16,2013-02-16,2013,2,2013-02,27032,49086,2182,2271,1830,2536,265,2.0070453544693967,13.183619550858653
2013-02-18,2013-02-18,2013,2,2013-02,35634,63432,3060,2024,2268,2324,300,2.4985177865612647,12.587450592885375
2013-02-19,2013-02-19,2013,2,2013-02,33939,59632,3110,1850,1605,2069,219,2.14,11.164324324324324
2013-02-20,2013-02-20,2013,2,2013-02,33938,59409,3110,1886,1767,2163,277,2.110286320254507,11.973488865323436
2013-02-23,2013-02-23,2013,2,2013-02,27317,49350,2125,1944,1869,2195,251,2.0560699588477367,13.960390946502057
2014-08-28,2014-08-28,2014,8,2014-08,90187,129398,6539,6457,5579,7337,880,2.390428991791854,35.824167312161116
2014-08-29,2014-08-29,2014,8,2014-08,81513,117730,6251,9470,6551,10709,1239,2.3036958817317847,33.4657230379212
2014-08-30,2014-08-30,2014,8,2014-08,63755,92701,4233,8893,6543,9793,900,2.1137973687169684,32.74907209537735
2014-05-26,2014-05-26,2014,5,2014-05,65011,93290,5068,3797,7161,4359,562,2.584672109560179,32.42781875658588
2014-05-27,2014-05-27,2014,5,2014-05,72792,104721,5936,4243,3719,4758,515,2.3763846335140233,26.875795427763375
2014-05-28,2014-05-28,2014,5,2014-05,74118,105958,6039,4237,3892,4848,611,2.356620250177012,31.886240264337975
2014-05-30,2014-05-30,2014,5,2014-05,61844,88017,5281,5487,4608,6174,687,2.209768543830873,33.94677360554138
2014-05-31,2014-05-31,2014,5,2014-05,50981,73464,3864,4916,4552,5480,564,2.1763628966639543,33.24659206510682
2014-06-01,2014-06-01,2014,6,2014-06,60893,87403,4470,4102,6539,4623,521,2.823256947830327,32.60326749573275
2014-06-02,2014-06-02,2014,6,2014-06,74907,106897,6212,4332,4102,4907,575,2.5500923361034165,27.716462710690372
2014-06-03,2014-06-03,2014,6,2014-06,78966,113499,6341,3978,3665,4479,501,2.3300653594771243,26.943633618520384
2013-12-26,2013-12-26,2013,12,2013-12,28719,42271,2353,4072,2798,4898,826,2.994351669941061,50.78610019646366
2013-12-28,2013-12-28,2013,12,2013-12,25997,39364,2005,4077,3584,4808,731,2.7920039244542556,55.56073619631902
2013-12-30,2013-12-30,2013,12,2013-12,32378,47319,2770,3534,4013,4167,633,2.7057159026598754,54.59269742428531
2014-01-01,2014-01-01,2014,1,2014-01,29018,43677,2172,2724,4072,3186,462,2.67143906020558,45.870363569592364
2014-01-05,2014-01-05,2014,1,2014-01,34819,52641,2512,2067,3807,2367,300,2.8050314465408803,33.7218190614417
2014-01-09,2014-01-09,2014,1,2014-01,40542,59668,3669,2239,2214,2677,438,2.532827154979902,31.603039785426912
2014-01-10,2014-01-10,2014,1,2014-01,37234,54791,3353,2517,2497,2993,476,2.457687723480334,31.067143424711958
2014-11-18,2014-11-18,2014,11,2014-11,93469,130768,6892,5031,4646,5622,591,2.10494931425164,22.478330019880715
2014-11-20,2014-11-20,2014,11,2014-11,86575,120800,6457,5866,5447,6744,878,2.288441868394136,31.1537936913896
2014-11-21,2014-11-21,2014,11,2014-11,78035,108390,6268,7956,6030,9062,1106,2.241830065359477,33.443787726358146
2014-11-23,2014-11-23,2014,11,2014-11,85821,120995,5680,5387,9042,6112,725,2.597364024503434,34.26656766289215
2013-05-01,2013-05-01,2013,5,2013-05,35292,60534,3243,2566,2390,3024,458,2.4742790335151987,25.56123244929797
2013-05-05,2013-05-05,2013,5,2013-05,29450,52570,2521,2272,3902,2608,336,2.640845070422535,25.921214788732396
2013-05-06,2013-05-06,2013,5,2013-05,34612,59673,3242,2169,2609,2514,345,2.4444444444444446,21.795664206642066
2013-05-07,2013-05-07,2013,5,2013-05,35471,60734,3517,2140,2022,2456,316,2.329906542056075,22.099532710280375
2013-05-09,2013-05-09,2013,5,2013-05,31357,53733,3077,2571,2242,3033,462,2.3325554259043173,27.870766835344494
2013-05-11,2013-05-11,2013,5,2013-05,25954,45594,2227,2462,2478,2766,304,2.2615759545085297,26.958130081300812
2013-05-13,2013-05-13,2013,5,2013-05,36477,62267,3611,2531,2250,2930,399,2.447649150533386,21.97786561264822
2014-08-03,2014-08-03,2014,8,2014-08,86069,124552,5491,6264,8660,6995,731,2.6090357598978287,33.829794028420885
2014-08-04,2014-08-04,2014,8,2014-08,105675,152237,7508,6315,6517,7092,777,2.6144101346001585,31.6701504354711
2014-12-22,2014-12-22,2014,12,2014-12,95731,130846,6436,6733,6583,7524,791,2.7469181642655576,39.178306092124814
2013-02-26,2013-02-26,2013,2,2013-02,35503,61783,3232,1687,1532,1898,211,2.098399525785418,11.840545346769414
2013-02-27,2013-02-27,2013,2,2013-02,34513,59745,3218,1806,1746,2066,260,2.1456256921373202,12.80232558139535
2013-02-28,2013-02-28,2013,2,2013-02,32009,55375,3064,2005,1883,2347,342,2.251870324189526,14.711720698254364
2013-03-03,2013-03-03,2013,3,2013-03,35528,64033,2751,1842,2817,2154,312,2.7790445168295332,14.972840847365562
2013-03-04,2013-03-04,2013,3,2013-03,36296,63711,3371,1968,1679,2296,328,2.478150406504065,13.707825203252032
2013-03-08,2013-03-08,2013,3,2013-03,30036,51795,2926,2694,2279,3132,438,2.2342242019302154,16.80876346082436
2013-03-09,2013-03-09,2013,3,2013-03,28866,52197,2298,2319,2029,2646,327,2.3083225528244933,17.52565761103924
2013-03-10,2013-03-10,2013,3,2013-03,33980,61221,2590,2071,3106,2446,375,2.7682279092225976,16.831965234186384
2014-06-05,2014-06-05,2014,6,2014-06,72665,103764,6041,4734,4292,5413,679,2.2953105196451205,31.85484893302345
2014-06-08,2014-06-08,2014,6,2014-06,66877,96469,4748,4412,6668,4949,537,2.662737987307344,32.571299025164365
2014-06-10,2014-06-10,2014,6,2014-06,81083,116587,6307,4294,3925,4793,499,2.316488122962273,27.78737773637634
2014-01-12,2014-01-12,2014,1,2014-01,39007,58988,2890,2033,2954,2424,391,2.927693064436793,28.65764879488441
2014-01-15,2014-01-15,2014,1,2014-01,42188,61796,3797,2183,2172,2519,336,2.412276683463124,25.62878093492209
2014-01-18,2014-01-18,2014,1,2014-01,32623,49021,2419,2692,2274,3119,427,2.320950965824666,27.73318468970643
2014-01-20,2014-01-20,2014,1,2014-01,43490,63336,3770,2262,2661,2673,411,2.628205128205128,22.990712074303406
2014-11-25,2014-11-25,2014,11,2014-11,95025,132588,7119,5529,5060,6189,660,2.3856031832157716,30.73575691806837
2014-11-26,2014-11-26,2014,11,2014-11,90996,127841,6748,7939,5479,8971,1032,2.5203426124197,36.59067422810334
2014-11-27,2014-11-27,2014,11,2014-11,73428,103043,5108,8049,5291,9222,1173,2.302397813392968,36.055300111842925
2014-11-30,2014-11-30,2014,11,2014-11,87502,122825,5768,4653,10960,5177,524,2.6548463356973997,30.050311760911633
2014-08-09,2014-08-09,2014,8,2014-08,70393,101989,4832,7439,6680,8154,715,2.2419680064524803,35.82963560575501
2014-08-13,2014-08-13,2014,8,2014-08,106200,152262,7781,6445,6169,7195,750,2.359658650116369,34.67499611981996
2013-05-18,2013-05-18,2013,5,2013-05,24817,43212,2122,3036,2665,3455,419,2.2002635046113306,30.353658536585368
2013-05-19,2013-05-19,2013,5,2013-05,31287,55423,2626,2521,3669,2887,366,2.6045220150733837,27.353571428571428
2013-05-21,2013-05-21,2013,5,2013-05,35565,61280,3297,2415,2253,2758,343,2.2770186335403726,24.7920463960232
2013-05-22,2013-05-22,2013,5,2013-05,35094,61147,3447,2570,2469,2935,365,2.2937743190661477,25.885603112840467
2013-05-23,2013-05-23,2013,5,2013-05,32043,56198,3045,2941,2679,3505,564,2.3883032981978918,30.487249234954096
2013-05-24,2013-05-24,2013,5,2013-05,27824,47398,2804,4000,2946,4743,743,2.382,31.734867433716857
2013-05-27,2013-05-27,2013,5,2013-05,33275,57542,2940,2288,3990,2664,376,2.5179195804195804,28.674388111888113
2013-05-28,2013-05-28,2013,5,2013-05,35787,61023,3427,2565,2248,2943,378,2.353606237816764,25.288888888888888
2013-05-31,2013-05-31,2013,5,2013-05,27753,47091,2840,3207,2690,3672,465,2.304957904583723,30.2014343623324
2014-01-27,2014-01-27,2014,1,2014-01,41049,59852,3553,2311,2133,2713,402,2.556901774123756,20.408481176979663
2014-01-28,2014-01-28,2014,1,2014-01,41984,61159,3653,2064,1947,2397,333,2.366763565891473,22.409597673291323
2014-01-30,2014-01-30,2014,1,2014-01,36367,53086,3350,2386,2269,2856,470,2.47024308466052,31.178616352201256
2014-01-31,2014-01-31,2014,1,2014-01,33237,47606,3071,2976,2571,3503,527,2.3501344086021505,31.58218487394958
2014-02-03,2014-02-03,2014,2,2014-02,41230,60028,3755,2456,2188,2935,479,2.617671009771987,24.600651996740016
2014-02-04,2014-02-04,2014,2,2014-02,42326,61253,3821,2247,1924,2593,346,2.3693813974187807,22.886019590382904
2014-02-05,2014-02-05,2014,2,2014-02,41520,61109,3671,2217,2116,2601,384,2.397834912043302,24.87815884476534
2014-06-13,2014-06-13,2014,6,2014-06,64156,91524,5412,6307,5200,6987,680,2.1679086729031236,34.3313769035533
2014-06-16,2014-06-16,2014,6,2014-06,81818,116255,6240,5237,4496,5870,633,2.4764177964483483,30.454840557571128
2014-09-11,2014-09-11,2014,9,2014-09,95632,136682,7368,6003,5548,6776,773,2.2815259037148095,32.867855357440426
2013-08-12,2013-08-12,2013,8,2013-08,38045,53640,3536,3433,3360,4015,582,2.622778910573842,33.75349650349651
2013-08-14,2013-08-14,2013,8,2013-08,35912,51564,3477,3271,3163,3714,443,2.4102720880464688,34.94435952308163
2013-08-15,2013-08-15,2013,8,2013-08,33316,47103,3153,3571,3421,4164,593,2.4267712125455057,35.15130288596245
2013-08-16,2013-08-16,2013,8,2013-08,29424,41300,3009,4163,3591,4724,561,2.3350948834974776,33.6828447861605
2013-08-19,2013-08-19,2013,8,2013-08,35277,49905,3417,3238,3106,3766,528,2.5358245830759727,31.176343421865347
2013-08-21,2013-08-21,2013,8,2013-08,35990,51681,3325,3141,3091,3589,448,2.3403374721426298,32.062400509391914
2013-08-24,2013-08-24,2013,8,2013-08,25682,37230,2293,3402,3286,3855,453,2.2751322751322753,35.616877389003236
2013-08-25,2013-08-25,2013,8,2013-08,31068,44900,2555,2899,4444,3350,451,2.7185236288375303,35.82545705415661
2013-08-28,2013-08-28,2013,8,2013-08,35903,51030,3459,2901,2684,3293,392,2.341261633919338,32.42812823164426
2014-03-20,2014-03-20,2014,3,2014-03,56068,80703,4616,3821,3580,4469,648,2.386286312483643,26.47160429207014
2014-03-24,2014-03-24,2014,3,2014-03,63199,90695,5145,3672,3258,4319,647,2.4948257080610023,23.487745098039216
2014-03-25,2014-03-25,2014,3,2014-03,62015,89588,4789,3292,3044,3705,413,2.297691373025516,22.392466585662213
2014-03-26,2014-03-26,2014,3,2014-03,64958,92776,5330,3637,3333,4187,550,2.318669232884245,25.296204620462046
2014-03-27,2014-03-27,2014,3,2014-03,57118,82051,4670,3895,3692,4547,652,2.371758664955071,27.887034659820284
2013-11-18,2013-11-18,2013,11,2013-11,32200,46913,3019,2511,2400,2905,394,2.4874551971326166,25.349402390438247
2013-03-28,2013-03-28,2013,3,2013-03,30311,52433,3022,2977,2570,3553,576,2.5256970104131677,22.716829022505877
2014-08-15,2014-08-15,2014,8,2014-08,82311,118258,6320,8650,7261,9484,834,2.194566473988439,33.511966701352755
2014-08-17,2014-08-17,2014,8,2014-08,83839,121982,5545,6345,9964,7042,697,2.627580772261623,33.57401860318461
2013-03-29,2013-03-29,2013,3,2013-03,26867,47003,2539,3688,2650,4382,694,2.332700650759219,22.356019522776574
2013-03-30,2013-03-30,2013,3,2013-03,23679,42512,1973,2537,2765,2894,357,2.2814347654710287,21.988170347003155
2013-04-01,2013-04-01,2013,4,2013-04,34396,59589,3171,2303,2741,2668,365,2.606600086843248,20.284411636995223
2013-04-02,2013-04-02,2013,4,2013-04,37772,65562,3459,2172,2045,2535,363,2.3669429097605894,18.43232044198895
2013-04-04,2013-04-04,2013,4,2013-04,32687,56283,3125,2541,2221,2986,445,2.297914207005116,21.605905511811024
2013-04-06,2013-04-06,2013,4,2013-04,26196,45939,2163,2530,2453,2890,360,2.267193675889328,22.363241106719368
2013-04-07,2013-04-07,2013,4,2013-04,31496,56402,2551,2059,3486,2391,332,2.7707625060709082,20.73482272948033
2013-04-09,2013-04-09,2013,4,2013-04,35523,61976,3246,2181,1891,2532,351,2.324621733149931,19.358092618065108
2013-04-11,2013-04-11,2013,4,2013-04,31212,53623,2933,2404,2336,2847,443,2.3756239600665556,23.280482729920934
2013-04-12,2013-04-12,2013,4,2013-04,28182,48204,2725,3076,2577,3537,461,2.1992847854356308,22.56957087126138
2013-08-29,2013-08-29,2013,8,2013-08,29182,41510,2734,3303,2891,3876,573,2.3651226158038146,35.4377838328792
2013-08-31,2013-08-31,2013,8,2013-08,24140,34950,2048,4259,3222,4837,578,2.1826719887297488,34.066447522892695
2013-09-01,2013-09-01,2013,9,2013-09,26486,38284,2223,2925,4261,3306,381,2.390769230769231,32.70700854700855
2013-09-02,2013-09-02,2013,9,2013-09,33910,49224,2886,2338,4772,2677,339,2.5697177074422584,33.55945252352438
2013-09-03,2013-09-03,2013,9,2013-09,36683,52640,3556,2613,2482,3008,395,2.5606582472254114,31.869831546707506
2013-09-04,2013-09-04,2013,9,2013-09,35917,51165,3564,2540,2224,2876,336,2.3751968503937007,30.332545311268717
2013-09-08,2013-09-08,2013,9,2013-09,31088,45365,2614,2521,3926,2878,357,2.7477191590638634,32.522619047619045
2013-09-10,2013-09-10,2013,9,2013-09,33924,49361,3019,2582,2350,2904,322,2.3532145623547636,29.09178931061193
2013-09-11,2013-09-11,2013,9,2013-09,33499,47910,3023,2604,2546,2905,301,2.258832565284178,32.486559139784944
2014-02-06,2014-02-06,2014,2,2014-02,45133,66231,3814,2553,2338,3123,570,2.421464943204074,29.405956112852664
2014-02-08,2014-02-08,2014,2,2014-02,34831,51066,2703,2765,2431,3228,463,2.457866184448463,33.299457504520795
2014-02-13,2014-02-13,2014,2,2014-02,40117,58293,3630,3026,2475,3702,676,2.466953073364177,30.551256613756614
2014-02-14,2014-02-14,2014,2,2014-02,34433,49863,3384,4479,2900,5359,880,2.317258316588524,30.506476105404197
2014-02-15,2014-02-15,2014,2,2014-02,33345,49649,2642,3645,2994,4322,677,2.5023319615912207,33.91767288693743
2014-02-16,2014-02-16,2014,2,2014-02,37522,55879,2909,2853,4180,3466,613,2.8517350157728707,30.652875175315568
2014-02-18,2014-02-18,2014,2,2014-02,43398,64144,3809,2497,2341,2924,427,2.4164997997597117,24.485782939527432
2013-01-08,2013-01-08,2013,1,2013-01,35631,62868,3152,315,93,329,14,1.7301587301587302,0.5523809523809524
2013-01-10,2013-01-10,2013,1,2013-01,32345,57063,2810,543,381,582,39,1.7679558011049723,1.3284132841328413
2013-01-11,2013-01-11,2013,1,2013-01,30030,52658,2737,679,518,715,36,1.7702503681885124,1.7463126843657817
2013-01-13,2013-01-13,2013,1,2013-01,31215,56643,2361,630,750,700,70,2.3746031746031746,2.607936507936508
2013-01-14,2013-01-14,2013,1,2013-01,35968,63624,3126,921,502,1013,92,2.1161780673181325,3.1248642779587406
2013-01-15,2013-01-15,2013,1,2013-01,34562,60285,3231,900,633,977,77,1.8344444444444445,3.3422222222222224
2013-01-19,2013-01-19,2013,1,2013-01,24392,43929,1977,1243,922,1332,89,1.7731295253419148,4.301127214170692
2013-01-20,2013-01-20,2013,1,2013-01,30705,56330,2417,1029,1367,1103,74,2.239067055393586,4.804284323271665
2014-09-12,2014-09-12,2014,9,2014-09,84108,120186,6696,7950,6410,8818,868,2.2123270440251575,34.33916215876211
2014-09-14,2014-09-14,2014,9,2014-09,83702,121098,5290,5741,9096,6495,754,2.6390872670266505,33.845040962175354
2013-06-18,2013-06-18,2013,6,2013-06,38840,65883,3411,2778,2485,3150,372,2.2796976241900646,26.80482535109831
2013-06-23,2013-06-23,2013,6,2013-06,33334,59231,2666,2774,4178,3158,384,2.7040374909877434,30.47043979812545
2013-06-26,2013-06-26,2013,6,2013-06,36320,61792,3195,2831,2680,3201,370,2.3161427057576827,29.012371862849065
2013-06-30,2013-06-30,2013,6,2013-06,32063,56799,2611,3093,4380,3513,420,2.639508567733592,33.14936954413191
2013-11-21,2013-11-21,2013,11,2013-11,26656,38386,2642,2778,2547,3343,565,2.409647228221742,32.29337652987761
2013-11-22,2013-11-22,2013,11,2013-11,24173,34993,2395,3332,2860,3932,600,2.368847539015606,33.56962785114045
2013-11-27,2013-11-27,2013,11,2013-11,27113,38894,2676,3244,2392,3903,659,2.758631319358816,42.35326757090012
2013-11-29,2013-11-29,2013,11,2013-11,23504,33974,2262,3247,2739,3761,514,2.1730828457037266,37.32275947028026
2013-11-30,2013-11-30,2013,11,2013-11,21616,31415,1777,2481,3498,2850,369,2.316404675534059,39.417338709677416
2013-12-02,2013-12-02,2013,12,2013-12,33550,48937,3336,2313,2292,2713,400,2.636835278858625,24.722006052745353
2013-12-03,2013-12-03,2013,12,2013-12,30179,43453,2967,2153,1974,2480,327,2.374361356247097,25.222015791918253
2013-12-04,2013-12-04,2013,12,2013-12,29609,42676,2890,2174,1981,2565,391,2.4484820607175712,31.29576816927323
2013-12-06,2013-12-06,2013,12,2013-12,26298,37560,2717,3048,2515,3614,566,2.2696850393700787,36.65287356321839
2013-09-14,2013-09-14,2013,9,2013-09,26234,38227,2160,3234,2786,3645,411,2.2937538651824365,39.92205381998144
2013-09-16,2013-09-16,2013,9,2013-09,39439,57887,3565,2905,2984,3323,418,2.491910499139415,33.91910499139415
2013-09-17,2013-09-17,2013,9,2013-09,36668,53420,3487,2720,2553,3065,345,2.332720588235294,32.523354174328794
2013-09-21,2013-09-21,2013,9,2013-09,25046,36686,2062,3326,2942,3763,437,2.3042693926638607,39.00631389055923
2013-09-22,2013-09-22,2013,9,2013-09,29917,43330,2339,2808,4550,3196,388,2.65491452991453,35.02600641254008
2013-09-26,2013-09-26,2013,9,2013-09,31411,44817,3158,3156,2887,3643,487,2.2306717363751583,35.23542458808618
2013-09-27,2013-09-27,2013,9,2013-09,27490,39434,2846,4031,3289,4530,499,2.1734061027040434,35.85728468602631
2013-09-28,2013-09-28,2013,9,2013-09,23840,34323,1999,3164,3088,3553,389,2.1257901390644753,35.60777496839444
2014-04-10,2014-04-10,2014,4,2014-04,60388,86426,4995,4115,3610,4726,611,2.3654921020656134,28.10136120563928
2014-04-13,2014-04-13,2014,4,2014-04,53810,77146,3914,4027,5877,4761,734,2.831884777750186,32.15992053637944
2014-12-11,2014-12-11,2014,12,2014-12,91144,124462,6728,5775,5389,6546,771,2.263896103896104,29.52469242765552
2014-12-13,2014-12-13,2014,12,2014-12,70487,96982,4814,6672,5684,7314,642,2.0520083932853717,31.234032983508246
2014-12-14,2014-12-14,2014,12,2014-12,84202,115975,5711,5030,9004,5722,692,2.690258449304175,30.588539594110625
2014-09-17,2014-09-17,2014,9,2014-09,103020,148210,7589,6030,5563,6721,691,2.3165837479270315,32.66135986733001
2014-09-19,2014-09-19,2014,9,2014-09,80726,115709,6545,8363,6638,9212,849,2.157240224799713,35.94043774668102
2014-09-20,2014-09-20,2014,9,2014-09,66899,96469,4478,7307,6397,7997,690,2.119063911317914,35.55955640744797
2014-09-22,2014-09-22,2014,9,2014-09,101936,144901,7516,6037,6015,6764,727,2.434156037767103,29.612491716368456
2013-01-26,2013-01-26,2013,1,2013-01,25891,46953,2043,1291,1148,1416,125,1.8931061192873742,6.613477924089853
2013-01-27,2013-01-27,2013,1,2013-01,31847,58530,2438,1179,1685,1372,193,2.5826972010178118,7.506372132540357
2013-01-28,2013-01-28,2013,1,2013-01,31901,56007,2813,1412,1016,1600,188,2.1848441926345608,6.986543909348442
2013-01-30,2013-01-30,2013,1,2013-01,31083,55044,2974,1340,1306,1485,145,1.8932835820895522,7.109118086696562
2013-01-31,2013-01-31,2013,1,2013-01,22673,39037,2844,1442,1488,1641,199,2.0714285714285716,8.050659264399723
2013-02-01,2013-02-01,2013,2,2013-02,18183,30373,2572,1719,1621,1930,211,2.138452588714369,8.883653286794647
2013-02-02,2013-02-02,2013,2,2013-02,18415,32061,2065,1381,1273,1509,128,1.947139753801593,8.296081277213352
2013-02-05,2013-02-05,2013,2,2013-02,22734,37880,3068,1433,1160,1586,153,2.055129099790649,9.006280530355896
2013-02-06,2013-02-06,2013,2,2013-02,22551,38048,3213,1550,1351,1757,207,2.054193548387097,9.026468689477081
2013-02-07,2013-02-07,2013,2,2013-02,24394,41935,2631,1709,1596,1944,235,2.090696313633704,10.059098888238736
2013-02-09,2013-02-09,2013,2,2013-02,27181,49621,2130,1865,1445,2083,218,2.055764075067024,11.193773483628556
2014-05-19,2014-05-19,2014,5,2014-05,71175,102010,5858,4350,4619,4951,601,2.4048275862068964,26.81044398435703
2014-05-20,2014-05-20,2014,5,2014-05,69722,101213,5697,4076,3745,4560,484,2.2769872423945046,27.79244357212954
2014-05-22,2014-05-22,2014,5,2014-05,64900,93487,5294,4930,4341,5655,725,2.381947261663286,33.12335159261514
2014-05-23,2014-05-23,2014,5,2014-05,58618,85009,4988,6889,4823,7903,1014,2.325156045870228,34.6708768873403
2014-05-25,2014-05-25,2014,5,2014-05,48281,69630,3509,4475,6269,5062,587,2.3499441340782123,30.61027932960894
2014-02-21,2014-02-21,2014,2,2014-02,35730,52212,3253,3451,3123,4113,662,2.2686177919443637,30.175891046073602
2014-02-22,2014-02-22,2014,2,2014-02,32104,47842,2514,2858,2800,3347,489,2.4611616515045487,32.526776338816944
2014-02-24,2014-02-24,2014,2,2014-02,45560,66446,4027,2492,2393,2978,486,2.613964686998395,23.670144462279293
2014-03-01,2014-03-01,2014,3,2014-03,34403,50637,2735,3235,2911,3864,629,2.522720247295209,32.43616692426584
2014-11-14,2014-11-14,2014,11,2014-11,78975,110944,6257,7671,6374,8617,946,2.1393560161647764,32.12935193636719
2014-11-16,2014-11-16,2014,11,2014-11,81342,115816,5432,5078,9078,5764,686,2.6725088617565973,27.873572272548248
2014-11-17,2014-11-17,2014,11,2014-11,97397,138442,7167,5505,5303,6238,733,2.4121707538601274,23.083590768671634
2013-12-08,2013-12-08,2013,12,2013-12,27267,39575,2319,2159,3610,2549,390,2.813802686428902,30.362667901806393
2013-12-10,2013-12-10,2013,12,2013-12,28310,40424,2733,2117,2002,2477,360,2.2971185640056686,25.86820973075106
2013-12-11,2013-12-11,2013,12,2013-12,28750,41593,2758,2233,2224,2636,403,2.334079713390058,28.12807881773399
2013-12-13,2013-12-13,2013,12,2013-12,23683,33979,2353,3058,2501,3649,591,2.258992805755396,35.35022890778286
2013-12-14,2013-12-14,2013,12,2013-12,21283,31081,1802,2604,2370,3045,441,2.3118279569892475,35.34959661928544
2013-12-15,2013-12-15,2013,12,2013-12,25247,36833,2235,2120,3512,2524,404,2.8900943396226415,35.3316037735849
2013-12-16,2013-12-16,2013,12,2013-12,28598,40840,2696,2215,2152,2625,410,2.5706546275395032,29.13905191873589
2013-12-19,2013-12-19,2013,12,2013-12,26137,37543,2534,2570,2231,3060,490,2.6151750972762646,40.2272373540856
2013-12-20,2013-12-20,2013,12,2013-12,24155,34965,2499,3412,2411,4002,590,2.6521101992966,43.41295427901524
2013-12-22,2013-12-22,2013,12,2013-12,22337,33031,1824,2964,3224,3562,598,3.1224696356275303,49.67431657104286
2013-12-23,2013-12-23,2013,12,2013-12,25055,36213,2379,2701,2844,3256,555,3.2832284339133655,47.504627915586816
2013-12-24,2013-12-24,2013,12,2013-12,18822,27460,1776,2737,2111,3257,520,3.1790281329923276,46.784356725146196
2013-12-25,2013-12-25,2013,12,2013-12,19223,27567,1538,2708,1989,3305,597,3.121122599704579,47.85967503692762
2014-09-23,2014-09-23,2014,9,2014-09,103732,147714,7473,5441,5217,6040,599,2.242602462782577,29.147031795625804
2014-09-25,2014-09-25,2014,9,2014-09,91436,129773,6741,6602,5718,7474,872,2.275219630415026,34.365
2014-09-26,2014-09-26,2014,9,2014-09,76729,109873,6158,8539,6657,9420,881,2.1235507670687435,34.358247422680414
2014-07-30,2014-07-30,2014,7,2014-07,115687,163665,7536,5674,5544,6217,543,2.325696157913289,31.506346967559942
2014-07-31,2014-07-31,2014,7,2014-07,94794,135301,6914,6517,6059,7242,725,2.357833358907473,33.747276354150685
2013-07-18,2013-07-18,2013,7,2013-07,35618,60709,3119,3091,2878,3571,480,2.4370753801358784,35.22969912649628
2013-07-21,2013-07-21,2013,7,2013-07,33092,57433,2596,2934,4293,3385,451,2.750852079072938,33.213701431492844
2013-07-23,2013-07-23,2013,7,2013-07,40117,68830,3551,2876,2654,3251,375,2.4401947148817804,31.279652173913043
2013-07-25,2013-07-25,2013,7,2013-07,35654,60710,3207,3177,2976,3614,437,2.429335851432169,33.76818897637795
2013-07-28,2013-07-28,2013,7,2013-07,36348,62767,2921,2948,4266,3337,389,2.6082089552238807,33.465558194774346
2013-07-29,2013-07-29,2013,7,2013-07,40772,69400,3376,3064,2973,3472,408,2.501958224543081,31.955599085863533
2013-10-01,2013-10-01,2013,10,2013-10,35896,51543,3550,2617,2270,2949,332,2.3630110813909058,29.02904088651127
2013-10-02,2013-10-02,2013,10,2013-10,34530,49101,3434,2681,2572,3073,392,2.299515106303618,33.438269302499066
2013-10-03,2013-10-03,2013,10,2013-10,32242,46405,3310,3080,2652,3626,546,2.4006493506493505,35.640584415584414
2013-10-06,2013-10-06,2013,10,2013-10,30782,44476,2508,2656,4542,3070,414,2.6769578313253013,33.217784476262246
2013-10-07,2013-10-07,2013,10,2013-10,36874,51968,3498,2745,2786,3146,401,2.4561020036429873,28.982513661202187
2013-10-08,2013-10-08,2013,10,2013-10,36134,51049,3427,2606,2353,2941,335,2.3223330775134308,27.75614439324117
2013-10-09,2013-10-09,2013,10,2013-10,35177,49827,3399,2730,2721,3110,380,2.326739926739927,30.744688644688644
2013-10-11,2013-10-11,2013,10,2013-10,28913,40528,2998,4568,3168,5281,713,2.363397548161121,35.33756567425569
2013-10-13,2013-10-13,2013,10,2013-10,27908,40075,2283,2882,4543,3318,436,2.5090215128383067,30.01839639014231
2014-10-21,2014-10-21,2014,10,2014-10,99118,137483,7303,5440,5029,6051,611,2.300183823529412,26.009375
2014-10-22,2014-10-22,2014,10,2014-10,100884,138908,7358,5880,5472,6637,757,2.2459183673469387,27.612519135907466
2014-10-24,2014-10-24,2014,10,2014-10,76641,106069,6119,8707,6655,9737,1030,2.184908694154129,32.98046875
2014-10-26,2014-10-26,2014,10,2014-10,81372,114459,5282,5424,10348,6129,705,2.590339233038348,30.231237322515213
2014-03-04,2014-03-04,2014,3,2014-03,45301,66621,4152,2423,2226,2806,383,2.4663640115559224,22.687577383408996
2014-03-05,2014-03-05,2014,3,2014-03,70617,102716,5509,2802,2472,3244,442,2.430406852248394,24.23598714744734
2014-03-07,2014-03-07,2014,3,2014-03,60643,87026,4934,3904,3141,4509,605,2.2717725409836067,26.15343237704918
2014-03-08,2014-03-08,2014,3,2014-03,48339,70715,3520,3726,3118,4334,608,2.4127750939345143,29.08937198067633
2014-03-09,2014-03-09,2014,3,2014-03,56059,81844,3909,3095,4626,3690,595,2.784814216478191,26.010665804783454
2014-07-01,2014-07-01,2014,7,2014-07,79541,117333,5649,4883,5026,5405,522,2.451566659840262,33.681548228548024
2014-07-03,2014-07-03,2014,7,2014-07,81216,117303,6181,7057,5212,7984,927,2.4341788295309623,35.37189848291507
2014-07-07,2014-07-07,2014,7,2014-07,102745,147150,7294,5425,5335,6074,649,2.4995391705069125,31.90853770975475
2014-04-25,2014-04-25,2014,4,2014-04,52310,75207,4566,5418,4486,6156,738,2.2294204503506827,31.783868586194167
2014-04-26,2014-04-26,2014,4,2014-04,46468,67115,3533,4421,4349,5014,593,2.2148835105179825,32.402670891806245
2014-04-27,2014-04-27,2014,4,2014-04,57029,82214,4203,3521,6285,4096,575,2.6938369781312126,31.3625
2014-04-28,2014-04-28,2014,4,2014-04,66755,94879,5605,4017,3565,4567,550,2.4381379138660693,26.14488424197162
2014-04-29,2014-04-29,2014,4,2014-04,67765,96532,5638,3555,3517,4056,501,2.259353023909986,26.350872256612266
2014-04-30,2014-04-30,2014,4,2014-04,61087,87296,5196,4073,3778,4648,575,2.446599558065308,30.8415622697126
2014-05-01,2014-05-01,2014,5,2014-05,59352,85974,5059,4821,3860,5709,888,2.5100601534951257,35.25103734439834
2013-10-15,2013-10-15,2013,10,2013-10,34322,48343,3288,2765,2589,3104,339,2.396383363471971,25.392043399638336
2013-10-16,2013-10-16,2013,10,2013-10,34568,48838,3353,2859,2685,3294,435,2.39734172787688,30.258481986708638
2013-10-17,2013-10-17,2013,10,2013-10,31857,45687,3172,3150,2857,3681,531,2.370793650793651,32.974920634920636
2013-10-18,2013-10-18,2013,10,2013-10,27029,38640,2903,3994,3217,4558,564,2.2819228843264896,34.442023541197095
2013-10-19,2013-10-19,2013,10,2013-10,24317,35351,1992,3107,2989,3523,416,2.1741229481815254,35.61602832314129
2013-10-20,2013-10-20,2013,10,2013-10,29642,43289,2404,2640,4626,3009,369,2.666287878787879,30.278514588859416
2013-10-24,2013-10-24,2013,10,2013-10,30868,44383,2935,2889,2727,3385,496,2.352717203184493,32.3303324099723
2013-10-26,2013-10-26,2013,10,2013-10,25032,36623,1962,3065,2708,3538,473,2.3481239804241434,36.02544861337684
2013-10-27,2013-10-27,2013,10,2013-10,28137,41093,2284,2417,4424,2855,438,2.681836988001655,30.18080264791063
2013-10-28,2013-10-28,2013,10,2013-10,35209,50748,3382,2472,2551,2884,412,2.436893203883495,27.0873786407767
2013-10-29,2013-10-29,2013,10,2013-10,34439,49627,3232,2220,2069,2535,315,2.277027027027027,25.81081081081081
2013-10-30,2013-10-30,2013,10,2013-10,30781,44322,3030,2253,2467,2601,348,2.440745672436751,30.066577896138483
2014-09-01,2014-09-01,2014,9,2014-09,87545,126723,5761,4757,10169,5374,617,2.6367458482236703,34.326530612244895
2014-09-02,2014-09-02,2014,9,2014-09,102664,147100,7416,5021,4919,5654,633,2.4684325831507667,29.53585657370518
2014-09-04,2014-09-04,2014,9,2014-09,93853,134999,7218,5576,4818,6338,762,2.3715925394548063,34.98834289813487
2014-10-29,2014-10-29,2014,10,2014-10,95733,133162,7297,5213,5169,5804,591,2.2756570113178594,27.374280230326296
2014-10-31,2014-10-31,2014,10,2014-10,74406,103894,6247,7496,5795,8365,869,2.1490128068303096,33.10780520346898
2013-07-30,2013-07-30,2013,7,2013-07,40238,67286,3634,2740,2644,3085,345,2.3766423357664235,31.390288426433006
2013-07-31,2013-07-31,2013,7,2013-07,40035,67630,3717,2998,2976,3462,464,2.489993328885924,33.76468624833111
2013-08-01,2013-08-01,2013,8,2013-08,36432,61352,3503,3429,2963,3963,534,2.5555555555555554,35.60665304931427
2013-08-02,2013-08-02,2013,8,2013-08,32930,55112,3219,3986,3247,4531,545,2.4224786753637733,35.80953575909661
2013-08-04,2013-08-04,2013,8,2013-08,33960,59149,2663,3214,4343,3714,500,2.6378344741754822,33.50700280112045
2013-08-05,2013-08-05,2013,8,2013-08,40054,67944,3524,3321,3463,3833,512,2.682324601023788,34.33935561577838
2013-08-06,2013-08-06,2013,8,2013-08,39609,67278,3572,3052,2893,3443,391,2.4544560943643514,32.414809960681524
2013-08-10,2013-08-10,2013,8,2013-08,26558,38168,2247,3715,3366,4194,479,2.4532974427994616,37.13674293405114
2014-07-11,2014-07-11,2014,7,2014-07,79860,115284,6125,6822,5746,7570,748,2.22339489885664,34.857059082246
2014-03-17,2014-03-17,2014,3,2014-03,64635,92753,5291,3497,3105,4086,589,2.580783528738919,21.941950243065484
2014-03-18,2014-03-18,2014,3,2014-03,64320,92807,4973,3147,2921,3594,447,2.317762948840165,21.49952335557674
2014-05-02,2014-05-02,2014,5,2014-05,55651,80863,4961,5508,4192,6310,802,2.267792302106028,34.35766158315178
2014-05-05,2014-05-05,2014,5,2014-05,66744,95529,5541,3926,4169,4460,534,2.5496688741721854,26.791900152827306
2014-05-06,2014-05-06,2014,5,2014-05,68307,97957,5822,3599,3567,4027,428,2.2670186162823005,26.013340744858255
2014-05-08,2014-05-08,2014,5,2014-05,63070,89819,5251,4295,3869,4948,653,2.3136204889406287,31.50616996507567
2014-12-28,2014-12-28,2014,12,2014-12,100729,139478,5610,9435,11637,10299,864,2.5320614732379436,43.756335489343655
2014-12-29,2014-12-29,2014,12,2014-12,121719,166937,7072,8910,9406,9863,953,2.4916947250280583,42.75336775931747
2013-11-01,2013-11-01,2013,11,2013-11,24109,34646,2519,3707,2470,4355,648,2.2934987860803884,35.8451578095495
2013-11-05,2013-11-05,2013,11,2013-11,31159,45411,3132,2330,2169,2667,337,2.4373390557939913,28.750643776824035
2013-11-06,2013-11-06,2013,11,2013-11,30530,44020,3065,2481,2204,2903,422,2.4058847239016528,29.278113663845225
2013-11-09,2013-11-09,2013,11,2013-11,22930,33691,1989,2955,2599,3418,463,2.283248730964467,32.939742721733246
2013-11-10,2013-11-10,2013,11,2013-11,26422,38450,2235,2342,3936,2736,394,2.730145175064048,28.5070482699701
2013-11-12,2013-11-12,2013,11,2013-11,31562,45547,3096,2309,2137,2623,314,2.262884365526202,22.967518406236465
2013-11-13,2013-11-13,2013,11,2013-11,31287,45459,3017,2477,2338,2880,403,2.2644327815906338,28.483037156704363
2013-11-15,2013-11-15,2013,11,2013-11,24918,35813,2607,3389,2755,3967,578,2.3301858955444086,34.7491145218418
2013-11-17,2013-11-17,2013,11,2013-11,27950,41241,2244,2328,3810,2758,430,2.7916666666666665,29.4106529209622
2013-03-13,2013-03-13,2013,3,2013-03,35050,61467,3270,2162,2129,2467,305,2.1456984273820536,15.617021276595745
2013-03-16,2013-03-16,2013,3,2013-03,27495,49379,2270,2500,2240,2854,354,2.2576,18.8304
2013-03-17,2013-03-17,2013,3,2013-03,33174,60173,2687,2211,3361,2574,363,2.6517412935323383,18.392582541836273
2013-03-18,2013-03-18,2013,3,2013-03,35703,62328,3203,2350,2027,2729,379,2.448936170212766,16.454468085106384
2013-03-21,2013-03-21,2013,3,2013-03,32519,56563,2793,2515,2383,2911,396,2.3276341948310137,19.26282306163022
2013-03-22,2013-03-22,2013,3,2013-03,28565,49280,2779,2989,2599,3446,457,2.275008364001338,20.765138842422214
2013-03-23,2013-03-23,2013,3,2013-03,27488,49107,2314,2639,2327,3016,377,2.376657824933687,21.62699014404852
2013-03-25,2013-03-25,2013,3,2013-03,34975,60848,2939,2579,2243,3053,474,2.533927879022877,19.98797983714618
2013-03-26,2013-03-26,2013,3,2013-03,33437,58072,3210,2205,1979,2528,323,2.327437641723356,18.312925170068027
2014-12-01,2014-12-01,2014,12,2014-12,123826,175644,9246,5486,5208,6151,665,2.5730951512942033,23.919598906107566
2014-12-03,2014-12-03,2014,12,2014-12,113529,156694,7793,5127,4769,5746,619,2.229568948702945,25.59898576165399
2014-11-02,2014-11-02,2014,11,2014-11,87002,121421,5684,4971,9258,5608,637,2.711728022530678,30.27680547173607
2014-11-05,2014-11-05,2014,11,2014-11,105028,144944,7397,5451,4952,6110,659,2.3217758209502843,26.77651376146789
2014-07-15,2014-07-15,2014,7,2014-07,104718,153441,7128,5116,4683,5666,550,2.325449569976544,29.863680813612362
2013-06-02,2013-06-02,2013,6,2013-06,32344,57977,2663,2344,3682,2702,358,2.739334470989761,28.315542271562766
2013-06-06,2013-06-06,2013,6,2013-06,33402,57250,3311,2823,2558,3341,518,2.365214311016649,29.96138859369465
2013-06-08,2013-06-08,2013,6,2013-06,27297,47810,2233,2838,2645,3232,394,2.2716701902748415,29.87491190979563
2013-06-09,2013-06-09,2013,6,2013-06,34171,61154,2711,2569,3787,2956,387,2.7325807707279095,29.55607476635514
2013-06-10,2013-06-10,2013,6,2013-06,38788,67427,3534,2830,2556,3258,428,2.473851590106007,25.6062212796041
2013-06-12,2013-06-12,2013,6,2013-06,36566,62777,3523,2750,2607,3149,399,2.3567272727272726,27.08472727272727
2013-06-14,2013-06-14,2013,6,2013-06,30107,50717,2982,3479,3046,3950,471,2.2354124748490944,32.14400689853406
2014-07-21,2014-07-21,2014,7,2014-07,108701,157564,7472,5840,5622,6559,719,2.507191780821918,32.15841753724953
2014-03-31,2014-03-31,2014,3,2014-03,62760,89104,5247,3323,3352,3831,508,2.5642491724345473,22.621426421907916
2014-04-01,2014-04-01,2014,4,2014-04,61927,88331,5333,3305,2778,3749,444,2.3909228441754915,22.89016641452345
2014-04-03,2014-04-03,2014,4,2014-04,60694,86636,5161,3731,3308,4348,617,2.3645135352452424,26.77024128686327
2014-04-04,2014-04-04,2014,4,2014-04,56058,80993,4825,4839,3906,5491,652,2.2572845629262246,27.496590204587726
2014-04-05,2014-04-05,2014,4,2014-04,46833,67912,3566,4140,3766,4695,555,2.2893719806763286,29.892995169082127
2014-04-06,2014-04-06,2014,4,2014-04,58106,83359,4241,3360,5638,3932,572,2.775,27.2375
2014-05-10,2014-05-10,2014,5,2014-05,45924,66675,3661,4409,4215,4917,508,2.1782717169426173,30.08936266727149
2014-12-04,2014-12-04,2014,12,2014-12,92875,127970,7021,5861,5081,6682,821,2.2583176932264117,30.095392491467578
2014-12-05,2014-12-05,2014,12,2014-12,86312,117326,6672,7562,5918,8573,1011,2.170854271356784,31.646296296296295
2014-12-07,2014-12-07,2014,12,2014-12,89547,122317,5920,4936,8668,5577,641,2.689222042139384,28.093617021276597
2014-12-09,2014-12-09,2014,12,2014-12,102466,139015,7460,5036,4626,5617,581,2.193208895949166,22.105043685464654
2014-10-09,2014-10-09,2014,10,2014-10,95838,133791,7235,6722,5891,7604,882,2.3873847069324605,33.702915798869384
2014-10-10,2014-10-10,2014,10,2014-10,83834,117193,6577,9607,6658,10689,1082,2.2316019569064225,34.68044134485271
2014-10-12,2014-10-12,2014,10,2014-10,75548,105836,5023,6086,10263,6785,699,2.479789681235623,30.98668857847165
2014-11-06,2014-11-06,2014,11,2014-11,91946,127429,6821,6250,5532,7123,873,2.33088,31.34704
2014-11-07,2014-11-07,2014,11,2014-11,81102,113233,6378,8327,6256,9402,1075,2.1768944397742285,31.448781073615947
2014-11-09,2014-11-09,2014,11,2014-11,82584,116774,5416,5537,9534,6205,668,2.580819938594907,27.734874480765757
2014-11-10,2014-11-10,2014,11,2014-11,97290,136060,7232,5604,5800,6283,679,2.475374732334047,25.28604568165596
2014-11-12,2014-11-12,2014,11,2014-11,97464,136428,7149,5394,5057,6025,631,2.2269187986651837,26.29236188357434
2014-06-17,2014-06-17,2014,6,2014-06,81632,119770,6026,4823,4172,5372,549,2.2842629069044165,30.013272501036916
2014-06-18,2014-06-18,2014,6,2014-06,86670,123513,6448,4971,4748,5524,553,2.332327499497083,32.47473323937991
2014-06-20,2014-06-20,2014,6,2014-06,68397,98300,5425,6559,5773,7265,706,2.171672511053514,35.04071984139088
2014-06-23,2014-06-23,2014,6,2014-06,85220,121930,6375,5408,4777,5999,591,2.4471153846153846,31.2021453671167
2014-07-24,2014-07-24,2014,7,2014-07,93006,132766,6477,5996,5622,6716,720,2.342394929953302,33.45663775850567
2014-07-26,2014-07-26,2014,7,2014-07,68111,97461,4462,6677,6027,7359,682,2.2387299685487494,35.68454164170162
2014-07-28,2014-07-28,2014,7,2014-07,101546,144558,7223,6114,5777,6828,714,2.4901864573110895,32.6291509896941
2014-07-29,2014-07-29,2014,7,2014-07,103826,148662,7128,5395,5293,5959,564,2.345690454124189,31.89414163885799
2014-08-20,2014-08-20,2014,8,2014-08,96542,139364,7232,6222,6150,6916,694,2.322886531661845,31.45377070268532
2014-08-21,2014-08-21,2014,8,2014-08,88208,127015,6534,6799,6420,7584,785,2.2893072510663335,32.890392820361924
2014-08-24,2014-08-24,2014,8,2014-08,77549,113220,5089,5719,9363,6373,654,2.562510928484001,32.770858842050025
2014-08-25,2014-08-25,2014,8,2014-08,98139,139324,7012,5859,5937,6603,744,2.533026113671275,31.3531922157733
2013-07-01,2013-07-01,2013,7,2013-07,38349,66920,3302,2967,3212,3413,446,2.6117290192113245,31.328951803168184
2013-07-02,2013-07-02,2013,7,2013-07,39202,66995,3574,2626,2658,2984,358,2.5,32.704268292682926
2013-07-03,2013-07-03,2013,7,2013-07,35790,60572,3299,3419,2773,3976,557,2.633811055864288,34.6111761263897
2013-07-04,2013-07-04,2013,7,2013-07,30935,52896,2673,3712,2588,4359,647,2.4603987068965516,34.82489224137931
2013-07-05,2013-07-05,2013,7,2013-07,29614,49928,2817,3742,3240,4184,442,2.274719401389631,32.975414216996256
2013-07-06,2013-07-06,2013,7,2013-07,26971,46256,2177,3174,3550,3517,343,2.2448015122873346,35.231253938248265
2013-07-07,2013-07-07,2013,7,2013-07,32151,55968,2609,2760,4912,3110,350,2.6967391304347825,32.78333333333333
2013-07-08,2013-07-08,2013,7,2013-07,39447,66409,3393,3009,2861,3461,452,2.6021934197407774,30.534729145895646
2013-07-09,2013-07-09,2013,7,2013-07,40538,69137,3437,2789,2553,3177,388,2.396916457511653,31.66260308354249
2013-07-10,2013-07-10,2013,7,2013-07,39340,66288,3547,2816,2705,3169,353,2.425071022727273,30.46768465909091
2013-07-11,2013-07-11,2013,7,2013-07,35633,59819,3148,3092,2800,3548,456,2.398124191461837,33.043998705920416
2013-07-14,2013-07-14,2013,7,2013-07,32045,55571,2515,2856,4224,3270,414,2.6425070028011204,34.62732049036778
2013-04-13,2013-04-13,2013,4,2013-04,25100,44549,2074,2460,2338,2845,385,2.2577235772357724,22.931623931623932
2013-04-14,2013-04-14,2013,4,2013-04,30794,54802,2545,2126,3454,2489,363,2.79068673565381,22.201882352941176
2013-04-15,2013-04-15,2013,4,2013-04,32332,55866,3046,2260,2147,2619,359,2.4601769911504423,18.890659583886677
2013-04-16,2013-04-16,2013,4,2013-04,33878,58209,3202,2174,1870,2448,274,2.2272309107635695,19.19411223551058
2013-04-17,2013-04-17,2013,4,2013-04,34478,60059,3291,2301,2187,2644,343,2.320730117340287,21.220434782608695
2013-04-19,2013-04-19,2013,4,2013-04,26669,45403,2632,3165,2672,3652,487,2.275829383886256,24.75829383886256
2013-04-20,2013-04-20,2013,4,2013-04,25965,46012,2189,2493,2344,2852,359,2.2454873646209386,23.224628961091057
2013-04-21,2013-04-21,2013,4,2013-04,32645,58000,2560,2163,3551,2548,385,2.7549699491447064,23.355987055016183
2013-04-24,2013-04-24,2013,4,2013-04,32805,56180,3121,2272,2125,2645,373,2.3274647887323945,22.282570422535212
2013-04-26,2013-04-26,2013,4,2013-04,26822,45834,2646,3315,2632,3898,583,2.3082956259426846,27.47993966817496
2013-04-27,2013-04-27,2013,4,2013-04,23900,42229,2029,2706,2396,3152,446,2.296008869179601,27.07132298595713
2013-04-28,2013-04-28,2013,4,2013-04,28532,50580,2205,2394,3763,2803,409,2.6374269005847952,25.702589807852966
2013-04-30,2013-04-30,2013,4,2013-04,33882,57607,3195,2206,2211,2509,303,2.312783318223028,23.430385487528344
2014-10-15,2014-10-15,2014,10,2014-10,100835,139654,7581,5962,5440,6586,624,2.2702113384770213,27.28717690500168
2014-10-16,2014-10-16,2014,10,2014-10,88409,122623,6999,6784,5953,7639,855,2.2855247641509435,31.944272445820435
2014-10-17,2014-10-17,2014,10,2014-10,77894,107968,6401,8906,6756,9871,965,2.177408488659331,33.31266846361186
2014-06-25,2014-06-25,2014,6,2014-06,85285,121975,6286,5373,5039,6016,643,2.3342639121533595,30.98436627582356
2014-06-26,2014-06-26,2014,6,2014-06,74375,106763,5660,5639,5376,6271,632,2.2991665188863273,33.28320624224153
2014-06-28,2014-06-28,2014,6,2014-06,57984,83980,4102,6350,5499,7029,679,2.24,36.220822176720745
2014-04-15,2014-04-15,2014,4,2014-04,68686,98082,5392,3629,3460,4125,496,2.4268393496831084,26.533480297602644
2014-04-22,2014-04-22,2014,4,2014-04,66368,94493,5545,3768,3478,4305,537,2.3996815286624202,26.77748274030802
2014-12-15,2014-12-15,2014,12,2014-12,102718,139898,7307,5577,5124,6225,648,2.453648915187377,24.693632286995516
2014-12-18,2014-12-18,2014,12,2014-12,95940,130367,6620,6039,5516,6793,754,2.4063586686537506,32.1636845593108
2013-02-10,2013-02-10,2013,2,2013-02,32548,59496,2416,1530,2251,1772,242,2.589542483660131,11.080444735120993
2013-02-11,2013-02-11,2013,2,2013-02,35823,62496,3170,1747,1425,1992,245,2.4413279908414425,10.630795649685174
2013-02-14,2013-02-14,2013,2,2013-02,28938,50554,2823,2051,1760,2400,349,2.217942467089225,13.130731707317073
2013-02-15,2013-02-15,2013,2,2013-02,28766,50275,2765,2639,2024,2995,356,2.1735505873436907,13.70746494884426
2013-02-17,2013-02-17,2013,2,2013-02,31766,58389,2361,1854,2739,2105,251,2.4250269687162893,12.052319309600863
2013-02-21,2013-02-21,2013,2,2013-02,31971,55712,2910,1989,1979,2314,325,2.206636500754148,13.440925087983912
2013-02-22,2013-02-22,2013,2,2013-02,28420,49108,2664,2458,2151,2848,390,2.23026851098454,14.574684574684575
2013-02-24,2013-02-24,2013,2,2013-02,33234,59500,2561,1646,2812,1902,256,2.5759416767922234,13.65370595382746
2013-02-25,2013-02-25,2013,2,2013-02,34439,59312,3125,1899,1606,2158,259,2.325434439178515,11.387045813586099
2014-08-26,2014-08-26,2014,8,2014-08,100792,145170,7122,5333,5109,5885,552,2.289893118319895,30.974108818011256
2014-08-27,2014-08-27,2014,8,2014-08,104515,148806,7218,5618,5491,6253,635,2.2956568173727305,32.258857041125154
2014-08-31,2014-08-31,2014,8,2014-08,71317,104316,4356,6061,9035,6653,592,2.238244514106583,30.96830113917781
2014-05-29,2014-05-29,2014,5,2014-05,67537,96840,5529,4598,4099,5349,751,2.373205741626794,35.98760330578512
2013-12-27,2013-12-27,2013,12,2013-12,29693,43389,2545,4540,3273,5347,807,2.8112334801762113,50.159726812073146
2013-12-29,2013-12-29,2013,12,2013-12,29602,44847,2172,3685,4333,4347,662,2.7617367706919946,54.31289009497965
2013-12-31,2013-12-31,2013,12,2013-12,23186,34147,2113,3139,3056,3543,404,2.192417967505575,46.02930869703727
2014-01-02,2014-01-02,2014,1,2014-01,35363,52502,3115,3261,3793,3807,546,2.578656853725851,43.366175567833025
2014-01-03,2014-01-03,2014,1,2014-01,34590,50650,3060,3086,3512,3512,426,2.32047958522359,42.23760129659644
2014-01-04,2014-01-04,2014,1,2014-01,30325,45067,2349,2445,3489,2742,297,2.2511247443762783,38.578732106339466
2014-01-06,2014-01-06,2014,1,2014-01,39871,58736,3631,2380,2346,2777,397,2.8369747899159665,31.680538041193778
2014-01-07,2014-01-07,2014,1,2014-01,42297,63798,3610,2205,2046,2544,339,2.5029478458049885,30.13922902494331
2014-01-08,2014-01-08,2014,1,2014-01,42348,62032,3772,2066,1976,2385,319,2.383833494675702,30.709583736689254
2014-11-19,2014-11-19,2014,11,2014-11,98147,135644,6924,5380,5187,6057,677,2.2048327137546466,24.6629485034393
2014-11-22,2014-11-22,2014,11,2014-11,72307,102180,5039,7180,5768,8026,846,2.224791086350975,36.24996516650411
2014-11-24,2014-11-24,2014,11,2014-11,101728,142628,7520,5478,5553,6102,624,2.3397225264695143,28.703906535231837
2013-05-02,2013-05-02,2013,5,2013-05,31040,52980,3046,2809,2358,3322,513,2.3972944108223566,27.292839330245815
2013-05-03,2013-05-03,2013,5,2013-05,21374,35635,2305,3496,2621,4078,582,2.2308352402745997,29.743347639484977
2013-05-04,2013-05-04,2013,5,2013-05,23901,42564,2150,2639,2540,3011,372,2.235316407730201,28.09931766489765
2013-05-08,2013-05-08,2013,5,2013-05,34075,57938,3379,2391,2120,2771,380,2.3450439146800504,23.164435146443516
2013-05-10,2013-05-10,2013,5,2013-05,28256,48289,2919,3106,2515,3570,464,2.24243399871217,27.783000643915003
2013-05-12,2013-05-12,2013,5,2013-05,30745,54020,2568,2180,3567,2524,344,2.727064220183486,25.735779816513762
2013-05-14,2013-05-14,2013,5,2013-05,34257,58560,3337,2362,1934,2688,326,2.233700254022015,21.27646062658764
2013-05-15,2013-05-15,2013,5,2013-05,34850,59688,3488,2592,2367,2962,370,2.244212962962963,23.955246913580247
2014-08-05,2014-08-05,2014,8,2014-08,107125,154244,7490,5920,5425,6538,618,2.435810810810811,32.46274708565636
2014-08-06,2014-08-06,2014,8,2014-08,104812,150394,7622,6082,5744,6709,627,2.4195988161788886,32.86794935043579
2014-08-07,2014-08-07,2014,8,2014-08,93823,134410,7085,6669,5982,7475,806,2.350277402908982,34.18491301739652
2014-08-08,2014-08-08,2014,8,2014-08,86588,123939,6635,8162,7015,8979,817,2.24234256309728,34.12631707914727
2014-12-23,2014-12-23,2014,12,2014-12,94748,130613,6333,6783,6639,7592,809,2.940872898849897,43.69439528023599
2014-12-24,2014-12-24,2014,12,2014-12,73646,101716,4867,7641,5598,8589,948,2.834314880251276,41.820979570455734
2014-12-25,2014-12-25,2014,12,2014-12,72308,100292,4346,8103,5025,9156,1053,2.7541651240281375,42.305925925925926
2014-12-26,2014-12-26,2014,12,2014-12,99163,137046,5833,11700,7730,12948,1248,2.6130769230769233,42.13373236425823
2014-12-27,2014-12-27,2014,12,2014-12,90857,126804,5237,10943,9262,12095,1152,2.5555149410582105,45.34061614407167
2013-03-01,2013-03-01,2013,3,2013-03,28807,50594,2771,2542,2099,2931,389,2.216365066876475,14.992525570416994
2013-03-02,2013-03-02,2013,3,2013-03,27443,48618,2381,2110,1804,2381,271,2.2118483412322276,15.72037914691943
2013-03-05,2013-03-05,2013,3,2013-03,36750,63471,3362,1778,1576,1987,209,2.1760404949381327,12.423423423423424
2013-03-06,2013-03-06,2013,3,2013-03,37814,66611,3491,2034,1856,2335,301,2.257620452310718,14.07726377952756
2013-03-07,2013-03-07,2013,3,2013-03,33877,59392,3038,2265,2020,2646,381,2.311699779249448,15.948344370860926
2013-03-11,2013-03-11,2013,3,2013-03,37246,65397,3261,2292,1864,2653,361,2.4637870855148343,15.671465968586388
2013-03-12,2013-03-12,2013,3,2013-03,35473,61911,3327,2049,1858,2317,268,2.2035139092240117,14.41015625
2014-06-04,2014-06-04,2014,6,2014-06,81940,115805,6216,4182,3953,4693,511,2.292443806791009,28.594064145524175
2014-06-06,2014-06-06,2014,6,2014-06,64328,91638,5255,5851,4869,6561,710,2.1958639548795076,32.1280779753762
2014-06-07,2014-06-07,2014,6,2014-06,55506,80241,3932,5155,4569,5720,565,2.2184287099903006,34.31839348079162
2014-06-09,2014-06-09,2014,6,2014-06,81506,116949,6394,4735,4402,5353,618,2.5292502639915524,29.143400211193242
2014-01-11,2014-01-11,2014,1,2014-01,34611,51902,2583,2350,2237,2782,432,2.500425531914894,30.356170212765957
2014-01-13,2014-01-13,2014,1,2014-01,44157,64866,3824,2370,2014,2775,405,2.6379746835443036,24.654852320675104
2014-01-14,2014-01-14,2014,1,2014-01,44189,65088,3977,2102,1811,2437,335,2.383920076117983,24.733587059942913
2014-01-16,2014-01-16,2014,1,2014-01,39962,58876,3647,2398,2245,2856,458,2.4320266889074227,29.63511259382819
2014-01-17,2014-01-17,2014,1,2014-01,35199,51809,3255,3097,2566,3709,612,2.3777849531804973,29.693897319987084
2014-01-19,2014-01-19,2014,1,2014-01,37119,55145,2742,2107,3297,2467,360,2.874703369719981,26.588989084005696
2014-01-21,2014-01-21,2014,1,2014-01,42656,63251,3724,2161,1850,2477,316,2.3780657103192966,22.550462962962964
2014-01-22,2014-01-22,2014,1,2014-01,41045,59556,3579,2153,2005,2544,391,2.3934045517882026,24.113330236878774
2014-01-23,2014-01-23,2014,1,2014-01,39390,57281,3463,2365,2239,2860,495,2.46892177589852,26.991966173361522
2014-11-28,2014-11-28,2014,11,2014-11,90134,125422,6303,7792,6725,8588,796,2.031570841889117,33.27746406570842
2014-11-29,2014-11-29,2014,11,2014-11,71941,101373,4788,6164,8373,6702,538,1.9831251014116502,31.276119402985074
2014-08-10,2014-08-10,2014,8,2014-08,82817,120197,5487,6657,9321,7405,748,2.618747183415953,34.645830202854995
2014-08-11,2014-08-11,2014,8,2014-08,96885,138644,7144,6554,6373,7389,835,2.5668294171498323,33.38125763125763
2014-08-12,2014-08-12,2014,8,2014-08,101434,146499,7088,6184,5708,6838,654,2.380659767141009,32.60601649684619
2014-08-14,2014-08-14,2014,8,2014-08,92759,133086,7017,7074,6428,7966,892,2.343370087644897,34.947130336443315
2014-10-03,2014-10-03,2014,10,2014-10,82884,115376,6610,8618,6265,9650,1032,2.2231376189371086,33.99767873723305
2014-10-04,2014-10-04,2014,10,2014-10,67487,95554,4650,7190,6030,7904,714,2.1,32.1134909596662
2014-10-05,2014-10-05,2014,10,2014-10,81745,115430,5415,5471,9708,6113,642,2.676293182233595,32.31291148500366
2014-10-06,2014-10-06,2014,10,2014-10,101156,140877,7515,5938,5931,6610,672,2.474570562478949,28.202661725067387
2014-10-07,2014-10-07,2014,10,2014-10,103225,143198,7607,5521,5162,6125,604,2.3106321318601704,28.621851784743612
2014-10-08,2014-10-08,2014,10,2014-10,113167,157387,7862,5877,5292,6495,618,2.2734388293346948,29.906893617021275
2013-05-16,2013-05-16,2013,5,2013-05,31835,54653,3138,2777,2537,3248,471,2.3694634497659344,28.46525027007562
2013-05-17,2013-05-17,2013,5,2013-05,27651,47015,2773,3625,2821,4191,566,2.2888275862068967,31.203366445916114
2013-05-20,2013-05-20,2013,5,2013-05,36131,62383,3333,2656,2957,3066,410,2.4939759036144578,24.3125
2013-05-25,2013-05-25,2013,5,2013-05,23163,40570,1997,3625,2643,4154,529,2.2515862068965515,30.7651766004415
2013-05-26,2013-05-26,2013,5,2013-05,26460,46270,2146,2510,3692,2895,385,2.4235059760956177,30.15219123505976
2013-05-29,2013-05-29,2013,5,2013-05,34165,58301,3302,2515,2324,2906,391,2.3157057654075546,27.440731901352425
2013-05-30,2013-05-30,2013,5,2013-05,31782,54776,3075,2690,2528,3193,503,2.4479553903345725,29.629230197099293
2013-06-01,2013-06-01,2013,6,2013-06,24461,43571,2154,2657,2564,2996,339,2.316146029356417,29.97026721866767
2014-01-24,2014-01-24,2014,1,2014-01,34962,50863,3280,2934,2478,3493,559,2.34560327198364,28.439331970006815
2014-01-25,2014-01-25,2014,1,2014-01,32930,48681,2456,2504,2258,2940,436,2.397364217252396,29.909345047923324
2014-01-26,2014-01-26,2014,1,2014-01,38301,57341,2811,2075,3365,2457,382,2.833734939759036,26.95759036144578
2014-01-29,2014-01-29,2014,1,2014-01,41299,60835,3624,2255,2101,2656,401,2.3711751662971174,25.15033259423503
2014-02-01,2014-02-01,2014,2,2014-02,31761,47201,2441,2454,2265,2861,407,2.430317848410758,30.275876120619397
2014-02-02,2014-02-02,2014,2,2014-02,35472,52908,2671,1904,3170,2275,371,2.8923319327731094,28.352941176470587
2014-06-11,2014-06-11,2014,6,2014-06,80302,115556,6211,4647,4293,5183,536,2.291155584247902,30.419806243272337
2014-06-12,2014-06-12,2014,6,2014-06,70506,100850,5743,5071,4605,5727,656,2.338000394399527,33.30222923653581
2014-06-14,2014-06-14,2014,6,2014-06,52825,76197,3738,5325,4937,5872,547,2.212769953051643,34.83734034560481
2014-06-15,2014-06-15,2014,6,2014-06,61690,88364,4367,4659,7147,5248,589,2.699935608499678,33.63747585318738
2014-09-05,2014-09-05,2014,9,2014-09,87227,124245,6823,7156,5750,7985,829,2.234907769703745,34.05366126327557
2014-09-06,2014-09-06,2014,9,2014-09,72174,103782,4807,6458,5442,7112,654,2.156395168782905,35.3244540808425
2014-09-07,2014-09-07,2014,9,2014-09,81912,118654,5370,5147,8377,5791,644,2.746259957256654,33.548581422464046
2014-09-08,2014-09-08,2014,9,2014-09,102551,145109,7723,5838,5291,6562,724,2.5602946214457005,29.728409869773817
2014-09-09,2014-09-09,2014,9,2014-09,103953,147898,7633,5398,4760,5991,593,2.3860689144127454,29.272508336420895
2014-09-10,2014-09-10,2014,9,2014-09,108265,153423,7834,5385,5203,6018,633,2.3357474466109562,31.084323922734026
2013-08-13,2013-08-13,2013,8,2013-08,36893,52853,3460,3130,2971,3590,460,2.5003194888178912,32.94755356571794
2013-08-17,2013-08-17,2013,8,2013-08,25555,36431,2083,3620,3626,4069,449,2.4091160220994476,35.551809892235426
2013-08-18,2013-08-18,2013,8,2013-08,30261,43416,2537,3190,4671,3658,468,2.724451410658307,35.50642834744434
2013-08-20,2013-08-20,2013,8,2013-08,37800,53306,3540,2924,2873,3333,409,2.3580711354309165,32.29250769757099
2013-08-22,2013-08-22,2013,8,2013-08,32713,46585,3152,3349,3292,3899,550,2.4228127799343087,35.836070468796656
2013-08-23,2013-08-23,2013,8,2013-08,30615,43887,3071,3897,3431,4459,562,2.286117526302284,34.9070841889117
2013-08-26,2013-08-26,2013,8,2013-08,36899,52405,3453,2845,3030,3270,425,2.5676625659050965,31.33848857644991
2013-08-27,2013-08-27,2013,8,2013-08,36810,53703,3532,2641,2568,2982,341,2.3112457402499054,31.078379401741763
2014-03-19,2014-03-19,2014,3,2014-03,63121,90562,5094,3378,3242,3878,500,2.314387211367673,24.449378330373
2014-03-21,2014-03-21,2014,3,2014-03,51457,74314,4411,4799,3892,5597,798,2.29860387580746,28.777245259429048
2014-03-22,2014-03-22,2014,3,2014-03,46523,67132,3356,4183,3693,4826,643,2.3798709060482905,29.813530958642122
2014-03-23,2014-03-23,2014,3,2014-03,54879,79711,3805,3526,5499,4141,615,2.8235961429381735,28.54764605785593
2014-05-09,2014-05-09,2014,5,2014-05,50482,71366,4743,5357,4411,6046,689,2.157550868023147,30.698338622363263
2014-12-31,2014-12-31,2014,12,2014-12,87998,121082,5766,10053,7957,10807,754,2.0178056301601512,38.711727842435096
2013-06-16,2013-06-16,2013,6,2013-06,31682,55757,2560,2622,3893,2995,373,2.7837528604118993,31.68649885583524
2014-08-16,2014-08-16,2014,8,2014-08,69725,100936,4739,7528,7168,8278,750,2.2195802337938364,34.33528239202658
2014-08-18,2014-08-18,2014,8,2014-08,101770,146257,7558,6641,6342,7456,815,2.589971389850926,32.666064166290106
2013-03-31,2013-03-31,2013,3,2013-03,27698,48764,2316,2035,3706,2395,360,2.6643734643734645,22.704668304668306
2013-04-03,2013-04-03,2013,4,2013-04,36565,64051,3377,2312,1988,2675,363,2.3127162629757785,19.56228373702422
2013-04-05,2013-04-05,2013,4,2013-04,28835,49936,2801,2906,2734,3351,445,2.2498279421885754,21.533907056798622
2013-04-08,2013-04-08,2013,4,2013-04,35476,61610,3372,2297,2006,2686,389,2.4862864606007835,19.13240418118467
2013-04-10,2013-04-10,2013,4,2013-04,34646,59545,3186,2289,2097,2677,388,2.341633901266929,19.809086937527304
2013-08-30,2013-08-30,2013,8,2013-08,28861,41341,2930,4445,3335,5157,712,2.3921259842519684,34.107986501687286
2013-09-05,2013-09-05,2013,9,2013-09,33221,47298,3314,2724,2532,3202,478,2.4430983847283407,34.70007342143906
2013-09-06,2013-09-06,2013,9,2013-09,30276,43294,3116,3311,2786,3753,442,2.3415886439142253,34.90999697976442
2013-09-07,2013-09-07,2013,9,2013-09,26104,38618,2182,3048,2657,3464,416,2.3989501312335957,37.10990813648294
2013-09-09,2013-09-09,2013,9,2013-09,35857,51355,3155,2819,2591,3236,417,2.58531394111387,31.013125221709828
2013-09-12,2013-09-12,2013,9,2013-09,32936,47232,3266,2972,2822,3444,472,2.4162180349932707,35.778600269179
2013-09-13,2013-09-13,2013,9,2013-09,30413,43252,3092,3788,2999,4336,548,2.2930306230200634,38.35225772379192
2014-02-07,2014-02-07,2014,2,2014-02,42050,60600,3657,3204,2621,3837,633,2.3039950062421974,29.098626716604244
2014-02-09,2014-02-09,2014,2,2014-02,40184,59789,3070,2246,3588,2717,471,2.929652715939448,27.29341050756901
2014-02-10,2014-02-10,2014,2,2014-02,44538,65557,3897,2427,2286,2845,418,2.600329625051504,24.173124484748556
2014-02-11,2014-02-11,2014,2,2014-02,44820,65632,3946,2246,2054,2633,387,2.373552983081033,22.87795100222717
2014-02-12,2014-02-12,2014,2,2014-02,43165,62893,3869,2514,2207,2961,447,2.4821002386634845,24.681655391961797
2014-02-17,2014-02-17,2014,2,2014-02,44319,64937,3786,2859,3572,3465,606,2.7247289261979715,28.462049667715984
2013-01-09,2013-01-09,2013,1,2013-01,34795,61049,3019,459,211,478,19,1.7080610021786493,1.0043572984749456
2013-01-12,2013-01-12,2013,1,2013-01,26938,48881,2020,668,483,711,43,1.561377245508982,2.1991017964071857
2013-01-16,2013-01-16,2013,1,2013-01,34454,60416,3147,968,837,1041,73,1.8636363636363635,3.589026915113872
2013-01-17,2013-01-17,2013,1,2013-01,30141,52743,2871,1011,943,1102,91,1.8813056379821957,3.8425742574257424
2013-01-18,2013-01-18,2013,1,2013-01,27189,47864,2700,1316,1135,1447,131,1.987841945288754,4.215969581749049
2013-01-21,2013-01-21,2013,1,2013-01,33156,57808,2992,1242,1141,1392,150,2.180354267310789,5.350806451612903
2013-01-22,2013-01-22,2013,1,2013-01,32837,58020,3016,1238,964,1358,120,1.9321486268174475,5.223120452708165
2014-09-13,2014-09-13,2014,9,2014-09,71506,102357,4620,7212,6032,7971,759,2.187603993344426,36.13992511440854
2014-09-15,2014-09-15,2014,9,2014-09,106448,150663,7586,6231,5930,6923,692,2.4334777724281818,30.703275529865124
2014-09-16,2014-09-16,2014,9,2014-09,104866,150640,7495,5643,5471,6200,557,2.309587099060783,30.822434875066453
2013-06-17,2013-06-17,2013,6,2013-06,39207,66791,3592,2960,2525,3424,464,2.468243243243243,25.9375
2013-06-19,2013-06-19,2013,6,2013-06,37712,63151,3296,2865,2700,3264,399,2.4,27.61893119105833
2013-06-20,2013-06-20,2013,6,2013-06,34807,59244,3152,3131,2839,3590,459,2.369849888214628,31.95143769968051
2013-06-21,2013-06-21,2013,6,2013-06,30468,51293,2807,3684,3266,4174,490,2.271444082519001,31.888949226174315
2013-06-22,2013-06-22,2013,6,2013-06,27766,49514,2312,3088,2854,3458,370,2.3086139896373057,33.20926465824425
2013-06-24,2013-06-24,2013,6,2013-06,37873,64513,3442,2908,2776,3311,403,2.5226960110041263,28.13003095975232
2013-06-25,2013-06-25,2013,6,2013-06,38186,65118,3561,2730,2523,3059,329,2.2798534798534797,27.212820512820514
2013-06-27,2013-06-27,2013,6,2013-06,34995,58763,2997,3166,2878,3639,473,2.3332280480101075,32.04832596336071
2013-06-28,2013-06-28,2013,6,2013-06,31470,53626,2999,3991,3285,4534,543,2.2876472062139817,32.902005012531326
2013-06-29,2013-06-29,2013,6,2013-06,27426,48419,2179,3589,3063,4012,423,2.3466146558930063,33.99080523822792
2013-11-19,2013-11-19,2013,11,2013-11,30455,43999,2971,2297,2168,2618,321,2.2990857640400524,26.63561166739225
2013-11-20,2013-11-20,2013,11,2013-11,29838,42844,2830,2493,2296,2901,408,2.357801845166466,28.168940609951846
2013-11-23,2013-11-23,2013,11,2013-11,22278,32053,1882,2899,2538,3415,516,2.5122456019317005,40.841959972394754
2013-11-24,2013-11-24,2013,11,2013-11,26810,39215,2231,2430,3737,2887,457,2.7897119341563785,36.02346644709757
2013-11-25,2013-11-25,2013,11,2013-11,30741,44035,2980,2275,2373,2675,400,2.5815384615384613,31.526593406593406
2013-11-26,2013-11-26,2013,11,2013-11,29312,42079,2867,2314,2082,2689,375,2.5440795159896283,34.97579948141746
2013-11-28,2013-11-28,2013,11,2013-11,21275,31088,1965,3315,2151,3997,682,2.46184012066365,37.979788838612365
2013-12-01,2013-12-01,2013,12,2013-12,27470,40414,2254,2030,4508,2352,322,2.829064039408867,33.75665024630542
2013-12-05,2013-12-05,2013,12,2013-12,27424,39555,2514,2508,2171,3051,543,2.4186602870813396,34.046251993620416
2013-09-15,2013-09-15,2013,9,2013-09,31301,45694,2604,2805,4135,3208,403,2.690909090909091,36.26310160427808
2013-09-18,2013-09-18,2013,9,2013-09,34601,50011,3334,2923,2661,3287,364,2.3318508381799523,33.60246322271639
2013-09-19,2013-09-19,2013,9,2013-09,32010,45651,3170,3144,2929,3633,489,2.411259541984733,36.014958625079565
2013-09-20,2013-09-20,2013,9,2013-09,28479,40536,2888,3932,3144,4452,520,2.2393184130213633,36.80106843042483
2013-09-23,2013-09-23,2013,9,2013-09,36460,52113,3473,2954,3012,3408,454,2.5172647257955316,31.497291807718348
2013-09-24,2013-09-24,2013,9,2013-09,35114,50163,3450,2755,2448,3088,333,2.283121597096189,30.60834845735027
2013-09-25,2013-09-25,2013,9,2013-09,34115,49183,3524,2852,2814,3204,352,2.2307152875175316,31.088421052631578
2013-09-29,2013-09-29,2013,9,2013-09,29572,43050,2455,2579,4591,2933,354,2.592477704536642,33.06718446601942
2014-04-07,2014-04-07,2014,4,2014-04,68301,97344,5470,3679,3135,4238,559,2.5656428377276432,24.042153929834104
2014-04-08,2014-04-08,2014,4,2014-04,68186,96997,5625,3303,3006,3687,384,2.2730850741749924,22.163790493490765
2014-04-09,2014-04-09,2014,4,2014-04,68789,97646,5560,3525,3365,4053,528,2.4278014184397163,26.275744680851062
2014-04-11,2014-04-11,2014,4,2014-04,53609,76493,4590,5330,4128,6050,720,2.317073170731707,30.607431037718147
2014-04-12,2014-04-12,2014,4,2014-04,43102,61917,3230,4752,4091,5470,718,2.404882154882155,34.48526936026936
2014-12-12,2014-12-12,2014,12,2014-12,83671,114077,6396,7585,6212,8469,884,2.1145682267633488,32.55665479488194
2014-09-18,2014-09-18,2014,9,2014-09,93988,134252,6919,6446,5914,7300,854,2.303754266211604,36.09279950341403
2014-09-21,2014-09-21,2014,9,2014-09,81451,118177,5212,5652,9913,6324,672,2.5822717622080678,34.35893805309735
2013-01-23,2013-01-23,2013,1,2013-01,30837,54167,2903,1247,1122,1380,133,1.884522854851644,5.6864474739374495
2013-01-24,2013-01-24,2013,1,2013-01,29825,52906,2745,1326,1255,1491,165,1.9675716440422322,5.993957703927492
2013-01-25,2013-01-25,2013,1,2013-01,26982,47293,2606,1508,1452,1672,164,2.0218832891246685,6.397214854111406
2013-01-29,2013-01-29,2013,1,2013-01,31409,55677,2950,1338,1085,1495,157,1.9798206278026906,6.912425149700598
2013-02-03,2013-02-03,2013,2,2013-02,21445,38090,2204,1144,1808,1315,171,2.5384615384615383,8.939579684763572
2013-02-04,2013-02-04,2013,2,2013-02,22914,38729,3016,1538,1154,1747,209,2.369960988296489,8.985026041666666
2013-02-08,2013-02-08,2013,2,2013-02,26845,47627,2549,2005,1815,2251,246,2.119700748129676,10.822177822177823
2014-05-21,2014-05-21,2014,5,2014-05,71539,102142,5626,4243,4103,4765,522,2.2731557860004714,29.92032060348892
2014-05-24,2014-05-24,2014,5,2014-05,46800,68044,3424,6339,4724,7181,842,2.1869380028395646,33.903297050007886
2014-02-19,2014-02-19,2014,2,2014-02,40616,59052,3693,2599,2484,3132,533,2.482878030011543,25.337182448036952
2014-02-20,2014-02-20,2014,2,2014-02,39344,57642,3636,2913,2799,3489,576,2.470648815653965,29.549107142857142
2014-02-23,2014-02-23,2014,2,2014-02,39216,59052,2852,2382,4073,2869,487,2.865659109991604,27.589420654911837
2014-02-25,2014-02-25,2014,2,2014-02,57303,83867,4520,2405,2102,2780,375,2.318087318087318,22.615800415800415
2014-02-26,2014-02-26,2014,2,2014-02,62727,91167,4952,2641,2454,3089,448,2.3532752745172285,24.677016281711474
2014-02-27,2014-02-27,2014,2,2014-02,48164,69884,3996,3024,2693,3655,631,2.4563492063492065,27.49702380952381
2014-02-28,2014-02-28,2014,2,2014-02,36195,53540,3374,3749,3092,4413,664,2.3603627634035744,28.7047212590024
2014-11-13,2014-11-13,2014,11,2014-11,91297,128739,6656,6032,5263,6888,856,2.2589522546419096,29.446949602122015
2014-11-15,2014-11-15,2014,11,2014-11,68105,96832,4642,6615,5780,7330,715,2.1699168556311412,31.96280616873299
2013-12-07,2013-12-07,2013,12,2013-12,22725,32780,1932,2623,2270,3122,499,2.3373999237514296,37.47159740754861
2013-12-09,2013-12-09,2013,12,2013-12,30127,42829,2806,2436,2171,2868,432,2.5201149425287355,24.35893223819302
2013-12-12,2013-12-12,2013,12,2013-12,25320,36544,2442,2383,2293,2895,512,2.443558539655896,32.5512174643157
2013-12-17,2013-12-17,2013,12,2013-12,28739,41242,2585,2123,1937,2470,347,2.282147903909562,28.596325953838907
2013-12-18,2013-12-18,2013,12,2013-12,28019,40772,2622,2189,2192,2541,352,2.4979442667884877,32.42896299680219
2013-12-21,2013-12-21,2013,12,2013-12,21346,31438,1821,3573,2626,4211,638,2.847187237615449,49.05317660229499
2014-09-24,2014-09-24,2014,9,2014-09,105669,150130,7513,5845,5563,6468,623,2.231479897348161,31.75273785078713
2014-09-27,2014-09-27,2014,9,2014-09,63718,92301,4338,7002,6506,7673,671,2.0798343330477005,34.57451064437777
2014-09-28,2014-09-28,2014,9,2014-09,79541,115400,5178,5400,9968,6034,634,2.549074074074074,32.974069272087426
2014-08-01,2014-08-01,2014,8,2014-08,84535,120897,6259,8279,6630,9152,873,2.3321657204976445,35.108238705001206
2014-08-02,2014-08-02,2014,8,2014-08,71573,103116,4733,7079,6314,7755,676,2.2359090266986863,34.859827610569454
2013-07-16,2013-07-16,2013,7,2013-07,38929,65856,3438,2716,2661,3047,331,2.361561119293078,31.460235640648012
2013-07-17,2013-07-17,2013,7,2013-07,37127,62883,3325,2901,2712,3316,415,2.4046880386073766,31.745260255084453
2013-07-19,2013-07-19,2013,7,2013-07,33108,56129,3160,3744,3138,4230,486,2.220619658119658,35.82153352925461
2013-07-20,2013-07-20,2013,7,2013-07,28003,48247,2298,3307,2996,3729,422,2.4194133655881465,36.23707287571818
2013-07-22,2013-07-22,2013,7,2013-07,41523,70719,3523,3054,2878,3484,430,2.5674525212835624,31.618205631958087
2013-07-24,2013-07-24,2013,7,2013-07,37256,63063,3481,2918,2761,3314,396,2.412268677176148,31.194720603359617
2013-07-26,2013-07-26,2013,7,2013-07,29757,50814,2731,3809,3231,4312,503,2.2672617484904176,35.805198214754526
2013-07-27,2013-07-27,2013,7,2013-07,28812,49877,2347,3305,3128,3723,418,2.3476550680786685,36.166111951588505
2013-09-30,2013-09-30,2013,9,2013-09,36541,52756,3706,2705,2802,3080,375,2.5290203327171903,28.70573012939002
2013-10-04,2013-10-04,2013,10,2013-10,30098,42927,3062,3946,2985,4517,571,2.232387227572225,35.9455144450076
2013-10-05,2013-10-05,2013,10,2013-10,26154,38087,2296,3257,2835,3683,426,2.2551427694197113,34.59170506912442
2013-10-10,2013-10-10,2013,10,2013-10,32093,45453,3010,3306,2722,3838,532,2.465819721718088,37.44750378214826
2013-10-12,2013-10-12,2013,10,2013-10,24188,34873,1981,3838,2955,4397,559,2.280354351224596,35.7892131318395
2013-10-14,2013-10-14,2013,10,2013-10,36230,51484,3443,2794,3887,3224,430,2.562634216177523,28.732999284180387
2014-10-23,2014-10-23,2014,10,2014-10,88524,123317,6770,6432,5882,7330,898,2.318407960199005,31.32078992380656
2014-10-25,2014-10-25,2014,10,2014-10,62541,88129,4208,7238,6175,8053,815,2.1300082895827575,33.52397402238497
2014-03-02,2014-03-02,2014,3,2014-03,40345,59219,3122,2510,4010,2997,487,2.9709163346613545,27.385013949780788
2014-03-03,2014-03-03,2014,3,2014-03,45171,66263,4108,2680,2518,3204,524,2.7227611940298506,25.758401792382376
2014-03-06,2014-03-06,2014,3,2014-03,65512,94320,4946,3069,2764,3614,545,2.4115347018572826,26.610622352557836
2014-03-10,2014-03-10,2014,3,2014-03,65998,95366,5218,3299,2989,3918,619,2.606547438617763,23.00090936647469
2014-07-02,2014-07-02,2014,7,2014-07,92158,131951,6746,5225,4939,5890,665,2.3933014354066984,34.21941412981045
2014-07-04,2014-07-04,2014,7,2014-07,68063,97062,4902,7423,5000,8215,792,2.1499393776101305,34.31402397952311
2014-07-05,2014-07-05,2014,7,2014-07,65521,94069,4210,5646,6366,6145,499,2.1602904711300037,36.180835990081476
2014-07-06,2014-07-06,2014,7,2014-07,79708,114611,5000,4948,9035,5471,523,2.6614793856103476,35.551243177683446
2014-09-29,2014-09-29,2014,9,2014-09,101897,145113,7671,5517,5683,6131,614,2.3639659235091535,28.116569978245106
2014-09-30,2014-09-30,2014,9,2014-09,103495,147759,7489,5314,5026,5861,547,2.2651486639066616,28.398756828027878
2014-10-01,2014-10-01,2014,10,2014-10,102068,146640,7433,5662,5294,6385,723,2.3610031790886614,32.11056163899682
2014-10-02,2014-10-02,2014,10,2014-10,90214,127752,7114,6354,5496,7267,913,2.352219074598678,34.35243192192665
2014-04-24,2014-04-24,2014,4,2014-04,58969,84602,5015,4359,3934,5090,731,2.3516861665519615,30.658407891718284
2013-10-21,2013-10-21,2013,10,2013-10,35578,50705,3388,2736,2653,3198,462,2.5862573099415203,26.86215722120658
2013-10-22,2013-10-22,2013,10,2013-10,34127,49153,3046,2526,2232,2911,385,2.3551068883610453,25.367524752475248
2013-10-23,2013-10-23,2013,10,2013-10,35003,50121,3182,2663,2584,3066,403,2.291400675929403,28.18632607062359
2013-10-25,2013-10-25,2013,10,2013-10,27731,39479,2714,3759,3038,4322,563,2.272412875764831,34.4926842245278
2014-09-03,2014-09-03,2014,9,2014-09,101363,145860,7310,5068,4524,5667,599,2.409431728492502,31.711523283346487
2014-10-27,2014-10-27,2014,10,2014-10,101261,140836,7696,5586,5804,6276,690,2.4321518080916578,25.647690655209452
2014-10-28,2014-10-28,2014,10,2014-10,100694,139601,7488,4934,4756,5484,550,2.2113903526550467,24.782238442822383
2014-10-30,2014-10-30,2014,10,2014-10,85487,120148,6630,5668,5691,6468,800,2.3510938602681724,32.816481383448036
2014-11-01,2014-11-01,2014,11,2014-11,67575,94898,4604,7074,5530,7794,720,2.07986994628216,31.78464366515837
2013-08-03,2013-08-03,2013,8,2013-08,28157,49226,2390,3649,3117,4127,478,2.352151274321732,36.327486982734996
2013-08-07,2013-08-07,2013,8,2013-08,38558,56731,3490,3249,2986,3715,466,2.4533702677747,32.39963054187192
2013-08-08,2013-08-08,2013,8,2013-08,35029,49107,3353,3630,3260,4199,569,2.47465564738292,33.901074676219345
2013-08-09,2013-08-09,2013,8,2013-08,32134,45527,3083,4056,3578,4597,541,2.30991124260355,35.2551775147929
2013-08-11,2013-08-11,2013,8,2013-08,30875,43491,2592,3429,4609,3901,472,2.678331875182269,34.41435658009921
2014-07-08,2014-07-08,2014,7,2014-07,100249,143483,7018,4962,4534,5500,538,2.383514711809754,31.300947389639184
2014-07-09,2014-07-09,2014,7,2014-07,99685,141381,6877,5176,4774,5716,540,2.250579598145286,31.60634184068059
2014-07-10,2014-07-10,2014,7,2014-07,94409,134844,6789,5525,5267,6155,630,2.318371040723982,34.69574660633484
2014-07-12,2014-07-12,2014,7,2014-07,67306,97161,4514,5952,5543,6546,594,2.2085013440860215,35.18417072760881
2014-03-11,2014-03-11,2014,3,2014-03,61110,88341,4703,3052,2642,3479,427,2.3512450851900395,21.295871559633028
2014-03-12,2014-03-12,2014,3,2014-03,66622,96378,5181,3139,2929,3641,502,2.3042370181586493,23.59158967824148
2014-03-13,2014-03-13,2014,3,2014-03,61760,88144,4914,3540,3304,4145,605,2.3915254237288135,24.553954802259888
2014-03-14,2014-03-14,2014,3,2014-03,52850,75594,4505,4657,3690,5400,743,2.3034142151599744,27.865363968219885
2014-03-15,2014-03-15,2014,3,2014-03,47957,70254,3426,3959,3639,4579,620,2.342005556958828,28.801162203132897
2014-03-16,2014-03-16,2014,3,2014-03,57607,83917,3971,3270,5170,3876,606,2.9134556574923547,26.609972468644845
2014-05-03,2014-05-03,2014,5,2014-05,45879,66946,3598,4719,4238,5412,693,2.2172070353888538,32.94213649851632
2014-05-04,2014-05-04,2014,5,2014-05,56306,81411,4201,3732,6465,4239,507,2.6262057877813505,30.89892761394102
2014-05-07,2014-05-07,2014,5,2014-05,64931,92663,5409,3886,3677,4388,502,2.2913021101389606,29.58389089037571
2014-12-30,2014-12-30,2014,12,2014-12,122809,167669,7273,9344,9788,10409,1065,2.572345890410959,46.450465888400984
2013-10-31,2013-10-31,2013,10,2013-10,25840,36814,2715,2576,2416,3071,495,2.452639751552795,35.04347826086956
2013-11-02,2013-11-02,2013,11,2013-11,21848,32029,1885,2854,2503,3265,411,2.3121934127540293,34.25937609533824
2013-11-03,2013-11-03,2013,11,2013-11,27195,39908,2137,2230,4047,2588,358,2.8914798206278025,33.17309417040359
2013-11-04,2013-11-04,2013,11,2013-11,32246,46456,3084,2584,2526,2984,400,2.621904024767802,26.718653250773993
2013-11-07,2013-11-07,2013,11,2013-11,28235,41598,2791,2805,2449,3331,526,2.4488413547237076,33.55579322638146
2013-11-08,2013-11-08,2013,11,2013-11,25745,37558,2703,3635,2844,4246,611,2.3075653370013756,33.471511147811725
2013-11-11,2013-11-11,2013,11,2013-11,31087,44715,3012,2484,2896,2888,404,2.5217391304347827,25.60064412238325
2013-11-14,2013-11-14,2013,11,2013-11,27896,40435,2806,2664,2445,3189,525,2.425675675675676,32.85097597597598
2013-11-16,2013-11-16,2013,11,2013-11,21972,31901,1899,2854,2513,3309,455,2.3896285914505957,37.314295725297825
2013-03-14,2013-03-14,2013,3,2013-03,33080,58233,3116,2430,2276,2837,407,2.297530864197531,18.19382716049383
2013-03-15,2013-03-15,2013,3,2013-03,29678,51303,2810,2987,2580,3450,463,2.292601272179444,18.2792099096083
2013-03-19,2013-03-19,2013,3,2013-03,35652,62701,3198,2145,1959,2455,310,2.2475524475524478,16.145920745920748
2013-03-20,2013-03-20,2013,3,2013-03,35898,62809,3292,2246,2214,2560,314,2.291184327693678,17.708110516934045
2013-03-24,2013-03-24,2013,3,2013-03,33757,59877,2643,2461,3313,2903,442,2.7464445347419746,20.605851279967492
2013-03-27,2013-03-27,2013,3,2013-03,33768,58560,3090,2480,2340,2842,362,2.3491935483870967,20.103670835014118
2014-12-02,2014-12-02,2014,12,2014-12,108676,152022,7737,5042,4324,5618,576,2.4006346687822293,24.852579365079364
2014-11-03,2014-11-03,2014,11,2014-11,103128,142885,7904,5591,5453,6332,741,2.5451618672867107,25.638103756708407
2014-11-04,2014-11-04,2014,11,2014-11,101331,140392,7630,5072,4442,5648,576,2.3186119873817033,24.389984227129336
2014-07-13,2014-07-13,2014,7,2014-07,81751,118619,5262,5249,7612,5844,595,2.657649076014479,34.30710611545056
2014-07-14,2014-07-14,2014,7,2014-07,101549,146334,7271,5474,5177,6142,668,2.540920716112532,30.00584688470674
2014-07-16,2014-07-16,2014,7,2014-07,110576,156243,7577,5266,5032,5833,567,2.3634637295860235,32.07293447293447
2013-06-03,2013-06-03,2013,6,2013-06,36216,62274,3527,2622,2400,3025,403,2.5659801678108316,26.06559877955759
2013-06-04,2013-06-04,2013,6,2013-06,37902,66254,3619,2418,2184,2736,318,2.3163771712158807,24.650806785270998
2013-06-05,2013-06-05,2013,6,2013-06,37536,64525,3650,2482,2314,2815,333,2.361402095084609,26.320032245062475
2013-06-07,2013-06-07,2013,6,2013-06,30809,53197,3047,3394,2861,3915,521,2.309664113140837,30.256923983500293
2013-06-11,2013-06-11,2013,6,2013-06,36625,63702,3391,2576,2337,2898,322,2.2472826086956523,25.285825242718445
2013-06-13,2013-06-13,2013,6,2013-06,34119,58464,3302,2874,2749,3335,461,2.360473208072373,30.5914315569488
2013-06-15,2013-06-15,2013,6,2013-06,26302,44867,2183,2975,2802,3367,392,2.3078991596638656,32.28009414929388
2013-01-07,2013-01-07,2013,1,2013-01,34353,60710,3002,141,0,143,2,1.6879432624113475,0.0
2016-03-14,2016-03-14,2016,3,2016-03,0,0,0,2,1,2,0,2.0,453.0
2016-02-18,2016-02-18,2016,2,2016-02,0,0,0,1,1,1,0,1.0,423.0
2015-12-29,2015-12-29,2015,12,2015-12,0,0,0,14,8,14,0,3.5,404.2857142857143
2015-12-26,2015-12-26,2015,12,2015-12,0,0,0,16,13,16,0,4.375,399.375
2015-11-21,2015-11-21,2015,11,2015-11,0,0,0,16,10,16,0,3.125,371.8125
2015-11-20,2015-11-20,2015,11,2015-11,0,0,0,26,19,26,0,2.8846153846153846,386.2307692307692
2015-11-07,2015-11-07,2015,11,2015-11,0,0,0,27,12,30,3,2.814814814814815,352.48148148148147
2015-11-03,2015-11-03,2015,11,2015-11,0,0,0,20,19,20,0,3.0,346.3
2015-10-21,2015-10-21,2015,10,2015-10,0,0,0,34,25,36,2,4.676470588235294,335.70588235294116
2015-09-25,2015-09-25,2015,9,2015-09,0,0,0,143,73,149,6,2.4615384615384617,315.56643356643355
2015-08-26,2015-08-26,2015,8,2015-08,0,0,0,102,85,112,10,3.088235294117647,294.69607843137254
2015-08-05,2015-08-05,2015,8,2015-08,0,0,0,170,153,178,8,3.4529411764705884,265.7470588235294
2015-07-22,2015-07-22,2015,7,2015-07,0,0,0,165,169,177,12,3.709090909090909,254.84242424242424
2015-07-05,2015-07-05,2015,7,2015-07,0,0,0,244,453,269,25,3.057377049180328,245.45081967213116
2015-06-28,2015-06-28,2015,6,2015-06,0,0,0,256,327,276,20,3.484375,234.9453125
2015-06-09,2015-06-09,2015,6,2015-06,0,0,0,243,269,269,26,3.5637860082304527,223.03292181069958
2015-05-23,2015-05-23,2015,5,2015-05,0,0,0,527,417,614,87,3.0284629981024667,208.98861480075902
2015-05-21,2015-05-21,2015,5,2015-05,0,0,0,448,302,507,59,3.0379464285714284,205.15401785714286
2015-05-16,2015-05-16,2015,5,2015-05,0,0,0,534,492,590,56,2.752808988764045,203.31647940074907
2015-05-10,2015-05-10,2015,5,2015-05,0,0,0,262,670,291,29,3.0267175572519083,190.5267175572519
2015-05-08,2015-05-08,2015,5,2015-05,0,0,0,617,389,691,74,2.591572123176661,200.19286871961103
2015-05-04,2015-05-04,2015,5,2015-05,0,0,0,375,625,418,43,3.1226666666666665,189.304
2015-05-01,2015-05-01,2015,5,2015-05,0,0,0,793,383,921,128,2.9255989911727616,186.40605296343
2015-04-13,2015-04-13,2015,4,2015-04,0,0,0,361,560,425,64,3.778393351800554,164.45983379501385
2015-03-17,2015-03-17,2015,3,2015-03,0,0,0,486,570,577,91,3.246913580246914,133.56378600823047
2015-03-09,2015-03-09,2015,3,2015-03,0,0,0,524,737,630,106,3.5706106870229006,127.59541984732824
2015-01-26,2015-01-26,2015,1,2015-01,0,0,0,1219,1747,1453,234,3.1525840853158327,66.84495488105004
2015-01-09,2015-01-09,2015,1,2015-01,0,0,0,3834,3751,4442,608,2.5761606677099635,49.18518518518518
2015-11-30,2015-11-30,2015,11,2015-11,0,0,0,1,17,1,0,1.0,403.0
2015-11-28,2015-11-28,2015,11,2015-11,0,0,0,16,34,16,0,3.0625,388.0
2015-11-15,2015-11-15,2015,11,2015-11,0,0,0,5,43,6,1,5.0,337.8
2015-09-16,2015-09-16,2015,9,2015-09,0,0,0,106,82,121,15,3.481132075471698,300.00943396226415
2015-09-10,2015-09-10,2015,9,2015-09,0,0,0,119,115,129,10,3.5294117647058822,296.3697478991597
2015-08-27,2015-08-27,2015,8,2015-08,0,0,0,85,104,90,5,2.776470588235294,290.0470588235294
2015-08-12,2015-08-12,2015,8,2015-08,0,0,0,168,187,179,11,3.0238095238095237,280.5952380952381
2015-08-07,2015-08-07,2015,8,2015-08,0,0,0,179,164,189,10,2.7597765363128492,268.8212290502793
2015-06-06,2015-06-06,2015,6,2015-06,0,0,0,312,347,356,44,2.923076923076923,215.67948717948718
2015-05-18,2015-05-18,2015,5,2015-05,0,0,0,319,593,368,49,3.4858934169278997,206.48902821316614
2015-03-30,2015-03-30,2015,3,2015-03,0,0,0,538,703,685,147,3.566914498141264,151.76394052044608
2015-03-26,2015-03-26,2015,3,2015-03,0,0,0,691,517,843,152,3.272069464544139,144.63386396526772
2015-03-24,2015-03-24,2015,3,2015-03,0,0,0,434,468,504,70,3.4400921658986174,142.00230414746545
2015-03-23,2015-03-23,2015,3,2015-03,0,0,0,485,741,579,94,3.575257731958763,139.58350515463917
2015-03-21,2015-03-21,2015,3,2015-03,0,0,0,772,801,946,174,3.400259067357513,139.60880829015545
2015-02-13,2015-02-13,2015,2,2015-02,0,0,0,2209,1043,2634,425,2.9732789855072466,97.67406066093255
2015-02-11,2015-02-11,2015,2,2015-02,0,0,0,1057,900,1268,211,3.4777672658467362,96.32923368022706
2015-02-04,2015-02-04,2015,2,2015-02,0,0,0,1019,931,1223,204,3.4072620215897937,85.6692836113837
2015-01-17,2015-01-17,2015,1,2015-01,0,0,0,2801,2410,3244,443,2.6890396287040343,59.27275972866833
2016-02-03,2016-02-03,2016,2,2016-02,0,0,0,3,4,3,0,2.0,455.0
2016-01-20,2016-01-20,2016,1,2016-01,0,0,0,3,4,3,0,2.3333333333333335,454.0
2016-01-05,2016-01-05,2016,1,2016-01,0,0,0,2,4,2,0,1.0,394.0
2015-12-24,2015-12-24,2015,12,2015-12,0,0,0,12,11,12,0,3.3333333333333335,412.25
2015-12-12,2015-12-12,2015,12,2015-12,0,0,0,5,8,5,0,3.6,371.6
2015-12-11,2015-12-11,2015,12,2015-12,0,0,0,10,6,10,0,2.2,373.2
2015-10-25,2015-10-25,2015,10,2015-10,0,0,0,31,86,34,3,2.774193548387097,334.83870967741933
2015-10-11,2015-10-11,2015,10,2015-10,0,0,0,44,118,47,3,2.3863636363636362,329.79545454545456
2015-10-02,2015-10-02,2015,10,2015-10,0,0,0,126,46,132,6,2.626984126984127,323.6984126984127
2015-09-05,2015-09-05,2015,9,2015-09,0,0,0,149,108,163,14,3.1879194630872485,294.6442953020134
2015-07-31,2015-07-31,2015,7,2015-07,0,0,0,159,149,171,12,2.452830188679245,263.41509433962267
2015-07-26,2015-07-26,2015,7,2015-07,0,0,0,173,269,184,11,3.0751445086705202,255.7514450867052
2015-07-23,2015-07-23,2015,7,2015-07,0,0,0,227,176,256,29,3.118942731277533,262.7885462555066
2015-06-01,2015-06-01,2015,6,2015-06,0,0,0,277,303,311,34,3.5018050541516246,205.53429602888087
2015-05-17,2015-05-17,2015,5,2015-05,0,0,0,376,808,414,38,2.9175531914893615,197.46808510638297
2015-04-14,2015-04-14,2015,4,2015-04,0,0,0,321,367,382,61,3.485981308411215,169.78193146417445
2015-04-08,2015-04-08,2015,4,2015-04,0,0,0,491,524,562,71,3.478615071283096,160.47657841140528
2015-04-03,2015-04-03,2015,4,2015-04,0,0,0,1058,614,1343,285,3.4697542533081287,156.47069943289225
2015-03-13,2015-03-13,2015,3,2015-03,0,0,0,1007,546,1200,193,2.7586891757696126,131.85998013902682
2015-02-16,2015-02-16,2015,2,2015-02,0,0,0,1159,1816,1416,257,3.4357204486626403,99.01898188093183
2015-02-02,2015-02-02,2015,2,2015-02,0,0,0,969,1506,1150,181,3.693498452012384,80.3157894736842
2016-01-04,2016-01-04,2016,1,2016-01,0,0,0,3,4,3,0,2.6666666666666665,416.0
2015-11-17,2015-11-17,2015,11,2015-11,0,0,0,11,7,11,0,7.181818181818182,336.1818181818182
2015-11-09,2015-11-09,2015,11,2015-11,0,0,0,21,12,22,1,3.4285714285714284,385.8095238095238
2015-11-04,2015-11-04,2015,11,2015-11,0,0,0,23,17,23,0,3.1739130434782608,354.9130434782609
2015-10-31,2015-10-31,2015,10,2015-10,0,0,0,39,36,39,0,2.3846153846153846,340.02564102564105
2015-10-24,2015-10-24,2015,10,2015-10,0,0,0,49,54,54,5,2.5918367346938775,350.2857142857143
2015-10-13,2015-10-13,2015,10,2015-10,0,0,0,24,34,24,0,3.25,331.7916666666667
2015-10-12,2015-10-12,2015,10,2015-10,0,0,0,36,91,40,4,3.4166666666666665,326.6666666666667
2015-08-16,2015-08-16,2015,8,2015-08,0,0,0,115,213,126,11,3.347826086956522,279.495652173913
2015-07-25,2015-07-25,2015,7,2015-07,0,0,0,226,222,248,22,3.1238938053097347,260.26106194690266
2015-07-24,2015-07-24,2015,7,2015-07,0,0,0,237,181,246,9,2.5991561181434597,262.32911392405066
2015-07-17,2015-07-17,2015,7,2015-07,0,0,0,244,207,267,23,3.1475409836065573,247.23360655737704
2015-07-03,2015-07-03,2015,7,2015-07,0,0,0,317,230,344,27,2.7476340694006307,238.391167192429
2015-06-16,2015-06-16,2015,6,2015-06,0,0,0,222,255,240,18,3.1036036036036037,222.95495495495496
2015-05-27,2015-05-27,2015,5,2015-05,0,0,0,280,264,309,29,2.8392857142857144,209.5392857142857
2015-05-22,2015-05-22,2015,5,2015-05,0,0,0,619,330,699,80,2.841680129240711,203.95153473344104
2015-04-15,2015-04-15,2015,4,2015-04,0,0,0,425,328,502,77,3.447058823529412,164.33882352941177
2015-04-04,2015-04-04,2015,4,2015-04,0,0,0,784,786,984,200,3.7831632653061225,158.0140306122449
2015-03-27,2015-03-27,2015,3,2015-03,0,0,0,909,553,1073,164,3.08030803080308,146.77117711771177
2015-03-07,2015-03-07,2015,3,2015-03,0,0,0,874,841,1056,182,3.374141876430206,119.63729977116705
2015-03-06,2015-03-06,2015,3,2015-03,0,0,0,905,659,1088,183,2.735911602209945,117.95248618784531
2015-02-20,2015-02-20,2015,2,2015-02,0,0,0,1462,1178,1740,278,2.7818057455540357,105.0485636114911
2015-01-28,2015-01-28,2015,1,2015-01,0,0,0,1224,1212,1430,206,3.0661764705882355,70.83333333333333
2015-01-11,2015-01-11,2015,1,2015-01,0,0,0,2600,4429,3000,400,3.166153846153846,51.176923076923075
2015-01-06,2015-01-06,2015,1,2015-01,0,0,0,3130,3744,3555,425,2.885623003194888,45.4667731629393
2016-02-06,2016-02-06,2016,2,2016-02,0,0,0,1,2,1,0,3.0,402.0
2016-01-24,2016-01-24,2016,1,2016-01,0,0,0,1,1,1,0,4.0,434.0
2015-12-15,2015-12-15,2015,12,2015-12,0,0,0,4,4,4,0,5.75,406.5
2015-12-10,2015-12-10,2015,12,2015-12,0,0,0,6,6,6,0,2.5,386.0
2015-11-18,2015-11-18,2015,11,2015-11,0,0,0,11,7,11,0,3.1818181818181817,377.6363636363636
2015-10-15,2015-10-15,2015,10,2015-10,0,0,0,38,22,40,2,2.763157894736842,332.0263157894737
2015-10-10,2015-10-10,2015,10,2015-10,0,0,0,85,70,90,5,2.6588235294117646,327.0470588235294
2015-09-09,2015-09-09,2015,9,2015-09,0,0,0,105,91,113,8,3.2476190476190476,298.8666666666667
2015-08-29,2015-08-29,2015,8,2015-08,0,0,0,128,108,143,15,3.1953125,286.1796875
2015-08-14,2015-08-14,2015,8,2015-08,0,0,0,191,157,208,17,2.701570680628272,279.0994764397906
2015-08-10,2015-08-10,2015,8,2015-08,0,0,0,192,188,203,11,2.8333333333333335,275.9427083333333
2015-08-04,2015-08-04,2015,8,2015-08,0,0,0,166,162,178,12,3.1325301204819276,271.0240963855422
2015-07-19,2015-07-19,2015,7,2015-07,0,0,0,185,313,194,9,3.2378378378378376,250.32972972972973
2015-07-04,2015-07-04,2015,7,2015-07,0,0,0,316,243,345,29,3.1202531645569622,242.87025316455697
2015-06-27,2015-06-27,2015,6,2015-06,0,0,0,298,290,323,25,3.0067114093959733,236.00335570469798
2015-06-19,2015-06-19,2015,6,2015-06,0,0,0,365,264,396,31,2.580821917808219,230.2
2015-06-17,2015-06-17,2015,6,2015-06,0,0,0,240,235,274,34,3.220833333333333,224.0625
2015-06-14,2015-06-14,2015,6,2015-06,0,0,0,263,396,286,23,3.3954372623574143,224.6958174904943
2015-05-30,2015-05-30,2015,5,2015-05,0,0,0,369,437,426,57,3.046070460704607,212.4308943089431
2015-04-30,2015-04-30,2015,4,2015-04,0,0,0,593,313,725,132,3.0016863406408096,185.78920741989882
2015-04-19,2015-04-19,2015,4,2015-04,0,0,0,362,689,425,63,3.408839779005525,173.67403314917127
2015-04-12,2015-04-12,2015,4,2015-04,0,0,0,421,834,503,82,3.508313539192399,159.00712589073635
2015-03-11,2015-03-11,2015,3,2015-03,0,0,0,563,483,673,110,3.438721136767318,130.52397868561278
2015-02-12,2015-02-12,2015,2,2015-02,0,0,0,1509,919,1865,356,3.4254473161033796,100.60437375745526
2015-02-09,2015-02-09,2015,2,2015-02,0,0,0,850,1208,1008,158,3.348235294117647,88.31882352941176
2015-01-21,2015-01-21,2015,1,2015-01,0,0,0,1650,1680,1916,266,3.1836363636363636,63.236969696969695
2015-01-05,2015-01-05,2015,1,2015-01,0,0,0,3940,4918,4459,519,2.95,43.52994923857868
2030-11-29,2030-11-29,2030,11,2030-11,0,0,0,0,0,0,0,,
2030-11-28,2030-11-28,2030,11,2030-11,0,0,0,0,0,0,0,,
2030-11-11,2030-11-11,2030,11,2030-11,0,0,0,0,0,0,0,,
2030-11-07,2030-11-07,2030,11,2030-11,0,0,0,0,0,0,0,,
2030-10-13,2030-10-13,2030,10,2030-10,0,0,0,0,0,0,0,,
2030-10-11,2030-10-11,2030,10,2030-10,0,0,0,0,0,0,0,,
2030-10-03,2030-10-03,2030,10,2030-10,0,0,0,0,0,0,0,,
2030-08-31,2030-08-31,2030,8,2030-08,0,0,0,0,0,0,0,,
2030-08-06,2030-08-06,2030,8,2030-08,0,0,0,0,0,0,0,,
2030-07-29,2030-07-29,2030,7,2030-07,0,0,0,0,0,0,0,,
2030-07-25,2030-07-25,2030,7,2030-07,0,0,0,0,0,0,0,,
2030-06-28,2030-06-28,2030,6,2030-06,0,0,0,0,0,0,0,,
2030-06-07,2030-06-07,2030,6,2030-06,0,0,0,0,0,0,0,,
2030-05-22,2030-05-22,2030,5,2030-05,0,0,0,0,0,0,0,,
2030-05-02,2030-05-02,2030,5,2030-05,0,0,0,0,0,0,0,,
2030-04-21,2030-04-21,2030,4,2030-04,0,0,0,0,0,0,0,,
2030-04-19,2030-04-19,2030,4,2030-04,0,0,0,0,0,0,0,,
2030-04-10,2030-04-10,2030,4,2030-04,0,0,0,0,0,0,0,,
2030-04-06,2030-04-06,2030,4,2030-04,0,0,0,0,0,0,0,,
2030-04-03,2030-04-03,2030,4,2030-04,0,0,0,0,0,0,0,,
2030-03-09,2030-03-09,2030,3,2030-03,0,0,0,0,0,0,0,,
2030-02-04,2030-02-04,2030,2,2030-02,0,0,0,0,0,0,0,,
2030-01-29,2030-01-29,2030,1,2030-01,0,0,0,0,0,0,0,,
2030-01-22,2030-01-22,2030,1,2030-01,0,0,0,0,0,0,0,,
2029-12-30,2029-12-30,2029,12,2029-12,0,0,0,0,0,0,0,,
2029-12-24,2029-12-24,2029,12,2029-12,0,0,0,0,0,0,0,,
2029-12-02,2029-12-02,2029,12,2029-12,0,0,0,0,0,0,0,,
2029-11-18,2029-11-18,2029,11,2029-11,0,0,0,0,0,0,0,,
2029-11-11,2029-11-11,2029,11,2029-11,0,0,0,0,0,0,0,,
2029-11-08,2029-11-08,2029,11,2029-11,0,0,0,0,0,0,0,,
2029-10-27,2029-10-27,2029,10,2029-10,0,0,0,0,0,0,0,,
2029-10-20,2029-10-20,2029,10,2029-10,0,0,0,0,0,0,0,,
2029-10-12,2029-10-12,2029,10,2029-10,0,0,0,0,0,0,0,,
2029-10-11,2029-10-11,2029,10,2029-10,0,0,0,0,0,0,0,,
2029-09-18,2029-09-18,2029,9,2029-09,0,0,0,0,0,0,0,,
2029-09-04,2029-09-04,2029,9,2029-09,0,0,0,0,0,0,0,,
2029-08-25,2029-08-25,2029,8,2029-08,0,0,0,0,0,0,0,,
2029-08-17,2029-08-17,2029,8,2029-08,0,0,0,0,0,0,0,,
2029-08-16,2029-08-16,2029,8,2029-08,0,0,0,0,0,0,0,,
2029-08-03,2029-08-03,2029,8,2029-08,0,0,0,0,0,0,0,,
2029-07-11,2029-07-11,2029,7,2029-07,0,0,0,0,0,0,0,,
2029-06-28,2029-06-28,2029,6,2029-06,0,0,0,0,0,0,0,,
2029-06-22,2029-06-22,2029,6,2029-06,0,0,0,0,0,0,0,,
2029-06-02,2029-06-02,2029,6,2029-06,0,0,0,0,0,0,0,,
2029-05-21,2029-05-21,2029,5,2029-05,0,0,0,0,0,0,0,,
2029-05-18,2029-05-18,2029,5,2029-05,0,0,0,0,0,0,0,,
2029-05-02,2029-05-02,2029,5,2029-05,0,0,0,0,0,0,0,,
2029-04-24,2029-04-24,2029,4,2029-04,0,0,0,0,0,0,0,,
2029-03-30,2029-03-30,2029,3,2029-03,0,0,0,0,0,0,0,,
2029-03-13,2029-03-13,2029,3,2029-03,0,0,0,0,0,0,0,,
2029-02-21,2029-02-21,2029,2,2029-02,0,0,0,0,0,0,0,,
2029-02-16,2029-02-16,2029,2,2029-02,0,0,0,0,0,0,0,,
2029-01-14,2029-01-14,2029,1,2029-01,0,0,0,0,0,0,0,,
2029-01-12,2029-01-12,2029,1,2029-01,0,0,0,0,0,0,0,,
2029-01-06,2029-01-06,2029,1,2029-01,0,0,0,0,0,0,0,,
2029-01-03,2029-01-03,2029,1,2029-01,0,0,0,0,0,0,0,,
2028-12-14,2028-12-14,2028,12,2028-12,0,0,0,0,0,0,0,,
2028-12-09,2028-12-09,2028,12,2028-12,0,0,0,0,0,0,0,,
2028-12-04,2028-12-04,2028,12,2028-12,0,0,0,0,0,0,0,,
2028-10-30,2028-10-30,2028,10,2028-10,0,0,0,0,0,0,0,,
2028-10-29,2028-10-29,2028,10,2028-10,0,0,0,0,0,0,0,,
2028-10-24,2028-10-24,2028,10,2028-10,0,0,0,0,0,0,0,,
2028-10-10,2028-10-10,2028,10,2028-10,0,0,0,0,0,0,0,,
2028-09-22,2028-09-22,2028,9,2028-09,0,0,0,0,0,0,0,,
2028-09-06,2028-09-06,2028,9,2028-09,0,0,0,0,0,0,0,,
2028-08-04,2028-08-04,2028,8,2028-08,0,0,0,0,0,0,0,,
2028-07-29,2028-07-29,2028,7,2028-07,0,0,0,0,0,0,0,,
2028-07-26,2028-07-26,2028,7,2028-07,0,0,0,0,0,0,0,,
2028-07-15,2028-07-15,2028,7,2028-07,0,0,0,0,0,0,0,,
2028-07-05,2028-07-05,2028,7,2028-07,0,0,0,0,0,0,0,,
2028-07-04,2028-07-04,2028,7,2028-07,0,0,0,0,0,0,0,,
2028-06-22,2028-06-22,2028,6,2028-06,0,0,0,0,0,0,0,,
2028-06-16,2028-06-16,2028,6,2028-06,0,0,0,0,0,0,0,,
2028-06-02,2028-06-02,2028,6,2028-06,0,0,0,0,0,0,0,,
2028-05-26,2028-05-26,2028,5,2028-05,0,0,0,0,0,0,0,,
2028-05-24,2028-05-24,2028,5,2028-05,0,0,0,0,0,0,0,,
2028-05-07,2028-05-07,2028,5,2028-05,0,0,0,0,0,0,0,,
2028-04-26,2028-04-26,2028,4,2028-04,0,0,0,0,0,0,0,,
2028-04-15,2028-04-15,2028,4,2028-04,0,0,0,0,0,0,0,,
2028-04-13,2028-04-13,2028,4,2028-04,0,0,0,0,0,0,0,,
2028-03-21,2028-03-21,2028,3,2028-03,0,0,0,0,0,0,0,,
2028-03-13,2028-03-13,2028,3,2028-03,0,0,0,0,0,0,0,,
2028-02-04,2028-02-04,2028,2,2028-02,0,0,0,0,0,0,0,,
2028-01-31,2028-01-31,2028,1,2028-01,0,0,0,0,0,0,0,,
2028-01-08,2028-01-08,2028,1,2028-01,0,0,0,0,0,0,0,,
2027-12-25,2027-12-25,2027,12,2027-12,0,0,0,0,0,0,0,,
2027-12-19,2027-12-19,2027,12,2027-12,0,0,0,0,0,0,0,,
2027-11-28,2027-11-28,2027,11,2027-11,0,0,0,0,0,0,0,,
2027-11-09,2027-11-09,2027,11,2027-11,0,0,0,0,0,0,0,,
2027-10-07,2027-10-07,2027,10,2027-10,0,0,0,0,0,0,0,,
2027-10-04,2027-10-04,2027,10,2027-10,0,0,0,0,0,0,0,,
2027-09-29,2027-09-29,2027,9,2027-09,0,0,0,0,0,0,0,,
2027-08-23,2027-08-23,2027,8,2027-08,0,0,0,0,0,0,0,,
2027-07-06,2027-07-06,2027,7,2027-07,0,0,0,0,0,0,0,,
2027-05-10,2027-05-10,2027,5,2027-05,0,0,0,0,0,0,0,,
2027-04-16,2027-04-16,2027,4,2027-04,0,0,0,0,0,0,0,,
2027-03-13,2027-03-13,2027,3,2027-03,0,0,0,0,0,0,0,,
2027-02-01,2027-02-01,2027,2,2027-02,0,0,0,0,0,0,0,,
2027-01-30,2027-01-30,2027,1,2027-01,0,0,0,0,0,0,0,,
2026-12-01,2026-12-01,2026,12,2026-12,0,0,0,0,0,0,0,,
2026-11-16,2026-11-16,2026,11,2026-11,0,0,0,0,0,0,0,,
2026-11-11,2026-11-11,2026,11,2026-11,0,0,0,0,0,0,0,,
2026-11-05,2026-11-05,2026,11,2026-11,0,0,0,0,0,0,0,,
2026-09-29,2026-09-29,2026,9,2026-09,0,0,0,0,0,0,0,,
2026-08-28,2026-08-28,2026,8,2026-08,0,0,0,0,0,0,0,,
2026-08-21,2026-08-21,2026,8,2026-08,0,0,0,0,0,0,0,,
2026-05-19,2026-05-19,2026,5,2026-05,0,0,0,0,0,0,0,,
2026-05-06,2026-05-06,2026,5,2026-05,0,0,0,0,0,0,0,,
2026-04-22,2026-04-22,2026,4,2026-04,0,0,0,0,0,0,0,,
2026-04-11,2026-04-11,2026,4,2026-04,0,0,0,0,0,0,0,,
2026-04-06,2026-04-06,2026,4,2026-04,0,0,0,0,0,0,0,,
2026-03-29,2026-03-29,2026,3,2026-03,0,0,0,0,0,0,0,,
2026-03-24,2026-03-24,2026,3,2026-03,0,0,0,0,0,0,0,,
2026-02-03,2026-02-03,2026,2,2026-02,0,0,0,0,0,0,0,,
2026-01-27,2026-01-27,2026,1,2026-01,0,0,0,0,0,0,0,,
2025-12-31,2025-12-31,2025,12,2025-12,0,0,0,0,0,0,0,,
2025-12-11,2025-12-11,2025,12,2025-12,0,0,0,0,0,0,0,,
2025-11-30,2025-11-30,2025,11,2025-11,0,0,0,0,0,0,0,,
2025-10-24,2025-10-24,2025,10,2025-10,0,0,0,0,0,0,0,,
2025-10-21,2025-10-21,2025,10,2025-10,0,0,0,0,0,0,0,,
2025-10-06,2025-10-06,2025,10,2025-10,0,0,0,0,0,0,0,,
2025-10-04,2025-10-04,2025,10,2025-10,0,0,0,0,0,0,0,,
2025-08-26,2025-08-26,2025,8,2025-08,0,0,0,0,0,0,0,,
2025-07-11,2025-07-11,2025,7,2025-07,0,0,0,0,0,0,0,,
2025-07-10,2025-07-10,2025,7,2025-07,0,0,0,0,0,0,0,,
2025-07-07,2025-07-07,2025,7,2025-07,0,0,0,0,0,0,0,,
2025-07-02,2025-07-02,2025,7,2025-07,0,0,0,0,0,0,0,,
2025-06-30,2025-06-30,2025,6,2025-06,0,0,0,0,0,0,0,,
2025-06-14,2025-06-14,2025,6,2025-06,0,0,0,0,0,0,0,,
2025-05-09,2025-05-09,2025,5,2025-05,0,0,0,0,0,0,0,,
2025-04-25,2025-04-25,2025,4,2025-04,0,0,0,0,0,0,0,,
2025-04-08,2025-04-08,2025,4,2025-04,0,0,0,0,0,0,0,,
2025-04-06,2025-04-06,2025,4,2025-04,0,0,0,0,0,0,0,,
2025-03-26,2025-03-26,2025,3,2025-03,0,0,0,0,0,0,0,,
2025-02-13,2025-02-13,2025,2,2025-02,0,0,0,0,0,0,0,,
2025-02-02,2025-02-02,2025,2,2025-02,0,0,0,0,0,0,0,,
2025-01-13,2025-01-13,2025,1,2025-01,0,0,0,0,0,0,0,,
2025-01-04,2025-01-04,2025,1,2025-01,0,0,0,0,0,0,0,,
2024-12-27,2024-12-27,2024,12,2024-12,0,0,0,0,0,0,0,,
2024-12-16,2024-12-16,2024,12,2024-12,0,0,0,0,0,0,0,,
2024-12-14,2024-12-14,2024,12,2024-12,0,0,0,0,0,0,0,,
2024-12-11,2024-12-11,2024,12,2024-12,0,0,0,0,0,0,0,,
2024-10-20,2024-10-20,2024,10,2024-10,0,0,0,0,0,0,0,,
2024-09-29,2024-09-29,2024,9,2024-09,0,0,0,0,0,0,0,,
2024-08-14,2024-08-14,2024,8,2024-08,0,0,0,0,0,0,0,,
2024-08-07,2024-08-07,2024,8,2024-08,0,0,0,0,0,0,0,,
2024-08-05,2024-08-05,2024,8,2024-08,0,0,0,0,0,0,0,,
2024-08-01,2024-08-01,2024,8,2024-08,0,0,0,0,0,0,0,,
2024-07-18,2024-07-18,2024,7,2024-07,0,0,0,0,0,0,0,,
2024-07-05,2024-07-05,2024,7,2024-07,0,0,0,0,0,0,0,,
2024-06-19,2024-06-19,2024,6,2024-06,0,0,0,0,0,0,0,,
2024-06-16,2024-06-16,2024,6,2024-06,0,0,0,0,0,0,0,,
2024-06-15,2024-06-15,2024,6,2024-06,0,0,0,0,0,0,0,,
2024-06-14,2024-06-14,2024,6,2024-06,0,0,0,0,0,0,0,,
2024-05-24,2024-05-24,2024,5,2024-05,0,0,0,0,0,0,0,,
2024-05-15,2024-05-15,2024,5,2024-05,0,0,0,0,0,0,0,,
2024-05-14,2024-05-14,2024,5,2024-05,0,0,0,0,0,0,0,,
2024-04-27,2024-04-27,2024,4,2024-04,0,0,0,0,0,0,0,,
2024-03-27,2024-03-27,2024,3,2024-03,0,0,0,0,0,0,0,,
2024-03-22,2024-03-22,2024,3,2024-03,0,0,0,0,0,0,0,,
2024-03-07,2024-03-07,2024,3,2024-03,0,0,0,0,0,0,0,,
2024-03-04,2024-03-04,2024,3,2024-03,0,0,0,0,0,0,0,,
2024-03-03,2024-03-03,2024,3,2024-03,0,0,0,0,0,0,0,,
2024-02-18,2024-02-18,2024,2,2024-02,0,0,0,0,0,0,0,,
2024-02-12,2024-02-12,2024,2,2024-02,0,0,0,0,0,0,0,,
2024-01-14,2024-01-14,2024,1,2024-01,0,0,0,0,0,0,0,,
2023-12-20,2023-12-20,2023,12,2023-12,0,0,0,0,0,0,0,,
2023-11-27,2023-11-27,2023,11,2023-11,0,0,0,0,0,0,0,,
2023-11-22,2023-11-22,2023,11,2023-11,0,0,0,0,0,0,0,,
2023-11-12,2023-11-12,2023,11,2023-11,0,0,0,0,0,0,0,,
2023-11-11,2023-11-11,2023,11,2023-11,0,0,0,0,0,0,0,,
2023-11-08,2023-11-08,2023,11,2023-11,0,0,0,0,0,0,0,,
2023-10-30,2023-10-30,2023,10,2023-10,0,0,0,0,0,0,0,,
2023-09-25,2023-09-25,2023,9,2023-09,0,0,0,0,0,0,0,,
2023-09-19,2023-09-19,2023,9,2023-09,0,0,0,0,0,0,0,,
2023-09-12,2023-09-12,2023,9,2023-09,0,0,0,0,0,0,0,,
2023-08-12,2023-08-12,2023,8,2023-08,0,0,0,0,0,0,0,,
2023-08-10,2023-08-10,2023,8,2023-08,0,0,0,0,0,0,0,,
2023-08-01,2023-08-01,2023,8,2023-08,0,0,0,0,0,0,0,,
2023-07-26,2023-07-26,2023,7,2023-07,0,0,0,0,0,0,0,,
2023-07-24,2023-07-24,2023,7,2023-07,0,0,0,0,0,0,0,,
2023-07-04,2023-07-04,2023,7,2023-07,0,0,0,0,0,0,0,,
2023-06-20,2023-06-20,2023,6,2023-06,0,0,0,0,0,0,0,,
2023-06-19,2023-06-19,2023,6,2023-06,0,0,0,0,0,0,0,,
2023-05-22,2023-05-22,2023,5,2023-05,0,0,0,0,0,0,0,,
2023-04-13,2023-04-13,2023,4,2023-04,0,0,0,0,0,0,0,,
2023-03-27,2023-03-27,2023,3,2023-03,0,0,0,0,0,0,0,,
2023-03-24,2023-03-24,2023,3,2023-03,0,0,0,0,0,0,0,,
2023-03-21,2023-03-21,2023,3,2023-03,0,0,0,0,0,0,0,,
2022-12-28,2022-12-28,2022,12,2022-12,0,0,0,0,0,0,0,,
2022-12-10,2022-12-10,2022,12,2022-12,0,0,0,0,0,0,0,,
2022-12-01,2022-12-01,2022,12,2022-12,0,0,0,0,0,0,0,,
2022-11-27,2022-11-27,2022,11,2022-11,0,0,0,0,0,0,0,,
2022-11-23,2022-11-23,2022,11,2022-11,0,0,0,0,0,0,0,,
2022-10-05,2022-10-05,2022,10,2022-10,0,0,0,0,0,0,0,,
2022-09-28,2022-09-28,2022,9,2022-09,0,0,0,0,0,0,0,,
2022-09-16,2022-09-16,2022,9,2022-09,0,0,0,0,0,0,0,,
2022-09-07,2022-09-07,2022,9,2022-09,0,0,0,0,0,0,0,,
2022-08-17,2022-08-17,2022,8,2022-08,0,0,0,0,0,0,0,,
2022-08-13,2022-08-13,2022,8,2022-08,0,0,0,0,0,0,0,,
2022-08-06,2022-08-06,2022,8,2022-08,0,0,0,0,0,0,0,,
2022-07-29,2022-07-29,2022,7,2022-07,0,0,0,0,0,0,0,,
2022-06-30,2022-06-30,2022,6,2022-06,0,0,0,0,0,0,0,,
2022-06-15,2022-06-15,2022,6,2022-06,0,0,0,0,0,0,0,,
2022-06-08,2022-06-08,2022,6,2022-06,0,0,0,0,0,0,0,,
2022-05-25,2022-05-25,2022,5,2022-05,0,0,0,0,0,0,0,,
2022-05-17,2022-05-17,2022,5,2022-05,0,0,0,0,0,0,0,,
2022-05-10,2022-05-10,2022,5,2022-05,0,0,0,0,0,0,0,,
2022-05-08,2022-05-08,2022,5,2022-05,0,0,0,0,0,0,0,,
2022-05-03,2022-05-03,2022,5,2022-05,0,0,0,0,0,0,0,,
2022-04-19,2022-04-19,2022,4,2022-04,0,0,0,0,0,0,0,,
2022-04-08,2022-04-08,2022,4,2022-04,0,0,0,0,0,0,0,,
2022-04-06,2022-04-06,2022,4,2022-04,0,0,0,0,0,0,0,,
2022-04-03,2022-04-03,2022,4,2022-04,0,0,0,0,0,0,0,,
2022-03-07,2022-03-07,2022,3,2022-03,0,0,0,0,0,0,0,,
2022-02-14,2022-02-14,2022,2,2022-02,0,0,0,0,0,0,0,,
2022-01-27,2022-01-27,2022,1,2022-01,0,0,0,0,0,0,0,,
2022-01-26,2022-01-26,2022,1,2022-01,0,0,0,0,0,0,0,,
2022-01-22,2022-01-22,2022,1,2022-01,0,0,0,0,0,0,0,,
2021-12-27,2021-12-27,2021,12,2021-12,0,0,0,0,0,0,0,,
2021-10-14,2021-10-14,2021,10,2021-10,0,0,0,0,0,0,0,,
2021-10-12,2021-10-12,2021,10,2021-10,0,0,0,0,0,0,0,,
2021-10-04,2021-10-04,2021,10,2021-10,0,0,0,0,0,0,0,,
2021-09-21,2021-09-21,2021,9,2021-09,0,0,0,0,0,0,0,,
2021-07-13,2021-07-13,2021,7,2021-07,0,0,0,0,0,0,0,,
2021-07-07,2021-07-07,2021,7,2021-07,0,0,0,0,0,0,0,,
2021-07-05,2021-07-05,2021,7,2021-07,0,0,0,0,0,0,0,,
2021-06-27,2021-06-27,2021,6,2021-06,0,0,0,0,0,0,0,,
2021-05-25,2021-05-25,2021,5,2021-05,0,0,0,0,0,0,0,,
2021-05-05,2021-05-05,2021,5,2021-05,0,0,0,0,0,0,0,,
2021-04-26,2021-04-26,2021,4,2021-04,0,0,0,0,0,0,0,,
2021-04-16,2021-04-16,2021,4,2021-04,0,0,0,0,0,0,0,,
2021-04-08,2021-04-08,2021,4,2021-04,0,0,0,0,0,0,0,,
2021-04-06,2021-04-06,2021,4,2021-04,0,0,0,0,0,0,0,,
2021-03-25,2021-03-25,2021,3,2021-03,0,0,0,0,0,0,0,,
2021-03-19,2021-03-19,2021,3,2021-03,0,0,0,0,0,0,0,,
2021-03-14,2021-03-14,2021,3,2021-03,0,0,0,0,0,0,0,,
2021-03-02,2021-03-02,2021,3,2021-03,0,0,0,0,0,0,0,,
2021-02-11,2021-02-11,2021,2,2021-02,0,0,0,0,0,0,0,,
2021-02-03,2021-02-03,2021,2,2021-02,0,0,0,0,0,0,0,,
2021-01-20,2021-01-20,2021,1,2021-01,0,0,0,0,0,0,0,,
2020-12-09,2020-12-09,2020,12,2020-12,0,0,0,0,0,0,0,,
2020-12-04,2020-12-04,2020,12,2020-12,0,0,0,0,0,0,0,,
2020-11-07,2020-11-07,2020,11,2020-11,0,0,0,0,0,0,0,,
2020-10-27,2020-10-27,2020,10,2020-10,0,0,0,0,0,0,0,,
2020-10-18,2020-10-18,2020,10,2020-10,0,0,0,0,0,0,0,,
2020-10-12,2020-10-12,2020,10,2020-10,0,0,0,0,0,0,0,,
2020-09-23,2020-09-23,2020,9,2020-09,0,0,0,0,0,0,0,,
2020-09-10,2020-09-10,2020,9,2020-09,0,0,0,0,0,0,0,,
2020-07-07,2020-07-07,2020,7,2020-07,0,0,0,0,0,0,0,,
2020-04-28,2020-04-28,2020,4,2020-04,0,0,0,0,0,0,0,,
2020-04-19,2020-04-19,2020,4,2020-04,0,0,0,0,0,0,0,,
2020-04-05,2020-04-05,2020,4,2020-04,0,0,0,0,0,0,0,,
2020-03-31,2020-03-31,2020,3,2020-03,0,0,0,0,0,0,0,,
2020-03-13,2020-03-13,2020,3,2020-03,0,0,0,0,0,0,0,,
2020-03-05,2020-03-05,2020,3,2020-03,0,0,0,0,0,0,0,,
2020-02-29,2020-02-29,2020,2,2020-02,0,0,0,0,0,0,0,,
2020-01-24,2020-01-24,2020,1,2020-01,0,0,0,0,0,0,0,,
2019-12-18,2019-12-18,2019,12,2019-12,0,0,0,0,0,0,0,,
2019-12-17,2019-12-17,2019,12,2019-12,0,0,0,0,0,0,0,,
2019-12-15,2019-12-15,2019,12,2019-12,0,0,0,0,0,0,0,,
2019-11-21,2019-11-21,2019,11,2019-11,0,0,0,0,0,0,0,,
2019-11-08,2019-11-08,2019,11,2019-11,0,0,0,0,0,0,0,,
2019-10-26,2019-10-26,2019,10,2019-10,0,0,0,0,0,0,0,,
2019-10-25,2019-10-25,2019,10,2019-10,0,0,0,0,0,0,0,,
2019-10-15,2019-10-15,2019,10,2019-10,0,0,0,0,0,0,0,,
2019-08-31,2019-08-31,2019,8,2019-08,0,0,0,0,0,0,0,,
2019-08-28,2019-08-28,2019,8,2019-08,0,0,0,0,0,0,0,,
2019-06-13,2019-06-13,2019,6,2019-06,0,0,0,0,0,0,0,,
2019-05-24,2019-05-24,2019,5,2019-05,0,0,0,0,0,0,0,,
2019-05-19,2019-05-19,2019,5,2019-05,0,0,0,0,0,0,0,,
2019-05-13,2019-05-13,2019,5,2019-05,0,0,0,0,0,0,0,,
2019-05-07,2019-05-07,2019,5,2019-05,0,0,0,0,0,0,0,,
2019-03-16,2019-03-16,2019,3,2019-03,0,0,0,0,0,0,0,,
2019-01-04,2019-01-04,2019,1,2019-01,0,0,0,0,0,0,0,,
2018-10-07,2018-10-07,2018,10,2018-10,0,0,0,0,0,0,0,,
2018-10-04,2018-10-04,2018,10,2018-10,0,0,0,0,0,0,0,,
2018-08-09,2018-08-09,2018,8,2018-08,0,0,0,0,0,0,0,,
2018-08-04,2018-08-04,2018,8,2018-08,0,0,0,0,0,0,0,,
2018-07-25,2018-07-25,2018,7,2018-07,0,0,0,0,0,0,0,,
2018-06-29,2018-06-29,2018,6,2018-06,0,0,0,0,0,0,0,,
2018-06-26,2018-06-26,2018,6,2018-06,0,0,0,0,0,0,0,,
2018-06-15,2018-06-15,2018,6,2018-06,0,0,0,0,0,0,0,,
2018-06-13,2018-06-13,2018,6,2018-06,0,0,0,0,0,0,0,,
2018-06-10,2018-06-10,2018,6,2018-06,0,0,0,0,0,0,0,,
2018-06-03,2018-06-03,2018,6,2018-06,0,0,0,0,0,0,0,,
2018-05-23,2018-05-23,2018,5,2018-05,0,0,0,0,0,0,0,,
2018-05-14,2018-05-14,2018,5,2018-05,0,0,0,0,0,0,0,,
2018-04-19,2018-04-19,2018,4,2018-04,0,0,0,0,0,0,0,,
2018-04-15,2018-04-15,2018,4,2018-04,0,0,0,0,0,0,0,,
2018-02-24,2018-02-24,2018,2,2018-02,0,0,0,0,0,0,0,,
2018-02-09,2018-02-09,2018,2,2018-02,0,0,0,0,0,0,0,,
2018-02-02,2018-02-02,2018,2,2018-02,0,0,0,0,0,0,0,,
2017-11-30,2017-11-30,2017,11,2017-11,0,0,0,0,0,0,0,,
2017-11-19,2017-11-19,2017,11,2017-11,0,0,0,0,0,0,0,,
2017-11-16,2017-11-16,2017,11,2017-11,0,0,0,0,0,0,0,,
2017-11-12,2017-11-12,2017,11,2017-11,0,0,0,0,0,0,0,,
2017-11-07,2017-11-07,2017,11,2017-11,0,0,0,0,0,0,0,,
2017-10-30,2017-10-30,2017,10,2017-10,0,0,0,0,0,0,0,,
2017-10-11,2017-10-11,2017,10,2017-10,0,0,0,0,0,0,0,,
2017-10-10,2017-10-10,2017,10,2017-10,0,0,0,0,0,0,0,,
2017-10-05,2017-10-05,2017,10,2017-10,0,0,0,0,0,0,0,,
2017-09-18,2017-09-18,2017,9,2017-09,0,0,0,0,0,0,0,,
2017-08-27,2017-08-27,2017,8,2017-08,0,0,0,0,0,0,0,,
2017-08-05,2017-08-05,2017,8,2017-08,0,0,0,0,0,0,0,,
2017-07-03,2017-07-03,2017,7,2017-07,0,0,0,0,0,0,0,,
2017-06-18,2017-06-18,2017,6,2017-06,0,0,0,0,0,0,0,,
2017-06-02,2017-06-02,2017,6,2017-06,0,0,0,0,0,0,0,,
2017-05-16,2017-05-16,2017,5,2017-05,0,0,0,0,0,0,0,,
2017-05-07,2017-05-07,2017,5,2017-05,0,0,0,0,0,0,0,,
2017-04-24,2017-04-24,2017,4,2017-04,0,0,0,0,0,0,0,,
2017-03-17,2017-03-17,2017,3,2017-03,0,0,0,0,0,0,0,,
2017-02-26,2017-02-26,2017,2,2017-02,0,0,0,0,0,0,0,,
2017-02-09,2017-02-09,2017,2,2017-02,0,0,0,0,0,0,0,,
2017-02-07,2017-02-07,2017,2,2017-02,0,0,0,0,0,0,0,,
2017-02-03,2017-02-03,2017,2,2017-02,0,0,0,0,0,0,0,,
2017-01-20,2017-01-20,2017,1,2017-01,0,0,0,0,0,0,0,,
2016-12-22,2016-12-22,2016,12,2016-12,0,0,0,0,0,0,0,,
2016-12-20,2016-12-20,2016,12,2016-12,0,0,0,0,0,0,0,,
2016-12-03,2016-12-03,2016,12,2016-12,0,0,0,0,0,0,0,,
2016-11-30,2016-11-30,2016,11,2016-11,0,0,0,0,0,0,0,,
2016-10-30,2016-10-30,2016,10,2016-10,0,0,0,0,0,0,0,,
2016-10-28,2016-10-28,2016,10,2016-10,0,0,0,0,0,0,0,,
2016-10-15,2016-10-15,2016,10,2016-10,0,0,0,0,0,0,0,,
2016-10-14,2016-10-14,2016,10,2016-10,0,0,0,0,0,0,0,,
2016-10-04,2016-10-04,2016,10,2016-10,0,0,0,0,0,0,0,,
2016-09-16,2016-09-16,2016,9,2016-09,0,0,0,0,0,0,0,,
2016-09-15,2016-09-15,2016,9,2016-09,0,0,0,0,0,0,0,,
2016-09-06,2016-09-06,2016,9,2016-09,0,0,0,0,0,0,0,,
2016-08-22,2016-08-22,2016,8,2016-08,0,0,0,0,0,0,0,,
2016-08-18,2016-08-18,2016,8,2016-08,0,0,0,0,0,0,0,,
2016-08-16,2016-08-16,2016,8,2016-08,0,0,0,0,0,0,0,,
2016-08-06,2016-08-06,2016,8,2016-08,0,0,0,0,0,0,0,,
2016-08-05,2016-08-05,2016,8,2016-08,0,0,0,0,0,0,0,,
2016-07-31,2016-07-31,2016,7,2016-07,0,0,0,0,0,0,0,,
2016-07-29,2016-07-29,2016,7,2016-07,0,0,0,0,0,0,0,,
2016-07-05,2016-07-05,2016,7,2016-07,0,0,0,0,0,0,0,,
2016-07-03,2016-07-03,2016,7,2016-07,0,0,0,0,0,0,0,,
2016-06-29,2016-06-29,2016,6,2016-06,0,0,0,0,0,0,0,,
2016-06-18,2016-06-18,2016,6,2016-06,0,0,0,0,0,0,0,,
2016-06-12,2016-06-12,2016,6,2016-06,0,0,0,0,0,0,0,,
2016-06-03,2016-06-03,2016,6,2016-06,0,0,0,0,0,0,0,,
2016-05-25,2016-05-25,2016,5,2016-05,0,0,0,0,0,0,0,,
2016-04-24,2016-04-24,2016,4,2016-04,0,0,0,0,0,0,0,,
2016-04-14,2016-04-14,2016,4,2016-04,0,0,0,0,0,0,0,,
2016-03-18,2016-03-18,2016,3,2016-03,0,0,0,0,0,0,0,,
2012-12-27,2012-12-27,2012,12,2012-12,0,0,0,0,0,0,0,,
2012-11-30,2012-11-30,2012,11,2012-11,0,0,0,0,0,0,0,,
2012-11-13,2012-11-13,2012,11,2012-11,0,0,0,0,0,0,0,,
2012-11-04,2012-11-04,2012,11,2012-11,0,0,0,0,0,0,0,,
2012-10-27,2012-10-27,2012,10,2012-10,0,0,0,0,0,0,0,,
2012-10-03,2012-10-03,2012,10,2012-10,0,0,0,0,0,0,0,,
2012-09-11,2012-09-11,2012,9,2012-09,0,0,0,0,0,0,0,,
2012-08-24,2012-08-24,2012,8,2012-08,0,0,0,0,0,0,0,,
2012-08-20,2012-08-20,2012,8,2012-08,0,0,0,0,0,0,0,,
2012-08-17,2012-08-17,2012,8,2012-08,0,0,0,0,0,0,0,,
2012-08-03,2012-08-03,2012,8,2012-08,0,0,0,0,0,0,0,,
2012-07-27,2012-07-27,2012,7,2012-07,0,0,0,0,0,0,0,,
2012-07-14,2012-07-14,2012,7,2012-07,0,0,0,0,0,0,0,,
2012-06-15,2012-06-15,2012,6,2012-06,0,0,0,0,0,0,0,,
2012-06-09,2012-06-09,2012,6,2012-06,0,0,0,0,0,0,0,,
2012-05-13,2012-05-13,2012,5,2012-05,0,0,0,0,0,0,0,,
2012-05-12,2012-05-12,2012,5,2012-05,0,0,0,0,0,0,0,,
2012-04-15,2012-04-15,2012,4,2012-04,0,0,0,0,0,0,0,,
2012-03-03,2012-03-03,2012,3,2012-03,0,0,0,0,0,0,0,,
2012-02-20,2012-02-20,2012,2,2012-02,0,0,0,0,0,0,0,,
2030-12-26,2030-12-26,2030,12,2030-12,0,0,0,0,0,0,0,,
2030-11-27,2030-11-27,2030,11,2030-11,0,0,0,0,0,0,0,,
2030-10-18,2030-10-18,2030,10,2030-10,0,0,0,0,0,0,0,,
2030-10-05,2030-10-05,2030,10,2030-10,0,0,0,0,0,0,0,,
2030-09-26,2030-09-26,2030,9,2030-09,0,0,0,0,0,0,0,,
2030-09-22,2030-09-22,2030,9,2030-09,0,0,0,0,0,0,0,,
2030-08-10,2030-08-10,2030,8,2030-08,0,0,0,0,0,0,0,,
2030-07-30,2030-07-30,2030,7,2030-07,0,0,0,0,0,0,0,,
2030-07-23,2030-07-23,2030,7,2030-07,0,0,0,0,0,0,0,,
2030-07-22,2030-07-22,2030,7,2030-07,0,0,0,0,0,0,0,,
2030-07-18,2030-07-18,2030,7,2030-07,0,0,0,0,0,0,0,,
2030-07-11,2030-07-11,2030,7,2030-07,0,0,0,0,0,0,0,,
2030-06-27,2030-06-27,2030,6,2030-06,0,0,0,0,0,0,0,,
2030-05-29,2030-05-29,2030,5,2030-05,0,0,0,0,0,0,0,,
2030-05-15,2030-05-15,2030,5,2030-05,0,0,0,0,0,0,0,,
2030-03-25,2030-03-25,2030,3,2030-03,0,0,0,0,0,0,0,,
2030-02-06,2030-02-06,2030,2,2030-02,0,0,0,0,0,0,0,,
2029-12-04,2029-12-04,2029,12,2029-12,0,0,0,0,0,0,0,,
2029-10-29,2029-10-29,2029,10,2029-10,0,0,0,0,0,0,0,,
2029-10-22,2029-10-22,2029,10,2029-10,0,0,0,0,0,0,0,,
2029-10-13,2029-10-13,2029,10,2029-10,0,0,0,0,0,0,0,,
2029-09-19,2029-09-19,2029,9,2029-09,0,0,0,0,0,0,0,,
2029-08-11,2029-08-11,2029,8,2029-08,0,0,0,0,0,0,0,,
2029-08-10,2029-08-10,2029,8,2029-08,0,0,0,0,0,0,0,,
2029-08-04,2029-08-04,2029,8,2029-08,0,0,0,0,0,0,0,,
2029-07-31,2029-07-31,2029,7,2029-07,0,0,0,0,0,0,0,,
2029-07-23,2029-07-23,2029,7,2029-07,0,0,0,0,0,0,0,,
2029-07-13,2029-07-13,2029,7,2029-07,0,0,0,0,0,0,0,,
2029-06-13,2029-06-13,2029,6,2029-06,0,0,0,0,0,0,0,,
2029-06-10,2029-06-10,2029,6,2029-06,0,0,0,0,0,0,0,,
2029-05-31,2029-05-31,2029,5,2029-05,0,0,0,0,0,0,0,,
2029-05-26,2029-05-26,2029,5,2029-05,0,0,0,0,0,0,0,,
2029-04-21,2029-04-21,2029,4,2029-04,0,0,0,0,0,0,0,,
2029-04-16,2029-04-16,2029,4,2029-04,0,0,0,0,0,0,0,,
2029-04-09,2029-04-09,2029,4,2029-04,0,0,0,0,0,0,0,,
2029-03-28,2029-03-28,2029,3,2029-03,0,0,0,0,0,0,0,,
2029-03-14,2029-03-14,2029,3,2029-03,0,0,0,0,0,0,0,,
2029-03-09,2029-03-09,2029,3,2029-03,0,0,0,0,0,0,0,,
2029-02-25,2029-02-25,2029,2,2029-02,0,0,0,0,0,0,0,,
2029-02-08,2029-02-08,2029,2,2029-02,0,0,0,0,0,0,0,,
2029-01-11,2029-01-11,2029,1,2029-01,0,0,0,0,0,0,0,,
2028-12-16,2028-12-16,2028,12,2028-12,0,0,0,0,0,0,0,,
2028-11-25,2028-11-25,2028,11,2028-11,0,0,0,0,0,0,0,,
2028-11-23,2028-11-23,2028,11,2028-11,0,0,0,0,0,0,0,,
2028-11-19,2028-11-19,2028,11,2028-11,0,0,0,0,0,0,0,,
2028-11-13,2028-11-13,2028,11,2028-11,0,0,0,0,0,0,0,,
2028-11-05,2028-11-05,2028,11,2028-11,0,0,0,0,0,0,0,,
2028-08-10,2028-08-10,2028,8,2028-08,0,0,0,0,0,0,0,,
2028-07-25,2028-07-25,2028,7,2028-07,0,0,0,0,0,0,0,,
2028-07-23,2028-07-23,2028,7,2028-07,0,0,0,0,0,0,0,,
2028-07-11,2028-07-11,2028,7,2028-07,0,0,0,0,0,0,0,,
2028-07-10,2028-07-10,2028,7,2028-07,0,0,0,0,0,0,0,,
2028-06-29,2028-06-29,2028,6,2028-06,0,0,0,0,0,0,0,,
2028-05-16,2028-05-16,2028,5,2028-05,0,0,0,0,0,0,0,,
2028-05-08,2028-05-08,2028,5,2028-05,0,0,0,0,0,0,0,,
2028-04-30,2028-04-30,2028,4,2028-04,0,0,0,0,0,0,0,,
2028-04-08,2028-04-08,2028,4,2028-04,0,0,0,0,0,0,0,,
2028-03-30,2028-03-30,2028,3,2028-03,0,0,0,0,0,0,0,,
2028-03-22,2028-03-22,2028,3,2028-03,0,0,0,0,0,0,0,,
2028-03-17,2028-03-17,2028,3,2028-03,0,0,0,0,0,0,0,,
2028-03-10,2028-03-10,2028,3,2028-03,0,0,0,0,0,0,0,,
2028-02-03,2028-02-03,2028,2,2028-02,0,0,0,0,0,0,0,,
2028-01-16,2028-01-16,2028,1,2028-01,0,0,0,0,0,0,0,,
2028-01-09,2028-01-09,2028,1,2028-01,0,0,0,0,0,0,0,,
2028-01-06,2028-01-06,2028,1,2028-01,0,0,0,0,0,0,0,,
2027-12-29,2027-12-29,2027,12,2027-12,0,0,0,0,0,0,0,,
2027-12-17,2027-12-17,2027,12,2027-12,0,0,0,0,0,0,0,,
2027-11-17,2027-11-17,2027,11,2027-11,0,0,0,0,0,0,0,,
2027-10-30,2027-10-30,2027,10,2027-10,0,0,0,0,0,0,0,,
2027-10-10,2027-10-10,2027,10,2027-10,0,0,0,0,0,0,0,,
2027-08-17,2027-08-17,2027,8,2027-08,0,0,0,0,0,0,0,,
2027-08-16,2027-08-16,2027,8,2027-08,0,0,0,0,0,0,0,,
2027-08-04,2027-08-04,2027,8,2027-08,0,0,0,0,0,0,0,,
2027-07-24,2027-07-24,2027,7,2027-07,0,0,0,0,0,0,0,,
2027-07-08,2027-07-08,2027,7,2027-07,0,0,0,0,0,0,0,,
2027-07-02,2027-07-02,2027,7,2027-07,0,0,0,0,0,0,0,,
2027-06-24,2027-06-24,2027,6,2027-06,0,0,0,0,0,0,0,,
2027-06-19,2027-06-19,2027,6,2027-06,0,0,0,0,0,0,0,,
2027-04-27,2027-04-27,2027,4,2027-04,0,0,0,0,0,0,0,,
2027-04-26,2027-04-26,2027,4,2027-04,0,0,0,0,0,0,0,,
2027-04-20,2027-04-20,2027,4,2027-04,0,0,0,0,0,0,0,,
2027-04-07,2027-04-07,2027,4,2027-04,0,0,0,0,0,0,0,,
2027-01-29,2027-01-29,2027,1,2027-01,0,0,0,0,0,0,0,,
2026-12-10,2026-12-10,2026,12,2026-12,0,0,0,0,0,0,0,,
2026-11-29,2026-11-29,2026,11,2026-11,0,0,0,0,0,0,0,,
2026-11-28,2026-11-28,2026,11,2026-11,0,0,0,0,0,0,0,,
2026-11-18,2026-11-18,2026,11,2026-11,0,0,0,0,0,0,0,,
2026-10-16,2026-10-16,2026,10,2026-10,0,0,0,0,0,0,0,,
2026-10-03,2026-10-03,2026,10,2026-10,0,0,0,0,0,0,0,,
2026-09-14,2026-09-14,2026,9,2026-09,0,0,0,0,0,0,0,,
2026-09-10,2026-09-10,2026,9,2026-09,0,0,0,0,0,0,0,,
2026-09-08,2026-09-08,2026,9,2026-09,0,0,0,0,0,0,0,,
2026-08-09,2026-08-09,2026,8,2026-08,0,0,0,0,0,0,0,,
2026-07-27,2026-07-27,2026,7,2026-07,0,0,0,0,0,0,0,,
2026-07-21,2026-07-21,2026,7,2026-07,0,0,0,0,0,0,0,,
2026-07-09,2026-07-09,2026,7,2026-07,0,0,0,0,0,0,0,,
2026-06-24,2026-06-24,2026,6,2026-06,0,0,0,0,0,0,0,,
2026-05-22,2026-05-22,2026,5,2026-05,0,0,0,0,0,0,0,,
2026-05-10,2026-05-10,2026,5,2026-05,0,0,0,0,0,0,0,,
2026-04-20,2026-04-20,2026,4,2026-04,0,0,0,0,0,0,0,,
2026-04-02,2026-04-02,2026,4,2026-04,0,0,0,0,0,0,0,,
2026-04-01,2026-04-01,2026,4,2026-04,0,0,0,0,0,0,0,,
2026-03-10,2026-03-10,2026,3,2026-03,0,0,0,0,0,0,0,,
2026-01-07,2026-01-07,2026,1,2026-01,0,0,0,0,0,0,0,,
2025-12-18,2025-12-18,2025,12,2025-12,0,0,0,0,0,0,0,,
2025-11-27,2025-11-27,2025,11,2025-11,0,0,0,0,0,0,0,,
2025-11-26,2025-11-26,2025,11,2025-11,0,0,0,0,0,0,0,,
2025-11-05,2025-11-05,2025,11,2025-11,0,0,0,0,0,0,0,,
2025-11-02,2025-11-02,2025,11,2025-11,0,0,0,0,0,0,0,,
2025-10-22,2025-10-22,2025,10,2025-10,0,0,0,0,0,0,0,,
2025-10-16,2025-10-16,2025,10,2025-10,0,0,0,0,0,0,0,,
2025-09-27,2025-09-27,2025,9,2025-09,0,0,0,0,0,0,0,,
2025-09-23,2025-09-23,2025,9,2025-09,0,0,0,0,0,0,0,,
2025-09-21,2025-09-21,2025,9,2025-09,0,0,0,0,0,0,0,,
2025-09-20,2025-09-20,2025,9,2025-09,0,0,0,0,0,0,0,,
2025-08-12,2025-08-12,2025,8,2025-08,0,0,0,0,0,0,0,,
2025-07-27,2025-07-27,2025,7,2025-07,0,0,0,0,0,0,0,,
2025-07-18,2025-07-18,2025,7,2025-07,0,0,0,0,0,0,0,,
2025-06-09,2025-06-09,2025,6,2025-06,0,0,0,0,0,0,0,,
2025-06-03,2025-06-03,2025,6,2025-06,0,0,0,0,0,0,0,,
2025-05-18,2025-05-18,2025,5,2025-05,0,0,0,0,0,0,0,,
2025-04-26,2025-04-26,2025,4,2025-04,0,0,0,0,0,0,0,,
2025-04-24,2025-04-24,2025,4,2025-04,0,0,0,0,0,0,0,,
2025-03-28,2025-03-28,2025,3,2025-03,0,0,0,0,0,0,0,,
2025-03-17,2025-03-17,2025,3,2025-03,0,0,0,0,0,0,0,,
2025-02-25,2025-02-25,2025,2,2025-02,0,0,0,0,0,0,0,,
2025-02-09,2025-02-09,2025,2,2025-02,0,0,0,0,0,0,0,,
2025-01-29,2025-01-29,2025,1,2025-01,0,0,0,0,0,0,0,,
2025-01-23,2025-01-23,2025,1,2025-01,0,0,0,0,0,0,0,,
2025-01-07,2025-01-07,2025,1,2025-01,0,0,0,0,0,0,0,,
2024-12-30,2024-12-30,2024,12,2024-12,0,0,0,0,0,0,0,,
2024-12-25,2024-12-25,2024,12,2024-12,0,0,0,0,0,0,0,,
2024-12-01,2024-12-01,2024,12,2024-12,0,0,0,0,0,0,0,,
2024-10-19,2024-10-19,2024,10,2024-10,0,0,0,0,0,0,0,,
2024-10-16,2024-10-16,2024,10,2024-10,0,0,0,0,0,0,0,,
2024-10-09,2024-10-09,2024,10,2024-10,0,0,0,0,0,0,0,,
2024-07-15,2024-07-15,2024,7,2024-07,0,0,0,0,0,0,0,,
2024-06-18,2024-06-18,2024,6,2024-06,0,0,0,0,0,0,0,,
2024-06-02,2024-06-02,2024,6,2024-06,0,0,0,0,0,0,0,,
2024-05-12,2024-05-12,2024,5,2024-05,0,0,0,0,0,0,0,,
2024-05-10,2024-05-10,2024,5,2024-05,0,0,0,0,0,0,0,,
2024-05-04,2024-05-04,2024,5,2024-05,0,0,0,0,0,0,0,,
2024-04-07,2024-04-07,2024,4,2024-04,0,0,0,0,0,0,0,,
2024-03-21,2024-03-21,2024,3,2024-03,0,0,0,0,0,0,0,,
2023-12-22,2023-12-22,2023,12,2023-12,0,0,0,0,0,0,0,,
2023-12-21,2023-12-21,2023,12,2023-12,0,0,0,0,0,0,0,,
2023-12-15,2023-12-15,2023,12,2023-12,0,0,0,0,0,0,0,,
2023-11-19,2023-11-19,2023,11,2023-11,0,0,0,0,0,0,0,,
2023-11-17,2023-11-17,2023,11,2023-11,0,0,0,0,0,0,0,,
2023-11-09,2023-11-09,2023,11,2023-11,0,0,0,0,0,0,0,,
2023-11-05,2023-11-05,2023,11,2023-11,0,0,0,0,0,0,0,,
2023-09-21,2023-09-21,2023,9,2023-09,0,0,0,0,0,0,0,,
2023-08-26,2023-08-26,2023,8,2023-08,0,0,0,0,0,0,0,,
2023-08-09,2023-08-09,2023,8,2023-08,0,0,0,0,0,0,0,,
2023-07-22,2023-07-22,2023,7,2023-07,0,0,0,0,0,0,0,,
2023-05-20,2023-05-20,2023,5,2023-05,0,0,0,0,0,0,0,,
2023-05-12,2023-05-12,2023,5,2023-05,0,0,0,0,0,0,0,,
2023-05-10,2023-05-10,2023,5,2023-05,0,0,0,0,0,0,0,,
2023-03-04,2023-03-04,2023,3,2023-03,0,0,0,0,0,0,0,,
2023-02-15,2023-02-15,2023,2,2023-02,0,0,0,0,0,0,0,,
2023-01-25,2023-01-25,2023,1,2023-01,0,0,0,0,0,0,0,,
2023-01-03,2023-01-03,2023,1,2023-01,0,0,0,0,0,0,0,,
2022-12-26,2022-12-26,2022,12,2022-12,0,0,0,0,0,0,0,,
2022-12-23,2022-12-23,2022,12,2022-12,0,0,0,0,0,0,0,,
2022-12-15,2022-12-15,2022,12,2022-12,0,0,0,0,0,0,0,,
2022-12-11,2022-12-11,2022,12,2022-12,0,0,0,0,0,0,0,,
2022-11-28,2022-11-28,2022,11,2022-11,0,0,0,0,0,0,0,,
2022-11-12,2022-11-12,2022,11,2022-11,0,0,0,0,0,0,0,,
2022-10-08,2022-10-08,2022,10,2022-10,0,0,0,0,0,0,0,,
2022-10-07,2022-10-07,2022,10,2022-10,0,0,0,0,0,0,0,,
2022-10-04,2022-10-04,2022,10,2022-10,0,0,0,0,0,0,0,,
2022-10-02,2022-10-02,2022,10,2022-10,0,0,0,0,0,0,0,,
2022-09-11,2022-09-11,2022,9,2022-09,0,0,0,0,0,0,0,,
2022-09-09,2022-09-09,2022,9,2022-09,0,0,0,0,0,0,0,,
2022-08-29,2022-08-29,2022,8,2022-08,0,0,0,0,0,0,0,,
2022-08-23,2022-08-23,2022,8,2022-08,0,0,0,0,0,0,0,,
2022-08-16,2022-08-16,2022,8,2022-08,0,0,0,0,0,0,0,,
2022-08-12,2022-08-12,2022,8,2022-08,0,0,0,0,0,0,0,,
2022-07-27,2022-07-27,2022,7,2022-07,0,0,0,0,0,0,0,,
2022-07-26,2022-07-26,2022,7,2022-07,0,0,0,0,0,0,0,,
2022-06-06,2022-06-06,2022,6,2022-06,0,0,0,0,0,0,0,,
2022-05-30,2022-05-30,2022,5,2022-05,0,0,0,0,0,0,0,,
2022-05-26,2022-05-26,2022,5,2022-05,0,0,0,0,0,0,0,,
2022-05-12,2022-05-12,2022,5,2022-05,0,0,0,0,0,0,0,,
2022-05-07,2022-05-07,2022,5,2022-05,0,0,0,0,0,0,0,,
2022-04-14,2022-04-14,2022,4,2022-04,0,0,0,0,0,0,0,,
2022-04-10,2022-04-10,2022,4,2022-04,0,0,0,0,0,0,0,,
2022-04-01,2022-04-01,2022,4,2022-04,0,0,0,0,0,0,0,,
2022-03-28,2022-03-28,2022,3,2022-03,0,0,0,0,0,0,0,,
2022-03-26,2022-03-26,2022,3,2022-03,0,0,0,0,0,0,0,,
2022-02-27,2022-02-27,2022,2,2022-02,0,0,0,0,0,0,0,,
2022-02-11,2022-02-11,2022,2,2022-02,0,0,0,0,0,0,0,,
2022-01-08,2022-01-08,2022,1,2022-01,0,0,0,0,0,0,0,,
2021-12-26,2021-12-26,2021,12,2021-12,0,0,0,0,0,0,0,,
2021-12-18,2021-12-18,2021,12,2021-12,0,0,0,0,0,0,0,,
2021-11-15,2021-11-15,2021,11,2021-11,0,0,0,0,0,0,0,,
2021-11-09,2021-11-09,2021,11,2021-11,0,0,0,0,0,0,0,,
2021-11-08,2021-11-08,2021,11,2021-11,0,0,0,0,0,0,0,,
2021-11-06,2021-11-06,2021,11,2021-11,0,0,0,0,0,0,0,,
2021-10-18,2021-10-18,2021,10,2021-10,0,0,0,0,0,0,0,,
2021-09-25,2021-09-25,2021,9,2021-09,0,0,0,0,0,0,0,,
2021-09-12,2021-09-12,2021,9,2021-09,0,0,0,0,0,0,0,,
2021-09-03,2021-09-03,2021,9,2021-09,0,0,0,0,0,0,0,,
2021-08-30,2021-08-30,2021,8,2021-08,0,0,0,0,0,0,0,,
2021-08-28,2021-08-28,2021,8,2021-08,0,0,0,0,0,0,0,,
2021-07-31,2021-07-31,2021,7,2021-07,0,0,0,0,0,0,0,,
2021-07-22,2021-07-22,2021,7,2021-07,0,0,0,0,0,0,0,,
2021-07-11,2021-07-11,2021,7,2021-07,0,0,0,0,0,0,0,,
2021-07-01,2021-07-01,2021,7,2021-07,0,0,0,0,0,0,0,,
2021-06-23,2021-06-23,2021,6,2021-06,0,0,0,0,0,0,0,,
2021-06-12,2021-06-12,2021,6,2021-06,0,0,0,0,0,0,0,,
2021-06-07,2021-06-07,2021,6,2021-06,0,0,0,0,0,0,0,,
2021-05-13,2021-05-13,2021,5,2021-05,0,0,0,0,0,0,0,,
2021-04-25,2021-04-25,2021,4,2021-04,0,0,0,0,0,0,0,,
2021-04-05,2021-04-05,2021,4,2021-04,0,0,0,0,0,0,0,,
2021-03-13,2021-03-13,2021,3,2021-03,0,0,0,0,0,0,0,,
2021-03-08,2021-03-08,2021,3,2021-03,0,0,0,0,0,0,0,,
2021-01-30,2021-01-30,2021,1,2021-01,0,0,0,0,0,0,0,,
2021-01-12,2021-01-12,2021,1,2021-01,0,0,0,0,0,0,0,,
2020-12-25,2020-12-25,2020,12,2020-12,0,0,0,0,0,0,0,,
2020-11-19,2020-11-19,2020,11,2020-11,0,0,0,0,0,0,0,,
2020-11-13,2020-11-13,2020,11,2020-11,0,0,0,0,0,0,0,,
2020-11-10,2020-11-10,2020,11,2020-11,0,0,0,0,0,0,0,,
2020-10-31,2020-10-31,2020,10,2020-10,0,0,0,0,0,0,0,,
2020-10-26,2020-10-26,2020,10,2020-10,0,0,0,0,0,0,0,,
2020-09-04,2020-09-04,2020,9,2020-09,0,0,0,0,0,0,0,,
2020-08-28,2020-08-28,2020,8,2020-08,0,0,0,0,0,0,0,,
2020-07-22,2020-07-22,2020,7,2020-07,0,0,0,0,0,0,0,,
2020-07-16,2020-07-16,2020,7,2020-07,0,0,0,0,0,0,0,,
2020-07-14,2020-07-14,2020,7,2020-07,0,0,0,0,0,0,0,,
2020-07-09,2020-07-09,2020,7,2020-07,0,0,0,0,0,0,0,,
2020-07-04,2020-07-04,2020,7,2020-07,0,0,0,0,0,0,0,,
2020-06-25,2020-06-25,2020,6,2020-06,0,0,0,0,0,0,0,,
2020-06-13,2020-06-13,2020,6,2020-06,0,0,0,0,0,0,0,,
2020-05-18,2020-05-18,2020,5,2020-05,0,0,0,0,0,0,0,,
2020-05-11,2020-05-11,2020,5,2020-05,0,0,0,0,0,0,0,,
2020-05-04,2020-05-04,2020,5,2020-05,0,0,0,0,0,0,0,,
2020-04-26,2020-04-26,2020,4,2020-04,0,0,0,0,0,0,0,,
2020-03-30,2020-03-30,2020,3,2020-03,0,0,0,0,0,0,0,,
2020-03-22,2020-03-22,2020,3,2020-03,0,0,0,0,0,0,0,,
2020-03-17,2020-03-17,2020,3,2020-03,0,0,0,0,0,0,0,,
2020-03-04,2020-03-04,2020,3,2020-03,0,0,0,0,0,0,0,,
2020-02-21,2020-02-21,2020,2,2020-02,0,0,0,0,0,0,0,,
2020-02-19,2020-02-19,2020,2,2020-02,0,0,0,0,0,0,0,,
2020-02-07,2020-02-07,2020,2,2020-02,0,0,0,0,0,0,0,,
2020-02-01,2020-02-01,2020,2,2020-02,0,0,0,0,0,0,0,,
2020-01-14,2020-01-14,2020,1,2020-01,0,0,0,0,0,0,0,,
2019-12-28,2019-12-28,2019,12,2019-12,0,0,0,0,0,0,0,,
2019-12-23,2019-12-23,2019,12,2019-12,0,0,0,0,0,0,0,,
2019-12-13,2019-12-13,2019,12,2019-12,0,0,0,0,0,0,0,,
2019-12-05,2019-12-05,2019,12,2019-12,0,0,0,0,0,0,0,,
2019-11-26,2019-11-26,2019,11,2019-11,0,0,0,0,0,0,0,,
2019-11-25,2019-11-25,2019,11,2019-11,0,0,0,0,0,0,0,,
2019-11-20,2019-11-20,2019,11,2019-11,0,0,0,0,0,0,0,,
2019-11-15,2019-11-15,2019,11,2019-11,0,0,0,0,0,0,0,,
2019-10-19,2019-10-19,2019,10,2019-10,0,0,0,0,0,0,0,,
2019-10-11,2019-10-11,2019,10,2019-10,0,0,0,0,0,0,0,,
2019-10-10,2019-10-10,2019,10,2019-10,0,0,0,0,0,0,0,,
2019-09-29,2019-09-29,2019,9,2019-09,0,0,0,0,0,0,0,,
2019-09-24,2019-09-24,2019,9,2019-09,0,0,0,0,0,0,0,,
2019-09-22,2019-09-22,2019,9,2019-09,0,0,0,0,0,0,0,,
2019-08-21,2019-08-21,2019,8,2019-08,0,0,0,0,0,0,0,,
2019-07-23,2019-07-23,2019,7,2019-07,0,0,0,0,0,0,0,,
2019-07-21,2019-07-21,2019,7,2019-07,0,0,0,0,0,0,0,,
2019-06-30,2019-06-30,2019,6,2019-06,0,0,0,0,0,0,0,,
2019-06-15,2019-06-15,2019,6,2019-06,0,0,0,0,0,0,0,,
2019-05-16,2019-05-16,2019,5,2019-05,0,0,0,0,0,0,0,,
2019-05-04,2019-05-04,2019,5,2019-05,0,0,0,0,0,0,0,,
2019-04-16,2019-04-16,2019,4,2019-04,0,0,0,0,0,0,0,,
2019-03-20,2019-03-20,2019,3,2019-03,0,0,0,0,0,0,0,,
2019-03-02,2019-03-02,2019,3,2019-03,0,0,0,0,0,0,0,,
2019-02-16,2019-02-16,2019,2,2019-02,0,0,0,0,0,0,0,,
2019-01-31,2019-01-31,2019,1,2019-01,0,0,0,0,0,0,0,,
2019-01-16,2019-01-16,2019,1,2019-01,0,0,0,0,0,0,0,,
2018-12-05,2018-12-05,2018,12,2018-12,0,0,0,0,0,0,0,,
2018-10-26,2018-10-26,2018,10,2018-10,0,0,0,0,0,0,0,,
2018-09-17,2018-09-17,2018,9,2018-09,0,0,0,0,0,0,0,,
2018-09-16,2018-09-16,2018,9,2018-09,0,0,0,0,0,0,0,,
2018-09-13,2018-09-13,2018,9,2018-09,0,0,0,0,0,0,0,,
2018-09-10,2018-09-10,2018,9,2018-09,0,0,0,0,0,0,0,,
2018-09-02,2018-09-02,2018,9,2018-09,0,0,0,0,0,0,0,,
2018-08-07,2018-08-07,2018,8,2018-08,0,0,0,0,0,0,0,,
2018-07-29,2018-07-29,2018,7,2018-07,0,0,0,0,0,0,0,,
2018-07-16,2018-07-16,2018,7,2018-07,0,0,0,0,0,0,0,,
2018-07-13,2018-07-13,2018,7,2018-07,0,0,0,0,0,0,0,,
2018-07-01,2018-07-01,2018,7,2018-07,0,0,0,0,0,0,0,,
2018-06-14,2018-06-14,2018,6,2018-06,0,0,0,0,0,0,0,,
2018-05-27,2018-05-27,2018,5,2018-05,0,0,0,0,0,0,0,,
2018-05-13,2018-05-13,2018,5,2018-05,0,0,0,0,0,0,0,,
2018-05-11,2018-05-11,2018,5,2018-05,0,0,0,0,0,0,0,,
2018-05-06,2018-05-06,2018,5,2018-05,0,0,0,0,0,0,0,,
2018-05-03,2018-05-03,2018,5,2018-05,0,0,0,0,0,0,0,,
2018-04-25,2018-04-25,2018,4,2018-04,0,0,0,0,0,0,0,,
2018-04-04,2018-04-04,2018,4,2018-04,0,0,0,0,0,0,0,,
2018-03-29,2018-03-29,2018,3,2018-03,0,0,0,0,0,0,0,,
2018-03-13,2018-03-13,2018,3,2018-03,0,0,0,0,0,0,0,,
2018-02-04,2018-02-04,2018,2,2018-02,0,0,0,0,0,0,0,,
2018-01-29,2018-01-29,2018,1,2018-01,0,0,0,0,0,0,0,,
2018-01-20,2018-01-20,2018,1,2018-01,0,0,0,0,0,0,0,,
2018-01-08,2018-01-08,2018,1,2018-01,0,0,0,0,0,0,0,,
2017-12-21,2017-12-21,2017,12,2017-12,0,0,0,0,0,0,0,,
2017-12-19,2017-12-19,2017,12,2017-12,0,0,0,0,0,0,0,,
2017-12-18,2017-12-18,2017,12,2017-12,0,0,0,0,0,0,0,,
2017-10-06,2017-10-06,2017,10,2017-10,0,0,0,0,0,0,0,,
2017-10-03,2017-10-03,2017,10,2017-10,0,0,0,0,0,0,0,,
2017-09-23,2017-09-23,2017,9,2017-09,0,0,0,0,0,0,0,,
2017-09-17,2017-09-17,2017,9,2017-09,0,0,0,0,0,0,0,,
2017-09-12,2017-09-12,2017,9,2017-09,0,0,0,0,0,0,0,,
2017-09-02,2017-09-02,2017,9,2017-09,0,0,0,0,0,0,0,,
2017-08-28,2017-08-28,2017,8,2017-08,0,0,0,0,0,0,0,,
2017-08-03,2017-08-03,2017,8,2017-08,0,0,0,0,0,0,0,,
2017-07-30,2017-07-30,2017,7,2017-07,0,0,0,0,0,0,0,,
2017-07-12,2017-07-12,2017,7,2017-07,0,0,0,0,0,0,0,,
2017-06-23,2017-06-23,2017,6,2017-06,0,0,0,0,0,0,0,,
2017-06-14,2017-06-14,2017,6,2017-06,0,0,0,0,0,0,0,,
2017-06-11,2017-06-11,2017,6,2017-06,0,0,0,0,0,0,0,,
2017-05-09,2017-05-09,2017,5,2017-05,0,0,0,0,0,0,0,,
2017-05-08,2017-05-08,2017,5,2017-05,0,0,0,0,0,0,0,,
2017-03-08,2017-03-08,2017,3,2017-03,0,0,0,0,0,0,0,,
2017-02-10,2017-02-10,2017,2,2017-02,0,0,0,0,0,0,0,,
2017-02-02,2017-02-02,2017,2,2017-02,0,0,0,0,0,0,0,,
2017-01-24,2017-01-24,2017,1,2017-01,0,0,0,0,0,0,0,,
2017-01-06,2017-01-06,2017,1,2017-01,0,0,0,0,0,0,0,,
2016-12-28,2016-12-28,2016,12,2016-12,0,0,0,0,0,0,0,,
2016-12-09,2016-12-09,2016,12,2016-12,0,0,0,0,0,0,0,,
2016-12-04,2016-12-04,2016,12,2016-12,0,0,0,0,0,0,0,,
2016-11-22,2016-11-22,2016,11,2016-11,0,0,0,0,0,0,0,,
2016-10-26,2016-10-26,2016,10,2016-10,0,0,0,0,0,0,0,,
2016-10-21,2016-10-21,2016,10,2016-10,0,0,0,0,0,0,0,,
2016-10-08,2016-10-08,2016,10,2016-10,0,0,0,0,0,0,0,,
2016-09-20,2016-09-20,2016,9,2016-09,0,0,0,0,0,0,0,,
2016-09-02,2016-09-02,2016,9,2016-09,0,0,0,0,0,0,0,,
2016-08-31,2016-08-31,2016,8,2016-08,0,0,0,0,0,0,0,,
2016-08-23,2016-08-23,2016,8,2016-08,0,0,0,0,0,0,0,,
2016-08-19,2016-08-19,2016,8,2016-08,0,0,0,0,0,0,0,,
2016-07-25,2016-07-25,2016,7,2016-07,0,0,0,0,0,0,0,,
2016-07-17,2016-07-17,2016,7,2016-07,0,0,0,0,0,0,0,,
2016-06-28,2016-06-28,2016,6,2016-06,0,0,0,0,0,0,0,,
2016-05-11,2016-05-11,2016,5,2016-05,0,0,0,0,0,0,0,,
2016-04-30,2016-04-30,2016,4,2016-04,0,0,0,0,0,0,0,,
2016-04-22,2016-04-22,2016,4,2016-04,0,0,0,0,0,0,0,,
2016-04-16,2016-04-16,2016,4,2016-04,0,0,0,0,0,0,0,,
2016-03-24,2016-03-24,2016,3,2016-03,0,0,0,0,0,0,0,,
2012-12-14,2012-12-14,2012,12,2012-12,0,0,0,0,0,0,0,,
2012-12-08,2012-12-08,2012,12,2012-12,0,0,0,0,0,0,0,,
2012-11-21,2012-11-21,2012,11,2012-11,0,0,0,0,0,0,0,,
2012-11-03,2012-11-03,2012,11,2012-11,0,0,0,0,0,0,0,,
2012-10-25,2012-10-25,2012,10,2012-10,0,0,0,0,0,0,0,,
2012-10-11,2012-10-11,2012,10,2012-10,0,0,0,0,0,0,0,,
2012-09-19,2012-09-19,2012,9,2012-09,0,0,0,0,0,0,0,,
2012-07-12,2012-07-12,2012,7,2012-07,0,0,0,0,0,0,0,,
2012-06-10,2012-06-10,2012,6,2012-06,0,0,0,0,0,0,0,,
2012-06-01,2012-06-01,2012,6,2012-06,0,0,0,0,0,0,0,,
2012-05-21,2012-05-21,2012,5,2012-05,0,0,0,0,0,0,0,,
2012-04-16,2012-04-16,2012,4,2012-04,0,0,0,0,0,0,0,,
2012-04-14,2012-04-14,2012,4,2012-04,0,0,0,0,0,0,0,,
2012-04-02,2012-04-02,2012,4,2012-04,0,0,0,0,0,0,0,,
2012-03-23,2012-03-23,2012,3,2012-03,0,0,0,0,0,0,0,,
2012-03-13,2012-03-13,2012,3,2012-03,0,0,0,0,0,0,0,,
2012-03-02,2012-03-02,2012,3,2012-03,0,0,0,0,0,0,0,,
2012-02-23,2012-02-23,2012,2,2012-02,0,0,0,0,0,0,0,,
2031-01-08,2031-01-08,2031,1,2031-01,0,0,0,0,0,0,0,,
2031-01-04,2031-01-04,2031,1,2031-01,0,0,0,0,0,0,0,,
2030-12-27,2030-12-27,2030,12,2030-12,0,0,0,0,0,0,0,,
2030-12-20,2030-12-20,2030,12,2030-12,0,0,0,0,0,0,0,,
2030-11-22,2030-11-22,2030,11,2030-11,0,0,0,0,0,0,0,,
2030-10-27,2030-10-27,2030,10,2030-10,0,0,0,0,0,0,0,,
2030-09-23,2030-09-23,2030,9,2030-09,0,0,0,0,0,0,0,,
2030-09-16,2030-09-16,2030,9,2030-09,0,0,0,0,0,0,0,,
2030-09-12,2030-09-12,2030,9,2030-09,0,0,0,0,0,0,0,,
2030-09-11,2030-09-11,2030,9,2030-09,0,0,0,0,0,0,0,,
2030-09-02,2030-09-02,2030,9,2030-09,0,0,0,0,0,0,0,,
2030-08-27,2030-08-27,2030,8,2030-08,0,0,0,0,0,0,0,,
2030-07-21,2030-07-21,2030,7,2030-07,0,0,0,0,0,0,0,,
2030-07-04,2030-07-04,2030,7,2030-07,0,0,0,0,0,0,0,,
2030-07-02,2030-07-02,2030,7,2030-07,0,0,0,0,0,0,0,,
2030-06-18,2030-06-18,2030,6,2030-06,0,0,0,0,0,0,0,,
2030-06-17,2030-06-17,2030,6,2030-06,0,0,0,0,0,0,0,,
2030-06-16,2030-06-16,2030,6,2030-06,0,0,0,0,0,0,0,,
2030-06-12,2030-06-12,2030,6,2030-06,0,0,0,0,0,0,0,,
2030-05-18,2030-05-18,2030,5,2030-05,0,0,0,0,0,0,0,,
2030-05-11,2030-05-11,2030,5,2030-05,0,0,0,0,0,0,0,,
2030-04-23,2030-04-23,2030,4,2030-04,0,0,0,0,0,0,0,,
2030-03-22,2030-03-22,2030,3,2030-03,0,0,0,0,0,0,0,,
2030-03-04,2030-03-04,2030,3,2030-03,0,0,0,0,0,0,0,,
2030-01-19,2030-01-19,2030,1,2030-01,0,0,0,0,0,0,0,,
2030-01-16,2030-01-16,2030,1,2030-01,0,0,0,0,0,0,0,,
2029-12-11,2029-12-11,2029,12,2029-12,0,0,0,0,0,0,0,,
2029-12-07,2029-12-07,2029,12,2029-12,0,0,0,0,0,0,0,,
2029-11-29,2029-11-29,2029,11,2029-11,0,0,0,0,0,0,0,,
2029-10-28,2029-10-28,2029,10,2029-10,0,0,0,0,0,0,0,,
2029-10-08,2029-10-08,2029,10,2029-10,0,0,0,0,0,0,0,,
2029-10-07,2029-10-07,2029,10,2029-10,0,0,0,0,0,0,0,,
2029-09-16,2029-09-16,2029,9,2029-09,0,0,0,0,0,0,0,,
2029-08-24,2029-08-24,2029,8,2029-08,0,0,0,0,0,0,0,,
2029-08-20,2029-08-20,2029,8,2029-08,0,0,0,0,0,0,0,,
2029-08-12,2029-08-12,2029,8,2029-08,0,0,0,0,0,0,0,,
2029-08-09,2029-08-09,2029,8,2029-08,0,0,0,0,0,0,0,,
2029-08-07,2029-08-07,2029,8,2029-08,0,0,0,0,0,0,0,,
2029-07-22,2029-07-22,2029,7,2029-07,0,0,0,0,0,0,0,,
2029-07-16,2029-07-16,2029,7,2029-07,0,0,0,0,0,0,0,,
2029-07-07,2029-07-07,2029,7,2029-07,0,0,0,0,0,0,0,,
2029-07-03,2029-07-03,2029,7,2029-07,0,0,0,0,0,0,0,,
2029-06-09,2029-06-09,2029,6,2029-06,0,0,0,0,0,0,0,,
2029-05-22,2029-05-22,2029,5,2029-05,0,0,0,0,0,0,0,,
2029-05-14,2029-05-14,2029,5,2029-05,0,0,0,0,0,0,0,,
2029-04-22,2029-04-22,2029,4,2029-04,0,0,0,0,0,0,0,,
2029-04-14,2029-04-14,2029,4,2029-04,0,0,0,0,0,0,0,,
2029-04-07,2029-04-07,2029,4,2029-04,0,0,0,0,0,0,0,,
2029-04-01,2029-04-01,2029,4,2029-04,0,0,0,0,0,0,0,,
2029-01-22,2029-01-22,2029,1,2029-01,0,0,0,0,0,0,0,,
2029-01-07,2029-01-07,2029,1,2029-01,0,0,0,0,0,0,0,,
2028-12-15,2028-12-15,2028,12,2028-12,0,0,0,0,0,0,0,,
2028-12-07,2028-12-07,2028,12,2028-12,0,0,0,0,0,0,0,,
2028-11-10,2028-11-10,2028,11,2028-11,0,0,0,0,0,0,0,,
2028-11-07,2028-11-07,2028,11,2028-11,0,0,0,0,0,0,0,,
2028-11-02,2028-11-02,2028,11,2028-11,0,0,0,0,0,0,0,,
2028-10-23,2028-10-23,2028,10,2028-10,0,0,0,0,0,0,0,,
2028-10-22,2028-10-22,2028,10,2028-10,0,0,0,0,0,0,0,,
2028-09-15,2028-09-15,2028,9,2028-09,0,0,0,0,0,0,0,,
2028-09-03,2028-09-03,2028,9,2028-09,0,0,0,0,0,0,0,,
2028-08-21,2028-08-21,2028,8,2028-08,0,0,0,0,0,0,0,,
2028-07-18,2028-07-18,2028,7,2028-07,0,0,0,0,0,0,0,,
2028-07-16,2028-07-16,2028,7,2028-07,0,0,0,0,0,0,0,,
2028-07-01,2028-07-01,2028,7,2028-07,0,0,0,0,0,0,0,,
2028-06-30,2028-06-30,2028,6,2028-06,0,0,0,0,0,0,0,,
2028-06-23,2028-06-23,2028,6,2028-06,0,0,0,0,0,0,0,,
2028-04-22,2028-04-22,2028,4,2028-04,0,0,0,0,0,0,0,,
2028-03-20,2028-03-20,2028,3,2028-03,0,0,0,0,0,0,0,,
2028-02-17,2028-02-17,2028,2,2028-02,0,0,0,0,0,0,0,,
2028-01-28,2028-01-28,2028,1,2028-01,0,0,0,0,0,0,0,,
2028-01-12,2028-01-12,2028,1,2028-01,0,0,0,0,0,0,0,,
2028-01-11,2028-01-11,2028,1,2028-01,0,0,0,0,0,0,0,,
2027-12-24,2027-12-24,2027,12,2027-12,0,0,0,0,0,0,0,,
2027-12-13,2027-12-13,2027,12,2027-12,0,0,0,0,0,0,0,,
2027-12-05,2027-12-05,2027,12,2027-12,0,0,0,0,0,0,0,,
2027-12-01,2027-12-01,2027,12,2027-12,0,0,0,0,0,0,0,,
2027-10-21,2027-10-21,2027,10,2027-10,0,0,0,0,0,0,0,,
2027-09-04,2027-09-04,2027,9,2027-09,0,0,0,0,0,0,0,,
2027-08-27,2027-08-27,2027,8,2027-08,0,0,0,0,0,0,0,,
2027-08-10,2027-08-10,2027,8,2027-08,0,0,0,0,0,0,0,,
2027-08-02,2027-08-02,2027,8,2027-08,0,0,0,0,0,0,0,,
2027-07-12,2027-07-12,2027,7,2027-07,0,0,0,0,0,0,0,,
2027-07-05,2027-07-05,2027,7,2027-07,0,0,0,0,0,0,0,,
2027-06-13,2027-06-13,2027,6,2027-06,0,0,0,0,0,0,0,,
2027-05-06,2027-05-06,2027,5,2027-05,0,0,0,0,0,0,0,,
2027-03-30,2027-03-30,2027,3,2027-03,0,0,0,0,0,0,0,,
2027-03-17,2027-03-17,2027,3,2027-03,0,0,0,0,0,0,0,,
2027-02-21,2027-02-21,2027,2,2027-02,0,0,0,0,0,0,0,,
2027-02-13,2027-02-13,2027,2,2027-02,0,0,0,0,0,0,0,,
2027-02-06,2027-02-06,2027,2,2027-02,0,0,0,0,0,0,0,,
2027-01-28,2027-01-28,2027,1,2027-01,0,0,0,0,0,0,0,,
2027-01-12,2027-01-12,2027,1,2027-01,0,0,0,0,0,0,0,,
2026-12-18,2026-12-18,2026,12,2026-12,0,0,0,0,0,0,0,,
2026-11-01,2026-11-01,2026,11,2026-11,0,0,0,0,0,0,0,,
2026-10-22,2026-10-22,2026,10,2026-10,0,0,0,0,0,0,0,,
2026-10-09,2026-10-09,2026,10,2026-10,0,0,0,0,0,0,0,,
2026-09-26,2026-09-26,2026,9,2026-09,0,0,0,0,0,0,0,,
2026-09-13,2026-09-13,2026,9,2026-09,0,0,0,0,0,0,0,,
2026-09-03,2026-09-03,2026,9,2026-09,0,0,0,0,0,0,0,,
2026-08-11,2026-08-11,2026,8,2026-08,0,0,0,0,0,0,0,,
2026-08-04,2026-08-04,2026,8,2026-08,0,0,0,0,0,0,0,,
2026-06-28,2026-06-28,2026,6,2026-06,0,0,0,0,0,0,0,,
2026-06-10,2026-06-10,2026,6,2026-06,0,0,0,0,0,0,0,,
2026-06-05,2026-06-05,2026,6,2026-06,0,0,0,0,0,0,0,,
2026-06-04,2026-06-04,2026,6,2026-06,0,0,0,0,0,0,0,,
2026-05-29,2026-05-29,2026,5,2026-05,0,0,0,0,0,0,0,,
2026-05-13,2026-05-13,2026,5,2026-05,0,0,0,0,0,0,0,,
2026-04-26,2026-04-26,2026,4,2026-04,0,0,0,0,0,0,0,,
2026-04-21,2026-04-21,2026,4,2026-04,0,0,0,0,0,0,0,,
2026-04-18,2026-04-18,2026,4,2026-04,0,0,0,0,0,0,0,,
2026-04-07,2026-04-07,2026,4,2026-04,0,0,0,0,0,0,0,,
2026-03-31,2026-03-31,2026,3,2026-03,0,0,0,0,0,0,0,,
2026-03-27,2026-03-27,2026,3,2026-03,0,0,0,0,0,0,0,,
2026-03-06,2026-03-06,2026,3,2026-03,0,0,0,0,0,0,0,,
2026-02-23,2026-02-23,2026,2,2026-02,0,0,0,0,0,0,0,,
2025-12-17,2025-12-17,2025,12,2025-12,0,0,0,0,0,0,0,,
2025-10-23,2025-10-23,2025,10,2025-10,0,0,0,0,0,0,0,,
2025-10-07,2025-10-07,2025,10,2025-10,0,0,0,0,0,0,0,,
2025-09-12,2025-09-12,2025,9,2025-09,0,0,0,0,0,0,0,,
2025-09-10,2025-09-10,2025,9,2025-09,0,0,0,0,0,0,0,,
2025-08-29,2025-08-29,2025,8,2025-08,0,0,0,0,0,0,0,,
2025-08-27,2025-08-27,2025,8,2025-08,0,0,0,0,0,0,0,,
2025-08-24,2025-08-24,2025,8,2025-08,0,0,0,0,0,0,0,,
2025-08-21,2025-08-21,2025,8,2025-08,0,0,0,0,0,0,0,,
2025-08-20,2025-08-20,2025,8,2025-08,0,0,0,0,0,0,0,,
2025-08-08,2025-08-08,2025,8,2025-08,0,0,0,0,0,0,0,,
2025-07-12,2025-07-12,2025,7,2025-07,0,0,0,0,0,0,0,,
2025-07-05,2025-07-05,2025,7,2025-07,0,0,0,0,0,0,0,,
2025-06-28,2025-06-28,2025,6,2025-06,0,0,0,0,0,0,0,,
2025-06-10,2025-06-10,2025,6,2025-06,0,0,0,0,0,0,0,,
2025-05-10,2025-05-10,2025,5,2025-05,0,0,0,0,0,0,0,,
2025-04-29,2025-04-29,2025,4,2025-04,0,0,0,0,0,0,0,,
2025-04-17,2025-04-17,2025,4,2025-04,0,0,0,0,0,0,0,,
2025-04-02,2025-04-02,2025,4,2025-04,0,0,0,0,0,0,0,,
2025-02-19,2025-02-19,2025,2,2025-02,0,0,0,0,0,0,0,,
2025-02-07,2025-02-07,2025,2,2025-02,0,0,0,0,0,0,0,,
2024-12-20,2024-12-20,2024,12,2024-12,0,0,0,0,0,0,0,,
2024-12-09,2024-12-09,2024,12,2024-12,0,0,0,0,0,0,0,,
2024-12-07,2024-12-07,2024,12,2024-12,0,0,0,0,0,0,0,,
2024-11-28,2024-11-28,2024,11,2024-11,0,0,0,0,0,0,0,,
2024-11-07,2024-11-07,2024,11,2024-11,0,0,0,0,0,0,0,,
2024-10-27,2024-10-27,2024,10,2024-10,0,0,0,0,0,0,0,,
2024-09-15,2024-09-15,2024,9,2024-09,0,0,0,0,0,0,0,,
2024-09-04,2024-09-04,2024,9,2024-09,0,0,0,0,0,0,0,,
2024-08-31,2024-08-31,2024,8,2024-08,0,0,0,0,0,0,0,,
2024-08-28,2024-08-28,2024,8,2024-08,0,0,0,0,0,0,0,,
2024-08-27,2024-08-27,2024,8,2024-08,0,0,0,0,0,0,0,,
2024-08-26,2024-08-26,2024,8,2024-08,0,0,0,0,0,0,0,,
2024-08-09,2024-08-09,2024,8,2024-08,0,0,0,0,0,0,0,,
2024-07-28,2024-07-28,2024,7,2024-07,0,0,0,0,0,0,0,,
2024-07-16,2024-07-16,2024,7,2024-07,0,0,0,0,0,0,0,,
2024-07-09,2024-07-09,2024,7,2024-07,0,0,0,0,0,0,0,,
2024-07-04,2024-07-04,2024,7,2024-07,0,0,0,0,0,0,0,,
2024-06-29,2024-06-29,2024,6,2024-06,0,0,0,0,0,0,0,,
2024-06-17,2024-06-17,2024,6,2024-06,0,0,0,0,0,0,0,,
2024-06-13,2024-06-13,2024,6,2024-06,0,0,0,0,0,0,0,,
2024-06-11,2024-06-11,2024,6,2024-06,0,0,0,0,0,0,0,,
2024-06-08,2024-06-08,2024,6,2024-06,0,0,0,0,0,0,0,,
2024-05-25,2024-05-25,2024,5,2024-05,0,0,0,0,0,0,0,,
2024-05-23,2024-05-23,2024,5,2024-05,0,0,0,0,0,0,0,,
2024-05-18,2024-05-18,2024,5,2024-05,0,0,0,0,0,0,0,,
2024-05-13,2024-05-13,2024,5,2024-05,0,0,0,0,0,0,0,,
2024-05-05,2024-05-05,2024,5,2024-05,0,0,0,0,0,0,0,,
2024-04-20,2024-04-20,2024,4,2024-04,0,0,0,0,0,0,0,,
2024-04-12,2024-04-12,2024,4,2024-04,0,0,0,0,0,0,0,,
2024-03-14,2024-03-14,2024,3,2024-03,0,0,0,0,0,0,0,,
2024-03-09,2024-03-09,2024,3,2024-03,0,0,0,0,0,0,0,,
2024-02-24,2024-02-24,2024,2,2024-02,0,0,0,0,0,0,0,,
2024-02-07,2024-02-07,2024,2,2024-02,0,0,0,0,0,0,0,,
2024-02-02,2024-02-02,2024,2,2024-02,0,0,0,0,0,0,0,,
2024-01-30,2024-01-30,2024,1,2024-01,0,0,0,0,0,0,0,,
2024-01-21,2024-01-21,2024,1,2024-01,0,0,0,0,0,0,0,,
2024-01-10,2024-01-10,2024,1,2024-01,0,0,0,0,0,0,0,,
2023-12-10,2023-12-10,2023,12,2023-12,0,0,0,0,0,0,0,,
2023-11-20,2023-11-20,2023,11,2023-11,0,0,0,0,0,0,0,,
2023-10-28,2023-10-28,2023,10,2023-10,0,0,0,0,0,0,0,,
2023-10-08,2023-10-08,2023,10,2023-10,0,0,0,0,0,0,0,,
2023-10-06,2023-10-06,2023,10,2023-10,0,0,0,0,0,0,0,,
2023-08-30,2023-08-30,2023,8,2023-08,0,0,0,0,0,0,0,,
2023-08-07,2023-08-07,2023,8,2023-08,0,0,0,0,0,0,0,,
2023-07-07,2023-07-07,2023,7,2023-07,0,0,0,0,0,0,0,,
2023-06-11,2023-06-11,2023,6,2023-06,0,0,0,0,0,0,0,,
2023-06-10,2023-06-10,2023,6,2023-06,0,0,0,0,0,0,0,,
2023-05-23,2023-05-23,2023,5,2023-05,0,0,0,0,0,0,0,,
2023-05-14,2023-05-14,2023,5,2023-05,0,0,0,0,0,0,0,,
2023-04-15,2023-04-15,2023,4,2023-04,0,0,0,0,0,0,0,,
2023-04-10,2023-04-10,2023,4,2023-04,0,0,0,0,0,0,0,,
2023-03-11,2023-03-11,2023,3,2023-03,0,0,0,0,0,0,0,,
2023-02-26,2023-02-26,2023,2,2023-02,0,0,0,0,0,0,0,,
2023-02-24,2023-02-24,2023,2,2023-02,0,0,0,0,0,0,0,,
2023-02-02,2023-02-02,2023,2,2023-02,0,0,0,0,0,0,0,,
2023-01-31,2023-01-31,2023,1,2023-01,0,0,0,0,0,0,0,,
2023-01-16,2023-01-16,2023,1,2023-01,0,0,0,0,0,0,0,,
2022-12-30,2022-12-30,2022,12,2022-12,0,0,0,0,0,0,0,,
2022-12-04,2022-12-04,2022,12,2022-12,0,0,0,0,0,0,0,,
2022-11-16,2022-11-16,2022,11,2022-11,0,0,0,0,0,0,0,,
2022-10-30,2022-10-30,2022,10,2022-10,0,0,0,0,0,0,0,,
2022-10-17,2022-10-17,2022,10,2022-10,0,0,0,0,0,0,0,,
2022-09-19,2022-09-19,2022,9,2022-09,0,0,0,0,0,0,0,,
2022-08-08,2022-08-08,2022,8,2022-08,0,0,0,0,0,0,0,,
2022-07-28,2022-07-28,2022,7,2022-07,0,0,0,0,0,0,0,,
2022-07-25,2022-07-25,2022,7,2022-07,0,0,0,0,0,0,0,,
2022-06-29,2022-06-29,2022,6,2022-06,0,0,0,0,0,0,0,,
2022-05-31,2022-05-31,2022,5,2022-05,0,0,0,0,0,0,0,,
2022-05-24,2022-05-24,2022,5,2022-05,0,0,0,0,0,0,0,,
2022-05-05,2022-05-05,2022,5,2022-05,0,0,0,0,0,0,0,,
2022-05-01,2022-05-01,2022,5,2022-05,0,0,0,0,0,0,0,,
2022-04-12,2022-04-12,2022,4,2022-04,0,0,0,0,0,0,0,,
2022-03-20,2022-03-20,2022,3,2022-03,0,0,0,0,0,0,0,,
2022-03-15,2022-03-15,2022,3,2022-03,0,0,0,0,0,0,0,,
2022-03-10,2022-03-10,2022,3,2022-03,0,0,0,0,0,0,0,,
2022-03-03,2022-03-03,2022,3,2022-03,0,0,0,0,0,0,0,,
2022-03-02,2022-03-02,2022,3,2022-03,0,0,0,0,0,0,0,,
2022-02-24,2022-02-24,2022,2,2022-02,0,0,0,0,0,0,0,,
2022-02-23,2022-02-23,2022,2,2022-02,0,0,0,0,0,0,0,,
2022-02-04,2022-02-04,2022,2,2022-02,0,0,0,0,0,0,0,,
2022-01-25,2022-01-25,2022,1,2022-01,0,0,0,0,0,0,0,,
2022-01-20,2022-01-20,2022,1,2022-01,0,0,0,0,0,0,0,,
2022-01-10,2022-01-10,2022,1,2022-01,0,0,0,0,0,0,0,,
2022-01-04,2022-01-04,2022,1,2022-01,0,0,0,0,0,0,0,,
2022-01-01,2022-01-01,2022,1,2022-01,0,0,0,0,0,0,0,,
2021-12-22,2021-12-22,2021,12,2021-12,0,0,0,0,0,0,0,,
2021-08-15,2021-08-15,2021,8,2021-08,0,0,0,0,0,0,0,,
2021-08-14,2021-08-14,2021,8,2021-08,0,0,0,0,0,0,0,,
2021-07-08,2021-07-08,2021,7,2021-07,0,0,0,0,0,0,0,,
2021-06-29,2021-06-29,2021,6,2021-06,0,0,0,0,0,0,0,,
2021-05-27,2021-05-27,2021,5,2021-05,0,0,0,0,0,0,0,,
2021-05-19,2021-05-19,2021,5,2021-05,0,0,0,0,0,0,0,,
2021-05-11,2021-05-11,2021,5,2021-05,0,0,0,0,0,0,0,,
2021-05-04,2021-05-04,2021,5,2021-05,0,0,0,0,0,0,0,,
2021-04-24,2021-04-24,2021,4,2021-04,0,0,0,0,0,0,0,,
2021-04-13,2021-04-13,2021,4,2021-04,0,0,0,0,0,0,0,,
2021-02-13,2021-02-13,2021,2,2021-02,0,0,0,0,0,0,0,,
2021-02-09,2021-02-09,2021,2,2021-02,0,0,0,0,0,0,0,,
2021-02-06,2021-02-06,2021,2,2021-02,0,0,0,0,0,0,0,,
2021-02-01,2021-02-01,2021,2,2021-02,0,0,0,0,0,0,0,,
2021-01-26,2021-01-26,2021,1,2021-01,0,0,0,0,0,0,0,,
2021-01-09,2021-01-09,2021,1,2021-01,0,0,0,0,0,0,0,,
2021-01-01,2021-01-01,2021,1,2021-01,0,0,0,0,0,0,0,,
2020-11-24,2020-11-24,2020,11,2020-11,0,0,0,0,0,0,0,,
2020-11-16,2020-11-16,2020,11,2020-11,0,0,0,0,0,0,0,,
2020-11-15,2020-11-15,2020,11,2020-11,0,0,0,0,0,0,0,,
2020-11-03,2020-11-03,2020,11,2020-11,0,0,0,0,0,0,0,,
2020-11-01,2020-11-01,2020,11,2020-11,0,0,0,0,0,0,0,,
2020-10-11,2020-10-11,2020,10,2020-10,0,0,0,0,0,0,0,,
2020-10-05,2020-10-05,2020,10,2020-10,0,0,0,0,0,0,0,,
2020-08-03,2020-08-03,2020,8,2020-08,0,0,0,0,0,0,0,,
2020-07-11,2020-07-11,2020,7,2020-07,0,0,0,0,0,0,0,,
2020-06-10,2020-06-10,2020,6,2020-06,0,0,0,0,0,0,0,,
2020-05-29,2020-05-29,2020,5,2020-05,0,0,0,0,0,0,0,,
2020-04-17,2020-04-17,2020,4,2020-04,0,0,0,0,0,0,0,,
2020-02-25,2020-02-25,2020,2,2020-02,0,0,0,0,0,0,0,,
2020-02-20,2020-02-20,2020,2,2020-02,0,0,0,0,0,0,0,,
2019-12-21,2019-12-21,2019,12,2019-12,0,0,0,0,0,0,0,,
2019-12-06,2019-12-06,2019,12,2019-12,0,0,0,0,0,0,0,,
2019-12-02,2019-12-02,2019,12,2019-12,0,0,0,0,0,0,0,,
2019-11-30,2019-11-30,2019,11,2019-11,0,0,0,0,0,0,0,,
2019-10-23,2019-10-23,2019,10,2019-10,0,0,0,0,0,0,0,,
2019-10-08,2019-10-08,2019,10,2019-10,0,0,0,0,0,0,0,,
2019-08-27,2019-08-27,2019,8,2019-08,0,0,0,0,0,0,0,,
2019-08-01,2019-08-01,2019,8,2019-08,0,0,0,0,0,0,0,,
2019-07-24,2019-07-24,2019,7,2019-07,0,0,0,0,0,0,0,,
2019-07-20,2019-07-20,2019,7,2019-07,0,0,0,0,0,0,0,,
2019-07-19,2019-07-19,2019,7,2019-07,0,0,0,0,0,0,0,,
2019-07-15,2019-07-15,2019,7,2019-07,0,0,0,0,0,0,0,,
2019-07-10,2019-07-10,2019,7,2019-07,0,0,0,0,0,0,0,,
2019-07-05,2019-07-05,2019,7,2019-07,0,0,0,0,0,0,0,,
2019-06-28,2019-06-28,2019,6,2019-06,0,0,0,0,0,0,0,,
2019-06-06,2019-06-06,2019,6,2019-06,0,0,0,0,0,0,0,,
2019-05-23,2019-05-23,2019,5,2019-05,0,0,0,0,0,0,0,,
2019-05-09,2019-05-09,2019,5,2019-05,0,0,0,0,0,0,0,,
2019-05-03,2019-05-03,2019,5,2019-05,0,0,0,0,0,0,0,,
2019-05-02,2019-05-02,2019,5,2019-05,0,0,0,0,0,0,0,,
2019-04-30,2019-04-30,2019,4,2019-04,0,0,0,0,0,0,0,,
2019-03-21,2019-03-21,2019,3,2019-03,0,0,0,0,0,0,0,,
2019-03-12,2019-03-12,2019,3,2019-03,0,0,0,0,0,0,0,,
2019-03-09,2019-03-09,2019,3,2019-03,0,0,0,0,0,0,0,,
2019-03-06,2019-03-06,2019,3,2019-03,0,0,0,0,0,0,0,,
2019-03-04,2019-03-04,2019,3,2019-03,0,0,0,0,0,0,0,,
2019-02-25,2019-02-25,2019,2,2019-02,0,0,0,0,0,0,0,,
2019-02-20,2019-02-20,2019,2,2019-02,0,0,0,0,0,0,0,,
2019-01-30,2019-01-30,2019,1,2019-01,0,0,0,0,0,0,0,,
2019-01-21,2019-01-21,2019,1,2019-01,0,0,0,0,0,0,0,,
2018-12-30,2018-12-30,2018,12,2018-12,0,0,0,0,0,0,0,,
2018-12-20,2018-12-20,2018,12,2018-12,0,0,0,0,0,0,0,,
2018-12-15,2018-12-15,2018,12,2018-12,0,0,0,0,0,0,0,,
2018-12-13,2018-12-13,2018,12,2018-12,0,0,0,0,0,0,0,,
2018-11-17,2018-11-17,2018,11,2018-11,0,0,0,0,0,0,0,,
2018-11-09,2018-11-09,2018,11,2018-11,0,0,0,0,0,0,0,,
2018-10-31,2018-10-31,2018,10,2018-10,0,0,0,0,0,0,0,,
2018-10-22,2018-10-22,2018,10,2018-10,0,0,0,0,0,0,0,,
2018-10-11,2018-10-11,2018,10,2018-10,0,0,0,0,0,0,0,,
2018-09-30,2018-09-30,2018,9,2018-09,0,0,0,0,0,0,0,,
2018-09-05,2018-09-05,2018,9,2018-09,0,0,0,0,0,0,0,,
2018-09-01,2018-09-01,2018,9,2018-09,0,0,0,0,0,0,0,,
2018-08-25,2018-08-25,2018,8,2018-08,0,0,0,0,0,0,0,,
2018-08-13,2018-08-13,2018,8,2018-08,0,0,0,0,0,0,0,,
2018-08-10,2018-08-10,2018,8,2018-08,0,0,0,0,0,0,0,,
2018-08-02,2018-08-02,2018,8,2018-08,0,0,0,0,0,0,0,,
2018-07-20,2018-07-20,2018,7,2018-07,0,0,0,0,0,0,0,,
2018-06-09,2018-06-09,2018,6,2018-06,0,0,0,0,0,0,0,,
2018-05-29,2018-05-29,2018,5,2018-05,0,0,0,0,0,0,0,,
2018-04-30,2018-04-30,2018,4,2018-04,0,0,0,0,0,0,0,,
2018-04-28,2018-04-28,2018,4,2018-04,0,0,0,0,0,0,0,,
2018-04-23,2018-04-23,2018,4,2018-04,0,0,0,0,0,0,0,,
2018-04-16,2018-04-16,2018,4,2018-04,0,0,0,0,0,0,0,,
2018-04-03,2018-04-03,2018,4,2018-04,0,0,0,0,0,0,0,,
2018-04-02,2018-04-02,2018,4,2018-04,0,0,0,0,0,0,0,,
2018-03-22,2018-03-22,2018,3,2018-03,0,0,0,0,0,0,0,,
2018-03-20,2018-03-20,2018,3,2018-03,0,0,0,0,0,0,0,,
2018-03-06,2018-03-06,2018,3,2018-03,0,0,0,0,0,0,0,,
2018-02-13,2018-02-13,2018,2,2018-02,0,0,0,0,0,0,0,,
2018-01-30,2018-01-30,2018,1,2018-01,0,0,0,0,0,0,0,,
2018-01-26,2018-01-26,2018,1,2018-01,0,0,0,0,0,0,0,,
2017-12-14,2017-12-14,2017,12,2017-12,0,0,0,0,0,0,0,,
2017-12-07,2017-12-07,2017,12,2017-12,0,0,0,0,0,0,0,,
2017-12-05,2017-12-05,2017,12,2017-12,0,0,0,0,0,0,0,,
2017-12-02,2017-12-02,2017,12,2017-12,0,0,0,0,0,0,0,,
2017-11-24,2017-11-24,2017,11,2017-11,0,0,0,0,0,0,0,,
2017-11-05,2017-11-05,2017,11,2017-11,0,0,0,0,0,0,0,,
2017-11-01,2017-11-01,2017,11,2017-11,0,0,0,0,0,0,0,,
2017-10-31,2017-10-31,2017,10,2017-10,0,0,0,0,0,0,0,,
2017-10-18,2017-10-18,2017,10,2017-10,0,0,0,0,0,0,0,,
2017-10-15,2017-10-15,2017,10,2017-10,0,0,0,0,0,0,0,,
2017-10-08,2017-10-08,2017,10,2017-10,0,0,0,0,0,0,0,,
2017-09-09,2017-09-09,2017,9,2017-09,0,0,0,0,0,0,0,,
2017-09-06,2017-09-06,2017,9,2017-09,0,0,0,0,0,0,0,,
2017-08-30,2017-08-30,2017,8,2017-08,0,0,0,0,0,0,0,,
2017-08-24,2017-08-24,2017,8,2017-08,0,0,0,0,0,0,0,,
2017-08-12,2017-08-12,2017,8,2017-08,0,0,0,0,0,0,0,,
2017-08-06,2017-08-06,2017,8,2017-08,0,0,0,0,0,0,0,,
2017-07-28,2017-07-28,2017,7,2017-07,0,0,0,0,0,0,0,,
2017-07-08,2017-07-08,2017,7,2017-07,0,0,0,0,0,0,0,,
2017-06-16,2017-06-16,2017,6,2017-06,0,0,0,0,0,0,0,,
2017-06-08,2017-06-08,2017,6,2017-06,0,0,0,0,0,0,0,,
2017-05-28,2017-05-28,2017,5,2017-05,0,0,0,0,0,0,0,,
2017-04-10,2017-04-10,2017,4,2017-04,0,0,0,0,0,0,0,,
2017-04-09,2017-04-09,2017,4,2017-04,0,0,0,0,0,0,0,,
2017-04-07,2017-04-07,2017,4,2017-04,0,0,0,0,0,0,0,,
2017-04-01,2017-04-01,2017,4,2017-04,0,0,0,0,0,0,0,,
2017-03-26,2017-03-26,2017,3,2017-03,0,0,0,0,0,0,0,,
2017-03-22,2017-03-22,2017,3,2017-03,0,0,0,0,0,0,0,,
2017-02-25,2017-02-25,2017,2,2017-02,0,0,0,0,0,0,0,,
2017-02-16,2017-02-16,2017,2,2017-02,0,0,0,0,0,0,0,,
2017-01-21,2017-01-21,2017,1,2017-01,0,0,0,0,0,0,0,,
2017-01-15,2017-01-15,2017,1,2017-01,0,0,0,0,0,0,0,,
2017-01-12,2017-01-12,2017,1,2017-01,0,0,0,0,0,0,0,,
2016-12-31,2016-12-31,2016,12,2016-12,0,0,0,0,0,0,0,,
2016-12-23,2016-12-23,2016,12,2016-12,0,0,0,0,0,0,0,,
2016-12-21,2016-12-21,2016,12,2016-12,0,0,0,0,0,0,0,,
2016-12-17,2016-12-17,2016,12,2016-12,0,0,0,0,0,0,0,,
2016-10-29,2016-10-29,2016,10,2016-10,0,0,0,0,0,0,0,,
2016-10-20,2016-10-20,2016,10,2016-10,0,0,0,0,0,0,0,,
2016-10-05,2016-10-05,2016,10,2016-10,0,0,0,0,0,0,0,,
2016-09-14,2016-09-14,2016,9,2016-09,0,0,0,0,0,0,0,,
2016-09-07,2016-09-07,2016,9,2016-09,0,0,0,0,0,0,0,,
2016-08-24,2016-08-24,2016,8,2016-08,0,0,0,0,0,0,0,,
2016-08-17,2016-08-17,2016,8,2016-08,0,0,0,0,0,0,0,,
2016-08-13,2016-08-13,2016,8,2016-08,0,0,0,0,0,0,0,,
2016-08-07,2016-08-07,2016,8,2016-08,0,0,0,0,0,0,0,,
2016-07-26,2016-07-26,2016,7,2016-07,0,0,0,0,0,0,0,,
2016-07-22,2016-07-22,2016,7,2016-07,0,0,0,0,0,0,0,,
2016-06-19,2016-06-19,2016,6,2016-06,0,0,0,0,0,0,0,,
2016-06-06,2016-06-06,2016,6,2016-06,0,0,0,0,0,0,0,,
2016-06-01,2016-06-01,2016,6,2016-06,0,0,0,0,0,0,0,,
2016-05-31,2016-05-31,2016,5,2016-05,0,0,0,0,0,0,0,,
2016-05-29,2016-05-29,2016,5,2016-05,0,0,0,0,0,0,0,,
2016-05-09,2016-05-09,2016,5,2016-05,0,0,0,0,0,0,0,,
2016-05-01,2016-05-01,2016,5,2016-05,0,0,0,0,0,0,0,,
2016-02-28,2016-02-28,2016,2,2016-02,0,0,0,0,0,0,0,,
2012-11-18,2012-11-18,2012,11,2012-11,0,0,0,0,0,0,0,,
2012-11-10,2012-11-10,2012,11,2012-11,0,0,0,0,0,0,0,,
2012-10-31,2012-10-31,2012,10,2012-10,0,0,0,0,0,0,0,,
2012-10-04,2012-10-04,2012,10,2012-10,0,0,0,0,0,0,0,,
2012-08-30,2012-08-30,2012,8,2012-08,0,0,0,0,0,0,0,,
2012-07-21,2012-07-21,2012,7,2012-07,0,0,0,0,0,0,0,,
2012-07-19,2012-07-19,2012,7,2012-07,0,0,0,0,0,0,0,,
2012-07-07,2012-07-07,2012,7,2012-07,0,0,0,0,0,0,0,,
2012-06-12,2012-06-12,2012,6,2012-06,0,0,0,0,0,0,0,,
2012-05-27,2012-05-27,2012,5,2012-05,0,0,0,0,0,0,0,,
2012-05-23,2012-05-23,2012,5,2012-05,0,0,0,0,0,0,0,,
2012-03-30,2012-03-30,2012,3,2012-03,0,0,0,0,0,0,0,,
2012-03-25,2012-03-25,2012,3,2012-03,0,0,0,0,0,0,0,,
2012-02-29,2012-02-29,2012,2,2012-02,0,0,0,0,0,0,0,,
2030-11-18,2030-11-18,2030,11,2030-11,0,0,0,0,0,0,0,,
2030-11-10,2030-11-10,2030,11,2030-11,0,0,0,0,0,0,0,,
2030-11-08,2030-11-08,2030,11,2030-11,0,0,0,0,0,0,0,,
2030-10-25,2030-10-25,2030,10,2030-10,0,0,0,0,0,0,0,,
2030-10-08,2030-10-08,2030,10,2030-10,0,0,0,0,0,0,0,,
2030-09-08,2030-09-08,2030,9,2030-09,0,0,0,0,0,0,0,,
2030-08-24,2030-08-24,2030,8,2030-08,0,0,0,0,0,0,0,,
2030-08-18,2030-08-18,2030,8,2030-08,0,0,0,0,0,0,0,,
2030-07-24,2030-07-24,2030,7,2030-07,0,0,0,0,0,0,0,,
2030-07-19,2030-07-19,2030,7,2030-07,0,0,0,0,0,0,0,,
2030-07-10,2030-07-10,2030,7,2030-07,0,0,0,0,0,0,0,,
2030-06-30,2030-06-30,2030,6,2030-06,0,0,0,0,0,0,0,,
2030-05-14,2030-05-14,2030,5,2030-05,0,0,0,0,0,0,0,,
2030-05-10,2030-05-10,2030,5,2030-05,0,0,0,0,0,0,0,,
2030-04-15,2030-04-15,2030,4,2030-04,0,0,0,0,0,0,0,,
2030-03-19,2030-03-19,2030,3,2030-03,0,0,0,0,0,0,0,,
2030-02-28,2030-02-28,2030,2,2030-02,0,0,0,0,0,0,0,,
2030-02-25,2030-02-25,2030,2,2030-02,0,0,0,0,0,0,0,,
2030-01-20,2030-01-20,2030,1,2030-01,0,0,0,0,0,0,0,,
2029-12-15,2029-12-15,2029,12,2029-12,0,0,0,0,0,0,0,,
2029-09-23,2029-09-23,2029,9,2029-09,0,0,0,0,0,0,0,,
2029-09-22,2029-09-22,2029,9,2029-09,0,0,0,0,0,0,0,,
2029-07-25,2029-07-25,2029,7,2029-07,0,0,0,0,0,0,0,,
2029-07-19,2029-07-19,2029,7,2029-07,0,0,0,0,0,0,0,,
2029-07-14,2029-07-14,2029,7,2029-07,0,0,0,0,0,0,0,,
2029-06-30,2029-06-30,2029,6,2029-06,0,0,0,0,0,0,0,,
2029-06-24,2029-06-24,2029,6,2029-06,0,0,0,0,0,0,0,,
2029-06-01,2029-06-01,2029,6,2029-06,0,0,0,0,0,0,0,,
2029-05-29,2029-05-29,2029,5,2029-05,0,0,0,0,0,0,0,,
2029-05-25,2029-05-25,2029,5,2029-05,0,0,0,0,0,0,0,,
2029-05-24,2029-05-24,2029,5,2029-05,0,0,0,0,0,0,0,,
2029-05-04,2029-05-04,2029,5,2029-05,0,0,0,0,0,0,0,,
2029-03-12,2029-03-12,2029,3,2029-03,0,0,0,0,0,0,0,,
2029-02-04,2029-02-04,2029,2,2029-02,0,0,0,0,0,0,0,,
2029-02-03,2029-02-03,2029,2,2029-02,0,0,0,0,0,0,0,,
2029-01-04,2029-01-04,2029,1,2029-01,0,0,0,0,0,0,0,,
2028-12-20,2028-12-20,2028,12,2028-12,0,0,0,0,0,0,0,,
2028-12-18,2028-12-18,2028,12,2028-12,0,0,0,0,0,0,0,,
2028-11-28,2028-11-28,2028,11,2028-11,0,0,0,0,0,0,0,,
2028-11-03,2028-11-03,2028,11,2028-11,0,0,0,0,0,0,0,,
2028-10-15,2028-10-15,2028,10,2028-10,0,0,0,0,0,0,0,,
2028-10-13,2028-10-13,2028,10,2028-10,0,0,0,0,0,0,0,,
2028-10-07,2028-10-07,2028,10,2028-10,0,0,0,0,0,0,0,,
2028-10-04,2028-10-04,2028,10,2028-10,0,0,0,0,0,0,0,,
2028-09-19,2028-09-19,2028,9,2028-09,0,0,0,0,0,0,0,,
2028-08-25,2028-08-25,2028,8,2028-08,0,0,0,0,0,0,0,,
2028-08-24,2028-08-24,2028,8,2028-08,0,0,0,0,0,0,0,,
2028-08-11,2028-08-11,2028,8,2028-08,0,0,0,0,0,0,0,,
2028-07-19,2028-07-19,2028,7,2028-07,0,0,0,0,0,0,0,,
2028-06-13,2028-06-13,2028,6,2028-06,0,0,0,0,0,0,0,,
2028-05-17,2028-05-17,2028,5,2028-05,0,0,0,0,0,0,0,,
2028-05-14,2028-05-14,2028,5,2028-05,0,0,0,0,0,0,0,,
2028-05-06,2028-05-06,2028,5,2028-05,0,0,0,0,0,0,0,,
2028-04-25,2028-04-25,2028,4,2028-04,0,0,0,0,0,0,0,,
2028-04-11,2028-04-11,2028,4,2028-04,0,0,0,0,0,0,0,,
2028-04-04,2028-04-04,2028,4,2028-04,0,0,0,0,0,0,0,,
2028-03-16,2028-03-16,2028,3,2028-03,0,0,0,0,0,0,0,,
2028-02-29,2028-02-29,2028,2,2028-02,0,0,0,0,0,0,0,,
2028-01-02,2028-01-02,2028,1,2028-01,0,0,0,0,0,0,0,,
2027-12-10,2027-12-10,2027,12,2027-12,0,0,0,0,0,0,0,,
2027-12-08,2027-12-08,2027,12,2027-12,0,0,0,0,0,0,0,,
2027-11-20,2027-11-20,2027,11,2027-11,0,0,0,0,0,0,0,,
2027-10-29,2027-10-29,2027,10,2027-10,0,0,0,0,0,0,0,,
2027-10-27,2027-10-27,2027,10,2027-10,0,0,0,0,0,0,0,,
2027-09-21,2027-09-21,2027,9,2027-09,0,0,0,0,0,0,0,,
2027-08-08,2027-08-08,2027,8,2027-08,0,0,0,0,0,0,0,,
2027-08-03,2027-08-03,2027,8,2027-08,0,0,0,0,0,0,0,,
2027-07-25,2027-07-25,2027,7,2027-07,0,0,0,0,0,0,0,,
2027-07-22,2027-07-22,2027,7,2027-07,0,0,0,0,0,0,0,,
2027-06-22,2027-06-22,2027,6,2027-06,0,0,0,0,0,0,0,,
2027-05-29,2027-05-29,2027,5,2027-05,0,0,0,0,0,0,0,,
2027-04-23,2027-04-23,2027,4,2027-04,0,0,0,0,0,0,0,,
2027-04-08,2027-04-08,2027,4,2027-04,0,0,0,0,0,0,0,,
2027-02-11,2027-02-11,2027,2,2027-02,0,0,0,0,0,0,0,,
2027-02-05,2027-02-05,2027,2,2027-02,0,0,0,0,0,0,0,,
2027-02-04,2027-02-04,2027,2,2027-02,0,0,0,0,0,0,0,,
2027-01-07,2027-01-07,2027,1,2027-01,0,0,0,0,0,0,0,,
2026-12-24,2026-12-24,2026,12,2026-12,0,0,0,0,0,0,0,,
2026-11-22,2026-11-22,2026,11,2026-11,0,0,0,0,0,0,0,,
2026-11-02,2026-11-02,2026,11,2026-11,0,0,0,0,0,0,0,,
2026-10-31,2026-10-31,2026,10,2026-10,0,0,0,0,0,0,0,,
2026-10-20,2026-10-20,2026,10,2026-10,0,0,0,0,0,0,0,,
2026-10-17,2026-10-17,2026,10,2026-10,0,0,0,0,0,0,0,,
2026-10-08,2026-10-08,2026,10,2026-10,0,0,0,0,0,0,0,,
2026-10-07,2026-10-07,2026,10,2026-10,0,0,0,0,0,0,0,,
2026-10-04,2026-10-04,2026,10,2026-10,0,0,0,0,0,0,0,,
2026-09-12,2026-09-12,2026,9,2026-09,0,0,0,0,0,0,0,,
2026-08-23,2026-08-23,2026,8,2026-08,0,0,0,0,0,0,0,,
2026-08-12,2026-08-12,2026,8,2026-08,0,0,0,0,0,0,0,,
2026-07-25,2026-07-25,2026,7,2026-07,0,0,0,0,0,0,0,,
2026-06-30,2026-06-30,2026,6,2026-06,0,0,0,0,0,0,0,,
2026-06-20,2026-06-20,2026,6,2026-06,0,0,0,0,0,0,0,,
2026-06-18,2026-06-18,2026,6,2026-06,0,0,0,0,0,0,0,,
2026-05-09,2026-05-09,2026,5,2026-05,0,0,0,0,0,0,0,,
2026-03-20,2026-03-20,2026,3,2026-03,0,0,0,0,0,0,0,,
2026-03-03,2026-03-03,2026,3,2026-03,0,0,0,0,0,0,0,,
2026-02-26,2026-02-26,2026,2,2026-02,0,0,0,0,0,0,0,,
2026-02-08,2026-02-08,2026,2,2026-02,0,0,0,0,0,0,0,,
2026-01-12,2026-01-12,2026,1,2026-01,0,0,0,0,0,0,0,,
2026-01-10,2026-01-10,2026,1,2026-01,0,0,0,0,0,0,0,,
2026-01-09,2026-01-09,2026,1,2026-01,0,0,0,0,0,0,0,,
2026-01-06,2026-01-06,2026,1,2026-01,0,0,0,0,0,0,0,,
2025-12-15,2025-12-15,2025,12,2025-12,0,0,0,0,0,0,0,,
2025-12-14,2025-12-14,2025,12,2025-12,0,0,0,0,0,0,0,,
2025-12-05,2025-12-05,2025,12,2025-12,0,0,0,0,0,0,0,,
2025-10-31,2025-10-31,2025,10,2025-10,0,0,0,0,0,0,0,,
2025-10-15,2025-10-15,2025,10,2025-10,0,0,0,0,0,0,0,,
2025-09-22,2025-09-22,2025,9,2025-09,0,0,0,0,0,0,0,,
2025-09-18,2025-09-18,2025,9,2025-09,0,0,0,0,0,0,0,,
2025-09-08,2025-09-08,2025,9,2025-09,0,0,0,0,0,0,0,,
2025-08-23,2025-08-23,2025,8,2025-08,0,0,0,0,0,0,0,,
2025-07-19,2025-07-19,2025,7,2025-07,0,0,0,0,0,0,0,,
2025-06-23,2025-06-23,2025,6,2025-06,0,0,0,0,0,0,0,,
2025-06-17,2025-06-17,2025,6,2025-06,0,0,0,0,0,0,0,,
2025-04-16,2025-04-16,2025,4,2025-04,0,0,0,0,0,0,0,,
2025-03-23,2025-03-23,2025,3,2025-03,0,0,0,0,0,0,0,,
2025-03-08,2025-03-08,2025,3,2025-03,0,0,0,0,0,0,0,,
2025-02-28,2025-02-28,2025,2,2025-02,0,0,0,0,0,0,0,,
2025-02-26,2025-02-26,2025,2,2025-02,0,0,0,0,0,0,0,,
2025-02-01,2025-02-01,2025,2,2025-02,0,0,0,0,0,0,0,,
2025-01-21,2025-01-21,2025,1,2025-01,0,0,0,0,0,0,0,,
2024-12-04,2024-12-04,2024,12,2024-12,0,0,0,0,0,0,0,,
2024-11-20,2024-11-20,2024,11,2024-11,0,0,0,0,0,0,0,,
2024-11-12,2024-11-12,2024,11,2024-11,0,0,0,0,0,0,0,,
2024-11-06,2024-11-06,2024,11,2024-11,0,0,0,0,0,0,0,,
2024-11-03,2024-11-03,2024,11,2024-11,0,0,0,0,0,0,0,,
2024-09-25,2024-09-25,2024,9,2024-09,0,0,0,0,0,0,0,,
2024-09-22,2024-09-22,2024,9,2024-09,0,0,0,0,0,0,0,,
2024-09-17,2024-09-17,2024,9,2024-09,0,0,0,0,0,0,0,,
2024-09-12,2024-09-12,2024,9,2024-09,0,0,0,0,0,0,0,,
2024-08-23,2024-08-23,2024,8,2024-08,0,0,0,0,0,0,0,,
2024-07-17,2024-07-17,2024,7,2024-07,0,0,0,0,0,0,0,,
2024-06-26,2024-06-26,2024,6,2024-06,0,0,0,0,0,0,0,,
2024-06-25,2024-06-25,2024,6,2024-06,0,0,0,0,0,0,0,,
2024-06-21,2024-06-21,2024,6,2024-06,0,0,0,0,0,0,0,,
2024-06-06,2024-06-06,2024,6,2024-06,0,0,0,0,0,0,0,,
2024-05-26,2024-05-26,2024,5,2024-05,0,0,0,0,0,0,0,,
2024-05-06,2024-05-06,2024,5,2024-05,0,0,0,0,0,0,0,,
2024-04-26,2024-04-26,2024,4,2024-04,0,0,0,0,0,0,0,,
2024-04-17,2024-04-17,2024,4,2024-04,0,0,0,0,0,0,0,,
2024-02-27,2024-02-27,2024,2,2024-02,0,0,0,0,0,0,0,,
2024-02-19,2024-02-19,2024,2,2024-02,0,0,0,0,0,0,0,,
2024-02-06,2024-02-06,2024,2,2024-02,0,0,0,0,0,0,0,,
2024-02-04,2024-02-04,2024,2,2024-02,0,0,0,0,0,0,0,,
2024-01-29,2024-01-29,2024,1,2024-01,0,0,0,0,0,0,0,,
2024-01-23,2024-01-23,2024,1,2024-01,0,0,0,0,0,0,0,,
2023-10-22,2023-10-22,2023,10,2023-10,0,0,0,0,0,0,0,,
2023-09-08,2023-09-08,2023,9,2023-09,0,0,0,0,0,0,0,,
2023-08-19,2023-08-19,2023,8,2023-08,0,0,0,0,0,0,0,,
2023-08-17,2023-08-17,2023,8,2023-08,0,0,0,0,0,0,0,,
2023-08-16,2023-08-16,2023,8,2023-08,0,0,0,0,0,0,0,,
2023-08-15,2023-08-15,2023,8,2023-08,0,0,0,0,0,0,0,,
2023-08-13,2023-08-13,2023,8,2023-08,0,0,0,0,0,0,0,,
2023-07-19,2023-07-19,2023,7,2023-07,0,0,0,0,0,0,0,,
2023-07-12,2023-07-12,2023,7,2023-07,0,0,0,0,0,0,0,,
2023-07-01,2023-07-01,2023,7,2023-07,0,0,0,0,0,0,0,,
2023-06-22,2023-06-22,2023,6,2023-06,0,0,0,0,0,0,0,,
2023-05-03,2023-05-03,2023,5,2023-05,0,0,0,0,0,0,0,,
2023-04-14,2023-04-14,2023,4,2023-04,0,0,0,0,0,0,0,,
2023-04-12,2023-04-12,2023,4,2023-04,0,0,0,0,0,0,0,,
2023-03-25,2023-03-25,2023,3,2023-03,0,0,0,0,0,0,0,,
2023-03-18,2023-03-18,2023,3,2023-03,0,0,0,0,0,0,0,,
2023-03-13,2023-03-13,2023,3,2023-03,0,0,0,0,0,0,0,,
2023-01-08,2023-01-08,2023,1,2023-01,0,0,0,0,0,0,0,,
2023-01-02,2023-01-02,2023,1,2023-01,0,0,0,0,0,0,0,,
2022-12-07,2022-12-07,2022,12,2022-12,0,0,0,0,0,0,0,,
2022-12-02,2022-12-02,2022,12,2022-12,0,0,0,0,0,0,0,,
2022-11-24,2022-11-24,2022,11,2022-11,0,0,0,0,0,0,0,,
2022-11-11,2022-11-11,2022,11,2022-11,0,0,0,0,0,0,0,,
2022-10-19,2022-10-19,2022,10,2022-10,0,0,0,0,0,0,0,,
2022-10-16,2022-10-16,2022,10,2022-10,0,0,0,0,0,0,0,,
2022-10-11,2022-10-11,2022,10,2022-10,0,0,0,0,0,0,0,,
2022-09-24,2022-09-24,2022,9,2022-09,0,0,0,0,0,0,0,,
2022-09-15,2022-09-15,2022,9,2022-09,0,0,0,0,0,0,0,,
2022-08-24,2022-08-24,2022,8,2022-08,0,0,0,0,0,0,0,,
2022-08-21,2022-08-21,2022,8,2022-08,0,0,0,0,0,0,0,,
2022-08-20,2022-08-20,2022,8,2022-08,0,0,0,0,0,0,0,,
2022-08-18,2022-08-18,2022,8,2022-08,0,0,0,0,0,0,0,,
2022-08-11,2022-08-11,2022,8,2022-08,0,0,0,0,0,0,0,,
2022-07-03,2022-07-03,2022,7,2022-07,0,0,0,0,0,0,0,,
2022-07-01,2022-07-01,2022,7,2022-07,0,0,0,0,0,0,0,,
2022-06-27,2022-06-27,2022,6,2022-06,0,0,0,0,0,0,0,,
2022-06-23,2022-06-23,2022,6,2022-06,0,0,0,0,0,0,0,,
2022-06-20,2022-06-20,2022,6,2022-06,0,0,0,0,0,0,0,,
2022-06-17,2022-06-17,2022,6,2022-06,0,0,0,0,0,0,0,,
2022-05-23,2022-05-23,2022,5,2022-05,0,0,0,0,0,0,0,,
2022-04-21,2022-04-21,2022,4,2022-04,0,0,0,0,0,0,0,,
2022-04-05,2022-04-05,2022,4,2022-04,0,0,0,0,0,0,0,,
2022-03-30,2022-03-30,2022,3,2022-03,0,0,0,0,0,0,0,,
2022-03-25,2022-03-25,2022,3,2022-03,0,0,0,0,0,0,0,,
2022-03-21,2022-03-21,2022,3,2022-03,0,0,0,0,0,0,0,,
2022-03-17,2022-03-17,2022,3,2022-03,0,0,0,0,0,0,0,,
2022-02-25,2022-02-25,2022,2,2022-02,0,0,0,0,0,0,0,,
2022-02-22,2022-02-22,2022,2,2022-02,0,0,0,0,0,0,0,,
2022-01-23,2022-01-23,2022,1,2022-01,0,0,0,0,0,0,0,,
2021-12-28,2021-12-28,2021,12,2021-12,0,0,0,0,0,0,0,,
2021-12-15,2021-12-15,2021,12,2021-12,0,0,0,0,0,0,0,,
2021-11-28,2021-11-28,2021,11,2021-11,0,0,0,0,0,0,0,,
2021-11-12,2021-11-12,2021,11,2021-11,0,0,0,0,0,0,0,,
2021-11-11,2021-11-11,2021,11,2021-11,0,0,0,0,0,0,0,,
2021-11-05,2021-11-05,2021,11,2021-11,0,0,0,0,0,0,0,,
2021-10-26,2021-10-26,2021,10,2021-10,0,0,0,0,0,0,0,,
2021-10-15,2021-10-15,2021,10,2021-10,0,0,0,0,0,0,0,,
2021-10-07,2021-10-07,2021,10,2021-10,0,0,0,0,0,0,0,,
2021-10-02,2021-10-02,2021,10,2021-10,0,0,0,0,0,0,0,,
2021-09-04,2021-09-04,2021,9,2021-09,0,0,0,0,0,0,0,,
2021-08-25,2021-08-25,2021,8,2021-08,0,0,0,0,0,0,0,,
2021-08-24,2021-08-24,2021,8,2021-08,0,0,0,0,0,0,0,,
2021-08-22,2021-08-22,2021,8,2021-08,0,0,0,0,0,0,0,,
2021-08-03,2021-08-03,2021,8,2021-08,0,0,0,0,0,0,0,,
2021-07-10,2021-07-10,2021,7,2021-07,0,0,0,0,0,0,0,,
2021-07-09,2021-07-09,2021,7,2021-07,0,0,0,0,0,0,0,,
2021-04-04,2021-04-04,2021,4,2021-04,0,0,0,0,0,0,0,,
2021-04-01,2021-04-01,2021,4,2021-04,0,0,0,0,0,0,0,,
2021-03-06,2021-03-06,2021,3,2021-03,0,0,0,0,0,0,0,,
2021-02-14,2021-02-14,2021,2,2021-02,0,0,0,0,0,0,0,,
2021-02-04,2021-02-04,2021,2,2021-02,0,0,0,0,0,0,0,,
2021-01-24,2021-01-24,2021,1,2021-01,0,0,0,0,0,0,0,,
2021-01-23,2021-01-23,2021,1,2021-01,0,0,0,0,0,0,0,,
2020-12-23,2020-12-23,2020,12,2020-12,0,0,0,0,0,0,0,,
2020-11-30,2020-11-30,2020,11,2020-11,0,0,0,0,0,0,0,,
2020-11-09,2020-11-09,2020,11,2020-11,0,0,0,0,0,0,0,,
2020-10-20,2020-10-20,2020,10,2020-10,0,0,0,0,0,0,0,,
2020-09-19,2020-09-19,2020,9,2020-09,0,0,0,0,0,0,0,,
2020-09-13,2020-09-13,2020,9,2020-09,0,0,0,0,0,0,0,,
2020-08-30,2020-08-30,2020,8,2020-08,0,0,0,0,0,0,0,,
2020-08-24,2020-08-24,2020,8,2020-08,0,0,0,0,0,0,0,,
2020-07-21,2020-07-21,2020,7,2020-07,0,0,0,0,0,0,0,,
2020-07-13,2020-07-13,2020,7,2020-07,0,0,0,0,0,0,0,,
2020-07-12,2020-07-12,2020,7,2020-07,0,0,0,0,0,0,0,,
2020-06-24,2020-06-24,2020,6,2020-06,0,0,0,0,0,0,0,,
2020-05-23,2020-05-23,2020,5,2020-05,0,0,0,0,0,0,0,,
2020-05-17,2020-05-17,2020,5,2020-05,0,0,0,0,0,0,0,,
2020-05-09,2020-05-09,2020,5,2020-05,0,0,0,0,0,0,0,,
2020-05-05,2020-05-05,2020,5,2020-05,0,0,0,0,0,0,0,,
2020-04-23,2020-04-23,2020,4,2020-04,0,0,0,0,0,0,0,,
2020-03-25,2020-03-25,2020,3,2020-03,0,0,0,0,0,0,0,,
2020-03-20,2020-03-20,2020,3,2020-03,0,0,0,0,0,0,0,,
2020-01-27,2020-01-27,2020,1,2020-01,0,0,0,0,0,0,0,,
2020-01-18,2020-01-18,2020,1,2020-01,0,0,0,0,0,0,0,,
2020-01-07,2020-01-07,2020,1,2020-01,0,0,0,0,0,0,0,,
2019-12-20,2019-12-20,2019,12,2019-12,0,0,0,0,0,0,0,,
2019-11-27,2019-11-27,2019,11,2019-11,0,0,0,0,0,0,0,,
2019-08-22,2019-08-22,2019,8,2019-08,0,0,0,0,0,0,0,,
2019-08-20,2019-08-20,2019,8,2019-08,0,0,0,0,0,0,0,,
2019-08-13,2019-08-13,2019,8,2019-08,0,0,0,0,0,0,0,,
2019-07-29,2019-07-29,2019,7,2019-07,0,0,0,0,0,0,0,,
2019-07-07,2019-07-07,2019,7,2019-07,0,0,0,0,0,0,0,,
2019-07-06,2019-07-06,2019,7,2019-07,0,0,0,0,0,0,0,,
2019-06-23,2019-06-23,2019,6,2019-06,0,0,0,0,0,0,0,,
2019-06-14,2019-06-14,2019,6,2019-06,0,0,0,0,0,0,0,,
2019-06-03,2019-06-03,2019,6,2019-06,0,0,0,0,0,0,0,,
2019-05-06,2019-05-06,2019,5,2019-05,0,0,0,0,0,0,0,,
2019-04-21,2019-04-21,2019,4,2019-04,0,0,0,0,0,0,0,,
2019-04-20,2019-04-20,2019,4,2019-04,0,0,0,0,0,0,0,,
2019-04-10,2019-04-10,2019,4,2019-04,0,0,0,0,0,0,0,,
2019-03-29,2019-03-29,2019,3,2019-03,0,0,0,0,0,0,0,,
2019-03-28,2019-03-28,2019,3,2019-03,0,0,0,0,0,0,0,,
2019-02-24,2019-02-24,2019,2,2019-02,0,0,0,0,0,0,0,,
2019-02-14,2019-02-14,2019,2,2019-02,0,0,0,0,0,0,0,,
2019-02-12,2019-02-12,2019,2,2019-02,0,0,0,0,0,0,0,,
2019-02-03,2019-02-03,2019,2,2019-02,0,0,0,0,0,0,0,,
2019-01-29,2019-01-29,2019,1,2019-01,0,0,0,0,0,0,0,,
2018-12-27,2018-12-27,2018,12,2018-12,0,0,0,0,0,0,0,,
2018-11-21,2018-11-21,2018,11,2018-11,0,0,0,0,0,0,0,,
2018-11-12,2018-11-12,2018,11,2018-11,0,0,0,0,0,0,0,,
2018-11-06,2018-11-06,2018,11,2018-11,0,0,0,0,0,0,0,,
2018-10-19,2018-10-19,2018,10,2018-10,0,0,0,0,0,0,0,,
2018-10-15,2018-10-15,2018,10,2018-10,0,0,0,0,0,0,0,,
2018-08-21,2018-08-21,2018,8,2018-08,0,0,0,0,0,0,0,,
2018-08-05,2018-08-05,2018,8,2018-08,0,0,0,0,0,0,0,,
2018-07-30,2018-07-30,2018,7,2018-07,0,0,0,0,0,0,0,,
2018-07-04,2018-07-04,2018,7,2018-07,0,0,0,0,0,0,0,,
2018-06-30,2018-06-30,2018,6,2018-06,0,0,0,0,0,0,0,,
2018-06-25,2018-06-25,2018,6,2018-06,0,0,0,0,0,0,0,,
2018-06-23,2018-06-23,2018,6,2018-06,0,0,0,0,0,0,0,,
2018-06-18,2018-06-18,2018,6,2018-06,0,0,0,0,0,0,0,,
2018-05-19,2018-05-19,2018,5,2018-05,0,0,0,0,0,0,0,,
2018-05-10,2018-05-10,2018,5,2018-05,0,0,0,0,0,0,0,,
2018-04-11,2018-04-11,2018,4,2018-04,0,0,0,0,0,0,0,,
2018-02-22,2018-02-22,2018,2,2018-02,0,0,0,0,0,0,0,,
2018-02-12,2018-02-12,2018,2,2018-02,0,0,0,0,0,0,0,,
2018-01-19,2018-01-19,2018,1,2018-01,0,0,0,0,0,0,0,,
2018-01-13,2018-01-13,2018,1,2018-01,0,0,0,0,0,0,0,,
2018-01-01,2018-01-01,2018,1,2018-01,0,0,0,0,0,0,0,,
2017-12-09,2017-12-09,2017,12,2017-12,0,0,0,0,0,0,0,,
2017-11-27,2017-11-27,2017,11,2017-11,0,0,0,0,0,0,0,,
2017-11-21,2017-11-21,2017,11,2017-11,0,0,0,0,0,0,0,,
2017-11-15,2017-11-15,2017,11,2017-11,0,0,0,0,0,0,0,,
2017-11-08,2017-11-08,2017,11,2017-11,0,0,0,0,0,0,0,,
2017-10-23,2017-10-23,2017,10,2017-10,0,0,0,0,0,0,0,,
2017-10-22,2017-10-22,2017,10,2017-10,0,0,0,0,0,0,0,,
2017-08-16,2017-08-16,2017,8,2017-08,0,0,0,0,0,0,0,,
2017-08-13,2017-08-13,2017,8,2017-08,0,0,0,0,0,0,0,,
2017-07-07,2017-07-07,2017,7,2017-07,0,0,0,0,0,0,0,,
2017-06-27,2017-06-27,2017,6,2017-06,0,0,0,0,0,0,0,,
2017-06-15,2017-06-15,2017,6,2017-06,0,0,0,0,0,0,0,,
2017-06-07,2017-06-07,2017,6,2017-06,0,0,0,0,0,0,0,,
2017-05-18,2017-05-18,2017,5,2017-05,0,0,0,0,0,0,0,,
2017-04-30,2017-04-30,2017,4,2017-04,0,0,0,0,0,0,0,,
2017-04-29,2017-04-29,2017,4,2017-04,0,0,0,0,0,0,0,,
2017-04-23,2017-04-23,2017,4,2017-04,0,0,0,0,0,0,0,,
2017-04-13,2017-04-13,2017,4,2017-04,0,0,0,0,0,0,0,,
2017-04-05,2017-04-05,2017,4,2017-04,0,0,0,0,0,0,0,,
2017-03-23,2017-03-23,2017,3,2017-03,0,0,0,0,0,0,0,,
2017-02-12,2017-02-12,2017,2,2017-02,0,0,0,0,0,0,0,,
2017-02-05,2017-02-05,2017,2,2017-02,0,0,0,0,0,0,0,,
2017-01-25,2017-01-25,2017,1,2017-01,0,0,0,0,0,0,0,,
2017-01-17,2017-01-17,2017,1,2017-01,0,0,0,0,0,0,0,,
2017-01-13,2017-01-13,2017,1,2017-01,0,0,0,0,0,0,0,,
2017-01-02,2017-01-02,2017,1,2017-01,0,0,0,0,0,0,0,,
2016-12-27,2016-12-27,2016,12,2016-12,0,0,0,0,0,0,0,,
2016-11-29,2016-11-29,2016,11,2016-11,0,0,0,0,0,0,0,,
2016-11-25,2016-11-25,2016,11,2016-11,0,0,0,0,0,0,0,,
2016-10-23,2016-10-23,2016,10,2016-10,0,0,0,0,0,0,0,,
2016-10-12,2016-10-12,2016,10,2016-10,0,0,0,0,0,0,0,,
2016-09-29,2016-09-29,2016,9,2016-09,0,0,0,0,0,0,0,,
2016-09-12,2016-09-12,2016,9,2016-09,0,0,0,0,0,0,0,,
2016-09-11,2016-09-11,2016,9,2016-09,0,0,0,0,0,0,0,,
2016-09-08,2016-09-08,2016,9,2016-09,0,0,0,0,0,0,0,,
2016-08-25,2016-08-25,2016,8,2016-08,0,0,0,0,0,0,0,,
2016-07-09,2016-07-09,2016,7,2016-07,0,0,0,0,0,0,0,,
2016-06-20,2016-06-20,2016,6,2016-06,0,0,0,0,0,0,0,,
2016-06-08,2016-06-08,2016,6,2016-06,0,0,0,0,0,0,0,,
2016-06-05,2016-06-05,2016,6,2016-06,0,0,0,0,0,0,0,,
2016-05-13,2016-05-13,2016,5,2016-05,0,0,0,0,0,0,0,,
2016-04-08,2016-04-08,2016,4,2016-04,0,0,0,0,0,0,0,,
2016-03-31,2016-03-31,2016,3,2016-03,0,0,0,0,0,0,0,,
2016-03-30,2016-03-30,2016,3,2016-03,0,0,0,0,0,0,0,,
2016-02-20,2016-02-20,2016,2,2016-02,0,0,0,0,0,0,0,,
2016-02-11,2016-02-11,2016,2,2016-02,0,0,0,0,0,0,0,,
2013-01-01,2013-01-01,2013,1,2013-01,0,0,0,0,0,0,0,,
2012-12-24,2012-12-24,2012,12,2012-12,0,0,0,0,0,0,0,,
2012-12-12,2012-12-12,2012,12,2012-12,0,0,0,0,0,0,0,,
2012-12-10,2012-12-10,2012,12,2012-12,0,0,0,0,0,0,0,,
2012-12-01,2012-12-01,2012,12,2012-12,0,0,0,0,0,0,0,,
2012-11-29,2012-11-29,2012,11,2012-11,0,0,0,0,0,0,0,,
2012-11-16,2012-11-16,2012,11,2012-11,0,0,0,0,0,0,0,,
2012-11-01,2012-11-01,2012,11,2012-11,0,0,0,0,0,0,0,,
2012-10-21,2012-10-21,2012,10,2012-10,0,0,0,0,0,0,0,,
2012-10-08,2012-10-08,2012,10,2012-10,0,0,0,0,0,0,0,,
2012-09-28,2012-09-28,2012,9,2012-09,0,0,0,0,0,0,0,,
2012-09-08,2012-09-08,2012,9,2012-09,0,0,0,0,0,0,0,,
2012-09-07,2012-09-07,2012,9,2012-09,0,0,0,0,0,0,0,,
2012-08-09,2012-08-09,2012,8,2012-08,0,0,0,0,0,0,0,,
2012-08-07,2012-08-07,2012,8,2012-08,0,0,0,0,0,0,0,,
2012-08-01,2012-08-01,2012,8,2012-08,0,0,0,0,0,0,0,,
2012-07-20,2012-07-20,2012,7,2012-07,0,0,0,0,0,0,0,,
2012-07-05,2012-07-05,2012,7,2012-07,0,0,0,0,0,0,0,,
2012-07-03,2012-07-03,2012,7,2012-07,0,0,0,0,0,0,0,,
2012-07-01,2012-07-01,2012,7,2012-07,0,0,0,0,0,0,0,,
2012-06-19,2012-06-19,2012,6,2012-06,0,0,0,0,0,0,0,,
2012-06-06,2012-06-06,2012,6,2012-06,0,0,0,0,0,0,0,,
2012-05-09,2012-05-09,2012,5,2012-05,0,0,0,0,0,0,0,,
2012-05-01,2012-05-01,2012,5,2012-05,0,0,0,0,0,0,0,,
2012-04-05,2012-04-05,2012,4,2012-04,0,0,0,0,0,0,0,,
2012-03-01,2012-03-01,2012,3,2012-03,0,0,0,0,0,0,0,,
2012-02-24,2012-02-24,2012,2,2012-02,0,0,0,0,0,0,0,,
2012-02-17,2012-02-17,2012,2,2012-02,0,0,0,0,0,0,0,,
2030-12-31,2030-12-31,2030,12,2030-12,0,0,0,0,0,0,0,,
2030-12-11,2030-12-11,2030,12,2030-12,0,0,0,0,0,0,0,,
2030-12-06,2030-12-06,2030,12,2030-12,0,0,0,0,0,0,0,,
2030-11-21,2030-11-21,2030,11,2030-11,0,0,0,0,0,0,0,,
2030-11-20,2030-11-20,2030,11,2030-11,0,0,0,0,0,0,0,,
2030-10-31,2030-10-31,2030,10,2030-10,0,0,0,0,0,0,0,,
2030-10-20,2030-10-20,2030,10,2030-10,0,0,0,0,0,0,0,,
2030-09-06,2030-09-06,2030,9,2030-09,0,0,0,0,0,0,0,,
2030-08-21,2030-08-21,2030,8,2030-08,0,0,0,0,0,0,0,,
2030-08-16,2030-08-16,2030,8,2030-08,0,0,0,0,0,0,0,,
2030-08-12,2030-08-12,2030,8,2030-08,0,0,0,0,0,0,0,,
2030-07-20,2030-07-20,2030,7,2030-07,0,0,0,0,0,0,0,,
2030-07-05,2030-07-05,2030,7,2030-07,0,0,0,0,0,0,0,,
2030-06-21,2030-06-21,2030,6,2030-06,0,0,0,0,0,0,0,,
2030-06-19,2030-06-19,2030,6,2030-06,0,0,0,0,0,0,0,,
2030-05-23,2030-05-23,2030,5,2030-05,0,0,0,0,0,0,0,,
2030-04-30,2030-04-30,2030,4,2030-04,0,0,0,0,0,0,0,,
2030-04-14,2030-04-14,2030,4,2030-04,0,0,0,0,0,0,0,,
2030-03-11,2030-03-11,2030,3,2030-03,0,0,0,0,0,0,0,,
2030-02-23,2030-02-23,2030,2,2030-02,0,0,0,0,0,0,0,,
2030-02-11,2030-02-11,2030,2,2030-02,0,0,0,0,0,0,0,,
2030-01-30,2030-01-30,2030,1,2030-01,0,0,0,0,0,0,0,,
2030-01-27,2030-01-27,2030,1,2030-01,0,0,0,0,0,0,0,,
2030-01-17,2030-01-17,2030,1,2030-01,0,0,0,0,0,0,0,,
2030-01-07,2030-01-07,2030,1,2030-01,0,0,0,0,0,0,0,,
2030-01-02,2030-01-02,2030,1,2030-01,0,0,0,0,0,0,0,,
2029-12-09,2029-12-09,2029,12,2029-12,0,0,0,0,0,0,0,,
2029-11-14,2029-11-14,2029,11,2029-11,0,0,0,0,0,0,0,,
2029-11-10,2029-11-10,2029,11,2029-11,0,0,0,0,0,0,0,,
2029-10-16,2029-10-16,2029,10,2029-10,0,0,0,0,0,0,0,,
2029-08-26,2029-08-26,2029,8,2029-08,0,0,0,0,0,0,0,,
2029-08-18,2029-08-18,2029,8,2029-08,0,0,0,0,0,0,0,,
2029-08-08,2029-08-08,2029,8,2029-08,0,0,0,0,0,0,0,,
2029-08-01,2029-08-01,2029,8,2029-08,0,0,0,0,0,0,0,,
2029-07-24,2029-07-24,2029,7,2029-07,0,0,0,0,0,0,0,,
2029-07-18,2029-07-18,2029,7,2029-07,0,0,0,0,0,0,0,,
2029-07-12,2029-07-12,2029,7,2029-07,0,0,0,0,0,0,0,,
2029-05-17,2029-05-17,2029,5,2029-05,0,0,0,0,0,0,0,,
2029-05-12,2029-05-12,2029,5,2029-05,0,0,0,0,0,0,0,,
2029-03-02,2029-03-02,2029,3,2029-03,0,0,0,0,0,0,0,,
2029-02-06,2029-02-06,2029,2,2029-02,0,0,0,0,0,0,0,,
2029-02-02,2029-02-02,2029,2,2029-02,0,0,0,0,0,0,0,,
2028-12-28,2028-12-28,2028,12,2028-12,0,0,0,0,0,0,0,,
2028-12-10,2028-12-10,2028,12,2028-12,0,0,0,0,0,0,0,,
2028-12-03,2028-12-03,2028,12,2028-12,0,0,0,0,0,0,0,,
2028-11-11,2028-11-11,2028,11,2028-11,0,0,0,0,0,0,0,,
2028-10-06,2028-10-06,2028,10,2028-10,0,0,0,0,0,0,0,,
2028-09-29,2028-09-29,2028,9,2028-09,0,0,0,0,0,0,0,,
2028-09-28,2028-09-28,2028,9,2028-09,0,0,0,0,0,0,0,,
2028-09-09,2028-09-09,2028,9,2028-09,0,0,0,0,0,0,0,,
2028-09-04,2028-09-04,2028,9,2028-09,0,0,0,0,0,0,0,,
2028-08-22,2028-08-22,2028,8,2028-08,0,0,0,0,0,0,0,,
2028-07-14,2028-07-14,2028,7,2028-07,0,0,0,0,0,0,0,,
2028-06-27,2028-06-27,2028,6,2028-06,0,0,0,0,0,0,0,,
2028-06-21,2028-06-21,2028,6,2028-06,0,0,0,0,0,0,0,,
2028-06-20,2028-06-20,2028,6,2028-06,0,0,0,0,0,0,0,,
2028-06-19,2028-06-19,2028,6,2028-06,0,0,0,0,0,0,0,,
2028-05-19,2028-05-19,2028,5,2028-05,0,0,0,0,0,0,0,,
2028-04-07,2028-04-07,2028,4,2028-04,0,0,0,0,0,0,0,,
2028-03-27,2028-03-27,2028,3,2028-03,0,0,0,0,0,0,0,,
2028-02-19,2028-02-19,2028,2,2028-02,0,0,0,0,0,0,0,,
2028-02-16,2028-02-16,2028,2,2028-02,0,0,0,0,0,0,0,,
2028-02-07,2028-02-07,2028,2,2028-02,0,0,0,0,0,0,0,,
2028-01-30,2028-01-30,2028,1,2028-01,0,0,0,0,0,0,0,,
2028-01-27,2028-01-27,2028,1,2028-01,0,0,0,0,0,0,0,,
2028-01-05,2028-01-05,2028,1,2028-01,0,0,0,0,0,0,0,,
2027-12-21,2027-12-21,2027,12,2027-12,0,0,0,0,0,0,0,,
2027-12-06,2027-12-06,2027,12,2027-12,0,0,0,0,0,0,0,,
2027-11-19,2027-11-19,2027,11,2027-11,0,0,0,0,0,0,0,,
2027-11-03,2027-11-03,2027,11,2027-11,0,0,0,0,0,0,0,,
2027-10-06,2027-10-06,2027,10,2027-10,0,0,0,0,0,0,0,,
2027-09-18,2027-09-18,2027,9,2027-09,0,0,0,0,0,0,0,,
2027-08-29,2027-08-29,2027,8,2027-08,0,0,0,0,0,0,0,,
2027-08-25,2027-08-25,2027,8,2027-08,0,0,0,0,0,0,0,,
2027-08-13,2027-08-13,2027,8,2027-08,0,0,0,0,0,0,0,,
2027-08-01,2027-08-01,2027,8,2027-08,0,0,0,0,0,0,0,,
2027-07-19,2027-07-19,2027,7,2027-07,0,0,0,0,0,0,0,,
2027-07-18,2027-07-18,2027,7,2027-07,0,0,0,0,0,0,0,,
2027-06-16,2027-06-16,2027,6,2027-06,0,0,0,0,0,0,0,,
2027-05-28,2027-05-28,2027,5,2027-05,0,0,0,0,0,0,0,,
2027-05-24,2027-05-24,2027,5,2027-05,0,0,0,0,0,0,0,,
2027-04-21,2027-04-21,2027,4,2027-04,0,0,0,0,0,0,0,,
2027-04-17,2027-04-17,2027,4,2027-04,0,0,0,0,0,0,0,,
2027-04-13,2027-04-13,2027,4,2027-04,0,0,0,0,0,0,0,,
2027-04-03,2027-04-03,2027,4,2027-04,0,0,0,0,0,0,0,,
2027-03-22,2027-03-22,2027,3,2027-03,0,0,0,0,0,0,0,,
2027-03-19,2027-03-19,2027,3,2027-03,0,0,0,0,0,0,0,,
2027-03-05,2027-03-05,2027,3,2027-03,0,0,0,0,0,0,0,,
2027-03-02,2027-03-02,2027,3,2027-03,0,0,0,0,0,0,0,,
2027-02-16,2027-02-16,2027,2,2027-02,0,0,0,0,0,0,0,,
2027-02-14,2027-02-14,2027,2,2027-02,0,0,0,0,0,0,0,,
2027-01-11,2027-01-11,2027,1,2027-01,0,0,0,0,0,0,0,,
2027-01-04,2027-01-04,2027,1,2027-01,0,0,0,0,0,0,0,,
2027-01-02,2027-01-02,2027,1,2027-01,0,0,0,0,0,0,0,,
2026-12-25,2026-12-25,2026,12,2026-12,0,0,0,0,0,0,0,,
2026-12-17,2026-12-17,2026,12,2026-12,0,0,0,0,0,0,0,,
2026-11-26,2026-11-26,2026,11,2026-11,0,0,0,0,0,0,0,,
2026-11-21,2026-11-21,2026,11,2026-11,0,0,0,0,0,0,0,,
2026-11-17,2026-11-17,2026,11,2026-11,0,0,0,0,0,0,0,,
2026-10-30,2026-10-30,2026,10,2026-10,0,0,0,0,0,0,0,,
2026-10-27,2026-10-27,2026,10,2026-10,0,0,0,0,0,0,0,,
2026-10-18,2026-10-18,2026,10,2026-10,0,0,0,0,0,0,0,,
2026-10-15,2026-10-15,2026,10,2026-10,0,0,0,0,0,0,0,,
2026-09-09,2026-09-09,2026,9,2026-09,0,0,0,0,0,0,0,,
2026-08-24,2026-08-24,2026,8,2026-08,0,0,0,0,0,0,0,,
2026-08-06,2026-08-06,2026,8,2026-08,0,0,0,0,0,0,0,,
2026-07-26,2026-07-26,2026,7,2026-07,0,0,0,0,0,0,0,,
2026-07-14,2026-07-14,2026,7,2026-07,0,0,0,0,0,0,0,,
2026-06-27,2026-06-27,2026,6,2026-06,0,0,0,0,0,0,0,,
2026-06-12,2026-06-12,2026,6,2026-06,0,0,0,0,0,0,0,,
2026-05-28,2026-05-28,2026,5,2026-05,0,0,0,0,0,0,0,,
2026-05-16,2026-05-16,2026,5,2026-05,0,0,0,0,0,0,0,,
2026-05-08,2026-05-08,2026,5,2026-05,0,0,0,0,0,0,0,,
2026-05-07,2026-05-07,2026,5,2026-05,0,0,0,0,0,0,0,,
2026-04-13,2026-04-13,2026,4,2026-04,0,0,0,0,0,0,0,,
2026-04-05,2026-04-05,2026,4,2026-04,0,0,0,0,0,0,0,,
2026-03-23,2026-03-23,2026,3,2026-03,0,0,0,0,0,0,0,,
2026-03-16,2026-03-16,2026,3,2026-03,0,0,0,0,0,0,0,,
2026-03-08,2026-03-08,2026,3,2026-03,0,0,0,0,0,0,0,,
2026-02-27,2026-02-27,2026,2,2026-02,0,0,0,0,0,0,0,,
2026-02-04,2026-02-04,2026,2,2026-02,0,0,0,0,0,0,0,,
2026-02-01,2026-02-01,2026,2,2026-02,0,0,0,0,0,0,0,,
2026-01-15,2026-01-15,2026,1,2026-01,0,0,0,0,0,0,0,,
2026-01-01,2026-01-01,2026,1,2026-01,0,0,0,0,0,0,0,,
2025-12-28,2025-12-28,2025,12,2025-12,0,0,0,0,0,0,0,,
2025-12-10,2025-12-10,2025,12,2025-12,0,0,0,0,0,0,0,,
2025-11-20,2025-11-20,2025,11,2025-11,0,0,0,0,0,0,0,,
2025-11-07,2025-11-07,2025,11,2025-11,0,0,0,0,0,0,0,,
2025-10-05,2025-10-05,2025,10,2025-10,0,0,0,0,0,0,0,,
2025-09-25,2025-09-25,2025,9,2025-09,0,0,0,0,0,0,0,,
2025-09-07,2025-09-07,2025,9,2025-09,0,0,0,0,0,0,0,,
2025-08-25,2025-08-25,2025,8,2025-08,0,0,0,0,0,0,0,,
2025-08-19,2025-08-19,2025,8,2025-08,0,0,0,0,0,0,0,,
2025-08-07,2025-08-07,2025,8,2025-08,0,0,0,0,0,0,0,,
2025-06-01,2025-06-01,2025,6,2025-06,0,0,0,0,0,0,0,,
2025-05-30,2025-05-30,2025,5,2025-05,0,0,0,0,0,0,0,,
2025-05-14,2025-05-14,2025,5,2025-05,0,0,0,0,0,0,0,,
2025-05-13,2025-05-13,2025,5,2025-05,0,0,0,0,0,0,0,,
2025-05-01,2025-05-01,2025,5,2025-05,0,0,0,0,0,0,0,,
2025-03-21,2025-03-21,2025,3,2025-03,0,0,0,0,0,0,0,,
2025-03-16,2025-03-16,2025,3,2025-03,0,0,0,0,0,0,0,,
2025-03-07,2025-03-07,2025,3,2025-03,0,0,0,0,0,0,0,,
2025-03-02,2025-03-02,2025,3,2025-03,0,0,0,0,0,0,0,,
2025-02-24,2025-02-24,2025,2,2025-02,0,0,0,0,0,0,0,,
2025-02-23,2025-02-23,2025,2,2025-02,0,0,0,0,0,0,0,,
2025-02-21,2025-02-21,2025,2,2025-02,0,0,0,0,0,0,0,,
2025-01-24,2025-01-24,2025,1,2025-01,0,0,0,0,0,0,0,,
2024-11-18,2024-11-18,2024,11,2024-11,0,0,0,0,0,0,0,,
2024-11-17,2024-11-17,2024,11,2024-11,0,0,0,0,0,0,0,,
2024-11-15,2024-11-15,2024,11,2024-11,0,0,0,0,0,0,0,,
2024-11-10,2024-11-10,2024,11,2024-11,0,0,0,0,0,0,0,,
2024-11-05,2024-11-05,2024,11,2024-11,0,0,0,0,0,0,0,,
2024-10-25,2024-10-25,2024,10,2024-10,0,0,0,0,0,0,0,,
2024-10-12,2024-10-12,2024,10,2024-10,0,0,0,0,0,0,0,,
2024-09-19,2024-09-19,2024,9,2024-09,0,0,0,0,0,0,0,,
2024-09-14,2024-09-14,2024,9,2024-09,0,0,0,0,0,0,0,,
2024-08-22,2024-08-22,2024,8,2024-08,0,0,0,0,0,0,0,,
2024-08-21,2024-08-21,2024,8,2024-08,0,0,0,0,0,0,0,,
2024-08-10,2024-08-10,2024,8,2024-08,0,0,0,0,0,0,0,,
2024-08-02,2024-08-02,2024,8,2024-08,0,0,0,0,0,0,0,,
2024-07-24,2024-07-24,2024,7,2024-07,0,0,0,0,0,0,0,,
2024-07-11,2024-07-11,2024,7,2024-07,0,0,0,0,0,0,0,,
2024-06-27,2024-06-27,2024,6,2024-06,0,0,0,0,0,0,0,,
2024-06-24,2024-06-24,2024,6,2024-06,0,0,0,0,0,0,0,,
2024-06-04,2024-06-04,2024,6,2024-06,0,0,0,0,0,0,0,,
2024-05-07,2024-05-07,2024,5,2024-05,0,0,0,0,0,0,0,,
2024-04-15,2024-04-15,2024,4,2024-04,0,0,0,0,0,0,0,,
2024-04-10,2024-04-10,2024,4,2024-04,0,0,0,0,0,0,0,,
2024-03-30,2024-03-30,2024,3,2024-03,0,0,0,0,0,0,0,,
2024-02-16,2024-02-16,2024,2,2024-02,0,0,0,0,0,0,0,,
2024-02-01,2024-02-01,2024,2,2024-02,0,0,0,0,0,0,0,,
2024-01-28,2024-01-28,2024,1,2024-01,0,0,0,0,0,0,0,,
2024-01-24,2024-01-24,2024,1,2024-01,0,0,0,0,0,0,0,,
2023-12-31,2023-12-31,2023,12,2023-12,0,0,0,0,0,0,0,,
2023-12-29,2023-12-29,2023,12,2023-12,0,0,0,0,0,0,0,,
2023-12-23,2023-12-23,2023,12,2023-12,0,0,0,0,0,0,0,,
2023-12-07,2023-12-07,2023,12,2023-12,0,0,0,0,0,0,0,,
2023-11-30,2023-11-30,2023,11,2023-11,0,0,0,0,0,0,0,,
2023-10-11,2023-10-11,2023,10,2023-10,0,0,0,0,0,0,0,,
2023-10-09,2023-10-09,2023,10,2023-10,0,0,0,0,0,0,0,,
2023-08-31,2023-08-31,2023,8,2023-08,0,0,0,0,0,0,0,,
2023-07-02,2023-07-02,2023,7,2023-07,0,0,0,0,0,0,0,,
2023-06-26,2023-06-26,2023,6,2023-06,0,0,0,0,0,0,0,,
2023-06-04,2023-06-04,2023,6,2023-06,0,0,0,0,0,0,0,,
2023-06-03,2023-06-03,2023,6,2023-06,0,0,0,0,0,0,0,,
2023-05-30,2023-05-30,2023,5,2023-05,0,0,0,0,0,0,0,,
2023-05-26,2023-05-26,2023,5,2023-05,0,0,0,0,0,0,0,,
2023-05-05,2023-05-05,2023,5,2023-05,0,0,0,0,0,0,0,,
2023-04-28,2023-04-28,2023,4,2023-04,0,0,0,0,0,0,0,,
2023-04-04,2023-04-04,2023,4,2023-04,0,0,0,0,0,0,0,,
2023-03-30,2023-03-30,2023,3,2023-03,0,0,0,0,0,0,0,,
2023-03-23,2023-03-23,2023,3,2023-03,0,0,0,0,0,0,0,,
2023-03-17,2023-03-17,2023,3,2023-03,0,0,0,0,0,0,0,,
2023-03-14,2023-03-14,2023,3,2023-03,0,0,0,0,0,0,0,,
2023-03-06,2023-03-06,2023,3,2023-03,0,0,0,0,0,0,0,,
2023-01-14,2023-01-14,2023,1,2023-01,0,0,0,0,0,0,0,,
2022-12-27,2022-12-27,2022,12,2022-12,0,0,0,0,0,0,0,,
2022-12-18,2022-12-18,2022,12,2022-12,0,0,0,0,0,0,0,,
2022-11-13,2022-11-13,2022,11,2022-11,0,0,0,0,0,0,0,,
2022-09-29,2022-09-29,2022,9,2022-09,0,0,0,0,0,0,0,,
2022-09-04,2022-09-04,2022,9,2022-09,0,0,0,0,0,0,0,,
2022-08-07,2022-08-07,2022,8,2022-08,0,0,0,0,0,0,0,,
2022-07-06,2022-07-06,2022,7,2022-07,0,0,0,0,0,0,0,,
2022-06-25,2022-06-25,2022,6,2022-06,0,0,0,0,0,0,0,,
2022-06-24,2022-06-24,2022,6,2022-06,0,0,0,0,0,0,0,,
2022-06-12,2022-06-12,2022,6,2022-06,0,0,0,0,0,0,0,,
2022-05-27,2022-05-27,2022,5,2022-05,0,0,0,0,0,0,0,,
2022-04-28,2022-04-28,2022,4,2022-04,0,0,0,0,0,0,0,,
2022-04-15,2022-04-15,2022,4,2022-04,0,0,0,0,0,0,0,,
2022-03-18,2022-03-18,2022,3,2022-03,0,0,0,0,0,0,0,,
2022-03-01,2022-03-01,2022,3,2022-03,0,0,0,0,0,0,0,,
2022-02-08,2022-02-08,2022,2,2022-02,0,0,0,0,0,0,0,,
2022-02-05,2022-02-05,2022,2,2022-02,0,0,0,0,0,0,0,,
2022-01-09,2022-01-09,2022,1,2022-01,0,0,0,0,0,0,0,,
2021-11-07,2021-11-07,2021,11,2021-11,0,0,0,0,0,0,0,,
2021-10-25,2021-10-25,2021,10,2021-10,0,0,0,0,0,0,0,,
2021-10-19,2021-10-19,2021,10,2021-10,0,0,0,0,0,0,0,,
2021-10-09,2021-10-09,2021,10,2021-10,0,0,0,0,0,0,0,,
2021-09-28,2021-09-28,2021,9,2021-09,0,0,0,0,0,0,0,,
2021-07-18,2021-07-18,2021,7,2021-07,0,0,0,0,0,0,0,,
2021-05-29,2021-05-29,2021,5,2021-05,0,0,0,0,0,0,0,,
2021-05-28,2021-05-28,2021,5,2021-05,0,0,0,0,0,0,0,,
2021-05-14,2021-05-14,2021,5,2021-05,0,0,0,0,0,0,0,,
2021-04-28,2021-04-28,2021,4,2021-04,0,0,0,0,0,0,0,,
2021-04-21,2021-04-21,2021,4,2021-04,0,0,0,0,0,0,0,,
2021-04-17,2021-04-17,2021,4,2021-04,0,0,0,0,0,0,0,,
2021-04-11,2021-04-11,2021,4,2021-04,0,0,0,0,0,0,0,,
2021-04-09,2021-04-09,2021,4,2021-04,0,0,0,0,0,0,0,,
2021-03-05,2021-03-05,2021,3,2021-03,0,0,0,0,0,0,0,,
2021-02-27,2021-02-27,2021,2,2021-02,0,0,0,0,0,0,0,,
2020-12-03,2020-12-03,2020,12,2020-12,0,0,0,0,0,0,0,,
2020-11-27,2020-11-27,2020,11,2020-11,0,0,0,0,0,0,0,,
2020-11-21,2020-11-21,2020,11,2020-11,0,0,0,0,0,0,0,,
2020-10-06,2020-10-06,2020,10,2020-10,0,0,0,0,0,0,0,,
2020-09-14,2020-09-14,2020,9,2020-09,0,0,0,0,0,0,0,,
2020-08-08,2020-08-08,2020,8,2020-08,0,0,0,0,0,0,0,,
2020-07-17,2020-07-17,2020,7,2020-07,0,0,0,0,0,0,0,,
2020-07-01,2020-07-01,2020,7,2020-07,0,0,0,0,0,0,0,,
2020-06-29,2020-06-29,2020,6,2020-06,0,0,0,0,0,0,0,,
2020-05-30,2020-05-30,2020,5,2020-05,0,0,0,0,0,0,0,,
2020-05-13,2020-05-13,2020,5,2020-05,0,0,0,0,0,0,0,,
2020-04-20,2020-04-20,2020,4,2020-04,0,0,0,0,0,0,0,,
2020-03-29,2020-03-29,2020,3,2020-03,0,0,0,0,0,0,0,,
2020-02-17,2020-02-17,2020,2,2020-02,0,0,0,0,0,0,0,,
2020-02-16,2020-02-16,2020,2,2020-02,0,0,0,0,0,0,0,,
2020-01-29,2020-01-29,2020,1,2020-01,0,0,0,0,0,0,0,,
2020-01-16,2020-01-16,2020,1,2020-01,0,0,0,0,0,0,0,,
2020-01-10,2020-01-10,2020,1,2020-01,0,0,0,0,0,0,0,,
2019-12-19,2019-12-19,2019,12,2019-12,0,0,0,0,0,0,0,,
2019-11-28,2019-11-28,2019,11,2019-11,0,0,0,0,0,0,0,,
2019-11-12,2019-11-12,2019,11,2019-11,0,0,0,0,0,0,0,,
2019-10-28,2019-10-28,2019,10,2019-10,0,0,0,0,0,0,0,,
2019-10-21,2019-10-21,2019,10,2019-10,0,0,0,0,0,0,0,,
2019-09-11,2019-09-11,2019,9,2019-09,0,0,0,0,0,0,0,,
2019-08-30,2019-08-30,2019,8,2019-08,0,0,0,0,0,0,0,,
2019-08-25,2019-08-25,2019,8,2019-08,0,0,0,0,0,0,0,,
2019-08-17,2019-08-17,2019,8,2019-08,0,0,0,0,0,0,0,,
2019-08-16,2019-08-16,2019,8,2019-08,0,0,0,0,0,0,0,,
2019-08-15,2019-08-15,2019,8,2019-08,0,0,0,0,0,0,0,,
2019-08-12,2019-08-12,2019,8,2019-08,0,0,0,0,0,0,0,,
2019-07-14,2019-07-14,2019,7,2019-07,0,0,0,0,0,0,0,,
2019-06-26,2019-06-26,2019,6,2019-06,0,0,0,0,0,0,0,,
2019-06-09,2019-06-09,2019,6,2019-06,0,0,0,0,0,0,0,,
2019-06-08,2019-06-08,2019,6,2019-06,0,0,0,0,0,0,0,,
2019-05-31,2019-05-31,2019,5,2019-05,0,0,0,0,0,0,0,,
2019-05-20,2019-05-20,2019,5,2019-05,0,0,0,0,0,0,0,,
2019-05-10,2019-05-10,2019,5,2019-05,0,0,0,0,0,0,0,,
2019-04-29,2019-04-29,2019,4,2019-04,0,0,0,0,0,0,0,,
2019-04-23,2019-04-23,2019,4,2019-04,0,0,0,0,0,0,0,,
2019-04-22,2019-04-22,2019,4,2019-04,0,0,0,0,0,0,0,,
2019-04-15,2019-04-15,2019,4,2019-04,0,0,0,0,0,0,0,,
2019-04-12,2019-04-12,2019,4,2019-04,0,0,0,0,0,0,0,,
2019-03-23,2019-03-23,2019,3,2019-03,0,0,0,0,0,0,0,,
2019-03-15,2019-03-15,2019,3,2019-03,0,0,0,0,0,0,0,,
2019-03-05,2019-03-05,2019,3,2019-03,0,0,0,0,0,0,0,,
2019-03-01,2019-03-01,2019,3,2019-03,0,0,0,0,0,0,0,,
2019-02-27,2019-02-27,2019,2,2019-02,0,0,0,0,0,0,0,,
2019-02-13,2019-02-13,2019,2,2019-02,0,0,0,0,0,0,0,,
2019-02-08,2019-02-08,2019,2,2019-02,0,0,0,0,0,0,0,,
2019-01-27,2019-01-27,2019,1,2019-01,0,0,0,0,0,0,0,,
2019-01-22,2019-01-22,2019,1,2019-01,0,0,0,0,0,0,0,,
2019-01-10,2019-01-10,2019,1,2019-01,0,0,0,0,0,0,0,,
2018-12-23,2018-12-23,2018,12,2018-12,0,0,0,0,0,0,0,,
2018-11-28,2018-11-28,2018,11,2018-11,0,0,0,0,0,0,0,,
2018-11-14,2018-11-14,2018,11,2018-11,0,0,0,0,0,0,0,,
2018-11-13,2018-11-13,2018,11,2018-11,0,0,0,0,0,0,0,,
2018-11-03,2018-11-03,2018,11,2018-11,0,0,0,0,0,0,0,,
2018-10-30,2018-10-30,2018,10,2018-10,0,0,0,0,0,0,0,,
2018-10-23,2018-10-23,2018,10,2018-10,0,0,0,0,0,0,0,,
2018-09-22,2018-09-22,2018,9,2018-09,0,0,0,0,0,0,0,,
2018-09-08,2018-09-08,2018,9,2018-09,0,0,0,0,0,0,0,,
2018-08-17,2018-08-17,2018,8,2018-08,0,0,0,0,0,0,0,,
2018-08-03,2018-08-03,2018,8,2018-08,0,0,0,0,0,0,0,,
2018-07-11,2018-07-11,2018,7,2018-07,0,0,0,0,0,0,0,,
2018-07-05,2018-07-05,2018,7,2018-07,0,0,0,0,0,0,0,,
2018-05-31,2018-05-31,2018,5,2018-05,0,0,0,0,0,0,0,,
2018-05-18,2018-05-18,2018,5,2018-05,0,0,0,0,0,0,0,,
2018-04-18,2018-04-18,2018,4,2018-04,0,0,0,0,0,0,0,,
2018-04-10,2018-04-10,2018,4,2018-04,0,0,0,0,0,0,0,,
2018-04-05,2018-04-05,2018,4,2018-04,0,0,0,0,0,0,0,,
2018-03-27,2018-03-27,2018,3,2018-03,0,0,0,0,0,0,0,,
2018-03-07,2018-03-07,2018,3,2018-03,0,0,0,0,0,0,0,,
2018-01-15,2018-01-15,2018,1,2018-01,0,0,0,0,0,0,0,,
2018-01-14,2018-01-14,2018,1,2018-01,0,0,0,0,0,0,0,,
2018-01-10,2018-01-10,2018,1,2018-01,0,0,0,0,0,0,0,,
2018-01-05,2018-01-05,2018,1,2018-01,0,0,0,0,0,0,0,,
2018-01-04,2018-01-04,2018,1,2018-01,0,0,0,0,0,0,0,,
2017-12-30,2017-12-30,2017,12,2017-12,0,0,0,0,0,0,0,,
2017-12-29,2017-12-29,2017,12,2017-12,0,0,0,0,0,0,0,,
2017-09-16,2017-09-16,2017,9,2017-09,0,0,0,0,0,0,0,,
2017-08-23,2017-08-23,2017,8,2017-08,0,0,0,0,0,0,0,,
2017-08-18,2017-08-18,2017,8,2017-08,0,0,0,0,0,0,0,,
2017-08-07,2017-08-07,2017,8,2017-08,0,0,0,0,0,0,0,,
2017-07-27,2017-07-27,2017,7,2017-07,0,0,0,0,0,0,0,,
2017-07-18,2017-07-18,2017,7,2017-07,0,0,0,0,0,0,0,,
2017-07-16,2017-07-16,2017,7,2017-07,0,0,0,0,0,0,0,,
2017-07-04,2017-07-04,2017,7,2017-07,0,0,0,0,0,0,0,,
2017-05-29,2017-05-29,2017,5,2017-05,0,0,0,0,0,0,0,,
2017-05-24,2017-05-24,2017,5,2017-05,0,0,0,0,0,0,0,,
2017-05-03,2017-05-03,2017,5,2017-05,0,0,0,0,0,0,0,,
2017-04-16,2017-04-16,2017,4,2017-04,0,0,0,0,0,0,0,,
2017-04-11,2017-04-11,2017,4,2017-04,0,0,0,0,0,0,0,,
2017-03-07,2017-03-07,2017,3,2017-03,0,0,0,0,0,0,0,,
2017-02-18,2017-02-18,2017,2,2017-02,0,0,0,0,0,0,0,,
2017-02-17,2017-02-17,2017,2,2017-02,0,0,0,0,0,0,0,,
2017-02-13,2017-02-13,2017,2,2017-02,0,0,0,0,0,0,0,,
2017-01-22,2017-01-22,2017,1,2017-01,0,0,0,0,0,0,0,,
2017-01-01,2017-01-01,2017,1,2017-01,0,0,0,0,0,0,0,,
2016-12-26,2016-12-26,2016,12,2016-12,0,0,0,0,0,0,0,,
2016-12-18,2016-12-18,2016,12,2016-12,0,0,0,0,0,0,0,,
2016-12-15,2016-12-15,2016,12,2016-12,0,0,0,0,0,0,0,,
2016-12-07,2016-12-07,2016,12,2016-12,0,0,0,0,0,0,0,,
2016-12-01,2016-12-01,2016,12,2016-12,0,0,0,0,0,0,0,,
2016-11-24,2016-11-24,2016,11,2016-11,0,0,0,0,0,0,0,,
2016-11-21,2016-11-21,2016,11,2016-11,0,0,0,0,0,0,0,,
2016-11-05,2016-11-05,2016,11,2016-11,0,0,0,0,0,0,0,,
2016-10-11,2016-10-11,2016,10,2016-10,0,0,0,0,0,0,0,,
2016-09-10,2016-09-10,2016,9,2016-09,0,0,0,0,0,0,0,,
2016-08-27,2016-08-27,2016,8,2016-08,0,0,0,0,0,0,0,,
2016-07-20,2016-07-20,2016,7,2016-07,0,0,0,0,0,0,0,,
2016-06-23,2016-06-23,2016,6,2016-06,0,0,0,0,0,0,0,,
2016-06-02,2016-06-02,2016,6,2016-06,0,0,0,0,0,0,0,,
2016-05-15,2016-05-15,2016,5,2016-05,0,0,0,0,0,0,0,,
2016-04-29,2016-04-29,2016,4,2016-04,0,0,0,0,0,0,0,,
2016-04-21,2016-04-21,2016,4,2016-04,0,0,0,0,0,0,0,,
2016-04-10,2016-04-10,2016,4,2016-04,0,0,0,0,0,0,0,,
2013-01-05,2013-01-05,2013,1,2013-01,0,0,0,0,0,0,0,,
2012-12-31,2012-12-31,2012,12,2012-12,0,0,0,0,0,0,0,,
2012-12-06,2012-12-06,2012,12,2012-12,0,0,0,0,0,0,0,,
2012-11-19,2012-11-19,2012,11,2012-11,0,0,0,0,0,0,0,,
2012-10-09,2012-10-09,2012,10,2012-10,0,0,0,0,0,0,0,,
2012-09-06,2012-09-06,2012,9,2012-09,0,0,0,0,0,0,0,,
2012-08-19,2012-08-19,2012,8,2012-08,0,0,0,0,0,0,0,,
2012-08-13,2012-08-13,2012,8,2012-08,0,0,0,0,0,0,0,,
2012-08-04,2012-08-04,2012,8,2012-08,0,0,0,0,0,0,0,,
2012-07-30,2012-07-30,2012,7,2012-07,0,0,0,0,0,0,0,,
2012-07-24,2012-07-24,2012,7,2012-07,0,0,0,0,0,0,0,,
2012-07-13,2012-07-13,2012,7,2012-07,0,0,0,0,0,0,0,,
2012-06-30,2012-06-30,2012,6,2012-06,0,0,0,0,0,0,0,,
2012-06-14,2012-06-14,2012,6,2012-06,0,0,0,0,0,0,0,,
2012-05-18,2012-05-18,2012,5,2012-05,0,0,0,0,0,0,0,,
2012-05-16,2012-05-16,2012,5,2012-05,0,0,0,0,0,0,0,,
2012-04-23,2012-04-23,2012,4,2012-04,0,0,0,0,0,0,0,,
2012-04-01,2012-04-01,2012,4,2012-04,0,0,0,0,0,0,0,,
2012-03-16,2012-03-16,2012,3,2012-03,0,0,0,0,0,0,0,,
2012-02-28,2012-02-28,2012,2,2012-02,0,0,0,0,0,0,0,,
2031-01-06,2031-01-06,2031,1,2031-01,0,0,0,0,0,0,0,,
2031-01-05,2031-01-05,2031,1,2031-01,0,0,0,0,0,0,0,,
2030-12-25,2030-12-25,2030,12,2030-12,0,0,0,0,0,0,0,,
2030-12-18,2030-12-18,2030,12,2030-12,0,0,0,0,0,0,0,,
2030-10-26,2030-10-26,2030,10,2030-10,0,0,0,0,0,0,0,,
2030-10-12,2030-10-12,2030,10,2030-10,0,0,0,0,0,0,0,,
2030-09-04,2030-09-04,2030,9,2030-09,0,0,0,0,0,0,0,,
2030-08-30,2030-08-30,2030,8,2030-08,0,0,0,0,0,0,0,,
2030-08-29,2030-08-29,2030,8,2030-08,0,0,0,0,0,0,0,,
2030-08-28,2030-08-28,2030,8,2030-08,0,0,0,0,0,0,0,,
2030-07-31,2030-07-31,2030,7,2030-07,0,0,0,0,0,0,0,,
2030-07-28,2030-07-28,2030,7,2030-07,0,0,0,0,0,0,0,,
2030-06-24,2030-06-24,2030,6,2030-06,0,0,0,0,0,0,0,,
2030-04-20,2030-04-20,2030,4,2030-04,0,0,0,0,0,0,0,,
2030-03-13,2030-03-13,2030,3,2030-03,0,0,0,0,0,0,0,,
2030-02-24,2030-02-24,2030,2,2030-02,0,0,0,0,0,0,0,,
2030-02-19,2030-02-19,2030,2,2030-02,0,0,0,0,0,0,0,,
2030-02-14,2030-02-14,2030,2,2030-02,0,0,0,0,0,0,0,,
2030-02-05,2030-02-05,2030,2,2030-02,0,0,0,0,0,0,0,,
2029-12-22,2029-12-22,2029,12,2029-12,0,0,0,0,0,0,0,,
2029-11-27,2029-11-27,2029,11,2029-11,0,0,0,0,0,0,0,,
2029-11-23,2029-11-23,2029,11,2029-11,0,0,0,0,0,0,0,,
2029-10-21,2029-10-21,2029,10,2029-10,0,0,0,0,0,0,0,,
2029-10-10,2029-10-10,2029,10,2029-10,0,0,0,0,0,0,0,,
2029-09-25,2029-09-25,2029,9,2029-09,0,0,0,0,0,0,0,,
2029-09-13,2029-09-13,2029,9,2029-09,0,0,0,0,0,0,0,,
2029-08-30,2029-08-30,2029,8,2029-08,0,0,0,0,0,0,0,,
2029-07-04,2029-07-04,2029,7,2029-07,0,0,0,0,0,0,0,,
2029-06-27,2029-06-27,2029,6,2029-06,0,0,0,0,0,0,0,,
2029-06-18,2029-06-18,2029,6,2029-06,0,0,0,0,0,0,0,,
2029-05-05,2029-05-05,2029,5,2029-05,0,0,0,0,0,0,0,,
2029-04-26,2029-04-26,2029,4,2029-04,0,0,0,0,0,0,0,,
2029-04-05,2029-04-05,2029,4,2029-04,0,0,0,0,0,0,0,,
2029-03-31,2029-03-31,2029,3,2029-03,0,0,0,0,0,0,0,,
2028-11-01,2028-11-01,2028,11,2028-11,0,0,0,0,0,0,0,,
2028-10-08,2028-10-08,2028,10,2028-10,0,0,0,0,0,0,0,,
2028-09-18,2028-09-18,2028,9,2028-09,0,0,0,0,0,0,0,,
2028-08-01,2028-08-01,2028,8,2028-08,0,0,0,0,0,0,0,,
2028-07-24,2028-07-24,2028,7,2028-07,0,0,0,0,0,0,0,,
2028-07-13,2028-07-13,2028,7,2028-07,0,0,0,0,0,0,0,,
2028-07-03,2028-07-03,2028,7,2028-07,0,0,0,0,0,0,0,,
2028-06-25,2028-06-25,2028,6,2028-06,0,0,0,0,0,0,0,,
2028-06-14,2028-06-14,2028,6,2028-06,0,0,0,0,0,0,0,,
2028-05-29,2028-05-29,2028,5,2028-05,0,0,0,0,0,0,0,,
2028-05-03,2028-05-03,2028,5,2028-05,0,0,0,0,0,0,0,,
2028-03-28,2028-03-28,2028,3,2028-03,0,0,0,0,0,0,0,,
2028-02-14,2028-02-14,2028,2,2028-02,0,0,0,0,0,0,0,,
2028-02-05,2028-02-05,2028,2,2028-02,0,0,0,0,0,0,0,,
2027-12-03,2027-12-03,2027,12,2027-12,0,0,0,0,0,0,0,,
2027-11-23,2027-11-23,2027,11,2027-11,0,0,0,0,0,0,0,,
2027-11-21,2027-11-21,2027,11,2027-11,0,0,0,0,0,0,0,,
2027-11-10,2027-11-10,2027,11,2027-11,0,0,0,0,0,0,0,,
2027-10-31,2027-10-31,2027,10,2027-10,0,0,0,0,0,0,0,,
2027-10-09,2027-10-09,2027,10,2027-10,0,0,0,0,0,0,0,,
2027-08-28,2027-08-28,2027,8,2027-08,0,0,0,0,0,0,0,,
2027-08-18,2027-08-18,2027,8,2027-08,0,0,0,0,0,0,0,,
2027-06-07,2027-06-07,2027,6,2027-06,0,0,0,0,0,0,0,,
2027-05-11,2027-05-11,2027,5,2027-05,0,0,0,0,0,0,0,,
2027-05-08,2027-05-08,2027,5,2027-05,0,0,0,0,0,0,0,,
2027-04-04,2027-04-04,2027,4,2027-04,0,0,0,0,0,0,0,,
2027-03-31,2027-03-31,2027,3,2027-03,0,0,0,0,0,0,0,,
2027-03-28,2027-03-28,2027,3,2027-03,0,0,0,0,0,0,0,,
2027-03-27,2027-03-27,2027,3,2027-03,0,0,0,0,0,0,0,,
2027-03-26,2027-03-26,2027,3,2027-03,0,0,0,0,0,0,0,,
2027-02-22,2027-02-22,2027,2,2027-02,0,0,0,0,0,0,0,,
2027-01-31,2027-01-31,2027,1,2027-01,0,0,0,0,0,0,0,,
2027-01-27,2027-01-27,2027,1,2027-01,0,0,0,0,0,0,0,,
2026-12-16,2026-12-16,2026,12,2026-12,0,0,0,0,0,0,0,,
2026-12-02,2026-12-02,2026,12,2026-12,0,0,0,0,0,0,0,,
2026-11-24,2026-11-24,2026,11,2026-11,0,0,0,0,0,0,0,,
2026-10-05,2026-10-05,2026,10,2026-10,0,0,0,0,0,0,0,,
2026-09-25,2026-09-25,2026,9,2026-09,0,0,0,0,0,0,0,,
2026-09-18,2026-09-18,2026,9,2026-09,0,0,0,0,0,0,0,,
2026-08-14,2026-08-14,2026,8,2026-08,0,0,0,0,0,0,0,,
2026-08-13,2026-08-13,2026,8,2026-08,0,0,0,0,0,0,0,,
2016-02-01,2016-02-01,2016,2,2016-02,0,0,0,1,3,1,0,2.0,401.0
2016-01-07,2016-01-07,2016,1,2016-01,0,0,0,1,3,1,0,1.0,380.0
2016-01-06,2016-01-06,2016,1,2016-01,0,0,0,1,5,1,0,1.0,394.0
2016-01-03,2016-01-03,2016,1,2016-01,0,0,0,2,15,2,0,1.0,381.5
2015-12-18,2015-12-18,2015,12,2015-12,0,0,0,6,4,6,0,2.1666666666666665,386.0
2015-12-14,2015-12-14,2015,12,2015-12,0,0,0,7,6,7,0,6.285714285714286,406.0
2015-11-16,2015-11-16,2015,11,2015-11,0,0,0,11,12,11,0,3.4545454545454546,356.3636363636364
2015-11-06,2015-11-06,2015,11,2015-11,0,0,0,33,26,34,1,1.9090909090909092,351.75757575757575
2015-10-30,2015-10-30,2015,10,2015-10,0,0,0,57,28,60,3,2.456140350877193,348.3859649122807
2015-10-19,2015-10-19,2015,10,2015-10,0,0,0,26,51,30,4,3.0384615384615383,318.2307692307692
2015-09-26,2015-09-26,2015,9,2015-09,0,0,0,123,101,134,11,2.6991869918699187,319.7073170731707
2015-09-22,2015-09-22,2015,9,2015-09,0,0,0,78,94,81,3,3.051282051282051,318.56410256410254
2015-07-27,2015-07-27,2015,7,2015-07,0,0,0,151,206,157,6,2.9735099337748343,260.682119205298
2015-07-08,2015-07-08,2015,7,2015-07,0,0,0,237,209,253,16,3.345991561181435,245.22784810126583
2015-06-25,2015-06-25,2015,6,2015-06,0,0,0,252,195,270,18,3.0,231.5595238095238
2015-06-21,2015-06-21,2015,6,2015-06,0,0,0,224,368,242,18,2.9642857142857144,226.15178571428572
2015-04-18,2015-04-18,2015,4,2015-04,0,0,0,491,514,598,107,3.635437881873727,173.15885947046843
2015-04-17,2015-04-17,2015,4,2015-04,0,0,0,612,378,706,94,3.0016339869281046,170.69444444444446
2015-04-11,2015-04-11,2015,4,2015-04,0,0,0,501,753,583,82,3.0758483033932134,166.5449101796407
2015-03-28,2015-03-28,2015,3,2015-03,0,0,0,911,729,1146,235,3.724478594950604,149.9648737650933
2015-03-16,2015-03-16,2015,3,2015-03,0,0,0,572,708,677,105,3.3513986013986012,132.1451048951049
2015-02-08,2015-02-08,2015,2,2015-02,0,0,0,1041,2035,1239,198,3.5043227665706054,88.66666666666667
2015-01-31,2015-01-31,2015,1,2015-01,0,0,0,1582,1673,1873,291,2.8034134007585334,80.30720606826802
2015-01-27,2015-01-27,2015,1,2015-01,0,0,0,1097,1322,1301,204,3.212397447584321,71.28258887876025
2015-01-25,2015-01-25,2015,1,2015-01,0,0,0,1532,2974,1835,303,3.470626631853786,68.0345953002611
2016-03-03,2016-03-03,2016,3,2016-03,0,0,0,2,1,2,0,3.0,450.5
2016-01-15,2016-01-15,2016,1,2016-01,0,0,0,2,1,2,0,1.5,395.0
2015-12-04,2015-12-04,2015,12,2015-12,0,0,0,13,5,13,0,2.4615384615384617,364.61538461538464
2015-11-13,2015-11-13,2015,11,2015-11,0,0,0,38,22,38,0,2.1315789473684212,358.2368421052632
2015-09-30,2015-09-30,2015,9,2015-09,0,0,0,63,75,70,7,2.857142857142857,327.8412698412698
2015-09-07,2015-09-07,2015,9,2015-09,0,0,0,80,138,87,7,3.225,293.5875
2015-08-28,2015-08-28,2015,8,2015-08,0,0,0,112,90,123,11,2.6785714285714284,297.83035714285717
2015-08-06,2015-08-06,2015,8,2015-08,0,0,0,198,131,210,12,3.176767676767677,273.54545454545456
2015-06-22,2015-06-22,2015,6,2015-06,0,0,0,245,345,280,35,3.159183673469388,231.5387755102041
2015-06-20,2015-06-20,2015,6,2015-06,0,0,0,301,288,335,34,3.0199335548172757,231.4418604651163
2015-06-05,2015-06-05,2015,6,2015-06,0,0,0,380,237,425,45,2.6894736842105265,219.3
2015-06-04,2015-06-04,2015,6,2015-06,0,0,0,344,227,388,44,3.36046511627907,220.88372093023256
2015-05-24,2015-05-24,2015,5,2015-05,0,0,0,335,535,389,54,3.2597014925373133,209.67462686567166
2015-05-11,2015-05-11,2015,5,2015-05,0,0,0,313,457,358,45,3.412140575079872,191.92332268370606
2015-05-05,2015-05-05,2015,5,2015-05,0,0,0,321,494,359,38,2.791277258566978,187.12772585669782
2015-04-24,2015-04-24,2015,4,2015-04,0,0,0,556,329,664,108,2.838129496402878,172.62230215827338
2015-04-05,2015-04-05,2015,4,2015-04,0,0,0,581,912,709,128,3.6471600688468158,164.18244406196214
2015-03-19,2015-03-19,2015,3,2015-03,0,0,0,739,588,882,143,3.239512855209743,137.07577807848443
2015-03-08,2015-03-08,2015,3,2015-03,0,0,0,640,1110,781,141,3.6203125,122.296875
2015-02-03,2015-02-03,2015,2,2015-02,0,0,0,975,940,1152,177,3.5394871794871796,80.44615384615385
2015-01-30,2015-01-30,2015,1,2015-01,0,0,0,2084,1400,2468,384,2.5820537428023034,76.68618042226487
2015-01-29,2015-01-29,2015,1,2015-01,0,0,0,1526,1290,1851,325,2.9993446920052427,74.78178243774575
2015-01-20,2015-01-20,2015,1,2015-01,0,0,0,1494,1749,1720,226,3.2349397590361444,61.16064257028113
2015-01-07,2015-01-07,2015,1,2015-01,0,0,0,3078,3242,3551,473,2.8092917478882393,45.602988953866145
2015-01-04,2015-01-04,2015,1,2015-01,0,0,0,3860,8735,4306,446,2.9733091474475253,46.38497409326425
2016-03-05,2016-03-05,2016,3,2016-03,0,0,0,1,1,1,0,7.0,493.0
2016-01-11,2016-01-11,2016,1,2016-01,0,0,0,2,3,2,0,1.5,426.5
2015-12-27,2015-12-27,2015,12,2015-12,0,0,0,15,22,15,0,2.8,393.8666666666667
2015-12-25,2015-12-25,2015,12,2015-12,0,0,0,10,4,10,0,3.6,404.1
2015-12-20,2015-12-20,2015,12,2015-12,0,0,0,18,15,18,0,2.8333333333333335,403.22222222222223
2015-12-19,2015-12-19,2015,12,2015-12,0,0,0,19,5,19,0,4.2105263157894735,384.3157894736842
2015-11-27,2015-11-27,2015,11,2015-11,0,0,0,20,11,20,0,1.75,374.75
2015-10-27,2015-10-27,2015,10,2015-10,0,0,0,15,23,17,2,2.7333333333333334,321.53333333333336
2015-10-01,2015-10-01,2015,10,2015-10,0,0,0,77,66,80,3,2.857142857142857,330.0
2015-09-17,2015-09-17,2015,9,2015-09,0,0,0,94,77,104,10,2.5319148936170213,307.3510638297872
2015-09-13,2015-09-13,2015,9,2015-09,0,0,0,84,199,87,3,2.892857142857143,309.20238095238096
2015-08-11,2015-08-11,2015,8,2015-08,0,0,0,152,158,163,11,2.9802631578947367,280.30263157894734
2015-08-09,2015-08-09,2015,8,2015-08,0,0,0,163,221,171,8,3.0736196319018405,278.60736196319016
2015-07-15,2015-07-15,2015,7,2015-07,0,0,0,205,175,225,20,3.029268292682927,250.11219512195123
2015-06-30,2015-06-30,2015,6,2015-06,0,0,0,200,235,220,20,3.725,241.21
2015-05-26,2015-05-26,2015,5,2015-05,0,0,0,288,360,319,31,3.1354166666666665,211.40625
2015-02-23,2015-02-23,2015,2,2015-02,0,0,0,704,1140,863,159,3.171875,106.39772727272727
2015-02-21,2015-02-21,2015,2,2015-02,0,0,0,1342,1567,1631,289,3.198956780923994,108.99180327868852
2015-02-05,2015-02-05,2015,2,2015-02,0,0,0,1278,936,1560,282,3.2816901408450705,84.71830985915493
2026-08-10,2026-08-10,2026,8,2026-08,0,0,0,0,0,0,0,,
2026-08-05,2026-08-05,2026,8,2026-08,0,0,0,0,0,0,0,,
2026-07-05,2026-07-05,2026,7,2026-07,0,0,0,0,0,0,0,,
2026-07-04,2026-07-04,2026,7,2026-07,0,0,0,0,0,0,0,,
2026-06-21,2026-06-21,2026,6,2026-06,0,0,0,0,0,0,0,,
2026-05-15,2026-05-15,2026,5,2026-05,0,0,0,0,0,0,0,,
2026-04-14,2026-04-14,2026,4,2026-04,0,0,0,0,0,0,0,,
2026-03-22,2026-03-22,2026,3,2026-03,0,0,0,0,0,0,0,,
2026-03-05,2026-03-05,2026,3,2026-03,0,0,0,0,0,0,0,,
2026-02-21,2026-02-21,2026,2,2026-02,0,0,0,0,0,0,0,,
2026-02-13,2026-02-13,2026,2,2026-02,0,0,0,0,0,0,0,,
2026-02-10,2026-02-10,2026,2,2026-02,0,0,0,0,0,0,0,,
2026-01-21,2026-01-21,2026,1,2026-01,0,0,0,0,0,0,0,,
2026-01-05,2026-01-05,2026,1,2026-01,0,0,0,0,0,0,0,,
2025-12-16,2025-12-16,2025,12,2025-12,0,0,0,0,0,0,0,,
2025-12-13,2025-12-13,2025,12,2025-12,0,0,0,0,0,0,0,,
2025-12-08,2025-12-08,2025,12,2025-12,0,0,0,0,0,0,0,,
2025-12-01,2025-12-01,2025,12,2025-12,0,0,0,0,0,0,0,,
2025-11-11,2025-11-11,2025,11,2025-11,0,0,0,0,0,0,0,,
2025-10-01,2025-10-01,2025,10,2025-10,0,0,0,0,0,0,0,,
2025-09-06,2025-09-06,2025,9,2025-09,0,0,0,0,0,0,0,,
2025-09-02,2025-09-02,2025,9,2025-09,0,0,0,0,0,0,0,,
2025-08-02,2025-08-02,2025,8,2025-08,0,0,0,0,0,0,0,,
2025-07-23,2025-07-23,2025,7,2025-07,0,0,0,0,0,0,0,,
2025-06-27,2025-06-27,2025,6,2025-06,0,0,0,0,0,0,0,,
2025-06-25,2025-06-25,2025,6,2025-06,0,0,0,0,0,0,0,,
2025-06-05,2025-06-05,2025,6,2025-06,0,0,0,0,0,0,0,,
2025-05-27,2025-05-27,2025,5,2025-05,0,0,0,0,0,0,0,,
2025-05-19,2025-05-19,2025,5,2025-05,0,0,0,0,0,0,0,,
2025-04-30,2025-04-30,2025,4,2025-04,0,0,0,0,0,0,0,,
2025-04-23,2025-04-23,2025,4,2025-04,0,0,0,0,0,0,0,,
2025-04-10,2025-04-10,2025,4,2025-04,0,0,0,0,0,0,0,,
2025-03-11,2025-03-11,2025,3,2025-03,0,0,0,0,0,0,0,,
2025-02-27,2025-02-27,2025,2,2025-02,0,0,0,0,0,0,0,,
2025-02-08,2025-02-08,2025,2,2025-02,0,0,0,0,0,0,0,,
2025-01-09,2025-01-09,2025,1,2025-01,0,0,0,0,0,0,0,,
2025-01-05,2025-01-05,2025,1,2025-01,0,0,0,0,0,0,0,,
2025-01-03,2025-01-03,2025,1,2025-01,0,0,0,0,0,0,0,,
2024-12-08,2024-12-08,2024,12,2024-12,0,0,0,0,0,0,0,,
2024-11-25,2024-11-25,2024,11,2024-11,0,0,0,0,0,0,0,,
2024-11-11,2024-11-11,2024,11,2024-11,0,0,0,0,0,0,0,,
2024-10-13,2024-10-13,2024,10,2024-10,0,0,0,0,0,0,0,,
2024-08-16,2024-08-16,2024,8,2024-08,0,0,0,0,0,0,0,,
2024-08-03,2024-08-03,2024,8,2024-08,0,0,0,0,0,0,0,,
2024-07-23,2024-07-23,2024,7,2024-07,0,0,0,0,0,0,0,,
2024-06-28,2024-06-28,2024,6,2024-06,0,0,0,0,0,0,0,,
2024-06-05,2024-06-05,2024,6,2024-06,0,0,0,0,0,0,0,,
2024-05-21,2024-05-21,2024,5,2024-05,0,0,0,0,0,0,0,,
2024-05-01,2024-05-01,2024,5,2024-05,0,0,0,0,0,0,0,,
2024-04-30,2024-04-30,2024,4,2024-04,0,0,0,0,0,0,0,,
2024-04-14,2024-04-14,2024,4,2024-04,0,0,0,0,0,0,0,,
2024-04-08,2024-04-08,2024,4,2024-04,0,0,0,0,0,0,0,,
2024-04-04,2024-04-04,2024,4,2024-04,0,0,0,0,0,0,0,,
2024-03-15,2024-03-15,2024,3,2024-03,0,0,0,0,0,0,0,,
2024-03-11,2024-03-11,2024,3,2024-03,0,0,0,0,0,0,0,,
2024-02-29,2024-02-29,2024,2,2024-02,0,0,0,0,0,0,0,,
2024-02-17,2024-02-17,2024,2,2024-02,0,0,0,0,0,0,0,,
2024-01-31,2024-01-31,2024,1,2024-01,0,0,0,0,0,0,0,,
2024-01-25,2024-01-25,2024,1,2024-01,0,0,0,0,0,0,0,,
2023-12-17,2023-12-17,2023,12,2023-12,0,0,0,0,0,0,0,,
2023-11-28,2023-11-28,2023,11,2023-11,0,0,0,0,0,0,0,,
2023-11-16,2023-11-16,2023,11,2023-11,0,0,0,0,0,0,0,,
2023-11-15,2023-11-15,2023,11,2023-11,0,0,0,0,0,0,0,,
2023-10-29,2023-10-29,2023,10,2023-10,0,0,0,0,0,0,0,,
2023-09-20,2023-09-20,2023,9,2023-09,0,0,0,0,0,0,0,,
2023-09-02,2023-09-02,2023,9,2023-09,0,0,0,0,0,0,0,,
2023-08-28,2023-08-28,2023,8,2023-08,0,0,0,0,0,0,0,,
2023-08-24,2023-08-24,2023,8,2023-08,0,0,0,0,0,0,0,,
2023-07-15,2023-07-15,2023,7,2023-07,0,0,0,0,0,0,0,,
2023-06-25,2023-06-25,2023,6,2023-06,0,0,0,0,0,0,0,,
2023-06-13,2023-06-13,2023,6,2023-06,0,0,0,0,0,0,0,,
2023-05-25,2023-05-25,2023,5,2023-05,0,0,0,0,0,0,0,,
2023-05-16,2023-05-16,2023,5,2023-05,0,0,0,0,0,0,0,,
2023-04-09,2023-04-09,2023,4,2023-04,0,0,0,0,0,0,0,,
2023-03-22,2023-03-22,2023,3,2023-03,0,0,0,0,0,0,0,,
2023-03-09,2023-03-09,2023,3,2023-03,0,0,0,0,0,0,0,,
2023-02-21,2023-02-21,2023,2,2023-02,0,0,0,0,0,0,0,,
2023-02-20,2023-02-20,2023,2,2023-02,0,0,0,0,0,0,0,,
2023-02-12,2023-02-12,2023,2,2023-02,0,0,0,0,0,0,0,,
2023-02-11,2023-02-11,2023,2,2023-02,0,0,0,0,0,0,0,,
2023-01-23,2023-01-23,2023,1,2023-01,0,0,0,0,0,0,0,,
2023-01-17,2023-01-17,2023,1,2023-01,0,0,0,0,0,0,0,,
2023-01-12,2023-01-12,2023,1,2023-01,0,0,0,0,0,0,0,,
2023-01-01,2023-01-01,2023,1,2023-01,0,0,0,0,0,0,0,,
2022-12-22,2022-12-22,2022,12,2022-12,0,0,0,0,0,0,0,,
2022-12-21,2022-12-21,2022,12,2022-12,0,0,0,0,0,0,0,,
2022-12-19,2022-12-19,2022,12,2022-12,0,0,0,0,0,0,0,,
2022-11-29,2022-11-29,2022,11,2022-11,0,0,0,0,0,0,0,,
2022-11-18,2022-11-18,2022,11,2022-11,0,0,0,0,0,0,0,,
2022-10-22,2022-10-22,2022,10,2022-10,0,0,0,0,0,0,0,,
2022-10-03,2022-10-03,2022,10,2022-10,0,0,0,0,0,0,0,,
2022-09-14,2022-09-14,2022,9,2022-09,0,0,0,0,0,0,0,,
2022-09-06,2022-09-06,2022,9,2022-09,0,0,0,0,0,0,0,,
2022-08-14,2022-08-14,2022,8,2022-08,0,0,0,0,0,0,0,,
2022-08-05,2022-08-05,2022,8,2022-08,0,0,0,0,0,0,0,,
2022-06-09,2022-06-09,2022,6,2022-06,0,0,0,0,0,0,0,,
2022-05-21,2022-05-21,2022,5,2022-05,0,0,0,0,0,0,0,,
2022-05-16,2022-05-16,2022,5,2022-05,0,0,0,0,0,0,0,,
2022-04-29,2022-04-29,2022,4,2022-04,0,0,0,0,0,0,0,,
2022-03-12,2022-03-12,2022,3,2022-03,0,0,0,0,0,0,0,,
2022-02-19,2022-02-19,2022,2,2022-02,0,0,0,0,0,0,0,,
2022-01-28,2022-01-28,2022,1,2022-01,0,0,0,0,0,0,0,,
2021-12-29,2021-12-29,2021,12,2021-12,0,0,0,0,0,0,0,,
2021-12-06,2021-12-06,2021,12,2021-12,0,0,0,0,0,0,0,,
2021-12-03,2021-12-03,2021,12,2021-12,0,0,0,0,0,0,0,,
2021-11-27,2021-11-27,2021,11,2021-11,0,0,0,0,0,0,0,,
2021-11-26,2021-11-26,2021,11,2021-11,0,0,0,0,0,0,0,,
2021-11-01,2021-11-01,2021,11,2021-11,0,0,0,0,0,0,0,,
2021-09-26,2021-09-26,2021,9,2021-09,0,0,0,0,0,0,0,,
2021-07-30,2021-07-30,2021,7,2021-07,0,0,0,0,0,0,0,,
2021-07-29,2021-07-29,2021,7,2021-07,0,0,0,0,0,0,0,,
2021-06-22,2021-06-22,2021,6,2021-06,0,0,0,0,0,0,0,,
2021-06-21,2021-06-21,2021,6,2021-06,0,0,0,0,0,0,0,,
2021-06-20,2021-06-20,2021,6,2021-06,0,0,0,0,0,0,0,,
2021-05-06,2021-05-06,2021,5,2021-05,0,0,0,0,0,0,0,,
2021-04-23,2021-04-23,2021,4,2021-04,0,0,0,0,0,0,0,,
2021-04-20,2021-04-20,2021,4,2021-04,0,0,0,0,0,0,0,,
2021-03-20,2021-03-20,2021,3,2021-03,0,0,0,0,0,0,0,,
2021-02-25,2021-02-25,2021,2,2021-02,0,0,0,0,0,0,0,,
2021-02-07,2021-02-07,2021,2,2021-02,0,0,0,0,0,0,0,,
2021-01-29,2021-01-29,2021,1,2021-01,0,0,0,0,0,0,0,,
2021-01-08,2021-01-08,2021,1,2021-01,0,0,0,0,0,0,0,,
2020-12-20,2020-12-20,2020,12,2020-12,0,0,0,0,0,0,0,,
2020-12-10,2020-12-10,2020,12,2020-12,0,0,0,0,0,0,0,,
2020-12-08,2020-12-08,2020,12,2020-12,0,0,0,0,0,0,0,,
2020-11-26,2020-11-26,2020,11,2020-11,0,0,0,0,0,0,0,,
2020-11-12,2020-11-12,2020,11,2020-11,0,0,0,0,0,0,0,,
2020-10-10,2020-10-10,2020,10,2020-10,0,0,0,0,0,0,0,,
2020-09-28,2020-09-28,2020,9,2020-09,0,0,0,0,0,0,0,,
2020-09-25,2020-09-25,2020,9,2020-09,0,0,0,0,0,0,0,,
2020-09-21,2020-09-21,2020,9,2020-09,0,0,0,0,0,0,0,,
2020-09-08,2020-09-08,2020,9,2020-09,0,0,0,0,0,0,0,,
2020-08-17,2020-08-17,2020,8,2020-08,0,0,0,0,0,0,0,,
2020-08-15,2020-08-15,2020,8,2020-08,0,0,0,0,0,0,0,,
2020-08-04,2020-08-04,2020,8,2020-08,0,0,0,0,0,0,0,,
2020-07-28,2020-07-28,2020,7,2020-07,0,0,0,0,0,0,0,,
2020-07-06,2020-07-06,2020,7,2020-07,0,0,0,0,0,0,0,,
2020-06-09,2020-06-09,2020,6,2020-06,0,0,0,0,0,0,0,,
2020-06-02,2020-06-02,2020,6,2020-06,0,0,0,0,0,0,0,,
2020-05-12,2020-05-12,2020,5,2020-05,0,0,0,0,0,0,0,,
2020-05-08,2020-05-08,2020,5,2020-05,0,0,0,0,0,0,0,,
2020-04-04,2020-04-04,2020,4,2020-04,0,0,0,0,0,0,0,,
2020-03-26,2020-03-26,2020,3,2020-03,0,0,0,0,0,0,0,,
2020-03-21,2020-03-21,2020,3,2020-03,0,0,0,0,0,0,0,,
2020-02-08,2020-02-08,2020,2,2020-02,0,0,0,0,0,0,0,,
2020-02-06,2020-02-06,2020,2,2020-02,0,0,0,0,0,0,0,,
2020-01-23,2020-01-23,2020,1,2020-01,0,0,0,0,0,0,0,,
2020-01-20,2020-01-20,2020,1,2020-01,0,0,0,0,0,0,0,,
2020-01-03,2020-01-03,2020,1,2020-01,0,0,0,0,0,0,0,,
2020-01-02,2020-01-02,2020,1,2020-01,0,0,0,0,0,0,0,,
2020-01-01,2020-01-01,2020,1,2020-01,0,0,0,0,0,0,0,,
2019-12-08,2019-12-08,2019,12,2019-12,0,0,0,0,0,0,0,,
2019-10-24,2019-10-24,2019,10,2019-10,0,0,0,0,0,0,0,,
2019-10-20,2019-10-20,2019,10,2019-10,0,0,0,0,0,0,0,,
2019-09-30,2019-09-30,2019,9,2019-09,0,0,0,0,0,0,0,,
2019-09-06,2019-09-06,2019,9,2019-09,0,0,0,0,0,0,0,,
2019-08-03,2019-08-03,2019,8,2019-08,0,0,0,0,0,0,0,,
2019-07-09,2019-07-09,2019,7,2019-07,0,0,0,0,0,0,0,,
2019-06-18,2019-06-18,2019,6,2019-06,0,0,0,0,0,0,0,,
2019-06-17,2019-06-17,2019,6,2019-06,0,0,0,0,0,0,0,,
2019-06-12,2019-06-12,2019,6,2019-06,0,0,0,0,0,0,0,,
2019-05-12,2019-05-12,2019,5,2019-05,0,0,0,0,0,0,0,,
2019-05-01,2019-05-01,2019,5,2019-05,0,0,0,0,0,0,0,,
2019-04-11,2019-04-11,2019,4,2019-04,0,0,0,0,0,0,0,,
2019-03-13,2019-03-13,2019,3,2019-03,0,0,0,0,0,0,0,,
2019-02-09,2019-02-09,2019,2,2019-02,0,0,0,0,0,0,0,,
2019-02-05,2019-02-05,2019,2,2019-02,0,0,0,0,0,0,0,,
2019-02-04,2019-02-04,2019,2,2019-02,0,0,0,0,0,0,0,,
2019-01-11,2019-01-11,2019,1,2019-01,0,0,0,0,0,0,0,,
2019-01-08,2019-01-08,2019,1,2019-01,0,0,0,0,0,0,0,,
2018-12-26,2018-12-26,2018,12,2018-12,0,0,0,0,0,0,0,,
2018-12-06,2018-12-06,2018,12,2018-12,0,0,0,0,0,0,0,,
2018-11-30,2018-11-30,2018,11,2018-11,0,0,0,0,0,0,0,,
2018-10-18,2018-10-18,2018,10,2018-10,0,0,0,0,0,0,0,,
2018-09-29,2018-09-29,2018,9,2018-09,0,0,0,0,0,0,0,,
2018-09-19,2018-09-19,2018,9,2018-09,0,0,0,0,0,0,0,,
2018-08-23,2018-08-23,2018,8,2018-08,0,0,0,0,0,0,0,,
2018-07-07,2018-07-07,2018,7,2018-07,0,0,0,0,0,0,0,,
2018-06-16,2018-06-16,2018,6,2018-06,0,0,0,0,0,0,0,,
2018-06-06,2018-06-06,2018,6,2018-06,0,0,0,0,0,0,0,,
2018-05-17,2018-05-17,2018,5,2018-05,0,0,0,0,0,0,0,,
2018-05-08,2018-05-08,2018,5,2018-05,0,0,0,0,0,0,0,,
2018-04-20,2018-04-20,2018,4,2018-04,0,0,0,0,0,0,0,,
2018-04-12,2018-04-12,2018,4,2018-04,0,0,0,0,0,0,0,,
2018-03-24,2018-03-24,2018,3,2018-03,0,0,0,0,0,0,0,,
2018-03-23,2018-03-23,2018,3,2018-03,0,0,0,0,0,0,0,,
2018-03-21,2018-03-21,2018,3,2018-03,0,0,0,0,0,0,0,,
2018-03-17,2018-03-17,2018,3,2018-03,0,0,0,0,0,0,0,,
2018-03-02,2018-03-02,2018,3,2018-03,0,0,0,0,0,0,0,,
2018-03-01,2018-03-01,2018,3,2018-03,0,0,0,0,0,0,0,,
2018-02-25,2018-02-25,2018,2,2018-02,0,0,0,0,0,0,0,,
2018-01-21,2018-01-21,2018,1,2018-01,0,0,0,0,0,0,0,,
2018-01-16,2018-01-16,2018,1,2018-01,0,0,0,0,0,0,0,,
2017-12-28,2017-12-28,2017,12,2017-12,0,0,0,0,0,0,0,,
2017-12-01,2017-12-01,2017,12,2017-12,0,0,0,0,0,0,0,,
2017-11-10,2017-11-10,2017,11,2017-11,0,0,0,0,0,0,0,,
2017-11-04,2017-11-04,2017,11,2017-11,0,0,0,0,0,0,0,,
2017-10-29,2017-10-29,2017,10,2017-10,0,0,0,0,0,0,0,,
2017-10-02,2017-10-02,2017,10,2017-10,0,0,0,0,0,0,0,,
2017-08-08,2017-08-08,2017,8,2017-08,0,0,0,0,0,0,0,,
2017-07-24,2017-07-24,2017,7,2017-07,0,0,0,0,0,0,0,,
2017-07-22,2017-07-22,2017,7,2017-07,0,0,0,0,0,0,0,,
2017-07-17,2017-07-17,2017,7,2017-07,0,0,0,0,0,0,0,,
2017-07-14,2017-07-14,2017,7,2017-07,0,0,0,0,0,0,0,,
2017-07-10,2017-07-10,2017,7,2017-07,0,0,0,0,0,0,0,,
2017-06-13,2017-06-13,2017,6,2017-06,0,0,0,0,0,0,0,,
2017-06-03,2017-06-03,2017,6,2017-06,0,0,0,0,0,0,0,,
2017-05-05,2017-05-05,2017,5,2017-05,0,0,0,0,0,0,0,,
2017-04-28,2017-04-28,2017,4,2017-04,0,0,0,0,0,0,0,,
2017-04-22,2017-04-22,2017,4,2017-04,0,0,0,0,0,0,0,,
2017-04-14,2017-04-14,2017,4,2017-04,0,0,0,0,0,0,0,,
2017-04-03,2017-04-03,2017,4,2017-04,0,0,0,0,0,0,0,,
2017-03-18,2017-03-18,2017,3,2017-03,0,0,0,0,0,0,0,,
2017-02-14,2017-02-14,2017,2,2017-02,0,0,0,0,0,0,0,,
2017-01-31,2017-01-31,2017,1,2017-01,0,0,0,0,0,0,0,,
2017-01-11,2017-01-11,2017,1,2017-01,0,0,0,0,0,0,0,,
2017-01-09,2017-01-09,2017,1,2017-01,0,0,0,0,0,0,0,,
2016-12-11,2016-12-11,2016,12,2016-12,0,0,0,0,0,0,0,,
2016-12-10,2016-12-10,2016,12,2016-12,0,0,0,0,0,0,0,,
2016-12-05,2016-12-05,2016,12,2016-12,0,0,0,0,0,0,0,,
2016-12-02,2016-12-02,2016,12,2016-12,0,0,0,0,0,0,0,,
2016-11-18,2016-11-18,2016,11,2016-11,0,0,0,0,0,0,0,,
2016-11-16,2016-11-16,2016,11,2016-11,0,0,0,0,0,0,0,,
2016-10-27,2016-10-27,2016,10,2016-10,0,0,0,0,0,0,0,,
2016-10-19,2016-10-19,2016,10,2016-10,0,0,0,0,0,0,0,,
2016-10-10,2016-10-10,2016,10,2016-10,0,0,0,0,0,0,0,,
2016-10-01,2016-10-01,2016,10,2016-10,0,0,0,0,0,0,0,,
2016-09-28,2016-09-28,2016,9,2016-09,0,0,0,0,0,0,0,,
2016-09-23,2016-09-23,2016,9,2016-09,0,0,0,0,0,0,0,,
2016-09-22,2016-09-22,2016,9,2016-09,0,0,0,0,0,0,0,,
2016-09-19,2016-09-19,2016,9,2016-09,0,0,0,0,0,0,0,,
2016-09-04,2016-09-04,2016,9,2016-09,0,0,0,0,0,0,0,,
2016-08-21,2016-08-21,2016,8,2016-08,0,0,0,0,0,0,0,,
2016-07-18,2016-07-18,2016,7,2016-07,0,0,0,0,0,0,0,,
2016-07-15,2016-07-15,2016,7,2016-07,0,0,0,0,0,0,0,,
2016-07-11,2016-07-11,2016,7,2016-07,0,0,0,0,0,0,0,,
2016-07-08,2016-07-08,2016,7,2016-07,0,0,0,0,0,0,0,,
2016-06-15,2016-06-15,2016,6,2016-06,0,0,0,0,0,0,0,,
2016-06-14,2016-06-14,2016,6,2016-06,0,0,0,0,0,0,0,,
2016-06-04,2016-06-04,2016,6,2016-06,0,0,0,0,0,0,0,,
2016-05-27,2016-05-27,2016,5,2016-05,0,0,0,0,0,0,0,,
2016-05-18,2016-05-18,2016,5,2016-05,0,0,0,0,0,0,0,,
2016-04-11,2016-04-11,2016,4,2016-04,0,0,0,0,0,0,0,,
2016-03-13,2016-03-13,2016,3,2016-03,0,0,0,0,0,0,0,,
2016-02-27,2016-02-27,2016,2,2016-02,0,0,0,0,0,0,0,,
2016-02-14,2016-02-14,2016,2,2016-02,0,0,0,0,0,0,0,,
2012-12-30,2012-12-30,2012,12,2012-12,0,0,0,0,0,0,0,,
2012-12-05,2012-12-05,2012,12,2012-12,0,0,0,0,0,0,0,,
2012-12-03,2012-12-03,2012,12,2012-12,0,0,0,0,0,0,0,,
2012-11-02,2012-11-02,2012,11,2012-11,0,0,0,0,0,0,0,,
2012-10-26,2012-10-26,2012,10,2012-10,0,0,0,0,0,0,0,,
2012-10-19,2012-10-19,2012,10,2012-10,0,0,0,0,0,0,0,,
2012-08-22,2012-08-22,2012,8,2012-08,0,0,0,0,0,0,0,,
2012-07-29,2012-07-29,2012,7,2012-07,0,0,0,0,0,0,0,,
2012-07-28,2012-07-28,2012,7,2012-07,0,0,0,0,0,0,0,,
2012-07-06,2012-07-06,2012,7,2012-07,0,0,0,0,0,0,0,,
2012-06-28,2012-06-28,2012,6,2012-06,0,0,0,0,0,0,0,,
2012-06-24,2012-06-24,2012,6,2012-06,0,0,0,0,0,0,0,,
2012-06-22,2012-06-22,2012,6,2012-06,0,0,0,0,0,0,0,,
2012-06-20,2012-06-20,2012,6,2012-06,0,0,0,0,0,0,0,,
2012-06-13,2012-06-13,2012,6,2012-06,0,0,0,0,0,0,0,,
2012-06-07,2012-06-07,2012,6,2012-06,0,0,0,0,0,0,0,,
2012-05-30,2012-05-30,2012,5,2012-05,0,0,0,0,0,0,0,,
2012-04-27,2012-04-27,2012,4,2012-04,0,0,0,0,0,0,0,,
2012-02-15,2012-02-15,2012,2,2012-02,0,0,0,0,0,0,0,,
2030-12-10,2030-12-10,2030,12,2030-12,0,0,0,0,0,0,0,,
2030-12-09,2030-12-09,2030,12,2030-12,0,0,0,0,0,0,0,,
2030-12-05,2030-12-05,2030,12,2030-12,0,0,0,0,0,0,0,,
2030-11-17,2030-11-17,2030,11,2030-11,0,0,0,0,0,0,0,,
2030-11-06,2030-11-06,2030,11,2030-11,0,0,0,0,0,0,0,,
2030-10-23,2030-10-23,2030,10,2030-10,0,0,0,0,0,0,0,,
2030-10-07,2030-10-07,2030,10,2030-10,0,0,0,0,0,0,0,,
2030-09-29,2030-09-29,2030,9,2030-09,0,0,0,0,0,0,0,,
2030-09-25,2030-09-25,2030,9,2030-09,0,0,0,0,0,0,0,,
2030-09-21,2030-09-21,2030,9,2030-09,0,0,0,0,0,0,0,,
2030-08-20,2030-08-20,2030,8,2030-08,0,0,0,0,0,0,0,,
2030-08-08,2030-08-08,2030,8,2030-08,0,0,0,0,0,0,0,,
2030-08-01,2030-08-01,2030,8,2030-08,0,0,0,0,0,0,0,,
2030-07-12,2030-07-12,2030,7,2030-07,0,0,0,0,0,0,0,,
2030-07-03,2030-07-03,2030,7,2030-07,0,0,0,0,0,0,0,,
2030-05-13,2030-05-13,2030,5,2030-05,0,0,0,0,0,0,0,,
2030-05-09,2030-05-09,2030,5,2030-05,0,0,0,0,0,0,0,,
2030-04-25,2030-04-25,2030,4,2030-04,0,0,0,0,0,0,0,,
2030-04-13,2030-04-13,2030,4,2030-04,0,0,0,0,0,0,0,,
2030-02-26,2030-02-26,2030,2,2030-02,0,0,0,0,0,0,0,,
2030-01-26,2030-01-26,2030,1,2030-01,0,0,0,0,0,0,0,,
2030-01-24,2030-01-24,2030,1,2030-01,0,0,0,0,0,0,0,,
2030-01-09,2030-01-09,2030,1,2030-01,0,0,0,0,0,0,0,,
2030-01-05,2030-01-05,2030,1,2030-01,0,0,0,0,0,0,0,,
2029-12-31,2029-12-31,2029,12,2029-12,0,0,0,0,0,0,0,,
2029-12-16,2029-12-16,2029,12,2029-12,0,0,0,0,0,0,0,,
2029-12-08,2029-12-08,2029,12,2029-12,0,0,0,0,0,0,0,,
2029-11-07,2029-11-07,2029,11,2029-11,0,0,0,0,0,0,0,,
2029-10-02,2029-10-02,2029,10,2029-10,0,0,0,0,0,0,0,,
2029-09-29,2029-09-29,2029,9,2029-09,0,0,0,0,0,0,0,,
2029-09-26,2029-09-26,2029,9,2029-09,0,0,0,0,0,0,0,,
2029-07-26,2029-07-26,2029,7,2029-07,0,0,0,0,0,0,0,,
2029-06-25,2029-06-25,2029,6,2029-06,0,0,0,0,0,0,0,,
2029-06-21,2029-06-21,2029,6,2029-06,0,0,0,0,0,0,0,,
2029-06-20,2029-06-20,2029,6,2029-06,0,0,0,0,0,0,0,,
2029-06-08,2029-06-08,2029,6,2029-06,0,0,0,0,0,0,0,,
2029-06-07,2029-06-07,2029,6,2029-06,0,0,0,0,0,0,0,,
2029-05-30,2029-05-30,2029,5,2029-05,0,0,0,0,0,0,0,,
2029-05-27,2029-05-27,2029,5,2029-05,0,0,0,0,0,0,0,,
2029-05-23,2029-05-23,2029,5,2029-05,0,0,0,0,0,0,0,,
2029-04-15,2029-04-15,2029,4,2029-04,0,0,0,0,0,0,0,,
2029-04-12,2029-04-12,2029,4,2029-04,0,0,0,0,0,0,0,,
2029-04-11,2029-04-11,2029,4,2029-04,0,0,0,0,0,0,0,,
2029-03-26,2029-03-26,2029,3,2029-03,0,0,0,0,0,0,0,,
2029-02-24,2029-02-24,2029,2,2029-02,0,0,0,0,0,0,0,,
2029-02-23,2029-02-23,2029,2,2029-02,0,0,0,0,0,0,0,,
2029-02-22,2029-02-22,2029,2,2029-02,0,0,0,0,0,0,0,,
2029-02-01,2029-02-01,2029,2,2029-02,0,0,0,0,0,0,0,,
2029-01-18,2029-01-18,2029,1,2029-01,0,0,0,0,0,0,0,,
2028-12-31,2028-12-31,2028,12,2028-12,0,0,0,0,0,0,0,,
2028-12-11,2028-12-11,2028,12,2028-12,0,0,0,0,0,0,0,,
2028-10-28,2028-10-28,2028,10,2028-10,0,0,0,0,0,0,0,,
2028-10-16,2028-10-16,2028,10,2028-10,0,0,0,0,0,0,0,,
2028-10-02,2028-10-02,2028,10,2028-10,0,0,0,0,0,0,0,,
2028-10-01,2028-10-01,2028,10,2028-10,0,0,0,0,0,0,0,,
2028-09-27,2028-09-27,2028,9,2028-09,0,0,0,0,0,0,0,,
2028-09-24,2028-09-24,2028,9,2028-09,0,0,0,0,0,0,0,,
2028-09-23,2028-09-23,2028,9,2028-09,0,0,0,0,0,0,0,,
2028-09-16,2028-09-16,2028,9,2028-09,0,0,0,0,0,0,0,,
2028-09-14,2028-09-14,2028,9,2028-09,0,0,0,0,0,0,0,,
2028-09-02,2028-09-02,2028,9,2028-09,0,0,0,0,0,0,0,,
2028-08-12,2028-08-12,2028,8,2028-08,0,0,0,0,0,0,0,,
2028-08-06,2028-08-06,2028,8,2028-08,0,0,0,0,0,0,0,,
2028-07-28,2028-07-28,2028,7,2028-07,0,0,0,0,0,0,0,,
2028-07-22,2028-07-22,2028,7,2028-07,0,0,0,0,0,0,0,,
2028-07-17,2028-07-17,2028,7,2028-07,0,0,0,0,0,0,0,,
2028-05-04,2028-05-04,2028,5,2028-05,0,0,0,0,0,0,0,,
2028-04-10,2028-04-10,2028,4,2028-04,0,0,0,0,0,0,0,,
2028-04-05,2028-04-05,2028,4,2028-04,0,0,0,0,0,0,0,,
2028-03-25,2028-03-25,2028,3,2028-03,0,0,0,0,0,0,0,,
2028-03-19,2028-03-19,2028,3,2028-03,0,0,0,0,0,0,0,,
2028-03-12,2028-03-12,2028,3,2028-03,0,0,0,0,0,0,0,,
2028-03-04,2028-03-04,2028,3,2028-03,0,0,0,0,0,0,0,,
2028-02-28,2028-02-28,2028,2,2028-02,0,0,0,0,0,0,0,,
2028-02-21,2028-02-21,2028,2,2028-02,0,0,0,0,0,0,0,,
2028-02-06,2028-02-06,2028,2,2028-02,0,0,0,0,0,0,0,,
2028-01-10,2028-01-10,2028,1,2028-01,0,0,0,0,0,0,0,,
2028-01-01,2028-01-01,2028,1,2028-01,0,0,0,0,0,0,0,,
2027-11-27,2027-11-27,2027,11,2027-11,0,0,0,0,0,0,0,,
2027-11-25,2027-11-25,2027,11,2027-11,0,0,0,0,0,0,0,,
2027-11-24,2027-11-24,2027,11,2027-11,0,0,0,0,0,0,0,,
2027-11-05,2027-11-05,2027,11,2027-11,0,0,0,0,0,0,0,,
2027-10-19,2027-10-19,2027,10,2027-10,0,0,0,0,0,0,0,,
2027-09-30,2027-09-30,2027,9,2027-09,0,0,0,0,0,0,0,,
2027-09-24,2027-09-24,2027,9,2027-09,0,0,0,0,0,0,0,,
2027-09-20,2027-09-20,2027,9,2027-09,0,0,0,0,0,0,0,,
2027-09-16,2027-09-16,2027,9,2027-09,0,0,0,0,0,0,0,,
2027-09-13,2027-09-13,2027,9,2027-09,0,0,0,0,0,0,0,,
2027-08-14,2027-08-14,2027,8,2027-08,0,0,0,0,0,0,0,,
2027-08-05,2027-08-05,2027,8,2027-08,0,0,0,0,0,0,0,,
2027-07-23,2027-07-23,2027,7,2027-07,0,0,0,0,0,0,0,,
2027-07-11,2027-07-11,2027,7,2027-07,0,0,0,0,0,0,0,,
2027-06-09,2027-06-09,2027,6,2027-06,0,0,0,0,0,0,0,,
2027-05-27,2027-05-27,2027,5,2027-05,0,0,0,0,0,0,0,,
2027-05-13,2027-05-13,2027,5,2027-05,0,0,0,0,0,0,0,,
2027-05-01,2027-05-01,2027,5,2027-05,0,0,0,0,0,0,0,,
2027-04-30,2027-04-30,2027,4,2027-04,0,0,0,0,0,0,0,,
2027-04-11,2027-04-11,2027,4,2027-04,0,0,0,0,0,0,0,,
2027-04-10,2027-04-10,2027,4,2027-04,0,0,0,0,0,0,0,,
2027-04-05,2027-04-05,2027,4,2027-04,0,0,0,0,0,0,0,,
2027-03-12,2027-03-12,2027,3,2027-03,0,0,0,0,0,0,0,,
2027-02-24,2027-02-24,2027,2,2027-02,0,0,0,0,0,0,0,,
2027-01-23,2027-01-23,2027,1,2027-01,0,0,0,0,0,0,0,,
2027-01-10,2027-01-10,2027,1,2027-01,0,0,0,0,0,0,0,,
2027-01-03,2027-01-03,2027,1,2027-01,0,0,0,0,0,0,0,,
2026-12-23,2026-12-23,2026,12,2026-12,0,0,0,0,0,0,0,,
2026-12-21,2026-12-21,2026,12,2026-12,0,0,0,0,0,0,0,,
2026-12-07,2026-12-07,2026,12,2026-12,0,0,0,0,0,0,0,,
2026-11-06,2026-11-06,2026,11,2026-11,0,0,0,0,0,0,0,,
2026-10-24,2026-10-24,2026,10,2026-10,0,0,0,0,0,0,0,,
2026-09-22,2026-09-22,2026,9,2026-09,0,0,0,0,0,0,0,,
2026-09-21,2026-09-21,2026,9,2026-09,0,0,0,0,0,0,0,,
2026-09-19,2026-09-19,2026,9,2026-09,0,0,0,0,0,0,0,,
2026-09-04,2026-09-04,2026,9,2026-09,0,0,0,0,0,0,0,,
2026-07-19,2026-07-19,2026,7,2026-07,0,0,0,0,0,0,0,,
2026-07-12,2026-07-12,2026,7,2026-07,0,0,0,0,0,0,0,,
2026-07-10,2026-07-10,2026,7,2026-07,0,0,0,0,0,0,0,,
2026-04-27,2026-04-27,2026,4,2026-04,0,0,0,0,0,0,0,,
2026-04-19,2026-04-19,2026,4,2026-04,0,0,0,0,0,0,0,,
2026-02-24,2026-02-24,2026,2,2026-02,0,0,0,0,0,0,0,,
2026-02-09,2026-02-09,2026,2,2026-02,0,0,0,0,0,0,0,,
2026-02-02,2026-02-02,2026,2,2026-02,0,0,0,0,0,0,0,,
2026-01-14,2026-01-14,2026,1,2026-01,0,0,0,0,0,0,0,,
2026-01-04,2026-01-04,2026,1,2026-01,0,0,0,0,0,0,0,,
2025-12-27,2025-12-27,2025,12,2025-12,0,0,0,0,0,0,0,,
2025-12-23,2025-12-23,2025,12,2025-12,0,0,0,0,0,0,0,,
2025-12-12,2025-12-12,2025,12,2025-12,0,0,0,0,0,0,0,,
2025-11-24,2025-11-24,2025,11,2025-11,0,0,0,0,0,0,0,,
2025-11-23,2025-11-23,2025,11,2025-11,0,0,0,0,0,0,0,,
2025-11-22,2025-11-22,2025,11,2025-11,0,0,0,0,0,0,0,,
2025-10-19,2025-10-19,2025,10,2025-10,0,0,0,0,0,0,0,,
2025-10-18,2025-10-18,2025,10,2025-10,0,0,0,0,0,0,0,,
2025-10-13,2025-10-13,2025,10,2025-10,0,0,0,0,0,0,0,,
2025-06-15,2025-06-15,2025,6,2025-06,0,0,0,0,0,0,0,,
2025-05-26,2025-05-26,2025,5,2025-05,0,0,0,0,0,0,0,,
2025-04-15,2025-04-15,2025,4,2025-04,0,0,0,0,0,0,0,,
2025-04-03,2025-04-03,2025,4,2025-04,0,0,0,0,0,0,0,,
2025-03-18,2025-03-18,2025,3,2025-03,0,0,0,0,0,0,0,,
2025-03-05,2025-03-05,2025,3,2025-03,0,0,0,0,0,0,0,,
2025-02-15,2025-02-15,2025,2,2025-02,0,0,0,0,0,0,0,,
2025-01-25,2025-01-25,2025,1,2025-01,0,0,0,0,0,0,0,,
2024-12-21,2024-12-21,2024,12,2024-12,0,0,0,0,0,0,0,,
2024-12-13,2024-12-13,2024,12,2024-12,0,0,0,0,0,0,0,,
2024-11-22,2024-11-22,2024,11,2024-11,0,0,0,0,0,0,0,,
2024-11-21,2024-11-21,2024,11,2024-11,0,0,0,0,0,0,0,,
2024-11-02,2024-11-02,2024,11,2024-11,0,0,0,0,0,0,0,,
2024-10-06,2024-10-06,2024,10,2024-10,0,0,0,0,0,0,0,,
2024-09-03,2024-09-03,2024,9,2024-09,0,0,0,0,0,0,0,,
2024-08-15,2024-08-15,2024,8,2024-08,0,0,0,0,0,0,0,,
2024-07-10,2024-07-10,2024,7,2024-07,0,0,0,0,0,0,0,,
2024-04-21,2024-04-21,2024,4,2024-04,0,0,0,0,0,0,0,,
2024-04-16,2024-04-16,2024,4,2024-04,0,0,0,0,0,0,0,,
2024-03-20,2024-03-20,2024,3,2024-03,0,0,0,0,0,0,0,,
2024-03-08,2024-03-08,2024,3,2024-03,0,0,0,0,0,0,0,,
2024-02-28,2024-02-28,2024,2,2024-02,0,0,0,0,0,0,0,,
2024-02-14,2024-02-14,2024,2,2024-02,0,0,0,0,0,0,0,,
2024-02-11,2024-02-11,2024,2,2024-02,0,0,0,0,0,0,0,,
2024-02-09,2024-02-09,2024,2,2024-02,0,0,0,0,0,0,0,,
2023-12-28,2023-12-28,2023,12,2023-12,0,0,0,0,0,0,0,,
2023-12-27,2023-12-27,2023,12,2023-12,0,0,0,0,0,0,0,,
2023-12-25,2023-12-25,2023,12,2023-12,0,0,0,0,0,0,0,,
2023-12-24,2023-12-24,2023,12,2023-12,0,0,0,0,0,0,0,,
2023-12-13,2023-12-13,2023,12,2023-12,0,0,0,0,0,0,0,,
2023-12-09,2023-12-09,2023,12,2023-12,0,0,0,0,0,0,0,,
2023-10-31,2023-10-31,2023,10,2023-10,0,0,0,0,0,0,0,,
2023-10-20,2023-10-20,2023,10,2023-10,0,0,0,0,0,0,0,,
2023-10-17,2023-10-17,2023,10,2023-10,0,0,0,0,0,0,0,,
2023-10-01,2023-10-01,2023,10,2023-10,0,0,0,0,0,0,0,,
2023-09-30,2023-09-30,2023,9,2023-09,0,0,0,0,0,0,0,,
2023-09-11,2023-09-11,2023,9,2023-09,0,0,0,0,0,0,0,,
2023-09-07,2023-09-07,2023,9,2023-09,0,0,0,0,0,0,0,,
2023-09-03,2023-09-03,2023,9,2023-09,0,0,0,0,0,0,0,,
2023-09-01,2023-09-01,2023,9,2023-09,0,0,0,0,0,0,0,,
2023-07-17,2023-07-17,2023,7,2023-07,0,0,0,0,0,0,0,,
2023-07-06,2023-07-06,2023,7,2023-07,0,0,0,0,0,0,0,,
2023-06-16,2023-06-16,2023,6,2023-06,0,0,0,0,0,0,0,,
2023-05-24,2023-05-24,2023,5,2023-05,0,0,0,0,0,0,0,,
2023-04-29,2023-04-29,2023,4,2023-04,0,0,0,0,0,0,0,,
2023-03-29,2023-03-29,2023,3,2023-03,0,0,0,0,0,0,0,,
2023-03-26,2023-03-26,2023,3,2023-03,0,0,0,0,0,0,0,,
2023-03-03,2023-03-03,2023,3,2023-03,0,0,0,0,0,0,0,,
2023-02-10,2023-02-10,2023,2,2023-02,0,0,0,0,0,0,0,,
2023-02-07,2023-02-07,2023,2,2023-02,0,0,0,0,0,0,0,,
2023-01-29,2023-01-29,2023,1,2023-01,0,0,0,0,0,0,0,,
2023-01-18,2023-01-18,2023,1,2023-01,0,0,0,0,0,0,0,,
2023-01-10,2023-01-10,2023,1,2023-01,0,0,0,0,0,0,0,,
2023-01-09,2023-01-09,2023,1,2023-01,0,0,0,0,0,0,0,,
2023-01-04,2023-01-04,2023,1,2023-01,0,0,0,0,0,0,0,,
2022-12-24,2022-12-24,2022,12,2022-12,0,0,0,0,0,0,0,,
2022-11-09,2022-11-09,2022,11,2022-11,0,0,0,0,0,0,0,,
2022-11-02,2022-11-02,2022,11,2022-11,0,0,0,0,0,0,0,,
2022-10-31,2022-10-31,2022,10,2022-10,0,0,0,0,0,0,0,,
2022-09-13,2022-09-13,2022,9,2022-09,0,0,0,0,0,0,0,,
2022-08-30,2022-08-30,2022,8,2022-08,0,0,0,0,0,0,0,,
2022-08-15,2022-08-15,2022,8,2022-08,0,0,0,0,0,0,0,,
2022-06-01,2022-06-01,2022,6,2022-06,0,0,0,0,0,0,0,,
2022-05-29,2022-05-29,2022,5,2022-05,0,0,0,0,0,0,0,,
2022-05-14,2022-05-14,2022,5,2022-05,0,0,0,0,0,0,0,,
2022-04-07,2022-04-07,2022,4,2022-04,0,0,0,0,0,0,0,,
2022-02-28,2022-02-28,2022,2,2022-02,0,0,0,0,0,0,0,,
2022-01-31,2022-01-31,2022,1,2022-01,0,0,0,0,0,0,0,,
2022-01-03,2022-01-03,2022,1,2022-01,0,0,0,0,0,0,0,,
2022-01-02,2022-01-02,2022,1,2022-01,0,0,0,0,0,0,0,,
2021-12-30,2021-12-30,2021,12,2021-12,0,0,0,0,0,0,0,,
2021-12-17,2021-12-17,2021,12,2021-12,0,0,0,0,0,0,0,,
2021-12-10,2021-12-10,2021,12,2021-12,0,0,0,0,0,0,0,,
2021-11-23,2021-11-23,2021,11,2021-11,0,0,0,0,0,0,0,,
2021-11-19,2021-11-19,2021,11,2021-11,0,0,0,0,0,0,0,,
2021-11-14,2021-11-14,2021,11,2021-11,0,0,0,0,0,0,0,,
2021-10-17,2021-10-17,2021,10,2021-10,0,0,0,0,0,0,0,,
2021-10-08,2021-10-08,2021,10,2021-10,0,0,0,0,0,0,0,,
2021-09-14,2021-09-14,2021,9,2021-09,0,0,0,0,0,0,0,,
2021-09-08,2021-09-08,2021,9,2021-09,0,0,0,0,0,0,0,,
2021-09-07,2021-09-07,2021,9,2021-09,0,0,0,0,0,0,0,,
2021-09-05,2021-09-05,2021,9,2021-09,0,0,0,0,0,0,0,,
2021-09-01,2021-09-01,2021,9,2021-09,0,0,0,0,0,0,0,,
2021-08-31,2021-08-31,2021,8,2021-08,0,0,0,0,0,0,0,,
2021-08-20,2021-08-20,2021,8,2021-08,0,0,0,0,0,0,0,,
2021-08-19,2021-08-19,2021,8,2021-08,0,0,0,0,0,0,0,,
2021-08-04,2021-08-04,2021,8,2021-08,0,0,0,0,0,0,0,,
2021-06-30,2021-06-30,2021,6,2021-06,0,0,0,0,0,0,0,,
2021-06-25,2021-06-25,2021,6,2021-06,0,0,0,0,0,0,0,,
2021-06-18,2021-06-18,2021,6,2021-06,0,0,0,0,0,0,0,,
2021-06-05,2021-06-05,2021,6,2021-06,0,0,0,0,0,0,0,,
2021-05-30,2021-05-30,2021,5,2021-05,0,0,0,0,0,0,0,,
2021-05-10,2021-05-10,2021,5,2021-05,0,0,0,0,0,0,0,,
2021-04-30,2021-04-30,2021,4,2021-04,0,0,0,0,0,0,0,,
2021-04-03,2021-04-03,2021,4,2021-04,0,0,0,0,0,0,0,,
2021-03-31,2021-03-31,2021,3,2021-03,0,0,0,0,0,0,0,,
2021-03-21,2021-03-21,2021,3,2021-03,0,0,0,0,0,0,0,,
2021-02-23,2021-02-23,2021,2,2021-02,0,0,0,0,0,0,0,,
2021-02-21,2021-02-21,2021,2,2021-02,0,0,0,0,0,0,0,,
2021-02-20,2021-02-20,2021,2,2021-02,0,0,0,0,0,0,0,,
2021-02-15,2021-02-15,2021,2,2021-02,0,0,0,0,0,0,0,,
2021-02-08,2021-02-08,2021,2,2021-02,0,0,0,0,0,0,0,,
2021-01-19,2021-01-19,2021,1,2021-01,0,0,0,0,0,0,0,,
2020-12-26,2020-12-26,2020,12,2020-12,0,0,0,0,0,0,0,,
2020-12-01,2020-12-01,2020,12,2020-12,0,0,0,0,0,0,0,,
2020-10-15,2020-10-15,2020,10,2020-10,0,0,0,0,0,0,0,,
2020-10-14,2020-10-14,2020,10,2020-10,0,0,0,0,0,0,0,,
2020-10-07,2020-10-07,2020,10,2020-10,0,0,0,0,0,0,0,,
2020-09-27,2020-09-27,2020,9,2020-09,0,0,0,0,0,0,0,,
2020-08-27,2020-08-27,2020,8,2020-08,0,0,0,0,0,0,0,,
2020-08-23,2020-08-23,2020,8,2020-08,0,0,0,0,0,0,0,,
2020-08-01,2020-08-01,2020,8,2020-08,0,0,0,0,0,0,0,,
2020-07-20,2020-07-20,2020,7,2020-07,0,0,0,0,0,0,0,,
2020-06-26,2020-06-26,2020,6,2020-06,0,0,0,0,0,0,0,,
2020-05-15,2020-05-15,2020,5,2020-05,0,0,0,0,0,0,0,,
2020-05-14,2020-05-14,2020,5,2020-05,0,0,0,0,0,0,0,,
2020-05-10,2020-05-10,2020,5,2020-05,0,0,0,0,0,0,0,,
2020-04-29,2020-04-29,2020,4,2020-04,0,0,0,0,0,0,0,,
2020-04-10,2020-04-10,2020,4,2020-04,0,0,0,0,0,0,0,,
2020-03-10,2020-03-10,2020,3,2020-03,0,0,0,0,0,0,0,,
2020-03-02,2020-03-02,2020,3,2020-03,0,0,0,0,0,0,0,,
2020-02-24,2020-02-24,2020,2,2020-02,0,0,0,0,0,0,0,,
2020-02-18,2020-02-18,2020,2,2020-02,0,0,0,0,0,0,0,,
2019-12-24,2019-12-24,2019,12,2019-12,0,0,0,0,0,0,0,,
2019-12-16,2019-12-16,2019,12,2019-12,0,0,0,0,0,0,0,,
2019-12-09,2019-12-09,2019,12,2019-12,0,0,0,0,0,0,0,,
2019-12-03,2019-12-03,2019,12,2019-12,0,0,0,0,0,0,0,,
2019-11-22,2019-11-22,2019,11,2019-11,0,0,0,0,0,0,0,,
2019-11-05,2019-11-05,2019,11,2019-11,0,0,0,0,0,0,0,,
2019-11-02,2019-11-02,2019,11,2019-11,0,0,0,0,0,0,0,,
2019-10-14,2019-10-14,2019,10,2019-10,0,0,0,0,0,0,0,,
2019-10-09,2019-10-09,2019,10,2019-10,0,0,0,0,0,0,0,,
2019-08-04,2019-08-04,2019,8,2019-08,0,0,0,0,0,0,0,,
2019-07-26,2019-07-26,2019,7,2019-07,0,0,0,0,0,0,0,,
2019-07-17,2019-07-17,2019,7,2019-07,0,0,0,0,0,0,0,,
2019-06-25,2019-06-25,2019,6,2019-06,0,0,0,0,0,0,0,,
2019-06-24,2019-06-24,2019,6,2019-06,0,0,0,0,0,0,0,,
2019-06-22,2019-06-22,2019,6,2019-06,0,0,0,0,0,0,0,,
2019-05-26,2019-05-26,2019,5,2019-05,0,0,0,0,0,0,0,,
2019-05-18,2019-05-18,2019,5,2019-05,0,0,0,0,0,0,0,,
2019-04-08,2019-04-08,2019,4,2019-04,0,0,0,0,0,0,0,,
2019-04-07,2019-04-07,2019,4,2019-04,0,0,0,0,0,0,0,,
2019-04-06,2019-04-06,2019,4,2019-04,0,0,0,0,0,0,0,,
2019-03-30,2019-03-30,2019,3,2019-03,0,0,0,0,0,0,0,,
2019-03-14,2019-03-14,2019,3,2019-03,0,0,0,0,0,0,0,,
2019-02-28,2019-02-28,2019,2,2019-02,0,0,0,0,0,0,0,,
2019-02-15,2019-02-15,2019,2,2019-02,0,0,0,0,0,0,0,,
2019-02-11,2019-02-11,2019,2,2019-02,0,0,0,0,0,0,0,,
2019-01-14,2019-01-14,2019,1,2019-01,0,0,0,0,0,0,0,,
2019-01-01,2019-01-01,2019,1,2019-01,0,0,0,0,0,0,0,,
2018-12-16,2018-12-16,2018,12,2018-12,0,0,0,0,0,0,0,,
2018-11-27,2018-11-27,2018,11,2018-11,0,0,0,0,0,0,0,,
2018-11-23,2018-11-23,2018,11,2018-11,0,0,0,0,0,0,0,,
2018-11-08,2018-11-08,2018,11,2018-11,0,0,0,0,0,0,0,,
2018-11-02,2018-11-02,2018,11,2018-11,0,0,0,0,0,0,0,,
2018-08-28,2018-08-28,2018,8,2018-08,0,0,0,0,0,0,0,,
2018-08-15,2018-08-15,2018,8,2018-08,0,0,0,0,0,0,0,,
2018-07-19,2018-07-19,2018,7,2018-07,0,0,0,0,0,0,0,,
2018-07-12,2018-07-12,2018,7,2018-07,0,0,0,0,0,0,0,,
2018-06-02,2018-06-02,2018,6,2018-06,0,0,0,0,0,0,0,,
2018-04-13,2018-04-13,2018,4,2018-04,0,0,0,0,0,0,0,,
2018-03-15,2018-03-15,2018,3,2018-03,0,0,0,0,0,0,0,,
2018-03-10,2018-03-10,2018,3,2018-03,0,0,0,0,0,0,0,,
2017-12-25,2017-12-25,2017,12,2017-12,0,0,0,0,0,0,0,,
2017-12-12,2017-12-12,2017,12,2017-12,0,0,0,0,0,0,0,,
2017-11-25,2017-11-25,2017,11,2017-11,0,0,0,0,0,0,0,,
2017-11-22,2017-11-22,2017,11,2017-11,0,0,0,0,0,0,0,,
2017-10-07,2017-10-07,2017,10,2017-10,0,0,0,0,0,0,0,,
2017-10-04,2017-10-04,2017,10,2017-10,0,0,0,0,0,0,0,,
2017-09-01,2017-09-01,2017,9,2017-09,0,0,0,0,0,0,0,,
2017-07-31,2017-07-31,2017,7,2017-07,0,0,0,0,0,0,0,,
2017-07-26,2017-07-26,2017,7,2017-07,0,0,0,0,0,0,0,,
2017-07-15,2017-07-15,2017,7,2017-07,0,0,0,0,0,0,0,,
2017-07-05,2017-07-05,2017,7,2017-07,0,0,0,0,0,0,0,,
2017-06-12,2017-06-12,2017,6,2017-06,0,0,0,0,0,0,0,,
2017-06-06,2017-06-06,2017,6,2017-06,0,0,0,0,0,0,0,,
2017-05-31,2017-05-31,2017,5,2017-05,0,0,0,0,0,0,0,,
2017-05-15,2017-05-15,2017,5,2017-05,0,0,0,0,0,0,0,,
2017-05-14,2017-05-14,2017,5,2017-05,0,0,0,0,0,0,0,,
2017-05-11,2017-05-11,2017,5,2017-05,0,0,0,0,0,0,0,,
2017-04-21,2017-04-21,2017,4,2017-04,0,0,0,0,0,0,0,,
2017-04-20,2017-04-20,2017,4,2017-04,0,0,0,0,0,0,0,,
2017-04-19,2017-04-19,2017,4,2017-04,0,0,0,0,0,0,0,,
2017-04-06,2017-04-06,2017,4,2017-04,0,0,0,0,0,0,0,,
2017-03-28,2017-03-28,2017,3,2017-03,0,0,0,0,0,0,0,,
2017-03-21,2017-03-21,2017,3,2017-03,0,0,0,0,0,0,0,,
2017-03-14,2017-03-14,2017,3,2017-03,0,0,0,0,0,0,0,,
2017-02-19,2017-02-19,2017,2,2017-02,0,0,0,0,0,0,0,,
2017-01-14,2017-01-14,2017,1,2017-01,0,0,0,0,0,0,0,,
2016-12-24,2016-12-24,2016,12,2016-12,0,0,0,0,0,0,0,,
2016-11-23,2016-11-23,2016,11,2016-11,0,0,0,0,0,0,0,,
2016-11-19,2016-11-19,2016,11,2016-11,0,0,0,0,0,0,0,,
2016-11-12,2016-11-12,2016,11,2016-11,0,0,0,0,0,0,0,,
2016-11-11,2016-11-11,2016,11,2016-11,0,0,0,0,0,0,0,,
2016-10-24,2016-10-24,2016,10,2016-10,0,0,0,0,0,0,0,,
2016-10-16,2016-10-16,2016,10,2016-10,0,0,0,0,0,0,0,,
2016-09-21,2016-09-21,2016,9,2016-09,0,0,0,0,0,0,0,,
2016-08-30,2016-08-30,2016,8,2016-08,0,0,0,0,0,0,0,,
2016-07-07,2016-07-07,2016,7,2016-07,0,0,0,0,0,0,0,,
2016-05-21,2016-05-21,2016,5,2016-05,0,0,0,0,0,0,0,,
2016-05-12,2016-05-12,2016,5,2016-05,0,0,0,0,0,0,0,,
2012-12-17,2012-12-17,2012,12,2012-12,0,0,0,0,0,0,0,,
2012-11-15,2012-11-15,2012,11,2012-11,0,0,0,0,0,0,0,,
2012-11-07,2012-11-07,2012,11,2012-11,0,0,0,0,0,0,0,,
2012-10-20,2012-10-20,2012,10,2012-10,0,0,0,0,0,0,0,,
2012-10-10,2012-10-10,2012,10,2012-10,0,0,0,0,0,0,0,,
2012-10-06,2012-10-06,2012,10,2012-10,0,0,0,0,0,0,0,,
2012-09-21,2012-09-21,2012,9,2012-09,0,0,0,0,0,0,0,,
2012-07-25,2012-07-25,2012,7,2012-07,0,0,0,0,0,0,0,,
2012-07-09,2012-07-09,2012,7,2012-07,0,0,0,0,0,0,0,,
2012-06-18,2012-06-18,2012,6,2012-06,0,0,0,0,0,0,0,,
2012-06-11,2012-06-11,2012,6,2012-06,0,0,0,0,0,0,0,,
2012-05-25,2012-05-25,2012,5,2012-05,0,0,0,0,0,0,0,,
2012-05-15,2012-05-15,2012,5,2012-05,0,0,0,0,0,0,0,,
2012-05-11,2012-05-11,2012,5,2012-05,0,0,0,0,0,0,0,,
2012-04-29,2012-04-29,2012,4,2012-04,0,0,0,0,0,0,0,,
2012-04-13,2012-04-13,2012,4,2012-04,0,0,0,0,0,0,0,,
2012-03-27,2012-03-27,2012,3,2012-03,0,0,0,0,0,0,0,,
2012-03-14,2012-03-14,2012,3,2012-03,0,0,0,0,0,0,0,,
2012-02-27,2012-02-27,2012,2,2012-02,0,0,0,0,0,0,0,,
2012-02-16,2012-02-16,2012,2,2012-02,0,0,0,0,0,0,0,,
2030-12-24,2030-12-24,2030,12,2030-12,0,0,0,0,0,0,0,,
2030-12-22,2030-12-22,2030,12,2030-12,0,0,0,0,0,0,0,,
2030-12-19,2030-12-19,2030,12,2030-12,0,0,0,0,0,0,0,,
2030-12-16,2030-12-16,2030,12,2030-12,0,0,0,0,0,0,0,,
2030-10-21,2030-10-21,2030,10,2030-10,0,0,0,0,0,0,0,,
2030-10-15,2030-10-15,2030,10,2030-10,0,0,0,0,0,0,0,,
2030-10-10,2030-10-10,2030,10,2030-10,0,0,0,0,0,0,0,,
2030-10-01,2030-10-01,2030,10,2030-10,0,0,0,0,0,0,0,,
2030-09-24,2030-09-24,2030,9,2030-09,0,0,0,0,0,0,0,,
2030-09-18,2030-09-18,2030,9,2030-09,0,0,0,0,0,0,0,,
2030-09-14,2030-09-14,2030,9,2030-09,0,0,0,0,0,0,0,,
2030-09-13,2030-09-13,2030,9,2030-09,0,0,0,0,0,0,0,,
2030-08-23,2030-08-23,2030,8,2030-08,0,0,0,0,0,0,0,,
2030-08-17,2030-08-17,2030,8,2030-08,0,0,0,0,0,0,0,,
2030-07-17,2030-07-17,2030,7,2030-07,0,0,0,0,0,0,0,,
2030-07-15,2030-07-15,2030,7,2030-07,0,0,0,0,0,0,0,,
2030-07-14,2030-07-14,2030,7,2030-07,0,0,0,0,0,0,0,,
2030-06-29,2030-06-29,2030,6,2030-06,0,0,0,0,0,0,0,,
2030-06-08,2030-06-08,2030,6,2030-06,0,0,0,0,0,0,0,,
2030-06-01,2030-06-01,2030,6,2030-06,0,0,0,0,0,0,0,,
2030-05-28,2030-05-28,2030,5,2030-05,0,0,0,0,0,0,0,,
2030-05-07,2030-05-07,2030,5,2030-05,0,0,0,0,0,0,0,,
2030-04-28,2030-04-28,2030,4,2030-04,0,0,0,0,0,0,0,,
2030-04-22,2030-04-22,2030,4,2030-04,0,0,0,0,0,0,0,,
2030-04-17,2030-04-17,2030,4,2030-04,0,0,0,0,0,0,0,,
2030-04-16,2030-04-16,2030,4,2030-04,0,0,0,0,0,0,0,,
2030-04-05,2030-04-05,2030,4,2030-04,0,0,0,0,0,0,0,,
2030-03-05,2030-03-05,2030,3,2030-03,0,0,0,0,0,0,0,,
2030-02-08,2030-02-08,2030,2,2030-02,0,0,0,0,0,0,0,,
2030-02-03,2030-02-03,2030,2,2030-02,0,0,0,0,0,0,0,,
2030-01-14,2030-01-14,2030,1,2030-01,0,0,0,0,0,0,0,,
2029-12-14,2029-12-14,2029,12,2029-12,0,0,0,0,0,0,0,,
2029-12-10,2029-12-10,2029,12,2029-12,0,0,0,0,0,0,0,,
2029-11-22,2029-11-22,2029,11,2029-11,0,0,0,0,0,0,0,,
2029-11-13,2029-11-13,2029,11,2029-11,0,0,0,0,0,0,0,,
2029-11-03,2029-11-03,2029,11,2029-11,0,0,0,0,0,0,0,,
2029-10-26,2029-10-26,2029,10,2029-10,0,0,0,0,0,0,0,,
2029-10-09,2029-10-09,2029,10,2029-10,0,0,0,0,0,0,0,,
2029-10-05,2029-10-05,2029,10,2029-10,0,0,0,0,0,0,0,,
2029-09-12,2029-09-12,2029,9,2029-09,0,0,0,0,0,0,0,,
2029-08-21,2029-08-21,2029,8,2029-08,0,0,0,0,0,0,0,,
2029-08-19,2029-08-19,2029,8,2029-08,0,0,0,0,0,0,0,,
2029-08-02,2029-08-02,2029,8,2029-08,0,0,0,0,0,0,0,,
2029-07-29,2029-07-29,2029,7,2029-07,0,0,0,0,0,0,0,,
2029-07-27,2029-07-27,2029,7,2029-07,0,0,0,0,0,0,0,,
2029-07-17,2029-07-17,2029,7,2029-07,0,0,0,0,0,0,0,,
2029-07-01,2029-07-01,2029,7,2029-07,0,0,0,0,0,0,0,,
2029-06-11,2029-06-11,2029,6,2029-06,0,0,0,0,0,0,0,,
2029-05-19,2029-05-19,2029,5,2029-05,0,0,0,0,0,0,0,,
2029-04-25,2029-04-25,2029,4,2029-04,0,0,0,0,0,0,0,,
2029-04-03,2029-04-03,2029,4,2029-04,0,0,0,0,0,0,0,,
2029-03-25,2029-03-25,2029,3,2029-03,0,0,0,0,0,0,0,,
2029-03-24,2029-03-24,2029,3,2029-03,0,0,0,0,0,0,0,,
2029-03-18,2029-03-18,2029,3,2029-03,0,0,0,0,0,0,0,,
2029-03-01,2029-03-01,2029,3,2029-03,0,0,0,0,0,0,0,,
2029-02-26,2029-02-26,2029,2,2029-02,0,0,0,0,0,0,0,,
2029-02-14,2029-02-14,2029,2,2029-02,0,0,0,0,0,0,0,,
2029-01-19,2029-01-19,2029,1,2029-01,0,0,0,0,0,0,0,,
2028-12-24,2028-12-24,2028,12,2028-12,0,0,0,0,0,0,0,,
2028-12-08,2028-12-08,2028,12,2028-12,0,0,0,0,0,0,0,,
2028-11-30,2028-11-30,2028,11,2028-11,0,0,0,0,0,0,0,,
2028-11-15,2028-11-15,2028,11,2028-11,0,0,0,0,0,0,0,,
2028-10-27,2028-10-27,2028,10,2028-10,0,0,0,0,0,0,0,,
2028-10-03,2028-10-03,2028,10,2028-10,0,0,0,0,0,0,0,,
2028-09-07,2028-09-07,2028,9,2028-09,0,0,0,0,0,0,0,,
2028-08-31,2028-08-31,2028,8,2028-08,0,0,0,0,0,0,0,,
2028-08-28,2028-08-28,2028,8,2028-08,0,0,0,0,0,0,0,,
2028-07-31,2028-07-31,2028,7,2028-07,0,0,0,0,0,0,0,,
2028-06-12,2028-06-12,2028,6,2028-06,0,0,0,0,0,0,0,,
2028-05-25,2028-05-25,2028,5,2028-05,0,0,0,0,0,0,0,,
2028-05-13,2028-05-13,2028,5,2028-05,0,0,0,0,0,0,0,,
2028-05-12,2028-05-12,2028,5,2028-05,0,0,0,0,0,0,0,,
2028-03-15,2028-03-15,2028,3,2028-03,0,0,0,0,0,0,0,,
2028-02-20,2028-02-20,2028,2,2028-02,0,0,0,0,0,0,0,,
2027-12-09,2027-12-09,2027,12,2027-12,0,0,0,0,0,0,0,,
2027-10-17,2027-10-17,2027,10,2027-10,0,0,0,0,0,0,0,,
2027-10-11,2027-10-11,2027,10,2027-10,0,0,0,0,0,0,0,,
2027-09-03,2027-09-03,2027,9,2027-09,0,0,0,0,0,0,0,,
2027-08-31,2027-08-31,2027,8,2027-08,0,0,0,0,0,0,0,,
2027-08-21,2027-08-21,2027,8,2027-08,0,0,0,0,0,0,0,,
2027-07-31,2027-07-31,2027,7,2027-07,0,0,0,0,0,0,0,,
2027-07-13,2027-07-13,2027,7,2027-07,0,0,0,0,0,0,0,,
2027-07-07,2027-07-07,2027,7,2027-07,0,0,0,0,0,0,0,,
2027-06-26,2027-06-26,2027,6,2027-06,0,0,0,0,0,0,0,,
2027-06-17,2027-06-17,2027,6,2027-06,0,0,0,0,0,0,0,,
2027-06-11,2027-06-11,2027,6,2027-06,0,0,0,0,0,0,0,,
2027-04-28,2027-04-28,2027,4,2027-04,0,0,0,0,0,0,0,,
2027-04-15,2027-04-15,2027,4,2027-04,0,0,0,0,0,0,0,,
2027-03-29,2027-03-29,2027,3,2027-03,0,0,0,0,0,0,0,,
2027-03-10,2027-03-10,2027,3,2027-03,0,0,0,0,0,0,0,,
2027-03-04,2027-03-04,2027,3,2027-03,0,0,0,0,0,0,0,,
2027-02-08,2027-02-08,2027,2,2027-02,0,0,0,0,0,0,0,,
2026-12-22,2026-12-22,2026,12,2026-12,0,0,0,0,0,0,0,,
2026-12-20,2026-12-20,2026,12,2026-12,0,0,0,0,0,0,0,,
2026-12-11,2026-12-11,2026,12,2026-12,0,0,0,0,0,0,0,,
2026-12-06,2026-12-06,2026,12,2026-12,0,0,0,0,0,0,0,,
2026-11-07,2026-11-07,2026,11,2026-11,0,0,0,0,0,0,0,,
2026-11-04,2026-11-04,2026,11,2026-11,0,0,0,0,0,0,0,,
2026-09-24,2026-09-24,2026,9,2026-09,0,0,0,0,0,0,0,,
2026-09-16,2026-09-16,2026,9,2026-09,0,0,0,0,0,0,0,,
2026-09-11,2026-09-11,2026,9,2026-09,0,0,0,0,0,0,0,,
2026-08-30,2026-08-30,2026,8,2026-08,0,0,0,0,0,0,0,,
2026-08-27,2026-08-27,2026,8,2026-08,0,0,0,0,0,0,0,,
2026-08-20,2026-08-20,2026,8,2026-08,0,0,0,0,0,0,0,,
2026-08-03,2026-08-03,2026,8,2026-08,0,0,0,0,0,0,0,,
2026-07-30,2026-07-30,2026,7,2026-07,0,0,0,0,0,0,0,,
2026-07-16,2026-07-16,2026,7,2026-07,0,0,0,0,0,0,0,,
2026-07-15,2026-07-15,2026,7,2026-07,0,0,0,0,0,0,0,,
2026-06-29,2026-06-29,2026,6,2026-06,0,0,0,0,0,0,0,,
2026-05-12,2026-05-12,2026,5,2026-05,0,0,0,0,0,0,0,,
2026-05-11,2026-05-11,2026,5,2026-05,0,0,0,0,0,0,0,,
2026-04-12,2026-04-12,2026,4,2026-04,0,0,0,0,0,0,0,,
2026-03-28,2026-03-28,2026,3,2026-03,0,0,0,0,0,0,0,,
2026-03-02,2026-03-02,2026,3,2026-03,0,0,0,0,0,0,0,,
2026-03-01,2026-03-01,2026,3,2026-03,0,0,0,0,0,0,0,,
2026-02-06,2026-02-06,2026,2,2026-02,0,0,0,0,0,0,0,,
2026-01-31,2026-01-31,2026,1,2026-01,0,0,0,0,0,0,0,,
2026-01-28,2026-01-28,2026,1,2026-01,0,0,0,0,0,0,0,,
2026-01-20,2026-01-20,2026,1,2026-01,0,0,0,0,0,0,0,,
2026-01-17,2026-01-17,2026,1,2026-01,0,0,0,0,0,0,0,,
2026-01-11,2026-01-11,2026,1,2026-01,0,0,0,0,0,0,0,,
2026-01-08,2026-01-08,2026,1,2026-01,0,0,0,0,0,0,0,,
2025-12-24,2025-12-24,2025,12,2025-12,0,0,0,0,0,0,0,,
2025-12-22,2025-12-22,2025,12,2025-12,0,0,0,0,0,0,0,,
2025-12-07,2025-12-07,2025,12,2025-12,0,0,0,0,0,0,0,,
2025-12-03,2025-12-03,2025,12,2025-12,0,0,0,0,0,0,0,,
2025-11-13,2025-11-13,2025,11,2025-11,0,0,0,0,0,0,0,,
2025-10-14,2025-10-14,2025,10,2025-10,0,0,0,0,0,0,0,,
2025-10-08,2025-10-08,2025,10,2025-10,0,0,0,0,0,0,0,,
2025-09-24,2025-09-24,2025,9,2025-09,0,0,0,0,0,0,0,,
2025-09-13,2025-09-13,2025,9,2025-09,0,0,0,0,0,0,0,,
2025-09-05,2025-09-05,2025,9,2025-09,0,0,0,0,0,0,0,,
2025-08-11,2025-08-11,2025,8,2025-08,0,0,0,0,0,0,0,,
2025-08-03,2025-08-03,2025,8,2025-08,0,0,0,0,0,0,0,,
2025-07-26,2025-07-26,2025,7,2025-07,0,0,0,0,0,0,0,,
2025-07-25,2025-07-25,2025,7,2025-07,0,0,0,0,0,0,0,,
2025-07-04,2025-07-04,2025,7,2025-07,0,0,0,0,0,0,0,,
2025-07-03,2025-07-03,2025,7,2025-07,0,0,0,0,0,0,0,,
2025-06-16,2025-06-16,2025,6,2025-06,0,0,0,0,0,0,0,,
2025-06-07,2025-06-07,2025,6,2025-06,0,0,0,0,0,0,0,,
2025-05-17,2025-05-17,2025,5,2025-05,0,0,0,0,0,0,0,,
2025-03-20,2025-03-20,2025,3,2025-03,0,0,0,0,0,0,0,,
2025-03-15,2025-03-15,2025,3,2025-03,0,0,0,0,0,0,0,,
2025-03-09,2025-03-09,2025,3,2025-03,0,0,0,0,0,0,0,,
2025-03-06,2025-03-06,2025,3,2025-03,0,0,0,0,0,0,0,,
2025-02-20,2025-02-20,2025,2,2025-02,0,0,0,0,0,0,0,,
2025-02-14,2025-02-14,2025,2,2025-02,0,0,0,0,0,0,0,,
2025-01-31,2025-01-31,2025,1,2025-01,0,0,0,0,0,0,0,,
2025-01-22,2025-01-22,2025,1,2025-01,0,0,0,0,0,0,0,,
2025-01-08,2025-01-08,2025,1,2025-01,0,0,0,0,0,0,0,,
2024-12-22,2024-12-22,2024,12,2024-12,0,0,0,0,0,0,0,,
2024-11-27,2024-11-27,2024,11,2024-11,0,0,0,0,0,0,0,,
2024-11-24,2024-11-24,2024,11,2024-11,0,0,0,0,0,0,0,,
2024-11-13,2024-11-13,2024,11,2024-11,0,0,0,0,0,0,0,,
2024-10-17,2024-10-17,2024,10,2024-10,0,0,0,0,0,0,0,,
2024-10-03,2024-10-03,2024,10,2024-10,0,0,0,0,0,0,0,,
2024-09-23,2024-09-23,2024,9,2024-09,0,0,0,0,0,0,0,,
2024-09-09,2024-09-09,2024,9,2024-09,0,0,0,0,0,0,0,,
2024-08-19,2024-08-19,2024,8,2024-08,0,0,0,0,0,0,0,,
2024-08-17,2024-08-17,2024,8,2024-08,0,0,0,0,0,0,0,,
2024-08-12,2024-08-12,2024,8,2024-08,0,0,0,0,0,0,0,,
2024-07-14,2024-07-14,2024,7,2024-07,0,0,0,0,0,0,0,,
2024-06-03,2024-06-03,2024,6,2024-06,0,0,0,0,0,0,0,,
2024-05-27,2024-05-27,2024,5,2024-05,0,0,0,0,0,0,0,,
2024-04-24,2024-04-24,2024,4,2024-04,0,0,0,0,0,0,0,,
2024-04-22,2024-04-22,2024,4,2024-04,0,0,0,0,0,0,0,,
2024-02-25,2024-02-25,2024,2,2024-02,0,0,0,0,0,0,0,,
2024-02-20,2024-02-20,2024,2,2024-02,0,0,0,0,0,0,0,,
2024-01-18,2024-01-18,2024,1,2024-01,0,0,0,0,0,0,0,,
2024-01-17,2024-01-17,2024,1,2024-01,0,0,0,0,0,0,0,,
2024-01-12,2024-01-12,2024,1,2024-01,0,0,0,0,0,0,0,,
2024-01-01,2024-01-01,2024,1,2024-01,0,0,0,0,0,0,0,,
2023-12-18,2023-12-18,2023,12,2023-12,0,0,0,0,0,0,0,,
2023-12-12,2023-12-12,2023,12,2023-12,0,0,0,0,0,0,0,,
2023-11-29,2023-11-29,2023,11,2023-11,0,0,0,0,0,0,0,,
2023-11-26,2023-11-26,2023,11,2023-11,0,0,0,0,0,0,0,,
2023-11-13,2023-11-13,2023,11,2023-11,0,0,0,0,0,0,0,,
2023-11-06,2023-11-06,2023,11,2023-11,0,0,0,0,0,0,0,,
2023-11-04,2023-11-04,2023,11,2023-11,0,0,0,0,0,0,0,,
2023-10-23,2023-10-23,2023,10,2023-10,0,0,0,0,0,0,0,,
2023-09-28,2023-09-28,2023,9,2023-09,0,0,0,0,0,0,0,,
2023-09-18,2023-09-18,2023,9,2023-09,0,0,0,0,0,0,0,,
2023-07-28,2023-07-28,2023,7,2023-07,0,0,0,0,0,0,0,,
2023-07-23,2023-07-23,2023,7,2023-07,0,0,0,0,0,0,0,,
2023-07-11,2023-07-11,2023,7,2023-07,0,0,0,0,0,0,0,,
2023-06-12,2023-06-12,2023,6,2023-06,0,0,0,0,0,0,0,,
2023-06-08,2023-06-08,2023,6,2023-06,0,0,0,0,0,0,0,,
2023-06-07,2023-06-07,2023,6,2023-06,0,0,0,0,0,0,0,,
2023-06-02,2023-06-02,2023,6,2023-06,0,0,0,0,0,0,0,,
2023-05-17,2023-05-17,2023,5,2023-05,0,0,0,0,0,0,0,,
2023-05-13,2023-05-13,2023,5,2023-05,0,0,0,0,0,0,0,,
2023-05-06,2023-05-06,2023,5,2023-05,0,0,0,0,0,0,0,,
2023-05-02,2023-05-02,2023,5,2023-05,0,0,0,0,0,0,0,,
2023-04-30,2023-04-30,2023,4,2023-04,0,0,0,0,0,0,0,,
2023-04-01,2023-04-01,2023,4,2023-04,0,0,0,0,0,0,0,,
2023-03-08,2023-03-08,2023,3,2023-03,0,0,0,0,0,0,0,,
2023-02-19,2023-02-19,2023,2,2023-02,0,0,0,0,0,0,0,,
2023-02-17,2023-02-17,2023,2,2023-02,0,0,0,0,0,0,0,,
2023-02-16,2023-02-16,2023,2,2023-02,0,0,0,0,0,0,0,,
2023-02-13,2023-02-13,2023,2,2023-02,0,0,0,0,0,0,0,,
2023-01-22,2023-01-22,2023,1,2023-01,0,0,0,0,0,0,0,,
2023-01-06,2023-01-06,2023,1,2023-01,0,0,0,0,0,0,0,,
2022-12-14,2022-12-14,2022,12,2022-12,0,0,0,0,0,0,0,,
2022-11-30,2022-11-30,2022,11,2022-11,0,0,0,0,0,0,0,,
2022-11-17,2022-11-17,2022,11,2022-11,0,0,0,0,0,0,0,,
2022-11-05,2022-11-05,2022,11,2022-11,0,0,0,0,0,0,0,,
2022-11-04,2022-11-04,2022,11,2022-11,0,0,0,0,0,0,0,,
2022-10-27,2022-10-27,2022,10,2022-10,0,0,0,0,0,0,0,,
2022-10-15,2022-10-15,2022,10,2022-10,0,0,0,0,0,0,0,,
2022-09-26,2022-09-26,2022,9,2022-09,0,0,0,0,0,0,0,,
2022-08-25,2022-08-25,2022,8,2022-08,0,0,0,0,0,0,0,,
2022-08-09,2022-08-09,2022,8,2022-08,0,0,0,0,0,0,0,,
2022-08-04,2022-08-04,2022,8,2022-08,0,0,0,0,0,0,0,,
2022-07-18,2022-07-18,2022,7,2022-07,0,0,0,0,0,0,0,,
2022-07-08,2022-07-08,2022,7,2022-07,0,0,0,0,0,0,0,,
2022-04-22,2022-04-22,2022,4,2022-04,0,0,0,0,0,0,0,,
2022-04-20,2022-04-20,2022,4,2022-04,0,0,0,0,0,0,0,,
2022-04-17,2022-04-17,2022,4,2022-04,0,0,0,0,0,0,0,,
2022-04-11,2022-04-11,2022,4,2022-04,0,0,0,0,0,0,0,,
2022-03-31,2022-03-31,2022,3,2022-03,0,0,0,0,0,0,0,,
2022-03-29,2022-03-29,2022,3,2022-03,0,0,0,0,0,0,0,,
2022-03-06,2022-03-06,2022,3,2022-03,0,0,0,0,0,0,0,,
2022-02-10,2022-02-10,2022,2,2022-02,0,0,0,0,0,0,0,,
2022-01-21,2022-01-21,2022,1,2022-01,0,0,0,0,0,0,0,,
2022-01-14,2022-01-14,2022,1,2022-01,0,0,0,0,0,0,0,,
2022-01-13,2022-01-13,2022,1,2022-01,0,0,0,0,0,0,0,,
2021-12-31,2021-12-31,2021,12,2021-12,0,0,0,0,0,0,0,,
2021-12-20,2021-12-20,2021,12,2021-12,0,0,0,0,0,0,0,,
2021-11-24,2021-11-24,2021,11,2021-11,0,0,0,0,0,0,0,,
2021-11-10,2021-11-10,2021,11,2021-11,0,0,0,0,0,0,0,,
2021-10-31,2021-10-31,2021,10,2021-10,0,0,0,0,0,0,0,,
2021-10-05,2021-10-05,2021,10,2021-10,0,0,0,0,0,0,0,,
2021-10-03,2021-10-03,2021,10,2021-10,0,0,0,0,0,0,0,,
2021-09-29,2021-09-29,2021,9,2021-09,0,0,0,0,0,0,0,,
2021-09-27,2021-09-27,2021,9,2021-09,0,0,0,0,0,0,0,,
2021-08-23,2021-08-23,2021,8,2021-08,0,0,0,0,0,0,0,,
2021-08-12,2021-08-12,2021,8,2021-08,0,0,0,0,0,0,0,,
2021-07-25,2021-07-25,2021,7,2021-07,0,0,0,0,0,0,0,,
2021-07-02,2021-07-02,2021,7,2021-07,0,0,0,0,0,0,0,,
2021-06-28,2021-06-28,2021,6,2021-06,0,0,0,0,0,0,0,,
2021-06-09,2021-06-09,2021,6,2021-06,0,0,0,0,0,0,0,,
2021-05-24,2021-05-24,2021,5,2021-05,0,0,0,0,0,0,0,,
2021-05-17,2021-05-17,2021,5,2021-05,0,0,0,0,0,0,0,,
2021-03-26,2021-03-26,2021,3,2021-03,0,0,0,0,0,0,0,,
2021-03-11,2021-03-11,2021,3,2021-03,0,0,0,0,0,0,0,,
2021-03-04,2021-03-04,2021,3,2021-03,0,0,0,0,0,0,0,,
2021-02-18,2021-02-18,2021,2,2021-02,0,0,0,0,0,0,0,,
2021-02-16,2021-02-16,2021,2,2021-02,0,0,0,0,0,0,0,,
2021-02-05,2021-02-05,2021,2,2021-02,0,0,0,0,0,0,0,,
2021-01-31,2021-01-31,2021,1,2021-01,0,0,0,0,0,0,0,,
2021-01-28,2021-01-28,2021,1,2021-01,0,0,0,0,0,0,0,,
2021-01-13,2021-01-13,2021,1,2021-01,0,0,0,0,0,0,0,,
2021-01-03,2021-01-03,2021,1,2021-01,0,0,0,0,0,0,0,,
2020-12-13,2020-12-13,2020,12,2020-12,0,0,0,0,0,0,0,,
2020-10-30,2020-10-30,2020,10,2020-10,0,0,0,0,0,0,0,,
2020-10-24,2020-10-24,2020,10,2020-10,0,0,0,0,0,0,0,,
2020-10-02,2020-10-02,2020,10,2020-10,0,0,0,0,0,0,0,,
2020-09-30,2020-09-30,2020,9,2020-09,0,0,0,0,0,0,0,,
2020-09-17,2020-09-17,2020,9,2020-09,0,0,0,0,0,0,0,,
2020-09-12,2020-09-12,2020,9,2020-09,0,0,0,0,0,0,0,,
2020-08-26,2020-08-26,2020,8,2020-08,0,0,0,0,0,0,0,,
2020-07-31,2020-07-31,2020,7,2020-07,0,0,0,0,0,0,0,,
2020-07-27,2020-07-27,2020,7,2020-07,0,0,0,0,0,0,0,,
2020-07-18,2020-07-18,2020,7,2020-07,0,0,0,0,0,0,0,,
2020-07-08,2020-07-08,2020,7,2020-07,0,0,0,0,0,0,0,,
2020-06-08,2020-06-08,2020,6,2020-06,0,0,0,0,0,0,0,,
2020-05-24,2020-05-24,2020,5,2020-05,0,0,0,0,0,0,0,,
2020-04-13,2020-04-13,2020,4,2020-04,0,0,0,0,0,0,0,,
2020-03-19,2020-03-19,2020,3,2020-03,0,0,0,0,0,0,0,,
2020-03-14,2020-03-14,2020,3,2020-03,0,0,0,0,0,0,0,,
2020-01-21,2020-01-21,2020,1,2020-01,0,0,0,0,0,0,0,,
2020-01-04,2020-01-04,2020,1,2020-01,0,0,0,0,0,0,0,,
2019-11-23,2019-11-23,2019,11,2019-11,0,0,0,0,0,0,0,,
2019-11-06,2019-11-06,2019,11,2019-11,0,0,0,0,0,0,0,,
2019-10-30,2019-10-30,2019,10,2019-10,0,0,0,0,0,0,0,,
2019-10-17,2019-10-17,2019,10,2019-10,0,0,0,0,0,0,0,,
2019-10-12,2019-10-12,2019,10,2019-10,0,0,0,0,0,0,0,,
2019-09-09,2019-09-09,2019,9,2019-09,0,0,0,0,0,0,0,,
2019-09-08,2019-09-08,2019,9,2019-09,0,0,0,0,0,0,0,,
2019-08-05,2019-08-05,2019,8,2019-08,0,0,0,0,0,0,0,,
2019-06-02,2019-06-02,2019,6,2019-06,0,0,0,0,0,0,0,,
2019-05-25,2019-05-25,2019,5,2019-05,0,0,0,0,0,0,0,,
2019-05-08,2019-05-08,2019,5,2019-05,0,0,0,0,0,0,0,,
2019-04-28,2019-04-28,2019,4,2019-04,0,0,0,0,0,0,0,,
2019-03-24,2019-03-24,2019,3,2019-03,0,0,0,0,0,0,0,,
2019-03-11,2019-03-11,2019,3,2019-03,0,0,0,0,0,0,0,,
2019-02-26,2019-02-26,2019,2,2019-02,0,0,0,0,0,0,0,,
2019-02-07,2019-02-07,2019,2,2019-02,0,0,0,0,0,0,0,,
2019-02-06,2019-02-06,2019,2,2019-02,0,0,0,0,0,0,0,,
2019-01-26,2019-01-26,2019,1,2019-01,0,0,0,0,0,0,0,,
2019-01-20,2019-01-20,2019,1,2019-01,0,0,0,0,0,0,0,,
2019-01-18,2019-01-18,2019,1,2019-01,0,0,0,0,0,0,0,,
2019-01-02,2019-01-02,2019,1,2019-01,0,0,0,0,0,0,0,,
2018-12-31,2018-12-31,2018,12,2018-12,0,0,0,0,0,0,0,,
2018-12-29,2018-12-29,2018,12,2018-12,0,0,0,0,0,0,0,,
2018-12-28,2018-12-28,2018,12,2018-12,0,0,0,0,0,0,0,,
2018-12-18,2018-12-18,2018,12,2018-12,0,0,0,0,0,0,0,,
2018-12-14,2018-12-14,2018,12,2018-12,0,0,0,0,0,0,0,,
2018-12-09,2018-12-09,2018,12,2018-12,0,0,0,0,0,0,0,,
2018-12-04,2018-12-04,2018,12,2018-12,0,0,0,0,0,0,0,,
2018-12-03,2018-12-03,2018,12,2018-12,0,0,0,0,0,0,0,,
2018-11-05,2018-11-05,2018,11,2018-11,0,0,0,0,0,0,0,,
2018-10-21,2018-10-21,2018,10,2018-10,0,0,0,0,0,0,0,,
2018-10-16,2018-10-16,2018,10,2018-10,0,0,0,0,0,0,0,,
2018-08-30,2018-08-30,2018,8,2018-08,0,0,0,0,0,0,0,,
2018-07-24,2018-07-24,2018,7,2018-07,0,0,0,0,0,0,0,,
2018-06-21,2018-06-21,2018,6,2018-06,0,0,0,0,0,0,0,,
2018-06-07,2018-06-07,2018,6,2018-06,0,0,0,0,0,0,0,,
2018-05-20,2018-05-20,2018,5,2018-05,0,0,0,0,0,0,0,,
2018-05-16,2018-05-16,2018,5,2018-05,0,0,0,0,0,0,0,,
2018-04-26,2018-04-26,2018,4,2018-04,0,0,0,0,0,0,0,,
2018-04-09,2018-04-09,2018,4,2018-04,0,0,0,0,0,0,0,,
2018-03-14,2018-03-14,2018,3,2018-03,0,0,0,0,0,0,0,,
2018-03-12,2018-03-12,2018,3,2018-03,0,0,0,0,0,0,0,,
2018-03-09,2018-03-09,2018,3,2018-03,0,0,0,0,0,0,0,,
2018-02-11,2018-02-11,2018,2,2018-02,0,0,0,0,0,0,0,,
2018-01-28,2018-01-28,2018,1,2018-01,0,0,0,0,0,0,0,,
2018-01-03,2018-01-03,2018,1,2018-01,0,0,0,0,0,0,0,,
2017-12-27,2017-12-27,2017,12,2017-12,0,0,0,0,0,0,0,,
2017-12-16,2017-12-16,2017,12,2017-12,0,0,0,0,0,0,0,,
2017-12-11,2017-12-11,2017,12,2017-12,0,0,0,0,0,0,0,,
2017-11-26,2017-11-26,2017,11,2017-11,0,0,0,0,0,0,0,,
2017-11-11,2017-11-11,2017,11,2017-11,0,0,0,0,0,0,0,,
2017-10-17,2017-10-17,2017,10,2017-10,0,0,0,0,0,0,0,,
2017-10-16,2017-10-16,2017,10,2017-10,0,0,0,0,0,0,0,,
2017-10-12,2017-10-12,2017,10,2017-10,0,0,0,0,0,0,0,,
2017-10-01,2017-10-01,2017,10,2017-10,0,0,0,0,0,0,0,,
2017-09-22,2017-09-22,2017,9,2017-09,0,0,0,0,0,0,0,,
2017-09-19,2017-09-19,2017,9,2017-09,0,0,0,0,0,0,0,,
2017-09-15,2017-09-15,2017,9,2017-09,0,0,0,0,0,0,0,,
2017-08-20,2017-08-20,2017,8,2017-08,0,0,0,0,0,0,0,,
2017-08-10,2017-08-10,2017,8,2017-08,0,0,0,0,0,0,0,,
2017-08-04,2017-08-04,2017,8,2017-08,0,0,0,0,0,0,0,,
2017-07-29,2017-07-29,2017,7,2017-07,0,0,0,0,0,0,0,,
2017-07-23,2017-07-23,2017,7,2017-07,0,0,0,0,0,0,0,,
2017-07-11,2017-07-11,2017,7,2017-07,0,0,0,0,0,0,0,,
2017-06-21,2017-06-21,2017,6,2017-06,0,0,0,0,0,0,0,,
2017-06-10,2017-06-10,2017,6,2017-06,0,0,0,0,0,0,0,,
2017-05-23,2017-05-23,2017,5,2017-05,0,0,0,0,0,0,0,,
2017-05-17,2017-05-17,2017,5,2017-05,0,0,0,0,0,0,0,,
2017-04-27,2017-04-27,2017,4,2017-04,0,0,0,0,0,0,0,,
2017-04-12,2017-04-12,2017,4,2017-04,0,0,0,0,0,0,0,,
2017-03-19,2017-03-19,2017,3,2017-03,0,0,0,0,0,0,0,,
2017-03-05,2017-03-05,2017,3,2017-03,0,0,0,0,0,0,0,,
2017-02-24,2017-02-24,2017,2,2017-02,0,0,0,0,0,0,0,,
2017-02-22,2017-02-22,2017,2,2017-02,0,0,0,0,0,0,0,,
2017-01-29,2017-01-29,2017,1,2017-01,0,0,0,0,0,0,0,,
2017-01-10,2017-01-10,2017,1,2017-01,0,0,0,0,0,0,0,,
2016-11-26,2016-11-26,2016,11,2016-11,0,0,0,0,0,0,0,,
2016-11-15,2016-11-15,2016,11,2016-11,0,0,0,0,0,0,0,,
2016-11-09,2016-11-09,2016,11,2016-11,0,0,0,0,0,0,0,,
2016-11-02,2016-11-02,2016,11,2016-11,0,0,0,0,0,0,0,,
2016-07-13,2016-07-13,2016,7,2016-07,0,0,0,0,0,0,0,,
2016-07-06,2016-07-06,2016,7,2016-07,0,0,0,0,0,0,0,,
2016-06-22,2016-06-22,2016,6,2016-06,0,0,0,0,0,0,0,,
2016-05-19,2016-05-19,2016,5,2016-05,0,0,0,0,0,0,0,,
2016-05-05,2016-05-05,2016,5,2016-05,0,0,0,0,0,0,0,,
2016-05-03,2016-05-03,2016,5,2016-05,0,0,0,0,0,0,0,,
2016-03-02,2016-03-02,2016,3,2016-03,0,0,0,0,0,0,0,,
2012-12-22,2012-12-22,2012,12,2012-12,0,0,0,0,0,0,0,,
2012-11-06,2012-11-06,2012,11,2012-11,0,0,0,0,0,0,0,,
2012-10-23,2012-10-23,2012,10,2012-10,0,0,0,0,0,0,0,,
2012-10-15,2012-10-15,2012,10,2012-10,0,0,0,0,0,0,0,,
2012-09-15,2012-09-15,2012,9,2012-09,0,0,0,0,0,0,0,,
2012-08-16,2012-08-16,2012,8,2012-08,0,0,0,0,0,0,0,,
2012-08-15,2012-08-15,2012,8,2012-08,0,0,0,0,0,0,0,,
2012-08-14,2012-08-14,2012,8,2012-08,0,0,0,0,0,0,0,,
2012-06-04,2012-06-04,2012,6,2012-06,0,0,0,0,0,0,0,,
2012-05-20,2012-05-20,2012,5,2012-05,0,0,0,0,0,0,0,,
2012-05-05,2012-05-05,2012,5,2012-05,0,0,0,0,0,0,0,,
2012-04-12,2012-04-12,2012,4,2012-04,0,0,0,0,0,0,0,,
2012-04-07,2012-04-07,2012,4,2012-04,0,0,0,0,0,0,0,,
2012-03-31,2012-03-31,2012,3,2012-03,0,0,0,0,0,0,0,,
2012-03-26,2012-03-26,2012,3,2012-03,0,0,0,0,0,0,0,,
2012-03-19,2012-03-19,2012,3,2012-03,0,0,0,0,0,0,0,,
2012-03-10,2012-03-10,2012,3,2012-03,0,0,0,0,0,0,0,,
2012-03-09,2012-03-09,2012,3,2012-03,0,0,0,0,0,0,0,,
2012-02-26,2012-02-26,2012,2,2012-02,0,0,0,0,0,0,0,,
2012-02-25,2012-02-25,2012,2,2012-02,0,0,0,0,0,0,0,,
2016-01-08,2016-01-08,2016,1,2016-01,0,0,0,2,5,2,0,4.0,436.0
2015-12-13,2015-12-13,2015,12,2015-12,0,0,0,3,10,3,0,3.3333333333333335,434.3333333333333
2015-12-01,2015-12-01,2015,12,2015-12,0,0,0,8,6,8,0,7.75,392.375
2015-11-29,2015-11-29,2015,11,2015-11,0,0,0,1,30,1,0,1.0,388.0
2015-11-12,2015-11-12,2015,11,2015-11,0,0,0,10,10,10,0,3.1,379.1
2015-11-01,2015-11-01,2015,11,2015-11,0,0,0,22,68,24,2,3.0,336.1363636363636
2015-10-14,2015-10-14,2015,10,2015-10,0,0,0,29,33,32,3,3.1724137931034484,317.7931034482759
2015-09-29,2015-09-29,2015,9,2015-09,0,0,0,57,90,60,3,2.5964912280701755,325.4736842105263
2015-09-23,2015-09-23,2015,9,2015-09,0,0,0,82,127,87,5,3.073170731707317,308.3536585365854
2015-09-18,2015-09-18,2015,9,2015-09,0,0,0,155,120,166,11,2.3419354838709676,319.8838709677419
2015-09-12,2015-09-12,2015,9,2015-09,0,0,0,144,122,151,7,2.4652777777777777,300.5486111111111
2015-09-02,2015-09-02,2015,9,2015-09,0,0,0,79,73,87,8,3.5316455696202533,294.27848101265823
2015-08-25,2015-08-25,2015,8,2015-08,0,0,0,83,80,91,8,2.8795180722891565,281.7831325301205
2015-08-20,2015-08-20,2015,8,2015-08,0,0,0,118,128,132,14,3.288135593220339,280.8474576271187
2015-07-06,2015-07-06,2015,7,2015-07,0,0,0,221,334,236,15,3.524886877828054,241.9185520361991
2015-07-01,2015-07-01,2015,7,2015-07,0,0,0,291,213,324,33,3.6013745704467355,243.66666666666666
2015-06-23,2015-06-23,2015,6,2015-06,0,0,0,211,255,231,20,3.0473933649289098,230.29383886255926
2015-06-13,2015-06-13,2015,6,2015-06,0,0,0,353,325,389,36,2.923512747875354,226.37960339943342
2015-05-29,2015-05-29,2015,5,2015-05,0,0,0,365,314,403,38,2.5342465753424657,210.26027397260273
2015-05-19,2015-05-19,2015,5,2015-05,0,0,0,282,351,324,42,3.0567375886524824,206.3581560283688
2015-04-25,2015-04-25,2015,4,2015-04,0,0,0,412,439,502,90,3.5,179.64077669902912
2015-04-21,2015-04-21,2015,4,2015-04,0,0,0,280,356,327,47,3.3142857142857145,171.55714285714285
2015-02-24,2015-02-24,2015,2,2015-02,0,0,0,663,837,789,126,3.229260935143288,104.99849170437406
2015-02-06,2015-02-06,2015,2,2015-02,0,0,0,1717,1072,2054,337,2.881770529994176,85.93127548048922
2015-01-19,2015-01-19,2015,1,2015-01,0,0,0,1807,2930,2119,312,3.2235749861649143,57.7830658550083
2016-01-09,2016-01-09,2016,1,2016-01,0,0,0,2,1,2,0,3.5,414.5
2015-12-22,2015-12-22,2015,12,2015-12,0,0,0,12,7,12,0,4.5,392.8333333333333
2015-12-05,2015-12-05,2015,12,2015-12,0,0,0,17,8,17,0,2.176470588235294,367.5882352941176
2015-11-08,2015-11-08,2015,11,2015-11,0,0,0,14,64,14,0,4.571428571428571,342.64285714285717
2015-09-15,2015-09-15,2015,9,2015-09,0,0,0,83,69,83,0,2.6144578313253013,310.5903614457831
2015-08-30,2015-08-30,2015,8,2015-08,0,0,0,68,151,75,7,3.0294117647058822,290.8382352941176
2015-08-23,2015-08-23,2015,8,2015-08,0,0,0,95,180,106,11,3.1473684210526316,286.9263157894737
2015-06-10,2015-06-10,2015,6,2015-06,0,0,0,264,226,298,34,3.571969696969697,229.95454545454547
2015-06-02,2015-06-02,2015,6,2015-06,0,0,0,244,270,279,35,3.418032786885246,212.85655737704917
2015-04-16,2015-04-16,2015,4,2015-04,0,0,0,486,340,581,95,3.3641975308641974,166.40946502057614
2015-04-09,2015-04-09,2015,4,2015-04,0,0,0,570,513,665,95,3.1491228070175437,158.76666666666668
2015-03-25,2015-03-25,2015,3,2015-03,0,0,0,543,477,656,113,3.453038674033149,144.58931860036833
2015-03-14,2015-03-14,2015,3,2015-03,0,0,0,998,827,1200,202,3.4539078156312626,131.05811623246493
2016-03-17,2016-03-17,2016,3,2016-03,0,0,0,1,2,1,0,3.0,450.0
2015-12-21,2015-12-21,2015,12,2015-12,0,0,0,6,9,6,0,2.1666666666666665,403.6666666666667
2015-12-16,2015-12-16,2015,12,2015-12,0,0,0,4,1,4,0,2.0,390.5
2015-11-10,2015-11-10,2015,11,2015-11,0,0,0,12,15,13,1,3.3333333333333335,386.0833333333333
2015-11-02,2015-11-02,2015,11,2015-11,0,0,0,22,38,24,2,5.2727272727272725,332.3181818181818
2015-10-05,2015-10-05,2015,10,2015-10,0,0,0,39,72,47,8,3.948717948717949,320.5897435897436
2015-08-24,2015-08-24,2015,8,2015-08,0,0,0,87,103,92,5,3.2758620689655173,293.5977011494253
2015-08-19,2015-08-19,2015,8,2015-08,0,0,0,133,106,144,11,3.142857142857143,279.3233082706767
2015-08-15,2015-08-15,2015,8,2015-08,0,0,0,142,170,155,13,2.788732394366197,284.07042253521126
2015-08-13,2015-08-13,2015,8,2015-08,0,0,0,169,171,183,14,3.2071005917159763,275.41420118343194
2015-08-02,2015-08-02,2015,8,2015-08,0,0,0,163,209,177,14,3.0,269.28834355828224
2015-07-13,2015-07-13,2015,7,2015-07,0,0,0,173,271,189,16,3.6705202312138727,241.79190751445086
2015-06-11,2015-06-11,2015,6,2015-06,0,0,0,291,235,321,30,3.1099656357388317,221.17182130584192
2015-06-08,2015-06-08,2015,6,2015-06,0,0,0,261,311,290,29,3.0229885057471266,223.4022988505747
2015-06-03,2015-06-03,2015,6,2015-06,0,0,0,257,249,285,28,3.4357976653696496,216.42412451361866
2015-05-07,2015-05-07,2015,5,2015-05,0,0,0,497,316,575,78,2.9456740442655938,195.76458752515092
2015-04-26,2015-04-26,2015,4,2015-04,0,0,0,278,640,334,56,3.5467625899280577,174.15107913669064
2015-04-22,2015-04-22,2015,4,2015-04,0,0,0,363,309,440,77,3.7520661157024793,176.44903581267218
2015-04-20,2015-04-20,2015,4,2015-04,0,0,0,320,482,375,55,3.775,165.378125
2015-04-01,2015-04-01,2015,4,2015-04,0,0,0,626,558,750,124,3.428115015974441,150.3626198083067
2015-03-12,2015-03-12,2015,3,2015-03,0,0,0,722,541,871,149,3.46398891966759,129.3005540166205
2015-03-05,2015-03-05,2015,3,2015-03,0,0,0,721,503,882,161,3.307905686546463,120.69486823855756
2015-03-03,2015-03-03,2015,3,2015-03,0,0,0,504,556,583,79,3.3134920634920637,112.71428571428571
2015-02-25,2015-02-25,2015,2,2015-02,0,0,0,757,740,911,154,3.108322324966975,106.44914134742405
2015-01-23,2015-01-23,2015,1,2015-01,0,0,0,2531,1945,2995,464,2.6902410114579216,66.88344527854603
2015-01-08,2015-01-08,2015,1,2015-01,0,0,0,3139,3239,3677,538,2.749920356801529,49.23892959541255
2015-01-03,2015-01-03,2015,1,2015-01,0,0,0,5192,8842,5645,453,2.318567026194145,45.997496147919875
2016-01-23,2016-01-23,2016,1,2016-01,0,0,0,1,1,1,0,2.0,388.0
2016-01-22,2016-01-22,2016,1,2016-01,0,0,0,1,2,1,0,1.0,401.0
2016-01-02,2016-01-02,2016,1,2016-01,0,0,0,4,28,4,0,2.5,406.0
2015-11-23,2015-11-23,2015,11,2015-11,0,0,0,8,14,8,0,5.25,383.625
2015-11-22,2015-11-22,2015,11,2015-11,0,0,0,8,36,8,0,2.625,366.0
2015-11-05,2015-11-05,2015,11,2015-11,0,0,0,22,13,23,1,3.3636363636363638,354.45454545454544
2015-10-20,2015-10-20,2015,10,2015-10,0,0,0,25,27,28,3,3.08,322.76
2015-10-17,2015-10-17,2015,10,2015-10,0,0,0,69,57,75,6,3.0434782608695654,328.6231884057971
2015-10-16,2015-10-16,2015,10,2015-10,0,0,0,85,33,88,3,2.6470588235294117,328.1764705882353
2015-10-07,2015-10-07,2015,10,2015-10,0,0,0,50,53,52,2,2.86,324.6
2015-09-28,2015-09-28,2015,9,2015-09,0,0,0,66,107,70,4,2.909090909090909,314.3333333333333
2015-09-27,2015-09-27,2015,9,2015-09,0,0,0,79,174,83,4,3.329113924050633,316.0379746835443
2015-09-20,2015-09-20,2015,9,2015-09,0,0,0,106,147,115,9,3.169811320754717,309.85849056603774
2015-09-14,2015-09-14,2015,9,2015-09,0,0,0,84,111,93,9,3.75,303.9166666666667
2015-09-04,2015-09-04,2015,9,2015-09,0,0,0,185,75,199,14,2.8864864864864863,296.22162162162164
2015-08-17,2015-08-17,2015,8,2015-08,0,0,0,104,149,119,15,3.8173076923076925,275.6057692307692
2015-07-21,2015-07-21,2015,7,2015-07,0,0,0,163,158,179,16,3.214723926380368,249.23926380368098
2015-07-10,2015-07-10,2015,7,2015-07,0,0,0,285,232,304,19,2.7228070175438597,245.49824561403508
2015-07-02,2015-07-02,2015,7,2015-07,0,0,0,333,186,359,26,3.2732732732732734,246.63963963963963
2015-06-07,2015-06-07,2015,6,2015-06,0,0,0,258,423,290,32,3.244186046511628,214.60852713178295
2015-04-29,2015-04-29,2015,4,2015-04,0,0,0,370,270,424,54,3.516216216216216,186.30810810810812
2015-02-17,2015-02-17,2015,2,2015-02,0,0,0,881,1225,1026,145,3.1498297389330308,98.28263337116913
2015-02-01,2015-02-01,2015,2,2015-02,0,0,0,1151,2387,1376,225,3.6542137271937447,82.31711555169417
2015-01-22,2015-01-22,2015,1,2015-01,0,0,0,1911,1598,2306,395,2.9968602825745685,66.22658294086865
2015-01-14,2015-01-14,2015,1,2015-01,0,0,0,1995,2178,2327,332,2.9894736842105263,54.673182957393486
2016-01-01,2016-01-01,2016,1,2016-01,0,0,0,9,28,9,0,2.888888888888889,375.0
2015-12-23,2015-12-23,2015,12,2015-12,0,0,0,21,14,21,0,3.8095238095238093,389.04761904761904
2015-12-17,2015-12-17,2015,12,2015-12,0,0,0,4,8,4,0,3.0,443.5
2015-11-11,2015-11-11,2015,11,2015-11,0,0,0,16,10,18,2,3.6875,368.0625
2015-10-28,2015-10-28,2015,10,2015-10,0,0,0,28,21,29,1,2.7142857142857144,347.5
2015-10-03,2015-10-03,2015,10,2015-10,0,0,0,83,85,88,5,2.602409638554217,317.7710843373494
2015-09-21,2015-09-21,2015,9,2015-09,0,0,0,96,134,100,4,2.7083333333333335,312.9375
2015-09-11,2015-09-11,2015,9,2015-09,0,0,0,154,84,170,16,2.448051948051948,307.9220779220779
2015-09-06,2015-09-06,2015,9,2015-09,0,0,0,111,168,123,12,2.7387387387387387,290.6756756756757
2015-08-22,2015-08-22,2015,8,2015-08,0,0,0,119,133,130,11,2.907563025210084,284.8067226890756
2015-08-18,2015-08-18,2015,8,2015-08,0,0,0,109,110,121,12,3.165137614678899,276.348623853211
2015-07-20,2015-07-20,2015,7,2015-07,0,0,0,184,219,201,17,3.282608695652174,251.80434782608697
2015-07-14,2015-07-14,2015,7,2015-07,0,0,0,168,195,182,14,3.113095238095238,252.66071428571428
2015-06-18,2015-06-18,2015,6,2015-06,0,0,0,309,212,355,46,3.4757281553398056,228.45631067961165
2015-05-15,2015-05-15,2015,5,2015-05,0,0,0,728,336,799,71,2.697802197802198,211.22664835164835
2015-04-28,2015-04-28,2015,4,2015-04,0,0,0,303,310,344,41,3.34983498349835,176.94059405940595
2015-04-10,2015-04-10,2015,4,2015-04,0,0,0,702,628,824,122,2.8789173789173788,164.82336182336184
2015-04-02,2015-04-02,2015,4,2015-04,0,0,0,818,547,998,180,3.47799511002445,150.27017114914426
2015-03-31,2015-03-31,2015,3,2015-03,0,0,0,465,554,544,79,3.120430107526882,148.4731182795699
2015-03-04,2015-03-04,2015,3,2015-03,0,0,0,631,501,754,123,3.675118858954041,120.06180665610142
2015-03-01,2015-03-01,2015,3,2015-03,0,0,0,704,1447,859,155,3.96875,112.16193181818181
2015-02-22,2015-02-22,2015,2,2015-02,0,0,0,906,1991,1100,194,3.292494481236203,107.80132450331126
2015-01-18,2015-01-18,2015,1,2015-01,0,0,0,1933,3551,2225,292,3.33781686497672,60.04655975168132
2031-01-10,2031-01-10,2031,1,2031-01,0,0,0,0,0,0,0,,
2031-01-07,2031-01-07,2031,1,2031-01,0,0,0,0,0,0,0,,
2031-01-03,2031-01-03,2031,1,2031-01,0,0,0,0,0,0,0,,
2030-12-17,2030-12-17,2030,12,2030-12,0,0,0,0,0,0,0,,
2030-12-13,2030-12-13,2030,12,2030-12,0,0,0,0,0,0,0,,
2030-12-03,2030-12-03,2030,12,2030-12,0,0,0,0,0,0,0,,
2030-11-30,2030-11-30,2030,11,2030-11,0,0,0,0,0,0,0,,
2030-11-24,2030-11-24,2030,11,2030-11,0,0,0,0,0,0,0,,
2030-10-28,2030-10-28,2030,10,2030-10,0,0,0,0,0,0,0,,
2030-10-02,2030-10-02,2030,10,2030-10,0,0,0,0,0,0,0,,
2030-08-15,2030-08-15,2030,8,2030-08,0,0,0,0,0,0,0,,
2030-06-15,2030-06-15,2030,6,2030-06,0,0,0,0,0,0,0,,
2030-06-14,2030-06-14,2030,6,2030-06,0,0,0,0,0,0,0,,
2030-06-05,2030-06-05,2030,6,2030-06,0,0,0,0,0,0,0,,
2030-05-31,2030-05-31,2030,5,2030-05,0,0,0,0,0,0,0,,
2030-05-30,2030-05-30,2030,5,2030-05,0,0,0,0,0,0,0,,
2030-05-27,2030-05-27,2030,5,2030-05,0,0,0,0,0,0,0,,
2030-04-18,2030-04-18,2030,4,2030-04,0,0,0,0,0,0,0,,
2030-04-01,2030-04-01,2030,4,2030-04,0,0,0,0,0,0,0,,
2030-03-29,2030-03-29,2030,3,2030-03,0,0,0,0,0,0,0,,
2030-03-27,2030-03-27,2030,3,2030-03,0,0,0,0,0,0,0,,
2030-03-26,2030-03-26,2030,3,2030-03,0,0,0,0,0,0,0,,
2030-03-14,2030-03-14,2030,3,2030-03,0,0,0,0,0,0,0,,
2030-03-06,2030-03-06,2030,3,2030-03,0,0,0,0,0,0,0,,
2030-02-21,2030-02-21,2030,2,2030-02,0,0,0,0,0,0,0,,
2030-01-23,2030-01-23,2030,1,2030-01,0,0,0,0,0,0,0,,
2029-12-29,2029-12-29,2029,12,2029-12,0,0,0,0,0,0,0,,
2029-12-23,2029-12-23,2029,12,2029-12,0,0,0,0,0,0,0,,
2029-11-30,2029-11-30,2029,11,2029-11,0,0,0,0,0,0,0,,
2029-11-28,2029-11-28,2029,11,2029-11,0,0,0,0,0,0,0,,
2029-11-21,2029-11-21,2029,11,2029-11,0,0,0,0,0,0,0,,
2029-11-20,2029-11-20,2029,11,2029-11,0,0,0,0,0,0,0,,
2029-11-19,2029-11-19,2029,11,2029-11,0,0,0,0,0,0,0,,
2029-11-05,2029-11-05,2029,11,2029-11,0,0,0,0,0,0,0,,
2029-11-04,2029-11-04,2029,11,2029-11,0,0,0,0,0,0,0,,
2029-09-21,2029-09-21,2029,9,2029-09,0,0,0,0,0,0,0,,
2029-09-20,2029-09-20,2029,9,2029-09,0,0,0,0,0,0,0,,
2029-09-02,2029-09-02,2029,9,2029-09,0,0,0,0,0,0,0,,
2029-08-14,2029-08-14,2029,8,2029-08,0,0,0,0,0,0,0,,
2029-07-20,2029-07-20,2029,7,2029-07,0,0,0,0,0,0,0,,
2029-05-15,2029-05-15,2029,5,2029-05,0,0,0,0,0,0,0,,
2029-05-01,2029-05-01,2029,5,2029-05,0,0,0,0,0,0,0,,
2029-04-17,2029-04-17,2029,4,2029-04,0,0,0,0,0,0,0,,
2029-03-08,2029-03-08,2029,3,2029-03,0,0,0,0,0,0,0,,
2029-02-10,2029-02-10,2029,2,2029-02,0,0,0,0,0,0,0,,
2029-02-07,2029-02-07,2029,2,2029-02,0,0,0,0,0,0,0,,
2029-01-17,2029-01-17,2029,1,2029-01,0,0,0,0,0,0,0,,
2029-01-01,2029-01-01,2029,1,2029-01,0,0,0,0,0,0,0,,
2028-11-26,2028-11-26,2028,11,2028-11,0,0,0,0,0,0,0,,
2028-10-21,2028-10-21,2028,10,2028-10,0,0,0,0,0,0,0,,
2028-10-12,2028-10-12,2028,10,2028-10,0,0,0,0,0,0,0,,
2028-10-11,2028-10-11,2028,10,2028-10,0,0,0,0,0,0,0,,
2028-09-26,2028-09-26,2028,9,2028-09,0,0,0,0,0,0,0,,
2028-09-13,2028-09-13,2028,9,2028-09,0,0,0,0,0,0,0,,
2028-08-27,2028-08-27,2028,8,2028-08,0,0,0,0,0,0,0,,
2028-08-03,2028-08-03,2028,8,2028-08,0,0,0,0,0,0,0,,
2028-07-30,2028-07-30,2028,7,2028-07,0,0,0,0,0,0,0,,
2028-07-02,2028-07-02,2028,7,2028-07,0,0,0,0,0,0,0,,
2028-06-05,2028-06-05,2028,6,2028-06,0,0,0,0,0,0,0,,
2028-05-02,2028-05-02,2028,5,2028-05,0,0,0,0,0,0,0,,
2028-03-31,2028-03-31,2028,3,2028-03,0,0,0,0,0,0,0,,
2028-02-27,2028-02-27,2028,2,2028-02,0,0,0,0,0,0,0,,
2028-02-01,2028-02-01,2028,2,2028-02,0,0,0,0,0,0,0,,
2028-01-21,2028-01-21,2028,1,2028-01,0,0,0,0,0,0,0,,
2028-01-13,2028-01-13,2028,1,2028-01,0,0,0,0,0,0,0,,
2027-12-31,2027-12-31,2027,12,2027-12,0,0,0,0,0,0,0,,
2027-12-12,2027-12-12,2027,12,2027-12,0,0,0,0,0,0,0,,
2027-11-16,2027-11-16,2027,11,2027-11,0,0,0,0,0,0,0,,
2027-11-12,2027-11-12,2027,11,2027-11,0,0,0,0,0,0,0,,
2027-10-23,2027-10-23,2027,10,2027-10,0,0,0,0,0,0,0,,
2027-10-08,2027-10-08,2027,10,2027-10,0,0,0,0,0,0,0,,
2027-10-02,2027-10-02,2027,10,2027-10,0,0,0,0,0,0,0,,
2027-09-07,2027-09-07,2027,9,2027-09,0,0,0,0,0,0,0,,
2027-07-28,2027-07-28,2027,7,2027-07,0,0,0,0,0,0,0,,
2027-07-27,2027-07-27,2027,7,2027-07,0,0,0,0,0,0,0,,
2027-07-21,2027-07-21,2027,7,2027-07,0,0,0,0,0,0,0,,
2027-07-16,2027-07-16,2027,7,2027-07,0,0,0,0,0,0,0,,
2027-06-14,2027-06-14,2027,6,2027-06,0,0,0,0,0,0,0,,
2027-06-04,2027-06-04,2027,6,2027-06,0,0,0,0,0,0,0,,
2027-05-03,2027-05-03,2027,5,2027-05,0,0,0,0,0,0,0,,
2027-04-06,2027-04-06,2027,4,2027-04,0,0,0,0,0,0,0,,
2027-03-20,2027-03-20,2027,3,2027-03,0,0,0,0,0,0,0,,
2027-03-08,2027-03-08,2027,3,2027-03,0,0,0,0,0,0,0,,
2027-03-06,2027-03-06,2027,3,2027-03,0,0,0,0,0,0,0,,
2027-02-18,2027-02-18,2027,2,2027-02,0,0,0,0,0,0,0,,
2027-02-02,2027-02-02,2027,2,2027-02,0,0,0,0,0,0,0,,
2027-01-26,2027-01-26,2027,1,2027-01,0,0,0,0,0,0,0,,
2027-01-22,2027-01-22,2027,1,2027-01,0,0,0,0,0,0,0,,
2027-01-18,2027-01-18,2027,1,2027-01,0,0,0,0,0,0,0,,
2027-01-06,2027-01-06,2027,1,2027-01,0,0,0,0,0,0,0,,
2026-12-26,2026-12-26,2026,12,2026-12,0,0,0,0,0,0,0,,
2026-12-15,2026-12-15,2026,12,2026-12,0,0,0,0,0,0,0,,
2026-12-04,2026-12-04,2026,12,2026-12,0,0,0,0,0,0,0,,
2026-12-03,2026-12-03,2026,12,2026-12,0,0,0,0,0,0,0,,
2026-08-31,2026-08-31,2026,8,2026-08,0,0,0,0,0,0,0,,
2026-08-26,2026-08-26,2026,8,2026-08,0,0,0,0,0,0,0,,
2026-08-17,2026-08-17,2026,8,2026-08,0,0,0,0,0,0,0,,
2026-08-08,2026-08-08,2026,8,2026-08,0,0,0,0,0,0,0,,
2026-08-02,2026-08-02,2026,8,2026-08,0,0,0,0,0,0,0,,
2026-07-23,2026-07-23,2026,7,2026-07,0,0,0,0,0,0,0,,
2026-07-22,2026-07-22,2026,7,2026-07,0,0,0,0,0,0,0,,
2026-06-15,2026-06-15,2026,6,2026-06,0,0,0,0,0,0,0,,
2026-06-08,2026-06-08,2026,6,2026-06,0,0,0,0,0,0,0,,
2026-05-25,2026-05-25,2026,5,2026-05,0,0,0,0,0,0,0,,
2026-05-21,2026-05-21,2026,5,2026-05,0,0,0,0,0,0,0,,
2026-05-17,2026-05-17,2026,5,2026-05,0,0,0,0,0,0,0,,
2026-05-05,2026-05-05,2026,5,2026-05,0,0,0,0,0,0,0,,
2026-05-02,2026-05-02,2026,5,2026-05,0,0,0,0,0,0,0,,
2026-04-24,2026-04-24,2026,4,2026-04,0,0,0,0,0,0,0,,
2026-04-23,2026-04-23,2026,4,2026-04,0,0,0,0,0,0,0,,
2026-04-15,2026-04-15,2026,4,2026-04,0,0,0,0,0,0,0,,
2026-03-19,2026-03-19,2026,3,2026-03,0,0,0,0,0,0,0,,
2026-03-14,2026-03-14,2026,3,2026-03,0,0,0,0,0,0,0,,
2026-03-04,2026-03-04,2026,3,2026-03,0,0,0,0,0,0,0,,
2026-02-20,2026-02-20,2026,2,2026-02,0,0,0,0,0,0,0,,
2026-02-16,2026-02-16,2026,2,2026-02,0,0,0,0,0,0,0,,
2026-02-07,2026-02-07,2026,2,2026-02,0,0,0,0,0,0,0,,
2026-01-13,2026-01-13,2026,1,2026-01,0,0,0,0,0,0,0,,
2026-01-03,2026-01-03,2026,1,2026-01,0,0,0,0,0,0,0,,
2025-12-26,2025-12-26,2025,12,2025-12,0,0,0,0,0,0,0,,
2025-11-21,2025-11-21,2025,11,2025-11,0,0,0,0,0,0,0,,
2025-11-16,2025-11-16,2025,11,2025-11,0,0,0,0,0,0,0,,
2025-10-27,2025-10-27,2025,10,2025-10,0,0,0,0,0,0,0,,
2025-10-26,2025-10-26,2025,10,2025-10,0,0,0,0,0,0,0,,
2025-10-11,2025-10-11,2025,10,2025-10,0,0,0,0,0,0,0,,
2025-09-15,2025-09-15,2025,9,2025-09,0,0,0,0,0,0,0,,
2025-09-03,2025-09-03,2025,9,2025-09,0,0,0,0,0,0,0,,
2025-08-31,2025-08-31,2025,8,2025-08,0,0,0,0,0,0,0,,
2025-08-28,2025-08-28,2025,8,2025-08,0,0,0,0,0,0,0,,
2025-07-31,2025-07-31,2025,7,2025-07,0,0,0,0,0,0,0,,
2025-07-16,2025-07-16,2025,7,2025-07,0,0,0,0,0,0,0,,
2025-06-13,2025-06-13,2025,6,2025-06,0,0,0,0,0,0,0,,
2025-05-12,2025-05-12,2025,5,2025-05,0,0,0,0,0,0,0,,
2025-05-08,2025-05-08,2025,5,2025-05,0,0,0,0,0,0,0,,
2025-05-06,2025-05-06,2025,5,2025-05,0,0,0,0,0,0,0,,
2025-03-27,2025-03-27,2025,3,2025-03,0,0,0,0,0,0,0,,
2025-03-19,2025-03-19,2025,3,2025-03,0,0,0,0,0,0,0,,
2025-03-03,2025-03-03,2025,3,2025-03,0,0,0,0,0,0,0,,
2025-02-12,2025-02-12,2025,2,2025-02,0,0,0,0,0,0,0,,
2025-01-27,2025-01-27,2025,1,2025-01,0,0,0,0,0,0,0,,
2025-01-17,2025-01-17,2025,1,2025-01,0,0,0,0,0,0,0,,
2025-01-02,2025-01-02,2025,1,2025-01,0,0,0,0,0,0,0,,
2024-12-26,2024-12-26,2024,12,2024-12,0,0,0,0,0,0,0,,
2024-11-19,2024-11-19,2024,11,2024-11,0,0,0,0,0,0,0,,
2024-10-30,2024-10-30,2024,10,2024-10,0,0,0,0,0,0,0,,
2024-10-24,2024-10-24,2024,10,2024-10,0,0,0,0,0,0,0,,
2024-10-02,2024-10-02,2024,10,2024-10,0,0,0,0,0,0,0,,
2024-09-27,2024-09-27,2024,9,2024-09,0,0,0,0,0,0,0,,
2024-09-21,2024-09-21,2024,9,2024-09,0,0,0,0,0,0,0,,
2024-07-07,2024-07-07,2024,7,2024-07,0,0,0,0,0,0,0,,
2024-06-23,2024-06-23,2024,6,2024-06,0,0,0,0,0,0,0,,
2024-05-09,2024-05-09,2024,5,2024-05,0,0,0,0,0,0,0,,
2024-04-28,2024-04-28,2024,4,2024-04,0,0,0,0,0,0,0,,
2024-04-25,2024-04-25,2024,4,2024-04,0,0,0,0,0,0,0,,
2024-03-26,2024-03-26,2024,3,2024-03,0,0,0,0,0,0,0,,
2024-02-26,2024-02-26,2024,2,2024-02,0,0,0,0,0,0,0,,
2024-01-27,2024-01-27,2024,1,2024-01,0,0,0,0,0,0,0,,
2024-01-26,2024-01-26,2024,1,2024-01,0,0,0,0,0,0,0,,
2023-10-05,2023-10-05,2023,10,2023-10,0,0,0,0,0,0,0,,
2023-09-26,2023-09-26,2023,9,2023-09,0,0,0,0,0,0,0,,
2023-09-16,2023-09-16,2023,9,2023-09,0,0,0,0,0,0,0,,
2023-07-27,2023-07-27,2023,7,2023-07,0,0,0,0,0,0,0,,
2023-07-10,2023-07-10,2023,7,2023-07,0,0,0,0,0,0,0,,
2023-06-28,2023-06-28,2023,6,2023-06,0,0,0,0,0,0,0,,
2023-06-06,2023-06-06,2023,6,2023-06,0,0,0,0,0,0,0,,
2023-04-25,2023-04-25,2023,4,2023-04,0,0,0,0,0,0,0,,
2023-04-21,2023-04-21,2023,4,2023-04,0,0,0,0,0,0,0,,
2023-04-03,2023-04-03,2023,4,2023-04,0,0,0,0,0,0,0,,
2023-03-28,2023-03-28,2023,3,2023-03,0,0,0,0,0,0,0,,
2023-03-15,2023-03-15,2023,3,2023-03,0,0,0,0,0,0,0,,
2023-02-23,2023-02-23,2023,2,2023-02,0,0,0,0,0,0,0,,
2023-02-04,2023-02-04,2023,2,2023-02,0,0,0,0,0,0,0,,
2023-01-24,2023-01-24,2023,1,2023-01,0,0,0,0,0,0,0,,
2023-01-19,2023-01-19,2023,1,2023-01,0,0,0,0,0,0,0,,
2023-01-13,2023-01-13,2023,1,2023-01,0,0,0,0,0,0,0,,
2022-12-16,2022-12-16,2022,12,2022-12,0,0,0,0,0,0,0,,
2022-10-26,2022-10-26,2022,10,2022-10,0,0,0,0,0,0,0,,
2022-10-24,2022-10-24,2022,10,2022-10,0,0,0,0,0,0,0,,
2022-10-21,2022-10-21,2022,10,2022-10,0,0,0,0,0,0,0,,
2022-10-12,2022-10-12,2022,10,2022-10,0,0,0,0,0,0,0,,
2022-10-01,2022-10-01,2022,10,2022-10,0,0,0,0,0,0,0,,
2022-09-08,2022-09-08,2022,9,2022-09,0,0,0,0,0,0,0,,
2022-09-02,2022-09-02,2022,9,2022-09,0,0,0,0,0,0,0,,
2022-08-28,2022-08-28,2022,8,2022-08,0,0,0,0,0,0,0,,
2022-07-31,2022-07-31,2022,7,2022-07,0,0,0,0,0,0,0,,
2022-07-24,2022-07-24,2022,7,2022-07,0,0,0,0,0,0,0,,
2022-07-22,2022-07-22,2022,7,2022-07,0,0,0,0,0,0,0,,
2022-07-17,2022-07-17,2022,7,2022-07,0,0,0,0,0,0,0,,
2022-07-15,2022-07-15,2022,7,2022-07,0,0,0,0,0,0,0,,
2022-06-04,2022-06-04,2022,6,2022-06,0,0,0,0,0,0,0,,
2022-05-18,2022-05-18,2022,5,2022-05,0,0,0,0,0,0,0,,
2022-05-11,2022-05-11,2022,5,2022-05,0,0,0,0,0,0,0,,
2022-04-27,2022-04-27,2022,4,2022-04,0,0,0,0,0,0,0,,
2022-04-25,2022-04-25,2022,4,2022-04,0,0,0,0,0,0,0,,
2022-03-16,2022-03-16,2022,3,2022-03,0,0,0,0,0,0,0,,
2022-03-11,2022-03-11,2022,3,2022-03,0,0,0,0,0,0,0,,
2022-02-18,2022-02-18,2022,2,2022-02,0,0,0,0,0,0,0,,
2022-02-16,2022-02-16,2022,2,2022-02,0,0,0,0,0,0,0,,
2022-01-18,2022-01-18,2022,1,2022-01,0,0,0,0,0,0,0,,
2021-12-25,2021-12-25,2021,12,2021-12,0,0,0,0,0,0,0,,
2021-12-23,2021-12-23,2021,12,2021-12,0,0,0,0,0,0,0,,
2021-12-19,2021-12-19,2021,12,2021-12,0,0,0,0,0,0,0,,
2021-12-16,2021-12-16,2021,12,2021-12,0,0,0,0,0,0,0,,
2021-11-16,2021-11-16,2021,11,2021-11,0,0,0,0,0,0,0,,
2021-10-28,2021-10-28,2021,10,2021-10,0,0,0,0,0,0,0,,
2021-10-16,2021-10-16,2021,10,2021-10,0,0,0,0,0,0,0,,
2021-09-09,2021-09-09,2021,9,2021-09,0,0,0,0,0,0,0,,
2021-09-06,2021-09-06,2021,9,2021-09,0,0,0,0,0,0,0,,
2021-08-21,2021-08-21,2021,8,2021-08,0,0,0,0,0,0,0,,
2021-06-17,2021-06-17,2021,6,2021-06,0,0,0,0,0,0,0,,
2021-06-11,2021-06-11,2021,6,2021-06,0,0,0,0,0,0,0,,
2021-06-04,2021-06-04,2021,6,2021-06,0,0,0,0,0,0,0,,
2021-06-02,2021-06-02,2021,6,2021-06,0,0,0,0,0,0,0,,
2021-05-21,2021-05-21,2021,5,2021-05,0,0,0,0,0,0,0,,
2021-04-14,2021-04-14,2021,4,2021-04,0,0,0,0,0,0,0,,
2021-03-15,2021-03-15,2021,3,2021-03,0,0,0,0,0,0,0,,
2021-02-12,2021-02-12,2021,2,2021-02,0,0,0,0,0,0,0,,
2021-02-02,2021-02-02,2021,2,2021-02,0,0,0,0,0,0,0,,
2021-01-18,2021-01-18,2021,1,2021-01,0,0,0,0,0,0,0,,
2021-01-11,2021-01-11,2021,1,2021-01,0,0,0,0,0,0,0,,
2020-12-16,2020-12-16,2020,12,2020-12,0,0,0,0,0,0,0,,
2020-12-06,2020-12-06,2020,12,2020-12,0,0,0,0,0,0,0,,
2020-11-29,2020-11-29,2020,11,2020-11,0,0,0,0,0,0,0,,
2020-11-05,2020-11-05,2020,11,2020-11,0,0,0,0,0,0,0,,
2020-10-21,2020-10-21,2020,10,2020-10,0,0,0,0,0,0,0,,
2020-10-19,2020-10-19,2020,10,2020-10,0,0,0,0,0,0,0,,
2020-10-01,2020-10-01,2020,10,2020-10,0,0,0,0,0,0,0,,
2020-09-20,2020-09-20,2020,9,2020-09,0,0,0,0,0,0,0,,
2020-09-16,2020-09-16,2020,9,2020-09,0,0,0,0,0,0,0,,
2020-09-06,2020-09-06,2020,9,2020-09,0,0,0,0,0,0,0,,
2020-08-21,2020-08-21,2020,8,2020-08,0,0,0,0,0,0,0,,
2020-08-09,2020-08-09,2020,8,2020-08,0,0,0,0,0,0,0,,
2020-07-30,2020-07-30,2020,7,2020-07,0,0,0,0,0,0,0,,
2020-07-10,2020-07-10,2020,7,2020-07,0,0,0,0,0,0,0,,
2020-07-05,2020-07-05,2020,7,2020-07,0,0,0,0,0,0,0,,
2020-06-27,2020-06-27,2020,6,2020-06,0,0,0,0,0,0,0,,
2020-06-11,2020-06-11,2020,6,2020-06,0,0,0,0,0,0,0,,
2020-06-04,2020-06-04,2020,6,2020-06,0,0,0,0,0,0,0,,
2020-05-28,2020-05-28,2020,5,2020-05,0,0,0,0,0,0,0,,
2020-04-25,2020-04-25,2020,4,2020-04,0,0,0,0,0,0,0,,
2020-04-07,2020-04-07,2020,4,2020-04,0,0,0,0,0,0,0,,
2020-03-01,2020-03-01,2020,3,2020-03,0,0,0,0,0,0,0,,
2020-02-27,2020-02-27,2020,2,2020-02,0,0,0,0,0,0,0,,
2020-01-25,2020-01-25,2020,1,2020-01,0,0,0,0,0,0,0,,
2020-01-13,2020-01-13,2020,1,2020-01,0,0,0,0,0,0,0,,
2019-11-24,2019-11-24,2019,11,2019-11,0,0,0,0,0,0,0,,
2019-11-11,2019-11-11,2019,11,2019-11,0,0,0,0,0,0,0,,
2019-10-07,2019-10-07,2019,10,2019-10,0,0,0,0,0,0,0,,
2019-09-27,2019-09-27,2019,9,2019-09,0,0,0,0,0,0,0,,
2019-09-18,2019-09-18,2019,9,2019-09,0,0,0,0,0,0,0,,
2019-09-16,2019-09-16,2019,9,2019-09,0,0,0,0,0,0,0,,
2019-08-10,2019-08-10,2019,8,2019-08,0,0,0,0,0,0,0,,
2019-08-09,2019-08-09,2019,8,2019-08,0,0,0,0,0,0,0,,
2019-07-28,2019-07-28,2019,7,2019-07,0,0,0,0,0,0,0,,
2019-07-16,2019-07-16,2019,7,2019-07,0,0,0,0,0,0,0,,
2019-07-04,2019-07-04,2019,7,2019-07,0,0,0,0,0,0,0,,
2019-07-02,2019-07-02,2019,7,2019-07,0,0,0,0,0,0,0,,
2019-06-27,2019-06-27,2019,6,2019-06,0,0,0,0,0,0,0,,
2019-05-21,2019-05-21,2019,5,2019-05,0,0,0,0,0,0,0,,
2019-05-14,2019-05-14,2019,5,2019-05,0,0,0,0,0,0,0,,
2019-05-11,2019-05-11,2019,5,2019-05,0,0,0,0,0,0,0,,
2019-04-24,2019-04-24,2019,4,2019-04,0,0,0,0,0,0,0,,
2019-04-03,2019-04-03,2019,4,2019-04,0,0,0,0,0,0,0,,
2019-02-23,2019-02-23,2019,2,2019-02,0,0,0,0,0,0,0,,
2019-02-10,2019-02-10,2019,2,2019-02,0,0,0,0,0,0,0,,
2018-12-24,2018-12-24,2018,12,2018-12,0,0,0,0,0,0,0,,
2018-12-19,2018-12-19,2018,12,2018-12,0,0,0,0,0,0,0,,
2018-11-22,2018-11-22,2018,11,2018-11,0,0,0,0,0,0,0,,
2018-11-20,2018-11-20,2018,11,2018-11,0,0,0,0,0,0,0,,
2018-11-04,2018-11-04,2018,11,2018-11,0,0,0,0,0,0,0,,
2018-10-05,2018-10-05,2018,10,2018-10,0,0,0,0,0,0,0,,
2018-09-28,2018-09-28,2018,9,2018-09,0,0,0,0,0,0,0,,
2018-09-26,2018-09-26,2018,9,2018-09,0,0,0,0,0,0,0,,
2018-09-21,2018-09-21,2018,9,2018-09,0,0,0,0,0,0,0,,
2018-09-18,2018-09-18,2018,9,2018-09,0,0,0,0,0,0,0,,
2018-09-11,2018-09-11,2018,9,2018-09,0,0,0,0,0,0,0,,
2018-08-26,2018-08-26,2018,8,2018-08,0,0,0,0,0,0,0,,
2018-08-19,2018-08-19,2018,8,2018-08,0,0,0,0,0,0,0,,
2018-07-31,2018-07-31,2018,7,2018-07,0,0,0,0,0,0,0,,
2018-07-26,2018-07-26,2018,7,2018-07,0,0,0,0,0,0,0,,
2018-07-23,2018-07-23,2018,7,2018-07,0,0,0,0,0,0,0,,
2018-07-15,2018-07-15,2018,7,2018-07,0,0,0,0,0,0,0,,
2018-06-27,2018-06-27,2018,6,2018-06,0,0,0,0,0,0,0,,
2018-06-08,2018-06-08,2018,6,2018-06,0,0,0,0,0,0,0,,
2018-04-27,2018-04-27,2018,4,2018-04,0,0,0,0,0,0,0,,
2018-04-14,2018-04-14,2018,4,2018-04,0,0,0,0,0,0,0,,
2018-04-06,2018-04-06,2018,4,2018-04,0,0,0,0,0,0,0,,
2018-03-18,2018-03-18,2018,3,2018-03,0,0,0,0,0,0,0,,
2018-02-20,2018-02-20,2018,2,2018-02,0,0,0,0,0,0,0,,
2018-02-01,2018-02-01,2018,2,2018-02,0,0,0,0,0,0,0,,
2018-01-09,2018-01-09,2018,1,2018-01,0,0,0,0,0,0,0,,
2017-12-23,2017-12-23,2017,12,2017-12,0,0,0,0,0,0,0,,
2017-11-20,2017-11-20,2017,11,2017-11,0,0,0,0,0,0,0,,
2017-11-02,2017-11-02,2017,11,2017-11,0,0,0,0,0,0,0,,
2017-10-28,2017-10-28,2017,10,2017-10,0,0,0,0,0,0,0,,
2017-09-29,2017-09-29,2017,9,2017-09,0,0,0,0,0,0,0,,
2017-07-25,2017-07-25,2017,7,2017-07,0,0,0,0,0,0,0,,
2017-07-06,2017-07-06,2017,7,2017-07,0,0,0,0,0,0,0,,
2017-06-20,2017-06-20,2017,6,2017-06,0,0,0,0,0,0,0,,
2017-04-26,2017-04-26,2017,4,2017-04,0,0,0,0,0,0,0,,
2017-04-17,2017-04-17,2017,4,2017-04,0,0,0,0,0,0,0,,
2017-04-15,2017-04-15,2017,4,2017-04,0,0,0,0,0,0,0,,
2017-04-04,2017-04-04,2017,4,2017-04,0,0,0,0,0,0,0,,
2017-03-13,2017-03-13,2017,3,2017-03,0,0,0,0,0,0,0,,
2017-03-10,2017-03-10,2017,3,2017-03,0,0,0,0,0,0,0,,
2017-03-04,2017-03-04,2017,3,2017-03,0,0,0,0,0,0,0,,
2017-01-27,2017-01-27,2017,1,2017-01,0,0,0,0,0,0,0,,
2017-01-16,2017-01-16,2017,1,2017-01,0,0,0,0,0,0,0,,
2017-01-07,2017-01-07,2017,1,2017-01,0,0,0,0,0,0,0,,
2016-12-16,2016-12-16,2016,12,2016-12,0,0,0,0,0,0,0,,
2016-12-12,2016-12-12,2016,12,2016-12,0,0,0,0,0,0,0,,
2016-11-06,2016-11-06,2016,11,2016-11,0,0,0,0,0,0,0,,
2016-10-31,2016-10-31,2016,10,2016-10,0,0,0,0,0,0,0,,
2016-10-25,2016-10-25,2016,10,2016-10,0,0,0,0,0,0,0,,
2016-10-17,2016-10-17,2016,10,2016-10,0,0,0,0,0,0,0,,
2016-10-13,2016-10-13,2016,10,2016-10,0,0,0,0,0,0,0,,
2016-10-03,2016-10-03,2016,10,2016-10,0,0,0,0,0,0,0,,
2016-08-26,2016-08-26,2016,8,2016-08,0,0,0,0,0,0,0,,
2016-08-02,2016-08-02,2016,8,2016-08,0,0,0,0,0,0,0,,
2016-08-01,2016-08-01,2016,8,2016-08,0,0,0,0,0,0,0,,
2016-06-16,2016-06-16,2016,6,2016-06,0,0,0,0,0,0,0,,
2016-06-09,2016-06-09,2016,6,2016-06,0,0,0,0,0,0,0,,
2016-04-23,2016-04-23,2016,4,2016-04,0,0,0,0,0,0,0,,
2016-03-23,2016-03-23,2016,3,2016-03,0,0,0,0,0,0,0,,
2012-12-15,2012-12-15,2012,12,2012-12,0,0,0,0,0,0,0,,
2012-11-17,2012-11-17,2012,11,2012-11,0,0,0,0,0,0,0,,
2012-09-22,2012-09-22,2012,9,2012-09,0,0,0,0,0,0,0,,
2012-09-17,2012-09-17,2012,9,2012-09,0,0,0,0,0,0,0,,
2012-08-12,2012-08-12,2012,8,2012-08,0,0,0,0,0,0,0,,
2012-07-22,2012-07-22,2012,7,2012-07,0,0,0,0,0,0,0,,
2012-07-16,2012-07-16,2012,7,2012-07,0,0,0,0,0,0,0,,
2012-06-29,2012-06-29,2012,6,2012-06,0,0,0,0,0,0,0,,
2012-06-23,2012-06-23,2012,6,2012-06,0,0,0,0,0,0,0,,
2012-06-08,2012-06-08,2012,6,2012-06,0,0,0,0,0,0,0,,
2012-05-17,2012-05-17,2012,5,2012-05,0,0,0,0,0,0,0,,
2012-04-30,2012-04-30,2012,4,2012-04,0,0,0,0,0,0,0,,
2012-04-21,2012-04-21,2012,4,2012-04,0,0,0,0,0,0,0,,
2012-04-04,2012-04-04,2012,4,2012-04,0,0,0,0,0,0,0,,
2012-03-29,2012-03-29,2012,3,2012-03,0,0,0,0,0,0,0,,
2012-03-28,2012-03-28,2012,3,2012-03,0,0,0,0,0,0,0,,
2012-03-22,2012-03-22,2012,3,2012-03,0,0,0,0,0,0,0,,
2012-03-11,2012-03-11,2012,3,2012-03,0,0,0,0,0,0,0,,
2012-02-18,2012-02-18,2012,2,2012-02,0,0,0,0,0,0,0,,
2030-12-12,2030-12-12,2030,12,2030-12,0,0,0,0,0,0,0,,
2030-12-07,2030-12-07,2030,12,2030-12,0,0,0,0,0,0,0,,
2030-10-06,2030-10-06,2030,10,2030-10,0,0,0,0,0,0,0,,
2030-09-17,2030-09-17,2030,9,2030-09,0,0,0,0,0,0,0,,
2030-09-15,2030-09-15,2030,9,2030-09,0,0,0,0,0,0,0,,
2030-08-13,2030-08-13,2030,8,2030-08,0,0,0,0,0,0,0,,
2030-07-27,2030-07-27,2030,7,2030-07,0,0,0,0,0,0,0,,
2030-07-09,2030-07-09,2030,7,2030-07,0,0,0,0,0,0,0,,
2030-06-25,2030-06-25,2030,6,2030-06,0,0,0,0,0,0,0,,
2030-06-22,2030-06-22,2030,6,2030-06,0,0,0,0,0,0,0,,
2030-06-09,2030-06-09,2030,6,2030-06,0,0,0,0,0,0,0,,
2030-06-04,2030-06-04,2030,6,2030-06,0,0,0,0,0,0,0,,
2030-06-02,2030-06-02,2030,6,2030-06,0,0,0,0,0,0,0,,
2030-05-16,2030-05-16,2030,5,2030-05,0,0,0,0,0,0,0,,
2030-04-26,2030-04-26,2030,4,2030-04,0,0,0,0,0,0,0,,
2030-03-31,2030-03-31,2030,3,2030-03,0,0,0,0,0,0,0,,
2030-03-12,2030-03-12,2030,3,2030-03,0,0,0,0,0,0,0,,
2030-02-18,2030-02-18,2030,2,2030-02,0,0,0,0,0,0,0,,
2030-02-17,2030-02-17,2030,2,2030-02,0,0,0,0,0,0,0,,
2030-02-13,2030-02-13,2030,2,2030-02,0,0,0,0,0,0,0,,
2029-12-27,2029-12-27,2029,12,2029-12,0,0,0,0,0,0,0,,
2029-12-21,2029-12-21,2029,12,2029-12,0,0,0,0,0,0,0,,
2029-12-06,2029-12-06,2029,12,2029-12,0,0,0,0,0,0,0,,
2029-11-25,2029-11-25,2029,11,2029-11,0,0,0,0,0,0,0,,
2029-10-14,2029-10-14,2029,10,2029-10,0,0,0,0,0,0,0,,
2029-10-04,2029-10-04,2029,10,2029-10,0,0,0,0,0,0,0,,
2029-09-10,2029-09-10,2029,9,2029-09,0,0,0,0,0,0,0,,
2029-08-22,2029-08-22,2029,8,2029-08,0,0,0,0,0,0,0,,
2029-08-15,2029-08-15,2029,8,2029-08,0,0,0,0,0,0,0,,
2029-06-29,2029-06-29,2029,6,2029-06,0,0,0,0,0,0,0,,
2029-06-17,2029-06-17,2029,6,2029-06,0,0,0,0,0,0,0,,
2029-06-16,2029-06-16,2029,6,2029-06,0,0,0,0,0,0,0,,
2029-06-04,2029-06-04,2029,6,2029-06,0,0,0,0,0,0,0,,
2029-03-29,2029-03-29,2029,3,2029-03,0,0,0,0,0,0,0,,
2029-03-23,2029-03-23,2029,3,2029-03,0,0,0,0,0,0,0,,
2029-03-16,2029-03-16,2029,3,2029-03,0,0,0,0,0,0,0,,
2029-03-11,2029-03-11,2029,3,2029-03,0,0,0,0,0,0,0,,
2029-03-06,2029-03-06,2029,3,2029-03,0,0,0,0,0,0,0,,
2029-02-17,2029-02-17,2029,2,2029-02,0,0,0,0,0,0,0,,
2029-01-29,2029-01-29,2029,1,2029-01,0,0,0,0,0,0,0,,
2029-01-26,2029-01-26,2029,1,2029-01,0,0,0,0,0,0,0,,
2029-01-02,2029-01-02,2029,1,2029-01,0,0,0,0,0,0,0,,
2028-12-30,2028-12-30,2028,12,2028-12,0,0,0,0,0,0,0,,
2028-12-26,2028-12-26,2028,12,2028-12,0,0,0,0,0,0,0,,
2028-12-12,2028-12-12,2028,12,2028-12,0,0,0,0,0,0,0,,
2028-10-19,2028-10-19,2028,10,2028-10,0,0,0,0,0,0,0,,
2028-10-17,2028-10-17,2028,10,2028-10,0,0,0,0,0,0,0,,
2028-09-21,2028-09-21,2028,9,2028-09,0,0,0,0,0,0,0,,
2028-09-08,2028-09-08,2028,9,2028-09,0,0,0,0,0,0,0,,
2028-09-01,2028-09-01,2028,9,2028-09,0,0,0,0,0,0,0,,
2028-08-23,2028-08-23,2028,8,2028-08,0,0,0,0,0,0,0,,
2028-07-27,2028-07-27,2028,7,2028-07,0,0,0,0,0,0,0,,
2028-06-24,2028-06-24,2028,6,2028-06,0,0,0,0,0,0,0,,
2028-06-17,2028-06-17,2028,6,2028-06,0,0,0,0,0,0,0,,
2028-06-11,2028-06-11,2028,6,2028-06,0,0,0,0,0,0,0,,
2028-05-31,2028-05-31,2028,5,2028-05,0,0,0,0,0,0,0,,
2028-05-09,2028-05-09,2028,5,2028-05,0,0,0,0,0,0,0,,
2028-04-24,2028-04-24,2028,4,2028-04,0,0,0,0,0,0,0,,
2028-04-17,2028-04-17,2028,4,2028-04,0,0,0,0,0,0,0,,
2028-04-14,2028-04-14,2028,4,2028-04,0,0,0,0,0,0,0,,
2028-04-06,2028-04-06,2028,4,2028-04,0,0,0,0,0,0,0,,
2028-04-02,2028-04-02,2028,4,2028-04,0,0,0,0,0,0,0,,
2028-03-23,2028-03-23,2028,3,2028-03,0,0,0,0,0,0,0,,
2028-01-26,2028-01-26,2028,1,2028-01,0,0,0,0,0,0,0,,
2028-01-23,2028-01-23,2028,1,2028-01,0,0,0,0,0,0,0,,
2027-12-02,2027-12-02,2027,12,2027-12,0,0,0,0,0,0,0,,
2027-11-08,2027-11-08,2027,11,2027-11,0,0,0,0,0,0,0,,
2027-11-04,2027-11-04,2027,11,2027-11,0,0,0,0,0,0,0,,
2027-11-01,2027-11-01,2027,11,2027-11,0,0,0,0,0,0,0,,
2027-10-26,2027-10-26,2027,10,2027-10,0,0,0,0,0,0,0,,
2027-10-05,2027-10-05,2027,10,2027-10,0,0,0,0,0,0,0,,
2027-09-25,2027-09-25,2027,9,2027-09,0,0,0,0,0,0,0,,
2027-09-19,2027-09-19,2027,9,2027-09,0,0,0,0,0,0,0,,
2027-09-17,2027-09-17,2027,9,2027-09,0,0,0,0,0,0,0,,
2027-09-15,2027-09-15,2027,9,2027-09,0,0,0,0,0,0,0,,
2027-08-12,2027-08-12,2027,8,2027-08,0,0,0,0,0,0,0,,
2027-07-15,2027-07-15,2027,7,2027-07,0,0,0,0,0,0,0,,
2027-06-28,2027-06-28,2027,6,2027-06,0,0,0,0,0,0,0,,
2027-06-25,2027-06-25,2027,6,2027-06,0,0,0,0,0,0,0,,
2027-06-10,2027-06-10,2027,6,2027-06,0,0,0,0,0,0,0,,
2027-05-19,2027-05-19,2027,5,2027-05,0,0,0,0,0,0,0,,
2027-05-17,2027-05-17,2027,5,2027-05,0,0,0,0,0,0,0,,
2027-05-15,2027-05-15,2027,5,2027-05,0,0,0,0,0,0,0,,
2027-05-12,2027-05-12,2027,5,2027-05,0,0,0,0,0,0,0,,
2027-05-05,2027-05-05,2027,5,2027-05,0,0,0,0,0,0,0,,
2027-04-18,2027-04-18,2027,4,2027-04,0,0,0,0,0,0,0,,
2027-04-01,2027-04-01,2027,4,2027-04,0,0,0,0,0,0,0,,
2027-03-25,2027-03-25,2027,3,2027-03,0,0,0,0,0,0,0,,
2027-03-24,2027-03-24,2027,3,2027-03,0,0,0,0,0,0,0,,
2027-03-23,2027-03-23,2027,3,2027-03,0,0,0,0,0,0,0,,
2027-03-14,2027-03-14,2027,3,2027-03,0,0,0,0,0,0,0,,
2027-03-01,2027-03-01,2027,3,2027-03,0,0,0,0,0,0,0,,
2027-02-25,2027-02-25,2027,2,2027-02,0,0,0,0,0,0,0,,
2027-02-12,2027-02-12,2027,2,2027-02,0,0,0,0,0,0,0,,
2026-11-30,2026-11-30,2026,11,2026-11,0,0,0,0,0,0,0,,
2026-11-25,2026-11-25,2026,11,2026-11,0,0,0,0,0,0,0,,
2026-11-19,2026-11-19,2026,11,2026-11,0,0,0,0,0,0,0,,
2026-10-29,2026-10-29,2026,10,2026-10,0,0,0,0,0,0,0,,
2026-10-26,2026-10-26,2026,10,2026-10,0,0,0,0,0,0,0,,
2026-10-21,2026-10-21,2026,10,2026-10,0,0,0,0,0,0,0,,
2026-09-17,2026-09-17,2026,9,2026-09,0,0,0,0,0,0,0,,
2026-08-16,2026-08-16,2026,8,2026-08,0,0,0,0,0,0,0,,
2026-07-29,2026-07-29,2026,7,2026-07,0,0,0,0,0,0,0,,
2026-07-07,2026-07-07,2026,7,2026-07,0,0,0,0,0,0,0,,
2026-06-02,2026-06-02,2026,6,2026-06,0,0,0,0,0,0,0,,
2026-05-20,2026-05-20,2026,5,2026-05,0,0,0,0,0,0,0,,
2026-04-30,2026-04-30,2026,4,2026-04,0,0,0,0,0,0,0,,
2026-03-07,2026-03-07,2026,3,2026-03,0,0,0,0,0,0,0,,
2026-01-30,2026-01-30,2026,1,2026-01,0,0,0,0,0,0,0,,
2026-01-26,2026-01-26,2026,1,2026-01,0,0,0,0,0,0,0,,
2026-01-24,2026-01-24,2026,1,2026-01,0,0,0,0,0,0,0,,
2025-11-25,2025-11-25,2025,11,2025-11,0,0,0,0,0,0,0,,
2025-11-14,2025-11-14,2025,11,2025-11,0,0,0,0,0,0,0,,
2025-09-09,2025-09-09,2025,9,2025-09,0,0,0,0,0,0,0,,
2025-09-01,2025-09-01,2025,9,2025-09,0,0,0,0,0,0,0,,
2025-08-13,2025-08-13,2025,8,2025-08,0,0,0,0,0,0,0,,
2025-08-10,2025-08-10,2025,8,2025-08,0,0,0,0,0,0,0,,
2025-07-13,2025-07-13,2025,7,2025-07,0,0,0,0,0,0,0,,
2025-06-19,2025-06-19,2025,6,2025-06,0,0,0,0,0,0,0,,
2025-05-31,2025-05-31,2025,5,2025-05,0,0,0,0,0,0,0,,
2025-05-29,2025-05-29,2025,5,2025-05,0,0,0,0,0,0,0,,
2025-05-25,2025-05-25,2025,5,2025-05,0,0,0,0,0,0,0,,
2025-05-24,2025-05-24,2025,5,2025-05,0,0,0,0,0,0,0,,
2025-05-22,2025-05-22,2025,5,2025-05,0,0,0,0,0,0,0,,
2025-04-19,2025-04-19,2025,4,2025-04,0,0,0,0,0,0,0,,
2025-04-18,2025-04-18,2025,4,2025-04,0,0,0,0,0,0,0,,
2025-04-09,2025-04-09,2025,4,2025-04,0,0,0,0,0,0,0,,
2025-03-13,2025-03-13,2025,3,2025-03,0,0,0,0,0,0,0,,
2025-02-17,2025-02-17,2025,2,2025-02,0,0,0,0,0,0,0,,
2025-02-11,2025-02-11,2025,2,2025-02,0,0,0,0,0,0,0,,
2025-01-19,2025-01-19,2025,1,2025-01,0,0,0,0,0,0,0,,
2024-12-28,2024-12-28,2024,12,2024-12,0,0,0,0,0,0,0,,
2024-12-24,2024-12-24,2024,12,2024-12,0,0,0,0,0,0,0,,
2024-12-12,2024-12-12,2024,12,2024-12,0,0,0,0,0,0,0,,
2024-12-06,2024-12-06,2024,12,2024-12,0,0,0,0,0,0,0,,
2024-12-02,2024-12-02,2024,12,2024-12,0,0,0,0,0,0,0,,
2024-11-30,2024-11-30,2024,11,2024-11,0,0,0,0,0,0,0,,
2024-11-01,2024-11-01,2024,11,2024-11,0,0,0,0,0,0,0,,
2024-10-29,2024-10-29,2024,10,2024-10,0,0,0,0,0,0,0,,
2024-10-18,2024-10-18,2024,10,2024-10,0,0,0,0,0,0,0,,
2024-10-11,2024-10-11,2024,10,2024-10,0,0,0,0,0,0,0,,
2024-10-04,2024-10-04,2024,10,2024-10,0,0,0,0,0,0,0,,
2024-09-06,2024-09-06,2024,9,2024-09,0,0,0,0,0,0,0,,
2024-08-04,2024-08-04,2024,8,2024-08,0,0,0,0,0,0,0,,
2024-07-20,2024-07-20,2024,7,2024-07,0,0,0,0,0,0,0,,
2024-07-08,2024-07-08,2024,7,2024-07,0,0,0,0,0,0,0,,
2024-06-30,2024-06-30,2024,6,2024-06,0,0,0,0,0,0,0,,
2024-06-07,2024-06-07,2024,6,2024-06,0,0,0,0,0,0,0,,
2024-05-28,2024-05-28,2024,5,2024-05,0,0,0,0,0,0,0,,
2024-04-18,2024-04-18,2024,4,2024-04,0,0,0,0,0,0,0,,
2024-04-11,2024-04-11,2024,4,2024-04,0,0,0,0,0,0,0,,
2024-04-03,2024-04-03,2024,4,2024-04,0,0,0,0,0,0,0,,
2024-03-28,2024-03-28,2024,3,2024-03,0,0,0,0,0,0,0,,
2024-03-25,2024-03-25,2024,3,2024-03,0,0,0,0,0,0,0,,
2024-03-24,2024-03-24,2024,3,2024-03,0,0,0,0,0,0,0,,
2024-03-13,2024-03-13,2024,3,2024-03,0,0,0,0,0,0,0,,
2024-02-22,2024-02-22,2024,2,2024-02,0,0,0,0,0,0,0,,
2024-02-13,2024-02-13,2024,2,2024-02,0,0,0,0,0,0,0,,
2024-02-08,2024-02-08,2024,2,2024-02,0,0,0,0,0,0,0,,
2024-01-11,2024-01-11,2024,1,2024-01,0,0,0,0,0,0,0,,
2024-01-07,2024-01-07,2024,1,2024-01,0,0,0,0,0,0,0,,
2023-12-26,2023-12-26,2023,12,2023-12,0,0,0,0,0,0,0,,
2023-12-14,2023-12-14,2023,12,2023-12,0,0,0,0,0,0,0,,
2023-12-08,2023-12-08,2023,12,2023-12,0,0,0,0,0,0,0,,
2023-11-01,2023-11-01,2023,11,2023-11,0,0,0,0,0,0,0,,
2023-10-19,2023-10-19,2023,10,2023-10,0,0,0,0,0,0,0,,
2023-10-15,2023-10-15,2023,10,2023-10,0,0,0,0,0,0,0,,
2023-10-10,2023-10-10,2023,10,2023-10,0,0,0,0,0,0,0,,
2023-10-04,2023-10-04,2023,10,2023-10,0,0,0,0,0,0,0,,
2023-09-23,2023-09-23,2023,9,2023-09,0,0,0,0,0,0,0,,
2023-09-06,2023-09-06,2023,9,2023-09,0,0,0,0,0,0,0,,
2023-09-05,2023-09-05,2023,9,2023-09,0,0,0,0,0,0,0,,
2023-08-02,2023-08-02,2023,8,2023-08,0,0,0,0,0,0,0,,
2023-07-30,2023-07-30,2023,7,2023-07,0,0,0,0,0,0,0,,
2023-07-29,2023-07-29,2023,7,2023-07,0,0,0,0,0,0,0,,
2023-07-05,2023-07-05,2023,7,2023-07,0,0,0,0,0,0,0,,
2023-05-15,2023-05-15,2023,5,2023-05,0,0,0,0,0,0,0,,
2023-05-11,2023-05-11,2023,5,2023-05,0,0,0,0,0,0,0,,
2023-05-07,2023-05-07,2023,5,2023-05,0,0,0,0,0,0,0,,
2023-04-05,2023-04-05,2023,4,2023-04,0,0,0,0,0,0,0,,
2023-03-05,2023-03-05,2023,3,2023-03,0,0,0,0,0,0,0,,
2023-02-06,2023-02-06,2023,2,2023-02,0,0,0,0,0,0,0,,
2023-01-30,2023-01-30,2023,1,2023-01,0,0,0,0,0,0,0,,
2023-01-27,2023-01-27,2023,1,2023-01,0,0,0,0,0,0,0,,
2023-01-26,2023-01-26,2023,1,2023-01,0,0,0,0,0,0,0,,
2022-12-20,2022-12-20,2022,12,2022-12,0,0,0,0,0,0,0,,
2022-12-06,2022-12-06,2022,12,2022-12,0,0,0,0,0,0,0,,
2022-11-26,2022-11-26,2022,11,2022-11,0,0,0,0,0,0,0,,
2022-09-25,2022-09-25,2022,9,2022-09,0,0,0,0,0,0,0,,
2022-08-31,2022-08-31,2022,8,2022-08,0,0,0,0,0,0,0,,
2022-08-10,2022-08-10,2022,8,2022-08,0,0,0,0,0,0,0,,
2022-08-03,2022-08-03,2022,8,2022-08,0,0,0,0,0,0,0,,
2022-07-16,2022-07-16,2022,7,2022-07,0,0,0,0,0,0,0,,
2022-07-10,2022-07-10,2022,7,2022-07,0,0,0,0,0,0,0,,
2022-07-05,2022-07-05,2022,7,2022-07,0,0,0,0,0,0,0,,
2022-07-04,2022-07-04,2022,7,2022-07,0,0,0,0,0,0,0,,
2022-06-13,2022-06-13,2022,6,2022-06,0,0,0,0,0,0,0,,
2022-06-07,2022-06-07,2022,6,2022-06,0,0,0,0,0,0,0,,
2022-06-02,2022-06-02,2022,6,2022-06,0,0,0,0,0,0,0,,
2022-05-28,2022-05-28,2022,5,2022-05,0,0,0,0,0,0,0,,
2022-05-15,2022-05-15,2022,5,2022-05,0,0,0,0,0,0,0,,
2022-04-04,2022-04-04,2022,4,2022-04,0,0,0,0,0,0,0,,
2022-02-13,2022-02-13,2022,2,2022-02,0,0,0,0,0,0,0,,
2022-02-12,2022-02-12,2022,2,2022-02,0,0,0,0,0,0,0,,
2022-02-06,2022-02-06,2022,2,2022-02,0,0,0,0,0,0,0,,
2022-02-01,2022-02-01,2022,2,2022-02,0,0,0,0,0,0,0,,
2022-01-15,2022-01-15,2022,1,2022-01,0,0,0,0,0,0,0,,
2022-01-12,2022-01-12,2022,1,2022-01,0,0,0,0,0,0,0,,
2022-01-07,2022-01-07,2022,1,2022-01,0,0,0,0,0,0,0,,
2021-11-30,2021-11-30,2021,11,2021-11,0,0,0,0,0,0,0,,
2021-11-20,2021-11-20,2021,11,2021-11,0,0,0,0,0,0,0,,
2021-11-17,2021-11-17,2021,11,2021-11,0,0,0,0,0,0,0,,
2021-10-20,2021-10-20,2021,10,2021-10,0,0,0,0,0,0,0,,
2021-09-30,2021-09-30,2021,9,2021-09,0,0,0,0,0,0,0,,
2021-08-27,2021-08-27,2021,8,2021-08,0,0,0,0,0,0,0,,
2021-08-18,2021-08-18,2021,8,2021-08,0,0,0,0,0,0,0,,
2021-08-11,2021-08-11,2021,8,2021-08,0,0,0,0,0,0,0,,
2021-08-09,2021-08-09,2021,8,2021-08,0,0,0,0,0,0,0,,
2021-08-05,2021-08-05,2021,8,2021-08,0,0,0,0,0,0,0,,
2021-07-28,2021-07-28,2021,7,2021-07,0,0,0,0,0,0,0,,
2021-06-16,2021-06-16,2021,6,2021-06,0,0,0,0,0,0,0,,
2021-05-23,2021-05-23,2021,5,2021-05,0,0,0,0,0,0,0,,
2021-05-08,2021-05-08,2021,5,2021-05,0,0,0,0,0,0,0,,
2021-05-03,2021-05-03,2021,5,2021-05,0,0,0,0,0,0,0,,
2021-03-29,2021-03-29,2021,3,2021-03,0,0,0,0,0,0,0,,
2021-03-28,2021-03-28,2021,3,2021-03,0,0,0,0,0,0,0,,
2021-03-24,2021-03-24,2021,3,2021-03,0,0,0,0,0,0,0,,
2021-03-09,2021-03-09,2021,3,2021-03,0,0,0,0,0,0,0,,
2021-01-17,2021-01-17,2021,1,2021-01,0,0,0,0,0,0,0,,
2021-01-06,2021-01-06,2021,1,2021-01,0,0,0,0,0,0,0,,
2020-12-21,2020-12-21,2020,12,2020-12,0,0,0,0,0,0,0,,
2020-12-19,2020-12-19,2020,12,2020-12,0,0,0,0,0,0,0,,
2020-12-14,2020-12-14,2020,12,2020-12,0,0,0,0,0,0,0,,
2020-12-12,2020-12-12,2020,12,2020-12,0,0,0,0,0,0,0,,
2020-12-11,2020-12-11,2020,12,2020-12,0,0,0,0,0,0,0,,
2020-11-11,2020-11-11,2020,11,2020-11,0,0,0,0,0,0,0,,
2020-11-06,2020-11-06,2020,11,2020-11,0,0,0,0,0,0,0,,
2020-11-02,2020-11-02,2020,11,2020-11,0,0,0,0,0,0,0,,
2020-10-22,2020-10-22,2020,10,2020-10,0,0,0,0,0,0,0,,
2020-10-08,2020-10-08,2020,10,2020-10,0,0,0,0,0,0,0,,
2020-09-05,2020-09-05,2020,9,2020-09,0,0,0,0,0,0,0,,
2020-09-03,2020-09-03,2020,9,2020-09,0,0,0,0,0,0,0,,
2020-09-02,2020-09-02,2020,9,2020-09,0,0,0,0,0,0,0,,
2020-08-22,2020-08-22,2020,8,2020-08,0,0,0,0,0,0,0,,
2020-08-06,2020-08-06,2020,8,2020-08,0,0,0,0,0,0,0,,
2020-07-15,2020-07-15,2020,7,2020-07,0,0,0,0,0,0,0,,
2020-07-02,2020-07-02,2020,7,2020-07,0,0,0,0,0,0,0,,
2020-06-30,2020-06-30,2020,6,2020-06,0,0,0,0,0,0,0,,
2020-06-22,2020-06-22,2020,6,2020-06,0,0,0,0,0,0,0,,
2020-06-16,2020-06-16,2020,6,2020-06,0,0,0,0,0,0,0,,
2020-05-16,2020-05-16,2020,5,2020-05,0,0,0,0,0,0,0,,
2020-05-07,2020-05-07,2020,5,2020-05,0,0,0,0,0,0,0,,
2020-04-30,2020-04-30,2020,4,2020-04,0,0,0,0,0,0,0,,
2020-04-22,2020-04-22,2020,4,2020-04,0,0,0,0,0,0,0,,
2020-04-18,2020-04-18,2020,4,2020-04,0,0,0,0,0,0,0,,
2020-04-14,2020-04-14,2020,4,2020-04,0,0,0,0,0,0,0,,
2020-04-08,2020-04-08,2020,4,2020-04,0,0,0,0,0,0,0,,
2020-04-02,2020-04-02,2020,4,2020-04,0,0,0,0,0,0,0,,
2020-03-12,2020-03-12,2020,3,2020-03,0,0,0,0,0,0,0,,
2020-02-26,2020-02-26,2020,2,2020-02,0,0,0,0,0,0,0,,
2020-02-11,2020-02-11,2020,2,2020-02,0,0,0,0,0,0,0,,
2020-02-03,2020-02-03,2020,2,2020-02,0,0,0,0,0,0,0,,
2020-01-31,2020-01-31,2020,1,2020-01,0,0,0,0,0,0,0,,
2020-01-08,2020-01-08,2020,1,2020-01,0,0,0,0,0,0,0,,
2019-12-31,2019-12-31,2019,12,2019-12,0,0,0,0,0,0,0,,
2019-12-27,2019-12-27,2019,12,2019-12,0,0,0,0,0,0,0,,
2019-12-12,2019-12-12,2019,12,2019-12,0,0,0,0,0,0,0,,
2019-12-01,2019-12-01,2019,12,2019-12,0,0,0,0,0,0,0,,
2019-11-16,2019-11-16,2019,11,2019-11,0,0,0,0,0,0,0,,
2019-11-04,2019-11-04,2019,11,2019-11,0,0,0,0,0,0,0,,
2019-11-01,2019-11-01,2019,11,2019-11,0,0,0,0,0,0,0,,
2019-10-29,2019-10-29,2019,10,2019-10,0,0,0,0,0,0,0,,
2019-10-13,2019-10-13,2019,10,2019-10,0,0,0,0,0,0,0,,
2019-10-02,2019-10-02,2019,10,2019-10,0,0,0,0,0,0,0,,
2019-09-02,2019-09-02,2019,9,2019-09,0,0,0,0,0,0,0,,
2019-08-29,2019-08-29,2019,8,2019-08,0,0,0,0,0,0,0,,
2019-08-24,2019-08-24,2019,8,2019-08,0,0,0,0,0,0,0,,
2019-08-08,2019-08-08,2019,8,2019-08,0,0,0,0,0,0,0,,
2019-07-03,2019-07-03,2019,7,2019-07,0,0,0,0,0,0,0,,
2019-07-01,2019-07-01,2019,7,2019-07,0,0,0,0,0,0,0,,
2019-06-21,2019-06-21,2019,6,2019-06,0,0,0,0,0,0,0,,
2019-05-30,2019-05-30,2019,5,2019-05,0,0,0,0,0,0,0,,
2019-04-17,2019-04-17,2019,4,2019-04,0,0,0,0,0,0,0,,
2019-04-14,2019-04-14,2019,4,2019-04,0,0,0,0,0,0,0,,
2019-04-05,2019-04-05,2019,4,2019-04,0,0,0,0,0,0,0,,
2019-04-01,2019-04-01,2019,4,2019-04,0,0,0,0,0,0,0,,
2019-03-07,2019-03-07,2019,3,2019-03,0,0,0,0,0,0,0,,
2019-02-02,2019-02-02,2019,2,2019-02,0,0,0,0,0,0,0,,
2019-02-01,2019-02-01,2019,2,2019-02,0,0,0,0,0,0,0,,
2019-01-25,2019-01-25,2019,1,2019-01,0,0,0,0,0,0,0,,
2019-01-12,2019-01-12,2019,1,2019-01,0,0,0,0,0,0,0,,
2018-12-17,2018-12-17,2018,12,2018-12,0,0,0,0,0,0,0,,
2018-11-18,2018-11-18,2018,11,2018-11,0,0,0,0,0,0,0,,
2018-11-10,2018-11-10,2018,11,2018-11,0,0,0,0,0,0,0,,
2018-10-20,2018-10-20,2018,10,2018-10,0,0,0,0,0,0,0,,
2018-10-12,2018-10-12,2018,10,2018-10,0,0,0,0,0,0,0,,
2018-10-10,2018-10-10,2018,10,2018-10,0,0,0,0,0,0,0,,
2018-10-09,2018-10-09,2018,10,2018-10,0,0,0,0,0,0,0,,
2018-10-08,2018-10-08,2018,10,2018-10,0,0,0,0,0,0,0,,
2018-08-24,2018-08-24,2018,8,2018-08,0,0,0,0,0,0,0,,
2018-08-14,2018-08-14,2018,8,2018-08,0,0,0,0,0,0,0,,
2018-08-11,2018-08-11,2018,8,2018-08,0,0,0,0,0,0,0,,
2018-07-28,2018-07-28,2018,7,2018-07,0,0,0,0,0,0,0,,
2018-07-03,2018-07-03,2018,7,2018-07,0,0,0,0,0,0,0,,
2018-06-28,2018-06-28,2018,6,2018-06,0,0,0,0,0,0,0,,
2018-06-20,2018-06-20,2018,6,2018-06,0,0,0,0,0,0,0,,
2018-06-11,2018-06-11,2018,6,2018-06,0,0,0,0,0,0,0,,
2018-06-04,2018-06-04,2018,6,2018-06,0,0,0,0,0,0,0,,
2018-05-28,2018-05-28,2018,5,2018-05,0,0,0,0,0,0,0,,
2018-05-04,2018-05-04,2018,5,2018-05,0,0,0,0,0,0,0,,
2018-04-29,2018-04-29,2018,4,2018-04,0,0,0,0,0,0,0,,
2018-04-22,2018-04-22,2018,4,2018-04,0,0,0,0,0,0,0,,
2018-04-17,2018-04-17,2018,4,2018-04,0,0,0,0,0,0,0,,
2018-03-31,2018-03-31,2018,3,2018-03,0,0,0,0,0,0,0,,
2018-03-16,2018-03-16,2018,3,2018-03,0,0,0,0,0,0,0,,
2018-01-22,2018-01-22,2018,1,2018-01,0,0,0,0,0,0,0,,
2018-01-17,2018-01-17,2018,1,2018-01,0,0,0,0,0,0,0,,
2017-12-10,2017-12-10,2017,12,2017-12,0,0,0,0,0,0,0,,
2017-12-04,2017-12-04,2017,12,2017-12,0,0,0,0,0,0,0,,
2017-11-09,2017-11-09,2017,11,2017-11,0,0,0,0,0,0,0,,
2017-10-24,2017-10-24,2017,10,2017-10,0,0,0,0,0,0,0,,
2017-10-19,2017-10-19,2017,10,2017-10,0,0,0,0,0,0,0,,
2017-10-09,2017-10-09,2017,10,2017-10,0,0,0,0,0,0,0,,
2017-09-30,2017-09-30,2017,9,2017-09,0,0,0,0,0,0,0,,
2017-09-28,2017-09-28,2017,9,2017-09,0,0,0,0,0,0,0,,
2017-09-21,2017-09-21,2017,9,2017-09,0,0,0,0,0,0,0,,
2017-09-14,2017-09-14,2017,9,2017-09,0,0,0,0,0,0,0,,
2017-09-05,2017-09-05,2017,9,2017-09,0,0,0,0,0,0,0,,
2017-08-26,2017-08-26,2017,8,2017-08,0,0,0,0,0,0,0,,
2017-08-19,2017-08-19,2017,8,2017-08,0,0,0,0,0,0,0,,
2017-08-01,2017-08-01,2017,8,2017-08,0,0,0,0,0,0,0,,
2017-07-20,2017-07-20,2017,7,2017-07,0,0,0,0,0,0,0,,
2017-07-01,2017-07-01,2017,7,2017-07,0,0,0,0,0,0,0,,
2017-06-04,2017-06-04,2017,6,2017-06,0,0,0,0,0,0,0,,
2017-05-25,2017-05-25,2017,5,2017-05,0,0,0,0,0,0,0,,
2017-05-13,2017-05-13,2017,5,2017-05,0,0,0,0,0,0,0,,
2017-03-09,2017-03-09,2017,3,2017-03,0,0,0,0,0,0,0,,
2017-02-21,2017-02-21,2017,2,2017-02,0,0,0,0,0,0,0,,
2017-02-08,2017-02-08,2017,2,2017-02,0,0,0,0,0,0,0,,
2017-01-28,2017-01-28,2017,1,2017-01,0,0,0,0,0,0,0,,
2017-01-26,2017-01-26,2017,1,2017-01,0,0,0,0,0,0,0,,
2017-01-23,2017-01-23,2017,1,2017-01,0,0,0,0,0,0,0,,
2016-11-10,2016-11-10,2016,11,2016-11,0,0,0,0,0,0,0,,
2016-11-01,2016-11-01,2016,11,2016-11,0,0,0,0,0,0,0,,
2016-10-22,2016-10-22,2016,10,2016-10,0,0,0,0,0,0,0,,
2016-10-07,2016-10-07,2016,10,2016-10,0,0,0,0,0,0,0,,
2016-10-02,2016-10-02,2016,10,2016-10,0,0,0,0,0,0,0,,
2016-09-27,2016-09-27,2016,9,2016-09,0,0,0,0,0,0,0,,
2016-09-26,2016-09-26,2016,9,2016-09,0,0,0,0,0,0,0,,
2016-09-18,2016-09-18,2016,9,2016-09,0,0,0,0,0,0,0,,
2016-09-13,2016-09-13,2016,9,2016-09,0,0,0,0,0,0,0,,
2016-08-15,2016-08-15,2016,8,2016-08,0,0,0,0,0,0,0,,
2016-07-30,2016-07-30,2016,7,2016-07,0,0,0,0,0,0,0,,
2016-07-28,2016-07-28,2016,7,2016-07,0,0,0,0,0,0,0,,
2016-07-10,2016-07-10,2016,7,2016-07,0,0,0,0,0,0,0,,
2016-07-04,2016-07-04,2016,7,2016-07,0,0,0,0,0,0,0,,
2016-05-23,2016-05-23,2016,5,2016-05,0,0,0,0,0,0,0,,
2016-05-10,2016-05-10,2016,5,2016-05,0,0,0,0,0,0,0,,
2016-05-04,2016-05-04,2016,5,2016-05,0,0,0,0,0,0,0,,
2016-04-26,2016-04-26,2016,4,2016-04,0,0,0,0,0,0,0,,
2016-03-28,2016-03-28,2016,3,2016-03,0,0,0,0,0,0,0,,
2016-03-27,2016-03-27,2016,3,2016-03,0,0,0,0,0,0,0,,
2016-03-25,2016-03-25,2016,3,2016-03,0,0,0,0,0,0,0,,
2016-03-19,2016-03-19,2016,3,2016-03,0,0,0,0,0,0,0,,
2012-12-28,2012-12-28,2012,12,2012-12,0,0,0,0,0,0,0,,
2012-12-11,2012-12-11,2012,12,2012-12,0,0,0,0,0,0,0,,
2012-12-09,2012-12-09,2012,12,2012-12,0,0,0,0,0,0,0,,
2012-12-02,2012-12-02,2012,12,2012-12,0,0,0,0,0,0,0,,
2012-11-12,2012-11-12,2012,11,2012-11,0,0,0,0,0,0,0,,
2012-11-09,2012-11-09,2012,11,2012-11,0,0,0,0,0,0,0,,
2012-10-28,2012-10-28,2012,10,2012-10,0,0,0,0,0,0,0,,
2012-10-01,2012-10-01,2012,10,2012-10,0,0,0,0,0,0,0,,
2012-09-25,2012-09-25,2012,9,2012-09,0,0,0,0,0,0,0,,
2012-09-16,2012-09-16,2012,9,2012-09,0,0,0,0,0,0,0,,
2012-08-28,2012-08-28,2012,8,2012-08,0,0,0,0,0,0,0,,
2012-08-25,2012-08-25,2012,8,2012-08,0,0,0,0,0,0,0,,
2012-07-31,2012-07-31,2012,7,2012-07,0,0,0,0,0,0,0,,
2012-07-23,2012-07-23,2012,7,2012-07,0,0,0,0,0,0,0,,
2012-07-18,2012-07-18,2012,7,2012-07,0,0,0,0,0,0,0,,
2012-07-15,2012-07-15,2012,7,2012-07,0,0,0,0,0,0,0,,
2012-05-06,2012-05-06,2012,5,2012-05,0,0,0,0,0,0,0,,
2012-04-06,2012-04-06,2012,4,2012-04,0,0,0,0,0,0,0,,
2012-03-18,2012-03-18,2012,3,2012-03,0,0,0,0,0,0,0,,
2012-03-15,2012-03-15,2012,3,2012-03,0,0,0,0,0,0,0,,
2031-01-13,2031-01-13,2031,1,2031-01,0,0,0,0,0,0,0,,
2031-01-01,2031-01-01,2031,1,2031-01,0,0,0,0,0,0,0,,
2030-12-23,2030-12-23,2030,12,2030-12,0,0,0,0,0,0,0,,
2030-12-02,2030-12-02,2030,12,2030-12,0,0,0,0,0,0,0,,
2030-10-29,2030-10-29,2030,10,2030-10,0,0,0,0,0,0,0,,
2030-10-04,2030-10-04,2030,10,2030-10,0,0,0,0,0,0,0,,
2030-09-05,2030-09-05,2030,9,2030-09,0,0,0,0,0,0,0,,
2030-09-01,2030-09-01,2030,9,2030-09,0,0,0,0,0,0,0,,
2030-08-09,2030-08-09,2030,8,2030-08,0,0,0,0,0,0,0,,
2030-08-03,2030-08-03,2030,8,2030-08,0,0,0,0,0,0,0,,
2030-07-16,2030-07-16,2030,7,2030-07,0,0,0,0,0,0,0,,
2030-07-08,2030-07-08,2030,7,2030-07,0,0,0,0,0,0,0,,
2030-06-23,2030-06-23,2030,6,2030-06,0,0,0,0,0,0,0,,
2030-06-06,2030-06-06,2030,6,2030-06,0,0,0,0,0,0,0,,
2030-05-01,2030-05-01,2030,5,2030-05,0,0,0,0,0,0,0,,
2030-04-24,2030-04-24,2030,4,2030-04,0,0,0,0,0,0,0,,
2030-04-09,2030-04-09,2030,4,2030-04,0,0,0,0,0,0,0,,
2030-04-07,2030-04-07,2030,4,2030-04,0,0,0,0,0,0,0,,
2030-03-24,2030-03-24,2030,3,2030-03,0,0,0,0,0,0,0,,
2030-03-16,2030-03-16,2030,3,2030-03,0,0,0,0,0,0,0,,
2030-03-03,2030-03-03,2030,3,2030-03,0,0,0,0,0,0,0,,
2030-02-12,2030-02-12,2030,2,2030-02,0,0,0,0,0,0,0,,
2030-01-13,2030-01-13,2030,1,2030-01,0,0,0,0,0,0,0,,
2030-01-10,2030-01-10,2030,1,2030-01,0,0,0,0,0,0,0,,
2030-01-08,2030-01-08,2030,1,2030-01,0,0,0,0,0,0,0,,
2030-01-03,2030-01-03,2030,1,2030-01,0,0,0,0,0,0,0,,
2029-12-28,2029-12-28,2029,12,2029-12,0,0,0,0,0,0,0,,
2029-12-12,2029-12-12,2029,12,2029-12,0,0,0,0,0,0,0,,
2029-12-05,2029-12-05,2029,12,2029-12,0,0,0,0,0,0,0,,
2029-11-17,2029-11-17,2029,11,2029-11,0,0,0,0,0,0,0,,
2029-11-16,2029-11-16,2029,11,2029-11,0,0,0,0,0,0,0,,
2029-11-06,2029-11-06,2029,11,2029-11,0,0,0,0,0,0,0,,
2029-09-17,2029-09-17,2029,9,2029-09,0,0,0,0,0,0,0,,
2029-09-14,2029-09-14,2029,9,2029-09,0,0,0,0,0,0,0,,
2029-09-11,2029-09-11,2029,9,2029-09,0,0,0,0,0,0,0,,
2029-08-13,2029-08-13,2029,8,2029-08,0,0,0,0,0,0,0,,
2029-07-21,2029-07-21,2029,7,2029-07,0,0,0,0,0,0,0,,
2029-06-14,2029-06-14,2029,6,2029-06,0,0,0,0,0,0,0,,
2029-04-27,2029-04-27,2029,4,2029-04,0,0,0,0,0,0,0,,
2029-03-04,2029-03-04,2029,3,2029-03,0,0,0,0,0,0,0,,
2029-02-27,2029-02-27,2029,2,2029-02,0,0,0,0,0,0,0,,
2029-02-12,2029-02-12,2029,2,2029-02,0,0,0,0,0,0,0,,
2029-02-09,2029-02-09,2029,2,2029-02,0,0,0,0,0,0,0,,
2029-02-05,2029-02-05,2029,2,2029-02,0,0,0,0,0,0,0,,
2029-01-25,2029-01-25,2029,1,2029-01,0,0,0,0,0,0,0,,
2029-01-20,2029-01-20,2029,1,2029-01,0,0,0,0,0,0,0,,
2029-01-09,2029-01-09,2029,1,2029-01,0,0,0,0,0,0,0,,
2029-01-08,2029-01-08,2029,1,2029-01,0,0,0,0,0,0,0,,
2029-01-05,2029-01-05,2029,1,2029-01,0,0,0,0,0,0,0,,
2028-11-22,2028-11-22,2028,11,2028-11,0,0,0,0,0,0,0,,
2028-11-06,2028-11-06,2028,11,2028-11,0,0,0,0,0,0,0,,
2028-08-15,2028-08-15,2028,8,2028-08,0,0,0,0,0,0,0,,
2028-08-14,2028-08-14,2028,8,2028-08,0,0,0,0,0,0,0,,
2028-08-08,2028-08-08,2028,8,2028-08,0,0,0,0,0,0,0,,
2028-07-21,2028-07-21,2028,7,2028-07,0,0,0,0,0,0,0,,
2028-06-10,2028-06-10,2028,6,2028-06,0,0,0,0,0,0,0,,
2028-04-03,2028-04-03,2028,4,2028-04,0,0,0,0,0,0,0,,
2028-04-01,2028-04-01,2028,4,2028-04,0,0,0,0,0,0,0,,
2028-03-18,2028-03-18,2028,3,2028-03,0,0,0,0,0,0,0,,
2028-03-02,2028-03-02,2028,3,2028-03,0,0,0,0,0,0,0,,
2028-02-26,2028-02-26,2028,2,2028-02,0,0,0,0,0,0,0,,
2028-02-23,2028-02-23,2028,2,2028-02,0,0,0,0,0,0,0,,
2028-02-10,2028-02-10,2028,2,2028-02,0,0,0,0,0,0,0,,
2028-01-24,2028-01-24,2028,1,2028-01,0,0,0,0,0,0,0,,
2028-01-15,2028-01-15,2028,1,2028-01,0,0,0,0,0,0,0,,
2027-12-22,2027-12-22,2027,12,2027-12,0,0,0,0,0,0,0,,
2027-11-29,2027-11-29,2027,11,2027-11,0,0,0,0,0,0,0,,
2027-11-14,2027-11-14,2027,11,2027-11,0,0,0,0,0,0,0,,
2027-10-25,2027-10-25,2027,10,2027-10,0,0,0,0,0,0,0,,
2027-10-13,2027-10-13,2027,10,2027-10,0,0,0,0,0,0,0,,
2027-09-23,2027-09-23,2027,9,2027-09,0,0,0,0,0,0,0,,
2027-09-22,2027-09-22,2027,9,2027-09,0,0,0,0,0,0,0,,
2027-09-14,2027-09-14,2027,9,2027-09,0,0,0,0,0,0,0,,
2027-09-08,2027-09-08,2027,9,2027-09,0,0,0,0,0,0,0,,
2027-09-06,2027-09-06,2027,9,2027-09,0,0,0,0,0,0,0,,
2027-09-05,2027-09-05,2027,9,2027-09,0,0,0,0,0,0,0,,
2027-08-22,2027-08-22,2027,8,2027-08,0,0,0,0,0,0,0,,
2027-08-07,2027-08-07,2027,8,2027-08,0,0,0,0,0,0,0,,
2027-08-06,2027-08-06,2027,8,2027-08,0,0,0,0,0,0,0,,
2027-07-17,2027-07-17,2027,7,2027-07,0,0,0,0,0,0,0,,
2027-07-09,2027-07-09,2027,7,2027-07,0,0,0,0,0,0,0,,
2027-07-01,2027-07-01,2027,7,2027-07,0,0,0,0,0,0,0,,
2027-06-20,2027-06-20,2027,6,2027-06,0,0,0,0,0,0,0,,
2027-06-15,2027-06-15,2027,6,2027-06,0,0,0,0,0,0,0,,
2027-06-05,2027-06-05,2027,6,2027-06,0,0,0,0,0,0,0,,
2027-05-14,2027-05-14,2027,5,2027-05,0,0,0,0,0,0,0,,
2027-05-02,2027-05-02,2027,5,2027-05,0,0,0,0,0,0,0,,
2027-04-25,2027-04-25,2027,4,2027-04,0,0,0,0,0,0,0,,
2027-04-14,2027-04-14,2027,4,2027-04,0,0,0,0,0,0,0,,
2027-03-18,2027-03-18,2027,3,2027-03,0,0,0,0,0,0,0,,
2027-03-16,2027-03-16,2027,3,2027-03,0,0,0,0,0,0,0,,
2027-02-17,2027-02-17,2027,2,2027-02,0,0,0,0,0,0,0,,
2027-01-08,2027-01-08,2027,1,2027-01,0,0,0,0,0,0,0,,
2026-12-31,2026-12-31,2026,12,2026-12,0,0,0,0,0,0,0,,
2026-12-19,2026-12-19,2026,12,2026-12,0,0,0,0,0,0,0,,
2026-12-14,2026-12-14,2026,12,2026-12,0,0,0,0,0,0,0,,
2026-12-13,2026-12-13,2026,12,2026-12,0,0,0,0,0,0,0,,
2026-12-08,2026-12-08,2026,12,2026-12,0,0,0,0,0,0,0,,
2026-12-05,2026-12-05,2026,12,2026-12,0,0,0,0,0,0,0,,
2026-10-25,2026-10-25,2026,10,2026-10,0,0,0,0,0,0,0,,
2026-10-19,2026-10-19,2026,10,2026-10,0,0,0,0,0,0,0,,
2026-10-12,2026-10-12,2026,10,2026-10,0,0,0,0,0,0,0,,
2026-10-11,2026-10-11,2026,10,2026-10,0,0,0,0,0,0,0,,
2026-10-10,2026-10-10,2026,10,2026-10,0,0,0,0,0,0,0,,
2026-10-02,2026-10-02,2026,10,2026-10,0,0,0,0,0,0,0,,
2026-09-02,2026-09-02,2026,9,2026-09,0,0,0,0,0,0,0,,
2026-07-28,2026-07-28,2026,7,2026-07,0,0,0,0,0,0,0,,
2026-07-06,2026-07-06,2026,7,2026-07,0,0,0,0,0,0,0,,
2026-06-09,2026-06-09,2026,6,2026-06,0,0,0,0,0,0,0,,
2026-05-24,2026-05-24,2026,5,2026-05,0,0,0,0,0,0,0,,
2026-05-01,2026-05-01,2026,5,2026-05,0,0,0,0,0,0,0,,
2026-04-28,2026-04-28,2026,4,2026-04,0,0,0,0,0,0,0,,
2026-03-13,2026-03-13,2026,3,2026-03,0,0,0,0,0,0,0,,
2026-03-12,2026-03-12,2026,3,2026-03,0,0,0,0,0,0,0,,
2026-02-15,2026-02-15,2026,2,2026-02,0,0,0,0,0,0,0,,
2026-02-12,2026-02-12,2026,2,2026-02,0,0,0,0,0,0,0,,
2025-11-29,2025-11-29,2025,11,2025-11,0,0,0,0,0,0,0,,
2025-11-17,2025-11-17,2025,11,2025-11,0,0,0,0,0,0,0,,
2025-11-15,2025-11-15,2025,11,2025-11,0,0,0,0,0,0,0,,
2025-10-30,2025-10-30,2025,10,2025-10,0,0,0,0,0,0,0,,
2025-10-10,2025-10-10,2025,10,2025-10,0,0,0,0,0,0,0,,
2025-10-02,2025-10-02,2025,10,2025-10,0,0,0,0,0,0,0,,
2025-09-29,2025-09-29,2025,9,2025-09,0,0,0,0,0,0,0,,
2025-09-26,2025-09-26,2025,9,2025-09,0,0,0,0,0,0,0,,
2025-08-22,2025-08-22,2025,8,2025-08,0,0,0,0,0,0,0,,
2025-08-15,2025-08-15,2025,8,2025-08,0,0,0,0,0,0,0,,
2025-08-04,2025-08-04,2025,8,2025-08,0,0,0,0,0,0,0,,
2025-07-15,2025-07-15,2025,7,2025-07,0,0,0,0,0,0,0,,
2025-07-14,2025-07-14,2025,7,2025-07,0,0,0,0,0,0,0,,
2025-07-01,2025-07-01,2025,7,2025-07,0,0,0,0,0,0,0,,
2025-06-20,2025-06-20,2025,6,2025-06,0,0,0,0,0,0,0,,
2025-06-18,2025-06-18,2025,6,2025-06,0,0,0,0,0,0,0,,
2025-06-08,2025-06-08,2025,6,2025-06,0,0,0,0,0,0,0,,
2025-06-06,2025-06-06,2025,6,2025-06,0,0,0,0,0,0,0,,
2025-04-27,2025-04-27,2025,4,2025-04,0,0,0,0,0,0,0,,
2025-04-20,2025-04-20,2025,4,2025-04,0,0,0,0,0,0,0,,
2025-04-13,2025-04-13,2025,4,2025-04,0,0,0,0,0,0,0,,
2025-03-14,2025-03-14,2025,3,2025-03,0,0,0,0,0,0,0,,
2025-03-01,2025-03-01,2025,3,2025-03,0,0,0,0,0,0,0,,
2025-02-22,2025-02-22,2025,2,2025-02,0,0,0,0,0,0,0,,
2025-02-16,2025-02-16,2025,2,2025-02,0,0,0,0,0,0,0,,
2025-02-03,2025-02-03,2025,2,2025-02,0,0,0,0,0,0,0,,
2025-01-28,2025-01-28,2025,1,2025-01,0,0,0,0,0,0,0,,
2025-01-26,2025-01-26,2025,1,2025-01,0,0,0,0,0,0,0,,
2025-01-14,2025-01-14,2025,1,2025-01,0,0,0,0,0,0,0,,
2025-01-10,2025-01-10,2025,1,2025-01,0,0,0,0,0,0,0,,
2024-12-31,2024-12-31,2024,12,2024-12,0,0,0,0,0,0,0,,
2024-12-05,2024-12-05,2024,12,2024-12,0,0,0,0,0,0,0,,
2024-10-14,2024-10-14,2024,10,2024-10,0,0,0,0,0,0,0,,
2024-10-05,2024-10-05,2024,10,2024-10,0,0,0,0,0,0,0,,
2024-09-18,2024-09-18,2024,9,2024-09,0,0,0,0,0,0,0,,
2024-09-13,2024-09-13,2024,9,2024-09,0,0,0,0,0,0,0,,
2024-09-01,2024-09-01,2024,9,2024-09,0,0,0,0,0,0,0,,
2024-08-11,2024-08-11,2024,8,2024-08,0,0,0,0,0,0,0,,
2024-08-06,2024-08-06,2024,8,2024-08,0,0,0,0,0,0,0,,
2024-07-13,2024-07-13,2024,7,2024-07,0,0,0,0,0,0,0,,
2024-07-06,2024-07-06,2024,7,2024-07,0,0,0,0,0,0,0,,
2024-07-03,2024-07-03,2024,7,2024-07,0,0,0,0,0,0,0,,
2024-06-01,2024-06-01,2024,6,2024-06,0,0,0,0,0,0,0,,
2024-04-06,2024-04-06,2024,4,2024-04,0,0,0,0,0,0,0,,
2024-03-05,2024-03-05,2024,3,2024-03,0,0,0,0,0,0,0,,
2024-01-15,2024-01-15,2024,1,2024-01,0,0,0,0,0,0,0,,
2024-01-03,2024-01-03,2024,1,2024-01,0,0,0,0,0,0,0,,
2023-11-25,2023-11-25,2023,11,2023-11,0,0,0,0,0,0,0,,
2023-10-27,2023-10-27,2023,10,2023-10,0,0,0,0,0,0,0,,
2023-10-25,2023-10-25,2023,10,2023-10,0,0,0,0,0,0,0,,
2023-09-22,2023-09-22,2023,9,2023-09,0,0,0,0,0,0,0,,
2023-08-27,2023-08-27,2023,8,2023-08,0,0,0,0,0,0,0,,
2023-08-04,2023-08-04,2023,8,2023-08,0,0,0,0,0,0,0,,
2023-07-25,2023-07-25,2023,7,2023-07,0,0,0,0,0,0,0,,
2023-06-15,2023-06-15,2023,6,2023-06,0,0,0,0,0,0,0,,
2023-04-24,2023-04-24,2023,4,2023-04,0,0,0,0,0,0,0,,
2023-04-11,2023-04-11,2023,4,2023-04,0,0,0,0,0,0,0,,
2023-03-19,2023-03-19,2023,3,2023-03,0,0,0,0,0,0,0,,
2023-03-01,2023-03-01,2023,3,2023-03,0,0,0,0,0,0,0,,
2023-02-27,2023-02-27,2023,2,2023-02,0,0,0,0,0,0,0,,
2022-12-12,2022-12-12,2022,12,2022-12,0,0,0,0,0,0,0,,
2022-12-05,2022-12-05,2022,12,2022-12,0,0,0,0,0,0,0,,
2022-11-20,2022-11-20,2022,11,2022-11,0,0,0,0,0,0,0,,
2022-11-19,2022-11-19,2022,11,2022-11,0,0,0,0,0,0,0,,
2022-11-06,2022-11-06,2022,11,2022-11,0,0,0,0,0,0,0,,
2022-09-01,2022-09-01,2022,9,2022-09,0,0,0,0,0,0,0,,
2022-08-22,2022-08-22,2022,8,2022-08,0,0,0,0,0,0,0,,
2022-07-20,2022-07-20,2022,7,2022-07,0,0,0,0,0,0,0,,
2022-07-14,2022-07-14,2022,7,2022-07,0,0,0,0,0,0,0,,
2022-07-07,2022-07-07,2022,7,2022-07,0,0,0,0,0,0,0,,
2022-06-28,2022-06-28,2022,6,2022-06,0,0,0,0,0,0,0,,
2022-06-14,2022-06-14,2022,6,2022-06,0,0,0,0,0,0,0,,
2022-06-11,2022-06-11,2022,6,2022-06,0,0,0,0,0,0,0,,
2022-06-10,2022-06-10,2022,6,2022-06,0,0,0,0,0,0,0,,
2022-06-03,2022-06-03,2022,6,2022-06,0,0,0,0,0,0,0,,
2022-05-20,2022-05-20,2022,5,2022-05,0,0,0,0,0,0,0,,
2022-05-02,2022-05-02,2022,5,2022-05,0,0,0,0,0,0,0,,
2022-03-19,2022-03-19,2022,3,2022-03,0,0,0,0,0,0,0,,
2022-03-14,2022-03-14,2022,3,2022-03,0,0,0,0,0,0,0,,
2022-03-13,2022-03-13,2022,3,2022-03,0,0,0,0,0,0,0,,
2022-02-26,2022-02-26,2022,2,2022-02,0,0,0,0,0,0,0,,
2022-02-17,2022-02-17,2022,2,2022-02,0,0,0,0,0,0,0,,
2022-01-17,2022-01-17,2022,1,2022-01,0,0,0,0,0,0,0,,
2021-12-21,2021-12-21,2021,12,2021-12,0,0,0,0,0,0,0,,
2021-12-14,2021-12-14,2021,12,2021-12,0,0,0,0,0,0,0,,
2021-12-13,2021-12-13,2021,12,2021-12,0,0,0,0,0,0,0,,
2021-12-07,2021-12-07,2021,12,2021-12,0,0,0,0,0,0,0,,
2021-12-01,2021-12-01,2021,12,2021-12,0,0,0,0,0,0,0,,
2021-10-10,2021-10-10,2021,10,2021-10,0,0,0,0,0,0,0,,
2021-09-23,2021-09-23,2021,9,2021-09,0,0,0,0,0,0,0,,
2021-09-18,2021-09-18,2021,9,2021-09,0,0,0,0,0,0,0,,
2021-09-15,2021-09-15,2021,9,2021-09,0,0,0,0,0,0,0,,
2021-08-29,2021-08-29,2021,8,2021-08,0,0,0,0,0,0,0,,
2021-08-16,2021-08-16,2021,8,2021-08,0,0,0,0,0,0,0,,
2021-08-07,2021-08-07,2021,8,2021-08,0,0,0,0,0,0,0,,
2021-06-19,2021-06-19,2021,6,2021-06,0,0,0,0,0,0,0,,
2021-06-13,2021-06-13,2021,6,2021-06,0,0,0,0,0,0,0,,
2021-06-10,2021-06-10,2021,6,2021-06,0,0,0,0,0,0,0,,
2021-05-26,2021-05-26,2021,5,2021-05,0,0,0,0,0,0,0,,
2021-04-22,2021-04-22,2021,4,2021-04,0,0,0,0,0,0,0,,
2021-04-19,2021-04-19,2021,4,2021-04,0,0,0,0,0,0,0,,
2021-04-15,2021-04-15,2021,4,2021-04,0,0,0,0,0,0,0,,
2021-04-07,2021-04-07,2021,4,2021-04,0,0,0,0,0,0,0,,
2021-03-23,2021-03-23,2021,3,2021-03,0,0,0,0,0,0,0,,
2021-03-01,2021-03-01,2021,3,2021-03,0,0,0,0,0,0,0,,
2021-02-28,2021-02-28,2021,2,2021-02,0,0,0,0,0,0,0,,
2021-01-04,2021-01-04,2021,1,2021-01,0,0,0,0,0,0,0,,
2020-11-08,2020-11-08,2020,11,2020-11,0,0,0,0,0,0,0,,
2020-10-28,2020-10-28,2020,10,2020-10,0,0,0,0,0,0,0,,
2020-10-25,2020-10-25,2020,10,2020-10,0,0,0,0,0,0,0,,
2020-10-04,2020-10-04,2020,10,2020-10,0,0,0,0,0,0,0,,
2020-09-29,2020-09-29,2020,9,2020-09,0,0,0,0,0,0,0,,
2020-09-07,2020-09-07,2020,9,2020-09,0,0,0,0,0,0,0,,
2020-08-31,2020-08-31,2020,8,2020-08,0,0,0,0,0,0,0,,
2020-08-25,2020-08-25,2020,8,2020-08,0,0,0,0,0,0,0,,
2020-08-12,2020-08-12,2020,8,2020-08,0,0,0,0,0,0,0,,
2020-08-07,2020-08-07,2020,8,2020-08,0,0,0,0,0,0,0,,
2020-08-02,2020-08-02,2020,8,2020-08,0,0,0,0,0,0,0,,
2020-06-21,2020-06-21,2020,6,2020-06,0,0,0,0,0,0,0,,
2020-06-07,2020-06-07,2020,6,2020-06,0,0,0,0,0,0,0,,
2020-06-03,2020-06-03,2020,6,2020-06,0,0,0,0,0,0,0,,
2020-05-25,2020-05-25,2020,5,2020-05,0,0,0,0,0,0,0,,
2020-05-21,2020-05-21,2020,5,2020-05,0,0,0,0,0,0,0,,
2020-05-02,2020-05-02,2020,5,2020-05,0,0,0,0,0,0,0,,
2020-04-27,2020-04-27,2020,4,2020-04,0,0,0,0,0,0,0,,
2020-04-15,2020-04-15,2020,4,2020-04,0,0,0,0,0,0,0,,
2020-04-11,2020-04-11,2020,4,2020-04,0,0,0,0,0,0,0,,
2020-03-11,2020-03-11,2020,3,2020-03,0,0,0,0,0,0,0,,
2020-03-08,2020-03-08,2020,3,2020-03,0,0,0,0,0,0,0,,
2020-03-07,2020-03-07,2020,3,2020-03,0,0,0,0,0,0,0,,
2020-02-28,2020-02-28,2020,2,2020-02,0,0,0,0,0,0,0,,
2020-02-23,2020-02-23,2020,2,2020-02,0,0,0,0,0,0,0,,
2020-02-22,2020-02-22,2020,2,2020-02,0,0,0,0,0,0,0,,
2020-02-10,2020-02-10,2020,2,2020-02,0,0,0,0,0,0,0,,
2020-02-05,2020-02-05,2020,2,2020-02,0,0,0,0,0,0,0,,
2019-12-30,2019-12-30,2019,12,2019-12,0,0,0,0,0,0,0,,
2019-12-29,2019-12-29,2019,12,2019-12,0,0,0,0,0,0,0,,
2019-11-13,2019-11-13,2019,11,2019-11,0,0,0,0,0,0,0,,
2019-10-03,2019-10-03,2019,10,2019-10,0,0,0,0,0,0,0,,
2019-10-01,2019-10-01,2019,10,2019-10,0,0,0,0,0,0,0,,
2019-09-26,2019-09-26,2019,9,2019-09,0,0,0,0,0,0,0,,
2019-09-14,2019-09-14,2019,9,2019-09,0,0,0,0,0,0,0,,
2019-09-12,2019-09-12,2019,9,2019-09,0,0,0,0,0,0,0,,
2019-08-19,2019-08-19,2019,8,2019-08,0,0,0,0,0,0,0,,
2019-08-02,2019-08-02,2019,8,2019-08,0,0,0,0,0,0,0,,
2019-07-25,2019-07-25,2019,7,2019-07,0,0,0,0,0,0,0,,
2019-07-13,2019-07-13,2019,7,2019-07,0,0,0,0,0,0,0,,
2019-06-05,2019-06-05,2019,6,2019-06,0,0,0,0,0,0,0,,
2019-05-29,2019-05-29,2019,5,2019-05,0,0,0,0,0,0,0,,
2019-04-26,2019-04-26,2019,4,2019-04,0,0,0,0,0,0,0,,
2019-04-18,2019-04-18,2019,4,2019-04,0,0,0,0,0,0,0,,
2019-04-04,2019-04-04,2019,4,2019-04,0,0,0,0,0,0,0,,
2019-03-17,2019-03-17,2019,3,2019-03,0,0,0,0,0,0,0,,
2019-03-10,2019-03-10,2019,3,2019-03,0,0,0,0,0,0,0,,
2019-03-03,2019-03-03,2019,3,2019-03,0,0,0,0,0,0,0,,
2019-01-28,2019-01-28,2019,1,2019-01,0,0,0,0,0,0,0,,
2019-01-24,2019-01-24,2019,1,2019-01,0,0,0,0,0,0,0,,
2019-01-06,2019-01-06,2019,1,2019-01,0,0,0,0,0,0,0,,
2018-12-02,2018-12-02,2018,12,2018-12,0,0,0,0,0,0,0,,
2018-12-01,2018-12-01,2018,12,2018-12,0,0,0,0,0,0,0,,
2018-11-25,2018-11-25,2018,11,2018-11,0,0,0,0,0,0,0,,
2018-10-29,2018-10-29,2018,10,2018-10,0,0,0,0,0,0,0,,
2018-10-27,2018-10-27,2018,10,2018-10,0,0,0,0,0,0,0,,
2018-10-13,2018-10-13,2018,10,2018-10,0,0,0,0,0,0,0,,
2018-10-03,2018-10-03,2018,10,2018-10,0,0,0,0,0,0,0,,
2018-09-15,2018-09-15,2018,9,2018-09,0,0,0,0,0,0,0,,
2018-09-07,2018-09-07,2018,9,2018-09,0,0,0,0,0,0,0,,
2018-07-21,2018-07-21,2018,7,2018-07,0,0,0,0,0,0,0,,
2018-05-12,2018-05-12,2018,5,2018-05,0,0,0,0,0,0,0,,
2018-05-07,2018-05-07,2018,5,2018-05,0,0,0,0,0,0,0,,
2018-05-02,2018-05-02,2018,5,2018-05,0,0,0,0,0,0,0,,
2018-04-01,2018-04-01,2018,4,2018-04,0,0,0,0,0,0,0,,
2018-03-04,2018-03-04,2018,3,2018-03,0,0,0,0,0,0,0,,
2018-02-28,2018-02-28,2018,2,2018-02,0,0,0,0,0,0,0,,
2018-02-27,2018-02-27,2018,2,2018-02,0,0,0,0,0,0,0,,
2018-01-18,2018-01-18,2018,1,2018-01,0,0,0,0,0,0,0,,
2017-12-15,2017-12-15,2017,12,2017-12,0,0,0,0,0,0,0,,
2017-11-29,2017-11-29,2017,11,2017-11,0,0,0,0,0,0,0,,
2017-11-28,2017-11-28,2017,11,2017-11,0,0,0,0,0,0,0,,
2017-11-13,2017-11-13,2017,11,2017-11,0,0,0,0,0,0,0,,
2017-11-03,2017-11-03,2017,11,2017-11,0,0,0,0,0,0,0,,
2017-10-14,2017-10-14,2017,10,2017-10,0,0,0,0,0,0,0,,
2017-09-20,2017-09-20,2017,9,2017-09,0,0,0,0,0,0,0,,
2017-08-31,2017-08-31,2017,8,2017-08,0,0,0,0,0,0,0,,
2017-08-29,2017-08-29,2017,8,2017-08,0,0,0,0,0,0,0,,
2017-08-11,2017-08-11,2017,8,2017-08,0,0,0,0,0,0,0,,
2017-07-13,2017-07-13,2017,7,2017-07,0,0,0,0,0,0,0,,
2017-06-28,2017-06-28,2017,6,2017-06,0,0,0,0,0,0,0,,
2017-06-01,2017-06-01,2017,6,2017-06,0,0,0,0,0,0,0,,
2017-05-20,2017-05-20,2017,5,2017-05,0,0,0,0,0,0,0,,
2017-05-02,2017-05-02,2017,5,2017-05,0,0,0,0,0,0,0,,
2017-04-25,2017-04-25,2017,4,2017-04,0,0,0,0,0,0,0,,
2017-04-08,2017-04-08,2017,4,2017-04,0,0,0,0,0,0,0,,
2017-03-12,2017-03-12,2017,3,2017-03,0,0,0,0,0,0,0,,
2017-03-02,2017-03-02,2017,3,2017-03,0,0,0,0,0,0,0,,
2017-02-27,2017-02-27,2017,2,2017-02,0,0,0,0,0,0,0,,
2017-02-23,2017-02-23,2017,2,2017-02,0,0,0,0,0,0,0,,
2017-02-20,2017-02-20,2017,2,2017-02,0,0,0,0,0,0,0,,
2017-02-04,2017-02-04,2017,2,2017-02,0,0,0,0,0,0,0,,
2017-02-01,2017-02-01,2017,2,2017-02,0,0,0,0,0,0,0,,
2016-12-29,2016-12-29,2016,12,2016-12,0,0,0,0,0,0,0,,
2016-11-27,2016-11-27,2016,11,2016-11,0,0,0,0,0,0,0,,
2016-11-07,2016-11-07,2016,11,2016-11,0,0,0,0,0,0,0,,
2016-10-09,2016-10-09,2016,10,2016-10,0,0,0,0,0,0,0,,
2016-08-03,2016-08-03,2016,8,2016-08,0,0,0,0,0,0,0,,
2016-07-27,2016-07-27,2016,7,2016-07,0,0,0,0,0,0,0,,
2016-07-24,2016-07-24,2016,7,2016-07,0,0,0,0,0,0,0,,
2016-07-02,2016-07-02,2016,7,2016-07,0,0,0,0,0,0,0,,
2016-06-21,2016-06-21,2016,6,2016-06,0,0,0,0,0,0,0,,
2016-06-13,2016-06-13,2016,6,2016-06,0,0,0,0,0,0,0,,
2016-05-14,2016-05-14,2016,5,2016-05,0,0,0,0,0,0,0,,
2016-04-12,2016-04-12,2016,4,2016-04,0,0,0,0,0,0,0,,
2016-04-03,2016-04-03,2016,4,2016-04,0,0,0,0,0,0,0,,
2016-03-26,2016-03-26,2016,3,2016-03,0,0,0,0,0,0,0,,
2016-02-29,2016-02-29,2016,2,2016-02,0,0,0,0,0,0,0,,
2016-02-10,2016-02-10,2016,2,2016-02,0,0,0,0,0,0,0,,
2012-11-24,2012-11-24,2012,11,2012-11,0,0,0,0,0,0,0,,
2012-11-14,2012-11-14,2012,11,2012-11,0,0,0,0,0,0,0,,
2012-11-11,2012-11-11,2012,11,2012-11,0,0,0,0,0,0,0,,
2012-10-24,2012-10-24,2012,10,2012-10,0,0,0,0,0,0,0,,
2012-10-17,2012-10-17,2012,10,2012-10,0,0,0,0,0,0,0,,
2012-09-14,2012-09-14,2012,9,2012-09,0,0,0,0,0,0,0,,
2012-09-13,2012-09-13,2012,9,2012-09,0,0,0,0,0,0,0,,
2012-09-02,2012-09-02,2012,9,2012-09,0,0,0,0,0,0,0,,
2012-08-31,2012-08-31,2012,8,2012-08,0,0,0,0,0,0,0,,
2012-08-21,2012-08-21,2012,8,2012-08,0,0,0,0,0,0,0,,
2012-07-11,2012-07-11,2012,7,2012-07,0,0,0,0,0,0,0,,
2012-07-04,2012-07-04,2012,7,2012-07,0,0,0,0,0,0,0,,
2012-07-02,2012-07-02,2012,7,2012-07,0,0,0,0,0,0,0,,
2012-06-17,2012-06-17,2012,6,2012-06,0,0,0,0,0,0,0,,
2012-05-08,2012-05-08,2012,5,2012-05,0,0,0,0,0,0,0,,
2012-05-07,2012-05-07,2012,5,2012-05,0,0,0,0,0,0,0,,
2012-05-02,2012-05-02,2012,5,2012-05,0,0,0,0,0,0,0,,
2012-04-28,2012-04-28,2012,4,2012-04,0,0,0,0,0,0,0,,
2012-04-25,2012-04-25,2012,4,2012-04,0,0,0,0,0,0,0,,
2012-03-04,2012-03-04,2012,3,2012-03,0,0,0,0,0,0,0,,
2031-01-02,2031-01-02,2031,1,2031-01,0,0,0,0,0,0,0,,
2030-12-28,2030-12-28,2030,12,2030-12,0,0,0,0,0,0,0,,
2030-12-21,2030-12-21,2030,12,2030-12,0,0,0,0,0,0,0,,
2030-12-01,2030-12-01,2030,12,2030-12,0,0,0,0,0,0,0,,
2030-11-26,2030-11-26,2030,11,2030-11,0,0,0,0,0,0,0,,
2030-11-25,2030-11-25,2030,11,2030-11,0,0,0,0,0,0,0,,
2030-11-19,2030-11-19,2030,11,2030-11,0,0,0,0,0,0,0,,
2030-11-09,2030-11-09,2030,11,2030-11,0,0,0,0,0,0,0,,
2030-11-02,2030-11-02,2030,11,2030-11,0,0,0,0,0,0,0,,
2030-10-16,2030-10-16,2030,10,2030-10,0,0,0,0,0,0,0,,
2030-10-09,2030-10-09,2030,10,2030-10,0,0,0,0,0,0,0,,
2030-09-30,2030-09-30,2030,9,2030-09,0,0,0,0,0,0,0,,
2030-09-09,2030-09-09,2030,9,2030-09,0,0,0,0,0,0,0,,
2030-09-03,2030-09-03,2030,9,2030-09,0,0,0,0,0,0,0,,
2030-08-26,2030-08-26,2030,8,2030-08,0,0,0,0,0,0,0,,
2030-07-13,2030-07-13,2030,7,2030-07,0,0,0,0,0,0,0,,
2030-06-20,2030-06-20,2030,6,2030-06,0,0,0,0,0,0,0,,
2030-06-11,2030-06-11,2030,6,2030-06,0,0,0,0,0,0,0,,
2030-04-29,2030-04-29,2030,4,2030-04,0,0,0,0,0,0,0,,
2030-04-02,2030-04-02,2030,4,2030-04,0,0,0,0,0,0,0,,
2030-03-23,2030-03-23,2030,3,2030-03,0,0,0,0,0,0,0,,
2030-03-20,2030-03-20,2030,3,2030-03,0,0,0,0,0,0,0,,
2030-03-17,2030-03-17,2030,3,2030-03,0,0,0,0,0,0,0,,
2030-01-31,2030-01-31,2030,1,2030-01,0,0,0,0,0,0,0,,
2030-01-21,2030-01-21,2030,1,2030-01,0,0,0,0,0,0,0,,
2030-01-12,2030-01-12,2030,1,2030-01,0,0,0,0,0,0,0,,
2030-01-11,2030-01-11,2030,1,2030-01,0,0,0,0,0,0,0,,
2029-12-20,2029-12-20,2029,12,2029-12,0,0,0,0,0,0,0,,
2029-11-26,2029-11-26,2029,11,2029-11,0,0,0,0,0,0,0,,
2029-11-12,2029-11-12,2029,11,2029-11,0,0,0,0,0,0,0,,
2029-10-31,2029-10-31,2029,10,2029-10,0,0,0,0,0,0,0,,
2029-08-28,2029-08-28,2029,8,2029-08,0,0,0,0,0,0,0,,
2029-06-23,2029-06-23,2029,6,2029-06,0,0,0,0,0,0,0,,
2029-05-20,2029-05-20,2029,5,2029-05,0,0,0,0,0,0,0,,
2029-05-10,2029-05-10,2029,5,2029-05,0,0,0,0,0,0,0,,
2029-05-06,2029-05-06,2029,5,2029-05,0,0,0,0,0,0,0,,
2029-05-03,2029-05-03,2029,5,2029-05,0,0,0,0,0,0,0,,
2029-04-20,2029-04-20,2029,4,2029-04,0,0,0,0,0,0,0,,
2029-04-02,2029-04-02,2029,4,2029-04,0,0,0,0,0,0,0,,
2029-03-22,2029-03-22,2029,3,2029-03,0,0,0,0,0,0,0,,
2029-03-20,2029-03-20,2029,3,2029-03,0,0,0,0,0,0,0,,
2029-03-05,2029-03-05,2029,3,2029-03,0,0,0,0,0,0,0,,
2029-02-15,2029-02-15,2029,2,2029-02,0,0,0,0,0,0,0,,
2029-02-11,2029-02-11,2029,2,2029-02,0,0,0,0,0,0,0,,
2029-01-31,2029-01-31,2029,1,2029-01,0,0,0,0,0,0,0,,
2029-01-23,2029-01-23,2029,1,2029-01,0,0,0,0,0,0,0,,
2028-12-27,2028-12-27,2028,12,2028-12,0,0,0,0,0,0,0,,
2028-12-21,2028-12-21,2028,12,2028-12,0,0,0,0,0,0,0,,
2028-11-12,2028-11-12,2028,11,2028-11,0,0,0,0,0,0,0,,
2028-09-17,2028-09-17,2028,9,2028-09,0,0,0,0,0,0,0,,
2028-08-29,2028-08-29,2028,8,2028-08,0,0,0,0,0,0,0,,
2028-08-26,2028-08-26,2028,8,2028-08,0,0,0,0,0,0,0,,
2028-08-18,2028-08-18,2028,8,2028-08,0,0,0,0,0,0,0,,
2028-08-13,2028-08-13,2028,8,2028-08,0,0,0,0,0,0,0,,
2028-07-06,2028-07-06,2028,7,2028-07,0,0,0,0,0,0,0,,
2028-05-27,2028-05-27,2028,5,2028-05,0,0,0,0,0,0,0,,
2028-05-22,2028-05-22,2028,5,2028-05,0,0,0,0,0,0,0,,
2028-05-15,2028-05-15,2028,5,2028-05,0,0,0,0,0,0,0,,
2028-04-20,2028-04-20,2028,4,2028-04,0,0,0,0,0,0,0,,
2028-03-03,2028-03-03,2028,3,2028-03,0,0,0,0,0,0,0,,
2028-02-24,2028-02-24,2028,2,2028-02,0,0,0,0,0,0,0,,
2028-01-03,2028-01-03,2028,1,2028-01,0,0,0,0,0,0,0,,
2027-12-18,2027-12-18,2027,12,2027-12,0,0,0,0,0,0,0,,
2027-11-18,2027-11-18,2027,11,2027-11,0,0,0,0,0,0,0,,
2027-11-11,2027-11-11,2027,11,2027-11,0,0,0,0,0,0,0,,
2027-10-15,2027-10-15,2027,10,2027-10,0,0,0,0,0,0,0,,
2027-09-26,2027-09-26,2027,9,2027-09,0,0,0,0,0,0,0,,
2027-09-09,2027-09-09,2027,9,2027-09,0,0,0,0,0,0,0,,
2027-07-29,2027-07-29,2027,7,2027-07,0,0,0,0,0,0,0,,
2027-07-26,2027-07-26,2027,7,2027-07,0,0,0,0,0,0,0,,
2027-07-14,2027-07-14,2027,7,2027-07,0,0,0,0,0,0,0,,
2027-06-21,2027-06-21,2027,6,2027-06,0,0,0,0,0,0,0,,
2027-06-12,2027-06-12,2027,6,2027-06,0,0,0,0,0,0,0,,
2027-05-30,2027-05-30,2027,5,2027-05,0,0,0,0,0,0,0,,
2027-05-09,2027-05-09,2027,5,2027-05,0,0,0,0,0,0,0,,
2027-05-07,2027-05-07,2027,5,2027-05,0,0,0,0,0,0,0,,
2027-04-24,2027-04-24,2027,4,2027-04,0,0,0,0,0,0,0,,
2027-04-22,2027-04-22,2027,4,2027-04,0,0,0,0,0,0,0,,
2027-04-19,2027-04-19,2027,4,2027-04,0,0,0,0,0,0,0,,
2027-03-21,2027-03-21,2027,3,2027-03,0,0,0,0,0,0,0,,
2027-03-11,2027-03-11,2027,3,2027-03,0,0,0,0,0,0,0,,
2027-02-20,2027-02-20,2027,2,2027-02,0,0,0,0,0,0,0,,
2027-02-09,2027-02-09,2027,2,2027-02,0,0,0,0,0,0,0,,
2027-02-03,2027-02-03,2027,2,2027-02,0,0,0,0,0,0,0,,
2027-01-20,2027-01-20,2027,1,2027-01,0,0,0,0,0,0,0,,
2027-01-17,2027-01-17,2027,1,2027-01,0,0,0,0,0,0,0,,
2027-01-15,2027-01-15,2027,1,2027-01,0,0,0,0,0,0,0,,
2027-01-14,2027-01-14,2027,1,2027-01,0,0,0,0,0,0,0,,
2027-01-01,2027-01-01,2027,1,2027-01,0,0,0,0,0,0,0,,
2026-11-27,2026-11-27,2026,11,2026-11,0,0,0,0,0,0,0,,
2026-09-30,2026-09-30,2026,9,2026-09,0,0,0,0,0,0,0,,
2026-09-27,2026-09-27,2026,9,2026-09,0,0,0,0,0,0,0,,
2026-09-20,2026-09-20,2026,9,2026-09,0,0,0,0,0,0,0,,
2026-08-01,2026-08-01,2026,8,2026-08,0,0,0,0,0,0,0,,
2026-07-20,2026-07-20,2026,7,2026-07,0,0,0,0,0,0,0,,
2026-07-03,2026-07-03,2026,7,2026-07,0,0,0,0,0,0,0,,
2026-07-01,2026-07-01,2026,7,2026-07,0,0,0,0,0,0,0,,
2026-06-23,2026-06-23,2026,6,2026-06,0,0,0,0,0,0,0,,
2026-06-03,2026-06-03,2026,6,2026-06,0,0,0,0,0,0,0,,
2026-05-31,2026-05-31,2026,5,2026-05,0,0,0,0,0,0,0,,
2026-05-04,2026-05-04,2026,5,2026-05,0,0,0,0,0,0,0,,
2026-04-04,2026-04-04,2026,4,2026-04,0,0,0,0,0,0,0,,
2026-03-25,2026-03-25,2026,3,2026-03,0,0,0,0,0,0,0,,
2026-03-11,2026-03-11,2026,3,2026-03,0,0,0,0,0,0,0,,
2026-03-09,2026-03-09,2026,3,2026-03,0,0,0,0,0,0,0,,
2026-01-16,2026-01-16,2026,1,2026-01,0,0,0,0,0,0,0,,
2025-11-28,2025-11-28,2025,11,2025-11,0,0,0,0,0,0,0,,
2025-11-12,2025-11-12,2025,11,2025-11,0,0,0,0,0,0,0,,
2025-11-06,2025-11-06,2025,11,2025-11,0,0,0,0,0,0,0,,
2025-10-28,2025-10-28,2025,10,2025-10,0,0,0,0,0,0,0,,
2025-10-03,2025-10-03,2025,10,2025-10,0,0,0,0,0,0,0,,
2025-09-28,2025-09-28,2025,9,2025-09,0,0,0,0,0,0,0,,
2025-09-14,2025-09-14,2025,9,2025-09,0,0,0,0,0,0,0,,
2025-09-11,2025-09-11,2025,9,2025-09,0,0,0,0,0,0,0,,
2025-08-30,2025-08-30,2025,8,2025-08,0,0,0,0,0,0,0,,
2025-08-16,2025-08-16,2025,8,2025-08,0,0,0,0,0,0,0,,
2025-08-14,2025-08-14,2025,8,2025-08,0,0,0,0,0,0,0,,
2025-07-17,2025-07-17,2025,7,2025-07,0,0,0,0,0,0,0,,
2025-07-08,2025-07-08,2025,7,2025-07,0,0,0,0,0,0,0,,
2025-06-21,2025-06-21,2025,6,2025-06,0,0,0,0,0,0,0,,
2025-06-12,2025-06-12,2025,6,2025-06,0,0,0,0,0,0,0,,
2025-06-02,2025-06-02,2025,6,2025-06,0,0,0,0,0,0,0,,
2025-05-04,2025-05-04,2025,5,2025-05,0,0,0,0,0,0,0,,
2025-04-14,2025-04-14,2025,4,2025-04,0,0,0,0,0,0,0,,
2025-04-05,2025-04-05,2025,4,2025-04,0,0,0,0,0,0,0,,
2025-03-04,2025-03-04,2025,3,2025-03,0,0,0,0,0,0,0,,
2025-02-18,2025-02-18,2025,2,2025-02,0,0,0,0,0,0,0,,
2025-02-05,2025-02-05,2025,2,2025-02,0,0,0,0,0,0,0,,
2025-01-30,2025-01-30,2025,1,2025-01,0,0,0,0,0,0,0,,
2024-12-18,2024-12-18,2024,12,2024-12,0,0,0,0,0,0,0,,
2024-11-26,2024-11-26,2024,11,2024-11,0,0,0,0,0,0,0,,
2024-11-23,2024-11-23,2024,11,2024-11,0,0,0,0,0,0,0,,
2024-11-08,2024-11-08,2024,11,2024-11,0,0,0,0,0,0,0,,
2024-10-28,2024-10-28,2024,10,2024-10,0,0,0,0,0,0,0,,
2024-10-15,2024-10-15,2024,10,2024-10,0,0,0,0,0,0,0,,
2024-09-30,2024-09-30,2024,9,2024-09,0,0,0,0,0,0,0,,
2024-09-02,2024-09-02,2024,9,2024-09,0,0,0,0,0,0,0,,
2024-08-20,2024-08-20,2024,8,2024-08,0,0,0,0,0,0,0,,
2024-07-01,2024-07-01,2024,7,2024-07,0,0,0,0,0,0,0,,
2024-06-22,2024-06-22,2024,6,2024-06,0,0,0,0,0,0,0,,
2024-05-19,2024-05-19,2024,5,2024-05,0,0,0,0,0,0,0,,
2024-05-11,2024-05-11,2024,5,2024-05,0,0,0,0,0,0,0,,
2024-04-19,2024-04-19,2024,4,2024-04,0,0,0,0,0,0,0,,
2024-04-13,2024-04-13,2024,4,2024-04,0,0,0,0,0,0,0,,
2024-03-31,2024-03-31,2024,3,2024-03,0,0,0,0,0,0,0,,
2024-03-17,2024-03-17,2024,3,2024-03,0,0,0,0,0,0,0,,
2024-02-23,2024-02-23,2024,2,2024-02,0,0,0,0,0,0,0,,
2024-02-10,2024-02-10,2024,2,2024-02,0,0,0,0,0,0,0,,
2024-01-19,2024-01-19,2024,1,2024-01,0,0,0,0,0,0,0,,
2024-01-16,2024-01-16,2024,1,2024-01,0,0,0,0,0,0,0,,
2023-12-19,2023-12-19,2023,12,2023-12,0,0,0,0,0,0,0,,
2023-12-11,2023-12-11,2023,12,2023-12,0,0,0,0,0,0,0,,
2023-12-06,2023-12-06,2023,12,2023-12,0,0,0,0,0,0,0,,
2023-11-14,2023-11-14,2023,11,2023-11,0,0,0,0,0,0,0,,
2023-11-07,2023-11-07,2023,11,2023-11,0,0,0,0,0,0,0,,
2023-08-23,2023-08-23,2023,8,2023-08,0,0,0,0,0,0,0,,
2023-08-21,2023-08-21,2023,8,2023-08,0,0,0,0,0,0,0,,
2023-08-20,2023-08-20,2023,8,2023-08,0,0,0,0,0,0,0,,
2023-07-18,2023-07-18,2023,7,2023-07,0,0,0,0,0,0,0,,
2023-07-16,2023-07-16,2023,7,2023-07,0,0,0,0,0,0,0,,
2023-07-14,2023-07-14,2023,7,2023-07,0,0,0,0,0,0,0,,
2023-07-09,2023-07-09,2023,7,2023-07,0,0,0,0,0,0,0,,
2023-06-24,2023-06-24,2023,6,2023-06,0,0,0,0,0,0,0,,
2023-06-17,2023-06-17,2023,6,2023-06,0,0,0,0,0,0,0,,
2023-06-14,2023-06-14,2023,6,2023-06,0,0,0,0,0,0,0,,
2023-05-19,2023-05-19,2023,5,2023-05,0,0,0,0,0,0,0,,
2023-05-18,2023-05-18,2023,5,2023-05,0,0,0,0,0,0,0,,
2023-05-04,2023-05-04,2023,5,2023-05,0,0,0,0,0,0,0,,
2023-05-01,2023-05-01,2023,5,2023-05,0,0,0,0,0,0,0,,
2023-02-28,2023-02-28,2023,2,2023-02,0,0,0,0,0,0,0,,
2023-02-03,2023-02-03,2023,2,2023-02,0,0,0,0,0,0,0,,
2023-01-21,2023-01-21,2023,1,2023-01,0,0,0,0,0,0,0,,
2022-12-29,2022-12-29,2022,12,2022-12,0,0,0,0,0,0,0,,
2022-11-14,2022-11-14,2022,11,2022-11,0,0,0,0,0,0,0,,
2022-11-03,2022-11-03,2022,11,2022-11,0,0,0,0,0,0,0,,
2022-10-23,2022-10-23,2022,10,2022-10,0,0,0,0,0,0,0,,
2022-09-30,2022-09-30,2022,9,2022-09,0,0,0,0,0,0,0,,
2022-09-23,2022-09-23,2022,9,2022-09,0,0,0,0,0,0,0,,
2022-09-22,2022-09-22,2022,9,2022-09,0,0,0,0,0,0,0,,
2022-09-12,2022-09-12,2022,9,2022-09,0,0,0,0,0,0,0,,
2022-09-05,2022-09-05,2022,9,2022-09,0,0,0,0,0,0,0,,
2022-08-02,2022-08-02,2022,8,2022-08,0,0,0,0,0,0,0,,
2022-08-01,2022-08-01,2022,8,2022-08,0,0,0,0,0,0,0,,
2022-07-21,2022-07-21,2022,7,2022-07,0,0,0,0,0,0,0,,
2022-07-19,2022-07-19,2022,7,2022-07,0,0,0,0,0,0,0,,
2022-06-26,2022-06-26,2022,6,2022-06,0,0,0,0,0,0,0,,
2022-04-09,2022-04-09,2022,4,2022-04,0,0,0,0,0,0,0,,
2022-03-08,2022-03-08,2022,3,2022-03,0,0,0,0,0,0,0,,
2022-02-21,2022-02-21,2022,2,2022-02,0,0,0,0,0,0,0,,
2022-02-20,2022-02-20,2022,2,2022-02,0,0,0,0,0,0,0,,
2022-01-30,2022-01-30,2022,1,2022-01,0,0,0,0,0,0,0,,
2022-01-06,2022-01-06,2022,1,2022-01,0,0,0,0,0,0,0,,
2021-12-11,2021-12-11,2021,12,2021-12,0,0,0,0,0,0,0,,
2021-12-08,2021-12-08,2021,12,2021-12,0,0,0,0,0,0,0,,
2021-10-21,2021-10-21,2021,10,2021-10,0,0,0,0,0,0,0,,
2021-10-13,2021-10-13,2021,10,2021-10,0,0,0,0,0,0,0,,
2021-07-21,2021-07-21,2021,7,2021-07,0,0,0,0,0,0,0,,
2021-07-06,2021-07-06,2021,7,2021-07,0,0,0,0,0,0,0,,
2021-06-14,2021-06-14,2021,6,2021-06,0,0,0,0,0,0,0,,
2021-05-18,2021-05-18,2021,5,2021-05,0,0,0,0,0,0,0,,
2021-05-01,2021-05-01,2021,5,2021-05,0,0,0,0,0,0,0,,
2021-04-10,2021-04-10,2021,4,2021-04,0,0,0,0,0,0,0,,
2021-03-30,2021-03-30,2021,3,2021-03,0,0,0,0,0,0,0,,
2021-03-27,2021-03-27,2021,3,2021-03,0,0,0,0,0,0,0,,
2021-03-18,2021-03-18,2021,3,2021-03,0,0,0,0,0,0,0,,
2021-03-07,2021-03-07,2021,3,2021-03,0,0,0,0,0,0,0,,
2021-03-03,2021-03-03,2021,3,2021-03,0,0,0,0,0,0,0,,
2021-02-24,2021-02-24,2021,2,2021-02,0,0,0,0,0,0,0,,
2021-01-25,2021-01-25,2021,1,2021-01,0,0,0,0,0,0,0,,
2021-01-14,2021-01-14,2021,1,2021-01,0,0,0,0,0,0,0,,
2021-01-07,2021-01-07,2021,1,2021-01,0,0,0,0,0,0,0,,
2020-12-30,2020-12-30,2020,12,2020-12,0,0,0,0,0,0,0,,
2020-12-27,2020-12-27,2020,12,2020-12,0,0,0,0,0,0,0,,
2020-12-24,2020-12-24,2020,12,2020-12,0,0,0,0,0,0,0,,
2020-11-28,2020-11-28,2020,11,2020-11,0,0,0,0,0,0,0,,
2020-11-25,2020-11-25,2020,11,2020-11,0,0,0,0,0,0,0,,
2020-11-17,2020-11-17,2020,11,2020-11,0,0,0,0,0,0,0,,
2020-10-23,2020-10-23,2020,10,2020-10,0,0,0,0,0,0,0,,
2020-10-03,2020-10-03,2020,10,2020-10,0,0,0,0,0,0,0,,
2020-09-01,2020-09-01,2020,9,2020-09,0,0,0,0,0,0,0,,
2020-08-13,2020-08-13,2020,8,2020-08,0,0,0,0,0,0,0,,
2020-06-23,2020-06-23,2020,6,2020-06,0,0,0,0,0,0,0,,
2020-06-05,2020-06-05,2020,6,2020-06,0,0,0,0,0,0,0,,
2020-05-22,2020-05-22,2020,5,2020-05,0,0,0,0,0,0,0,,
2020-04-12,2020-04-12,2020,4,2020-04,0,0,0,0,0,0,0,,
2020-04-01,2020-04-01,2020,4,2020-04,0,0,0,0,0,0,0,,
2020-02-12,2020-02-12,2020,2,2020-02,0,0,0,0,0,0,0,,
2020-01-30,2020-01-30,2020,1,2020-01,0,0,0,0,0,0,0,,
2020-01-28,2020-01-28,2020,1,2020-01,0,0,0,0,0,0,0,,
2020-01-19,2020-01-19,2020,1,2020-01,0,0,0,0,0,0,0,,
2020-01-17,2020-01-17,2020,1,2020-01,0,0,0,0,0,0,0,,
2020-01-11,2020-01-11,2020,1,2020-01,0,0,0,0,0,0,0,,
2020-01-06,2020-01-06,2020,1,2020-01,0,0,0,0,0,0,0,,
2020-01-05,2020-01-05,2020,1,2020-01,0,0,0,0,0,0,0,,
2019-12-04,2019-12-04,2019,12,2019-12,0,0,0,0,0,0,0,,
2019-11-07,2019-11-07,2019,11,2019-11,0,0,0,0,0,0,0,,
2019-10-31,2019-10-31,2019,10,2019-10,0,0,0,0,0,0,0,,
2019-10-05,2019-10-05,2019,10,2019-10,0,0,0,0,0,0,0,,
2019-10-04,2019-10-04,2019,10,2019-10,0,0,0,0,0,0,0,,
2019-09-28,2019-09-28,2019,9,2019-09,0,0,0,0,0,0,0,,
2019-09-19,2019-09-19,2019,9,2019-09,0,0,0,0,0,0,0,,
2019-09-13,2019-09-13,2019,9,2019-09,0,0,0,0,0,0,0,,
2019-08-18,2019-08-18,2019,8,2019-08,0,0,0,0,0,0,0,,
2019-08-06,2019-08-06,2019,8,2019-08,0,0,0,0,0,0,0,,
2019-07-30,2019-07-30,2019,7,2019-07,0,0,0,0,0,0,0,,
2019-07-27,2019-07-27,2019,7,2019-07,0,0,0,0,0,0,0,,
2019-07-22,2019-07-22,2019,7,2019-07,0,0,0,0,0,0,0,,
2019-05-05,2019-05-05,2019,5,2019-05,0,0,0,0,0,0,0,,
2019-04-13,2019-04-13,2019,4,2019-04,0,0,0,0,0,0,0,,
2019-04-02,2019-04-02,2019,4,2019-04,0,0,0,0,0,0,0,,
2019-03-27,2019-03-27,2019,3,2019-03,0,0,0,0,0,0,0,,
2019-02-19,2019-02-19,2019,2,2019-02,0,0,0,0,0,0,0,,
2019-01-13,2019-01-13,2019,1,2019-01,0,0,0,0,0,0,0,,
2019-01-09,2019-01-09,2019,1,2019-01,0,0,0,0,0,0,0,,
2018-12-25,2018-12-25,2018,12,2018-12,0,0,0,0,0,0,0,,
2018-12-10,2018-12-10,2018,12,2018-12,0,0,0,0,0,0,0,,
2018-11-15,2018-11-15,2018,11,2018-11,0,0,0,0,0,0,0,,
2018-10-24,2018-10-24,2018,10,2018-10,0,0,0,0,0,0,0,,
2018-10-17,2018-10-17,2018,10,2018-10,0,0,0,0,0,0,0,,
2018-09-12,2018-09-12,2018,9,2018-09,0,0,0,0,0,0,0,,
2018-09-04,2018-09-04,2018,9,2018-09,0,0,0,0,0,0,0,,
2018-09-03,2018-09-03,2018,9,2018-09,0,0,0,0,0,0,0,,
2018-08-29,2018-08-29,2018,8,2018-08,0,0,0,0,0,0,0,,
2018-08-22,2018-08-22,2018,8,2018-08,0,0,0,0,0,0,0,,
2018-08-01,2018-08-01,2018,8,2018-08,0,0,0,0,0,0,0,,
2018-06-05,2018-06-05,2018,6,2018-06,0,0,0,0,0,0,0,,
2018-05-21,2018-05-21,2018,5,2018-05,0,0,0,0,0,0,0,,
2018-05-05,2018-05-05,2018,5,2018-05,0,0,0,0,0,0,0,,
2018-03-25,2018-03-25,2018,3,2018-03,0,0,0,0,0,0,0,,
2018-03-11,2018-03-11,2018,3,2018-03,0,0,0,0,0,0,0,,
2018-03-08,2018-03-08,2018,3,2018-03,0,0,0,0,0,0,0,,
2018-02-17,2018-02-17,2018,2,2018-02,0,0,0,0,0,0,0,,
2018-02-10,2018-02-10,2018,2,2018-02,0,0,0,0,0,0,0,,
2018-02-06,2018-02-06,2018,2,2018-02,0,0,0,0,0,0,0,,
2018-02-05,2018-02-05,2018,2,2018-02,0,0,0,0,0,0,0,,
2018-01-31,2018-01-31,2018,1,2018-01,0,0,0,0,0,0,0,,
2018-01-25,2018-01-25,2018,1,2018-01,0,0,0,0,0,0,0,,
2018-01-24,2018-01-24,2018,1,2018-01,0,0,0,0,0,0,0,,
2018-01-07,2018-01-07,2018,1,2018-01,0,0,0,0,0,0,0,,
2017-12-08,2017-12-08,2017,12,2017-12,0,0,0,0,0,0,0,,
2017-10-27,2017-10-27,2017,10,2017-10,0,0,0,0,0,0,0,,
2017-09-26,2017-09-26,2017,9,2017-09,0,0,0,0,0,0,0,,
2017-09-13,2017-09-13,2017,9,2017-09,0,0,0,0,0,0,0,,
2017-09-11,2017-09-11,2017,9,2017-09,0,0,0,0,0,0,0,,
2017-08-25,2017-08-25,2017,8,2017-08,0,0,0,0,0,0,0,,
2017-08-14,2017-08-14,2017,8,2017-08,0,0,0,0,0,0,0,,
2017-08-09,2017-08-09,2017,8,2017-08,0,0,0,0,0,0,0,,
2017-07-09,2017-07-09,2017,7,2017-07,0,0,0,0,0,0,0,,
2017-06-30,2017-06-30,2017,6,2017-06,0,0,0,0,0,0,0,,
2017-06-26,2017-06-26,2017,6,2017-06,0,0,0,0,0,0,0,,
2017-05-30,2017-05-30,2017,5,2017-05,0,0,0,0,0,0,0,,
2017-05-26,2017-05-26,2017,5,2017-05,0,0,0,0,0,0,0,,
2017-05-19,2017-05-19,2017,5,2017-05,0,0,0,0,0,0,0,,
2017-05-10,2017-05-10,2017,5,2017-05,0,0,0,0,0,0,0,,
2017-05-04,2017-05-04,2017,5,2017-05,0,0,0,0,0,0,0,,
2017-03-29,2017-03-29,2017,3,2017-03,0,0,0,0,0,0,0,,
2017-03-24,2017-03-24,2017,3,2017-03,0,0,0,0,0,0,0,,
2017-03-20,2017-03-20,2017,3,2017-03,0,0,0,0,0,0,0,,
2017-03-15,2017-03-15,2017,3,2017-03,0,0,0,0,0,0,0,,
2017-03-01,2017-03-01,2017,3,2017-03,0,0,0,0,0,0,0,,
2017-02-15,2017-02-15,2017,2,2017-02,0,0,0,0,0,0,0,,
2017-01-30,2017-01-30,2017,1,2017-01,0,0,0,0,0,0,0,,
2017-01-04,2017-01-04,2017,1,2017-01,0,0,0,0,0,0,0,,
2016-11-20,2016-11-20,2016,11,2016-11,0,0,0,0,0,0,0,,
2016-10-18,2016-10-18,2016,10,2016-10,0,0,0,0,0,0,0,,
2016-09-25,2016-09-25,2016,9,2016-09,0,0,0,0,0,0,0,,
2016-09-05,2016-09-05,2016,9,2016-09,0,0,0,0,0,0,0,,
2016-08-20,2016-08-20,2016,8,2016-08,0,0,0,0,0,0,0,,
2016-07-21,2016-07-21,2016,7,2016-07,0,0,0,0,0,0,0,,
2016-07-19,2016-07-19,2016,7,2016-07,0,0,0,0,0,0,0,,
2016-06-30,2016-06-30,2016,6,2016-06,0,0,0,0,0,0,0,,
2016-06-17,2016-06-17,2016,6,2016-06,0,0,0,0,0,0,0,,
2016-05-30,2016-05-30,2016,5,2016-05,0,0,0,0,0,0,0,,
2016-05-28,2016-05-28,2016,5,2016-05,0,0,0,0,0,0,0,,
2016-05-16,2016-05-16,2016,5,2016-05,0,0,0,0,0,0,0,,
2013-01-02,2013-01-02,2013,1,2013-01,0,0,0,0,0,0,0,,
2012-12-23,2012-12-23,2012,12,2012-12,0,0,0,0,0,0,0,,
2012-12-07,2012-12-07,2012,12,2012-12,0,0,0,0,0,0,0,,
2012-10-07,2012-10-07,2012,10,2012-10,0,0,0,0,0,0,0,,
2012-09-30,2012-09-30,2012,9,2012-09,0,0,0,0,0,0,0,,
2012-09-24,2012-09-24,2012,9,2012-09,0,0,0,0,0,0,0,,
2012-09-20,2012-09-20,2012,9,2012-09,0,0,0,0,0,0,0,,
2012-09-18,2012-09-18,2012,9,2012-09,0,0,0,0,0,0,0,,
2012-08-08,2012-08-08,2012,8,2012-08,0,0,0,0,0,0,0,,
2012-08-06,2012-08-06,2012,8,2012-08,0,0,0,0,0,0,0,,
2012-08-02,2012-08-02,2012,8,2012-08,0,0,0,0,0,0,0,,
2012-07-10,2012-07-10,2012,7,2012-07,0,0,0,0,0,0,0,,
2012-07-08,2012-07-08,2012,7,2012-07,0,0,0,0,0,0,0,,
2012-06-03,2012-06-03,2012,6,2012-06,0,0,0,0,0,0,0,,
2012-05-31,2012-05-31,2012,5,2012-05,0,0,0,0,0,0,0,,
2012-04-22,2012-04-22,2012,4,2012-04,0,0,0,0,0,0,0,,
2012-04-20,2012-04-20,2012,4,2012-04,0,0,0,0,0,0,0,,
2012-04-11,2012-04-11,2012,4,2012-04,0,0,0,0,0,0,0,,
2012-03-05,2012-03-05,2012,3,2012-03,0,0,0,0,0,0,0,,
2012-02-22,2012-02-22,2012,2,2012-02,0,0,0,0,0,0,0,,
2012-02-21,2012-02-21,2012,2,2012-02,0,0,0,0,0,0,0,,
2030-11-23,2030-11-23,2030,11,2030-11,0,0,0,0,0,0,0,,
2030-11-15,2030-11-15,2030,11,2030-11,0,0,0,0,0,0,0,,
2030-11-13,2030-11-13,2030,11,2030-11,0,0,0,0,0,0,0,,
2030-11-05,2030-11-05,2030,11,2030-11,0,0,0,0,0,0,0,,
2030-11-01,2030-11-01,2030,11,2030-11,0,0,0,0,0,0,0,,
2030-10-19,2030-10-19,2030,10,2030-10,0,0,0,0,0,0,0,,
2030-10-17,2030-10-17,2030,10,2030-10,0,0,0,0,0,0,0,,
2030-09-27,2030-09-27,2030,9,2030-09,0,0,0,0,0,0,0,,
2030-09-07,2030-09-07,2030,9,2030-09,0,0,0,0,0,0,0,,
2030-08-04,2030-08-04,2030,8,2030-08,0,0,0,0,0,0,0,,
2030-07-26,2030-07-26,2030,7,2030-07,0,0,0,0,0,0,0,,
2030-07-01,2030-07-01,2030,7,2030-07,0,0,0,0,0,0,0,,
2030-05-26,2030-05-26,2030,5,2030-05,0,0,0,0,0,0,0,,
2030-05-20,2030-05-20,2030,5,2030-05,0,0,0,0,0,0,0,,
2030-05-17,2030-05-17,2030,5,2030-05,0,0,0,0,0,0,0,,
2030-05-12,2030-05-12,2030,5,2030-05,0,0,0,0,0,0,0,,
2030-05-05,2030-05-05,2030,5,2030-05,0,0,0,0,0,0,0,,
2030-05-03,2030-05-03,2030,5,2030-05,0,0,0,0,0,0,0,,
2030-04-11,2030-04-11,2030,4,2030-04,0,0,0,0,0,0,0,,
2030-04-08,2030-04-08,2030,4,2030-04,0,0,0,0,0,0,0,,
2030-03-30,2030-03-30,2030,3,2030-03,0,0,0,0,0,0,0,,
2030-03-21,2030-03-21,2030,3,2030-03,0,0,0,0,0,0,0,,
2030-03-10,2030-03-10,2030,3,2030-03,0,0,0,0,0,0,0,,
2030-03-01,2030-03-01,2030,3,2030-03,0,0,0,0,0,0,0,,
2030-02-20,2030-02-20,2030,2,2030-02,0,0,0,0,0,0,0,,
2030-02-10,2030-02-10,2030,2,2030-02,0,0,0,0,0,0,0,,
2030-02-07,2030-02-07,2030,2,2030-02,0,0,0,0,0,0,0,,
2030-02-02,2030-02-02,2030,2,2030-02,0,0,0,0,0,0,0,,
2030-02-01,2030-02-01,2030,2,2030-02,0,0,0,0,0,0,0,,
2030-01-28,2030-01-28,2030,1,2030-01,0,0,0,0,0,0,0,,
2030-01-18,2030-01-18,2030,1,2030-01,0,0,0,0,0,0,0,,
2029-12-17,2029-12-17,2029,12,2029-12,0,0,0,0,0,0,0,,
2029-12-13,2029-12-13,2029,12,2029-12,0,0,0,0,0,0,0,,
2029-12-01,2029-12-01,2029,12,2029-12,0,0,0,0,0,0,0,,
2029-10-18,2029-10-18,2029,10,2029-10,0,0,0,0,0,0,0,,
2029-10-06,2029-10-06,2029,10,2029-10,0,0,0,0,0,0,0,,
2029-09-30,2029-09-30,2029,9,2029-09,0,0,0,0,0,0,0,,
2029-08-31,2029-08-31,2029,8,2029-08,0,0,0,0,0,0,0,,
2029-07-02,2029-07-02,2029,7,2029-07,0,0,0,0,0,0,0,,
2029-06-26,2029-06-26,2029,6,2029-06,0,0,0,0,0,0,0,,
2029-06-19,2029-06-19,2029,6,2029-06,0,0,0,0,0,0,0,,
2029-05-28,2029-05-28,2029,5,2029-05,0,0,0,0,0,0,0,,
2029-05-11,2029-05-11,2029,5,2029-05,0,0,0,0,0,0,0,,
2029-04-23,2029-04-23,2029,4,2029-04,0,0,0,0,0,0,0,,
2029-04-19,2029-04-19,2029,4,2029-04,0,0,0,0,0,0,0,,
2029-03-27,2029-03-27,2029,3,2029-03,0,0,0,0,0,0,0,,
2029-03-17,2029-03-17,2029,3,2029-03,0,0,0,0,0,0,0,,
2029-02-20,2029-02-20,2029,2,2029-02,0,0,0,0,0,0,0,,
2029-01-15,2029-01-15,2029,1,2029-01,0,0,0,0,0,0,0,,
2028-12-25,2028-12-25,2028,12,2028-12,0,0,0,0,0,0,0,,
2028-12-22,2028-12-22,2028,12,2028-12,0,0,0,0,0,0,0,,
2028-12-13,2028-12-13,2028,12,2028-12,0,0,0,0,0,0,0,,
2028-12-06,2028-12-06,2028,12,2028-12,0,0,0,0,0,0,0,,
2028-11-24,2028-11-24,2028,11,2028-11,0,0,0,0,0,0,0,,
2028-11-20,2028-11-20,2028,11,2028-11,0,0,0,0,0,0,0,,
2028-11-18,2028-11-18,2028,11,2028-11,0,0,0,0,0,0,0,,
2028-10-26,2028-10-26,2028,10,2028-10,0,0,0,0,0,0,0,,
2028-09-30,2028-09-30,2028,9,2028-09,0,0,0,0,0,0,0,,
2028-09-12,2028-09-12,2028,9,2028-09,0,0,0,0,0,0,0,,
2028-09-05,2028-09-05,2028,9,2028-09,0,0,0,0,0,0,0,,
2028-08-19,2028-08-19,2028,8,2028-08,0,0,0,0,0,0,0,,
2028-08-02,2028-08-02,2028,8,2028-08,0,0,0,0,0,0,0,,
2028-07-09,2028-07-09,2028,7,2028-07,0,0,0,0,0,0,0,,
2028-07-07,2028-07-07,2028,7,2028-07,0,0,0,0,0,0,0,,
2028-06-28,2028-06-28,2028,6,2028-06,0,0,0,0,0,0,0,,
2028-06-15,2028-06-15,2028,6,2028-06,0,0,0,0,0,0,0,,
2028-06-07,2028-06-07,2028,6,2028-06,0,0,0,0,0,0,0,,
2028-06-03,2028-06-03,2028,6,2028-06,0,0,0,0,0,0,0,,
2028-05-23,2028-05-23,2028,5,2028-05,0,0,0,0,0,0,0,,
2028-05-20,2028-05-20,2028,5,2028-05,0,0,0,0,0,0,0,,
2028-05-18,2028-05-18,2028,5,2028-05,0,0,0,0,0,0,0,,
2028-05-11,2028-05-11,2028,5,2028-05,0,0,0,0,0,0,0,,
2028-04-27,2028-04-27,2028,4,2028-04,0,0,0,0,0,0,0,,
2028-04-23,2028-04-23,2028,4,2028-04,0,0,0,0,0,0,0,,
2028-04-12,2028-04-12,2028,4,2028-04,0,0,0,0,0,0,0,,
2028-03-29,2028-03-29,2028,3,2028-03,0,0,0,0,0,0,0,,
2028-03-24,2028-03-24,2028,3,2028-03,0,0,0,0,0,0,0,,
2028-03-07,2028-03-07,2028,3,2028-03,0,0,0,0,0,0,0,,
2028-02-22,2028-02-22,2028,2,2028-02,0,0,0,0,0,0,0,,
2028-02-15,2028-02-15,2028,2,2028-02,0,0,0,0,0,0,0,,
2028-02-13,2028-02-13,2028,2,2028-02,0,0,0,0,0,0,0,,
2028-02-12,2028-02-12,2028,2,2028-02,0,0,0,0,0,0,0,,
2028-02-11,2028-02-11,2028,2,2028-02,0,0,0,0,0,0,0,,
2028-01-22,2028-01-22,2028,1,2028-01,0,0,0,0,0,0,0,,
2027-12-28,2027-12-28,2027,12,2027-12,0,0,0,0,0,0,0,,
2027-12-26,2027-12-26,2027,12,2027-12,0,0,0,0,0,0,0,,
2027-12-15,2027-12-15,2027,12,2027-12,0,0,0,0,0,0,0,,
2027-12-14,2027-12-14,2027,12,2027-12,0,0,0,0,0,0,0,,
2027-11-26,2027-11-26,2027,11,2027-11,0,0,0,0,0,0,0,,
2027-11-02,2027-11-02,2027,11,2027-11,0,0,0,0,0,0,0,,
2027-10-14,2027-10-14,2027,10,2027-10,0,0,0,0,0,0,0,,
2027-10-03,2027-10-03,2027,10,2027-10,0,0,0,0,0,0,0,,
2027-09-01,2027-09-01,2027,9,2027-09,0,0,0,0,0,0,0,,
2027-08-20,2027-08-20,2027,8,2027-08,0,0,0,0,0,0,0,,
2027-08-19,2027-08-19,2027,8,2027-08,0,0,0,0,0,0,0,,
2027-07-03,2027-07-03,2027,7,2027-07,0,0,0,0,0,0,0,,
2027-06-23,2027-06-23,2027,6,2027-06,0,0,0,0,0,0,0,,
2027-06-06,2027-06-06,2027,6,2027-06,0,0,0,0,0,0,0,,
2027-06-03,2027-06-03,2027,6,2027-06,0,0,0,0,0,0,0,,
2027-05-25,2027-05-25,2027,5,2027-05,0,0,0,0,0,0,0,,
2027-05-21,2027-05-21,2027,5,2027-05,0,0,0,0,0,0,0,,
2027-02-26,2027-02-26,2027,2,2027-02,0,0,0,0,0,0,0,,
2027-02-07,2027-02-07,2027,2,2027-02,0,0,0,0,0,0,0,,
2027-01-16,2027-01-16,2027,1,2027-01,0,0,0,0,0,0,0,,
2027-01-05,2027-01-05,2027,1,2027-01,0,0,0,0,0,0,0,,
2026-12-29,2026-12-29,2026,12,2026-12,0,0,0,0,0,0,0,,
2026-11-12,2026-11-12,2026,11,2026-11,0,0,0,0,0,0,0,,
2026-11-03,2026-11-03,2026,11,2026-11,0,0,0,0,0,0,0,,
2026-10-14,2026-10-14,2026,10,2026-10,0,0,0,0,0,0,0,,
2026-10-06,2026-10-06,2026,10,2026-10,0,0,0,0,0,0,0,,
2026-09-15,2026-09-15,2026,9,2026-09,0,0,0,0,0,0,0,,
2026-09-06,2026-09-06,2026,9,2026-09,0,0,0,0,0,0,0,,
2026-08-22,2026-08-22,2026,8,2026-08,0,0,0,0,0,0,0,,
2026-07-24,2026-07-24,2026,7,2026-07,0,0,0,0,0,0,0,,
2026-07-17,2026-07-17,2026,7,2026-07,0,0,0,0,0,0,0,,
2026-07-13,2026-07-13,2026,7,2026-07,0,0,0,0,0,0,0,,
2026-07-11,2026-07-11,2026,7,2026-07,0,0,0,0,0,0,0,,
2026-06-25,2026-06-25,2026,6,2026-06,0,0,0,0,0,0,0,,
2026-06-16,2026-06-16,2026,6,2026-06,0,0,0,0,0,0,0,,
2026-06-07,2026-06-07,2026,6,2026-06,0,0,0,0,0,0,0,,
2026-05-14,2026-05-14,2026,5,2026-05,0,0,0,0,0,0,0,,
2026-05-03,2026-05-03,2026,5,2026-05,0,0,0,0,0,0,0,,
2026-04-25,2026-04-25,2026,4,2026-04,0,0,0,0,0,0,0,,
2026-04-10,2026-04-10,2026,4,2026-04,0,0,0,0,0,0,0,,
2026-03-21,2026-03-21,2026,3,2026-03,0,0,0,0,0,0,0,,
2026-03-18,2026-03-18,2026,3,2026-03,0,0,0,0,0,0,0,,
2026-02-25,2026-02-25,2026,2,2026-02,0,0,0,0,0,0,0,,
2026-02-22,2026-02-22,2026,2,2026-02,0,0,0,0,0,0,0,,
2026-02-11,2026-02-11,2026,2,2026-02,0,0,0,0,0,0,0,,
2026-01-25,2026-01-25,2026,1,2026-01,0,0,0,0,0,0,0,,
2026-01-22,2026-01-22,2026,1,2026-01,0,0,0,0,0,0,0,,
2025-12-02,2025-12-02,2025,12,2025-12,0,0,0,0,0,0,0,,
2025-11-19,2025-11-19,2025,11,2025-11,0,0,0,0,0,0,0,,
2025-11-10,2025-11-10,2025,11,2025-11,0,0,0,0,0,0,0,,
2025-11-09,2025-11-09,2025,11,2025-11,0,0,0,0,0,0,0,,
2025-11-08,2025-11-08,2025,11,2025-11,0,0,0,0,0,0,0,,
2025-10-20,2025-10-20,2025,10,2025-10,0,0,0,0,0,0,0,,
2025-10-17,2025-10-17,2025,10,2025-10,0,0,0,0,0,0,0,,
2025-09-04,2025-09-04,2025,9,2025-09,0,0,0,0,0,0,0,,
2025-08-09,2025-08-09,2025,8,2025-08,0,0,0,0,0,0,0,,
2025-08-06,2025-08-06,2025,8,2025-08,0,0,0,0,0,0,0,,
2025-08-05,2025-08-05,2025,8,2025-08,0,0,0,0,0,0,0,,
2025-08-01,2025-08-01,2025,8,2025-08,0,0,0,0,0,0,0,,
2025-06-04,2025-06-04,2025,6,2025-06,0,0,0,0,0,0,0,,
2025-05-23,2025-05-23,2025,5,2025-05,0,0,0,0,0,0,0,,
2025-05-21,2025-05-21,2025,5,2025-05,0,0,0,0,0,0,0,,
2025-05-07,2025-05-07,2025,5,2025-05,0,0,0,0,0,0,0,,
2025-04-22,2025-04-22,2025,4,2025-04,0,0,0,0,0,0,0,,
2025-04-07,2025-04-07,2025,4,2025-04,0,0,0,0,0,0,0,,
2025-03-25,2025-03-25,2025,3,2025-03,0,0,0,0,0,0,0,,
2025-03-12,2025-03-12,2025,3,2025-03,0,0,0,0,0,0,0,,
2025-01-18,2025-01-18,2025,1,2025-01,0,0,0,0,0,0,0,,
2025-01-01,2025-01-01,2025,1,2025-01,0,0,0,0,0,0,0,,
2024-12-29,2024-12-29,2024,12,2024-12,0,0,0,0,0,0,0,,
2024-12-19,2024-12-19,2024,12,2024-12,0,0,0,0,0,0,0,,
2024-11-29,2024-11-29,2024,11,2024-11,0,0,0,0,0,0,0,,
2024-11-14,2024-11-14,2024,11,2024-11,0,0,0,0,0,0,0,,
2024-11-04,2024-11-04,2024,11,2024-11,0,0,0,0,0,0,0,,
2024-10-31,2024-10-31,2024,10,2024-10,0,0,0,0,0,0,0,,
2024-10-23,2024-10-23,2024,10,2024-10,0,0,0,0,0,0,0,,
2024-10-22,2024-10-22,2024,10,2024-10,0,0,0,0,0,0,0,,
2024-10-21,2024-10-21,2024,10,2024-10,0,0,0,0,0,0,0,,
2024-10-10,2024-10-10,2024,10,2024-10,0,0,0,0,0,0,0,,
2024-10-07,2024-10-07,2024,10,2024-10,0,0,0,0,0,0,0,,
2024-09-26,2024-09-26,2024,9,2024-09,0,0,0,0,0,0,0,,
2024-09-24,2024-09-24,2024,9,2024-09,0,0,0,0,0,0,0,,
2024-08-29,2024-08-29,2024,8,2024-08,0,0,0,0,0,0,0,,
2024-08-24,2024-08-24,2024,8,2024-08,0,0,0,0,0,0,0,,
2024-08-08,2024-08-08,2024,8,2024-08,0,0,0,0,0,0,0,,
2024-07-25,2024-07-25,2024,7,2024-07,0,0,0,0,0,0,0,,
2024-05-29,2024-05-29,2024,5,2024-05,0,0,0,0,0,0,0,,
2024-05-08,2024-05-08,2024,5,2024-05,0,0,0,0,0,0,0,,
2024-05-03,2024-05-03,2024,5,2024-05,0,0,0,0,0,0,0,,
2024-04-09,2024-04-09,2024,4,2024-04,0,0,0,0,0,0,0,,
2024-03-18,2024-03-18,2024,3,2024-03,0,0,0,0,0,0,0,,
2024-03-12,2024-03-12,2024,3,2024-03,0,0,0,0,0,0,0,,
2024-02-05,2024-02-05,2024,2,2024-02,0,0,0,0,0,0,0,,
2024-01-20,2024-01-20,2024,1,2024-01,0,0,0,0,0,0,0,,
2024-01-04,2024-01-04,2024,1,2024-01,0,0,0,0,0,0,0,,
2023-12-05,2023-12-05,2023,12,2023-12,0,0,0,0,0,0,0,,
2023-11-02,2023-11-02,2023,11,2023-11,0,0,0,0,0,0,0,,
2023-10-18,2023-10-18,2023,10,2023-10,0,0,0,0,0,0,0,,
2023-10-16,2023-10-16,2023,10,2023-10,0,0,0,0,0,0,0,,
2023-09-29,2023-09-29,2023,9,2023-09,0,0,0,0,0,0,0,,
2023-09-13,2023-09-13,2023,9,2023-09,0,0,0,0,0,0,0,,
2023-09-04,2023-09-04,2023,9,2023-09,0,0,0,0,0,0,0,,
2023-08-22,2023-08-22,2023,8,2023-08,0,0,0,0,0,0,0,,
2023-08-11,2023-08-11,2023,8,2023-08,0,0,0,0,0,0,0,,
2023-07-13,2023-07-13,2023,7,2023-07,0,0,0,0,0,0,0,,
2023-07-08,2023-07-08,2023,7,2023-07,0,0,0,0,0,0,0,,
2023-07-03,2023-07-03,2023,7,2023-07,0,0,0,0,0,0,0,,
2023-06-29,2023-06-29,2023,6,2023-06,0,0,0,0,0,0,0,,
2023-06-18,2023-06-18,2023,6,2023-06,0,0,0,0,0,0,0,,
2023-05-09,2023-05-09,2023,5,2023-05,0,0,0,0,0,0,0,,
2023-04-20,2023-04-20,2023,4,2023-04,0,0,0,0,0,0,0,,
2023-04-19,2023-04-19,2023,4,2023-04,0,0,0,0,0,0,0,,
2023-04-06,2023-04-06,2023,4,2023-04,0,0,0,0,0,0,0,,
2023-03-31,2023-03-31,2023,3,2023-03,0,0,0,0,0,0,0,,
2023-03-07,2023-03-07,2023,3,2023-03,0,0,0,0,0,0,0,,
2023-02-25,2023-02-25,2023,2,2023-02,0,0,0,0,0,0,0,,
2023-02-22,2023-02-22,2023,2,2023-02,0,0,0,0,0,0,0,,
2023-02-14,2023-02-14,2023,2,2023-02,0,0,0,0,0,0,0,,
2023-02-01,2023-02-01,2023,2,2023-02,0,0,0,0,0,0,0,,
2023-01-28,2023-01-28,2023,1,2023-01,0,0,0,0,0,0,0,,
2022-12-25,2022-12-25,2022,12,2022-12,0,0,0,0,0,0,0,,
2022-12-17,2022-12-17,2022,12,2022-12,0,0,0,0,0,0,0,,
2022-12-03,2022-12-03,2022,12,2022-12,0,0,0,0,0,0,0,,
2022-11-25,2022-11-25,2022,11,2022-11,0,0,0,0,0,0,0,,
2022-10-29,2022-10-29,2022,10,2022-10,0,0,0,0,0,0,0,,
2022-10-28,2022-10-28,2022,10,2022-10,0,0,0,0,0,0,0,,
2022-10-18,2022-10-18,2022,10,2022-10,0,0,0,0,0,0,0,,
2022-10-13,2022-10-13,2022,10,2022-10,0,0,0,0,0,0,0,,
2022-10-09,2022-10-09,2022,10,2022-10,0,0,0,0,0,0,0,,
2022-08-26,2022-08-26,2022,8,2022-08,0,0,0,0,0,0,0,,
2022-07-12,2022-07-12,2022,7,2022-07,0,0,0,0,0,0,0,,
2022-06-22,2022-06-22,2022,6,2022-06,0,0,0,0,0,0,0,,
2022-06-21,2022-06-21,2022,6,2022-06,0,0,0,0,0,0,0,,
2022-06-19,2022-06-19,2022,6,2022-06,0,0,0,0,0,0,0,,
2022-06-05,2022-06-05,2022,6,2022-06,0,0,0,0,0,0,0,,
2022-05-04,2022-05-04,2022,5,2022-05,0,0,0,0,0,0,0,,
2022-04-16,2022-04-16,2022,4,2022-04,0,0,0,0,0,0,0,,
2022-03-24,2022-03-24,2022,3,2022-03,0,0,0,0,0,0,0,,
2022-03-23,2022-03-23,2022,3,2022-03,0,0,0,0,0,0,0,,
2022-02-03,2022-02-03,2022,2,2022-02,0,0,0,0,0,0,0,,
2022-01-11,2022-01-11,2022,1,2022-01,0,0,0,0,0,0,0,,
2022-01-05,2022-01-05,2022,1,2022-01,0,0,0,0,0,0,0,,
2021-12-24,2021-12-24,2021,12,2021-12,0,0,0,0,0,0,0,,
2021-12-05,2021-12-05,2021,12,2021-12,0,0,0,0,0,0,0,,
2021-12-02,2021-12-02,2021,12,2021-12,0,0,0,0,0,0,0,,
2021-11-25,2021-11-25,2021,11,2021-11,0,0,0,0,0,0,0,,
2021-11-21,2021-11-21,2021,11,2021-11,0,0,0,0,0,0,0,,
2021-10-22,2021-10-22,2021,10,2021-10,0,0,0,0,0,0,0,,
2021-09-24,2021-09-24,2021,9,2021-09,0,0,0,0,0,0,0,,
2021-09-22,2021-09-22,2021,9,2021-09,0,0,0,0,0,0,0,,
2021-09-17,2021-09-17,2021,9,2021-09,0,0,0,0,0,0,0,,
2021-09-11,2021-09-11,2021,9,2021-09,0,0,0,0,0,0,0,,
2021-07-23,2021-07-23,2021,7,2021-07,0,0,0,0,0,0,0,,
2021-07-14,2021-07-14,2021,7,2021-07,0,0,0,0,0,0,0,,
2021-07-12,2021-07-12,2021,7,2021-07,0,0,0,0,0,0,0,,
2021-06-15,2021-06-15,2021,6,2021-06,0,0,0,0,0,0,0,,
2021-05-16,2021-05-16,2021,5,2021-05,0,0,0,0,0,0,0,,
2021-05-09,2021-05-09,2021,5,2021-05,0,0,0,0,0,0,0,,
2021-04-29,2021-04-29,2021,4,2021-04,0,0,0,0,0,0,0,,
2021-03-10,2021-03-10,2021,3,2021-03,0,0,0,0,0,0,0,,
2021-02-22,2021-02-22,2021,2,2021-02,0,0,0,0,0,0,0,,
2021-01-21,2021-01-21,2021,1,2021-01,0,0,0,0,0,0,0,,
2020-12-29,2020-12-29,2020,12,2020-12,0,0,0,0,0,0,0,,
2020-12-22,2020-12-22,2020,12,2020-12,0,0,0,0,0,0,0,,
2020-11-20,2020-11-20,2020,11,2020-11,0,0,0,0,0,0,0,,
2020-11-14,2020-11-14,2020,11,2020-11,0,0,0,0,0,0,0,,
2020-10-09,2020-10-09,2020,10,2020-10,0,0,0,0,0,0,0,,
2020-08-20,2020-08-20,2020,8,2020-08,0,0,0,0,0,0,0,,
2020-08-10,2020-08-10,2020,8,2020-08,0,0,0,0,0,0,0,,
2020-07-29,2020-07-29,2020,7,2020-07,0,0,0,0,0,0,0,,
2020-07-26,2020-07-26,2020,7,2020-07,0,0,0,0,0,0,0,,
2020-06-17,2020-06-17,2020,6,2020-06,0,0,0,0,0,0,0,,
2020-06-01,2020-06-01,2020,6,2020-06,0,0,0,0,0,0,0,,
2020-03-27,2020-03-27,2020,3,2020-03,0,0,0,0,0,0,0,,
2019-12-07,2019-12-07,2019,12,2019-12,0,0,0,0,0,0,0,,
2019-11-29,2019-11-29,2019,11,2019-11,0,0,0,0,0,0,0,,
2019-11-17,2019-11-17,2019,11,2019-11,0,0,0,0,0,0,0,,
2019-11-09,2019-11-09,2019,11,2019-11,0,0,0,0,0,0,0,,
2019-10-22,2019-10-22,2019,10,2019-10,0,0,0,0,0,0,0,,
2019-10-16,2019-10-16,2019,10,2019-10,0,0,0,0,0,0,0,,
2019-09-23,2019-09-23,2019,9,2019-09,0,0,0,0,0,0,0,,
2019-09-03,2019-09-03,2019,9,2019-09,0,0,0,0,0,0,0,,
2019-09-01,2019-09-01,2019,9,2019-09,0,0,0,0,0,0,0,,
2019-08-11,2019-08-11,2019,8,2019-08,0,0,0,0,0,0,0,,
2019-07-08,2019-07-08,2019,7,2019-07,0,0,0,0,0,0,0,,
2019-06-20,2019-06-20,2019,6,2019-06,0,0,0,0,0,0,0,,
2019-06-10,2019-06-10,2019,6,2019-06,0,0,0,0,0,0,0,,
2019-05-28,2019-05-28,2019,5,2019-05,0,0,0,0,0,0,0,,
2019-04-27,2019-04-27,2019,4,2019-04,0,0,0,0,0,0,0,,
2019-04-25,2019-04-25,2019,4,2019-04,0,0,0,0,0,0,0,,
2019-04-19,2019-04-19,2019,4,2019-04,0,0,0,0,0,0,0,,
2019-04-09,2019-04-09,2019,4,2019-04,0,0,0,0,0,0,0,,
2019-03-18,2019-03-18,2019,3,2019-03,0,0,0,0,0,0,0,,
2019-01-23,2019-01-23,2019,1,2019-01,0,0,0,0,0,0,0,,
2019-01-03,2019-01-03,2019,1,2019-01,0,0,0,0,0,0,0,,
2018-12-22,2018-12-22,2018,12,2018-12,0,0,0,0,0,0,0,,
2018-12-12,2018-12-12,2018,12,2018-12,0,0,0,0,0,0,0,,
2018-12-07,2018-12-07,2018,12,2018-12,0,0,0,0,0,0,0,,
2018-11-29,2018-11-29,2018,11,2018-11,0,0,0,0,0,0,0,,
2018-11-19,2018-11-19,2018,11,2018-11,0,0,0,0,0,0,0,,
2018-10-06,2018-10-06,2018,10,2018-10,0,0,0,0,0,0,0,,
2018-08-27,2018-08-27,2018,8,2018-08,0,0,0,0,0,0,0,,
2018-08-18,2018-08-18,2018,8,2018-08,0,0,0,0,0,0,0,,
2018-07-14,2018-07-14,2018,7,2018-07,0,0,0,0,0,0,0,,
2018-06-24,2018-06-24,2018,6,2018-06,0,0,0,0,0,0,0,,
2018-06-17,2018-06-17,2018,6,2018-06,0,0,0,0,0,0,0,,
2018-05-24,2018-05-24,2018,5,2018-05,0,0,0,0,0,0,0,,
2018-05-01,2018-05-01,2018,5,2018-05,0,0,0,0,0,0,0,,
2018-04-21,2018-04-21,2018,4,2018-04,0,0,0,0,0,0,0,,
2018-04-08,2018-04-08,2018,4,2018-04,0,0,0,0,0,0,0,,
2018-03-30,2018-03-30,2018,3,2018-03,0,0,0,0,0,0,0,,
2018-03-05,2018-03-05,2018,3,2018-03,0,0,0,0,0,0,0,,
2018-02-23,2018-02-23,2018,2,2018-02,0,0,0,0,0,0,0,,
2018-02-18,2018-02-18,2018,2,2018-02,0,0,0,0,0,0,0,,
2018-02-08,2018-02-08,2018,2,2018-02,0,0,0,0,0,0,0,,
2017-12-17,2017-12-17,2017,12,2017-12,0,0,0,0,0,0,0,,
2017-11-23,2017-11-23,2017,11,2017-11,0,0,0,0,0,0,0,,
2017-11-17,2017-11-17,2017,11,2017-11,0,0,0,0,0,0,0,,
2017-11-14,2017-11-14,2017,11,2017-11,0,0,0,0,0,0,0,,
2017-09-27,2017-09-27,2017,9,2017-09,0,0,0,0,0,0,0,,
2017-09-25,2017-09-25,2017,9,2017-09,0,0,0,0,0,0,0,,
2017-09-24,2017-09-24,2017,9,2017-09,0,0,0,0,0,0,0,,
2017-09-10,2017-09-10,2017,9,2017-09,0,0,0,0,0,0,0,,
2017-09-08,2017-09-08,2017,9,2017-09,0,0,0,0,0,0,0,,
2017-07-19,2017-07-19,2017,7,2017-07,0,0,0,0,0,0,0,,
2017-06-25,2017-06-25,2017,6,2017-06,0,0,0,0,0,0,0,,
2017-06-19,2017-06-19,2017,6,2017-06,0,0,0,0,0,0,0,,
2017-06-17,2017-06-17,2017,6,2017-06,0,0,0,0,0,0,0,,
2017-05-21,2017-05-21,2017,5,2017-05,0,0,0,0,0,0,0,,
2017-03-11,2017-03-11,2017,3,2017-03,0,0,0,0,0,0,0,,
2017-01-03,2017-01-03,2017,1,2017-01,0,0,0,0,0,0,0,,
2016-12-14,2016-12-14,2016,12,2016-12,0,0,0,0,0,0,0,,
2016-10-06,2016-10-06,2016,10,2016-10,0,0,0,0,0,0,0,,
2016-09-30,2016-09-30,2016,9,2016-09,0,0,0,0,0,0,0,,
2016-09-24,2016-09-24,2016,9,2016-09,0,0,0,0,0,0,0,,
2016-09-17,2016-09-17,2016,9,2016-09,0,0,0,0,0,0,0,,
2016-09-01,2016-09-01,2016,9,2016-09,0,0,0,0,0,0,0,,
2016-08-12,2016-08-12,2016,8,2016-08,0,0,0,0,0,0,0,,
2016-08-08,2016-08-08,2016,8,2016-08,0,0,0,0,0,0,0,,
2016-08-04,2016-08-04,2016,8,2016-08,0,0,0,0,0,0,0,,
2016-06-26,2016-06-26,2016,6,2016-06,0,0,0,0,0,0,0,,
2016-04-13,2016-04-13,2016,4,2016-04,0,0,0,0,0,0,0,,
2016-04-06,2016-04-06,2016,4,2016-04,0,0,0,0,0,0,0,,
2016-01-30,2016-01-30,2016,1,2016-01,0,0,0,0,0,0,0,,
2013-01-04,2013-01-04,2013,1,2013-01,0,0,0,0,0,0,0,,
2013-01-03,2013-01-03,2013,1,2013-01,0,0,0,0,0,0,0,,
2012-12-20,2012-12-20,2012,12,2012-12,0,0,0,0,0,0,0,,
2012-11-20,2012-11-20,2012,11,2012-11,0,0,0,0,0,0,0,,
2012-10-02,2012-10-02,2012,10,2012-10,0,0,0,0,0,0,0,,
2012-09-09,2012-09-09,2012,9,2012-09,0,0,0,0,0,0,0,,
2012-08-29,2012-08-29,2012,8,2012-08,0,0,0,0,0,0,0,,
2012-08-27,2012-08-27,2012,8,2012-08,0,0,0,0,0,0,0,,
2012-08-18,2012-08-18,2012,8,2012-08,0,0,0,0,0,0,0,,
2012-06-25,2012-06-25,2012,6,2012-06,0,0,0,0,0,0,0,,
2012-05-04,2012-05-04,2012,5,2012-05,0,0,0,0,0,0,0,,
2012-04-19,2012-04-19,2012,4,2012-04,0,0,0,0,0,0,0,,
2012-03-24,2012-03-24,2012,3,2012-03,0,0,0,0,0,0,0,,
2012-03-17,2012-03-17,2012,3,2012-03,0,0,0,0,0,0,0,,
2012-03-12,2012-03-12,2012,3,2012-03,0,0,0,0,0,0,0,,
2030-12-15,2030-12-15,2030,12,2030-12,0,0,0,0,0,0,0,,
2030-11-16,2030-11-16,2030,11,2030-11,0,0,0,0,0,0,0,,
2030-11-14,2030-11-14,2030,11,2030-11,0,0,0,0,0,0,0,,
2030-11-12,2030-11-12,2030,11,2030-11,0,0,0,0,0,0,0,,
2030-10-30,2030-10-30,2030,10,2030-10,0,0,0,0,0,0,0,,
2030-08-25,2030-08-25,2030,8,2030-08,0,0,0,0,0,0,0,,
2030-08-14,2030-08-14,2030,8,2030-08,0,0,0,0,0,0,0,,
2030-08-11,2030-08-11,2030,8,2030-08,0,0,0,0,0,0,0,,
2030-08-07,2030-08-07,2030,8,2030-08,0,0,0,0,0,0,0,,
2030-06-26,2030-06-26,2030,6,2030-06,0,0,0,0,0,0,0,,
2030-06-13,2030-06-13,2030,6,2030-06,0,0,0,0,0,0,0,,
2030-05-25,2030-05-25,2030,5,2030-05,0,0,0,0,0,0,0,,
2030-05-06,2030-05-06,2030,5,2030-05,0,0,0,0,0,0,0,,
2030-05-04,2030-05-04,2030,5,2030-05,0,0,0,0,0,0,0,,
2030-04-12,2030-04-12,2030,4,2030-04,0,0,0,0,0,0,0,,
2030-03-28,2030-03-28,2030,3,2030-03,0,0,0,0,0,0,0,,
2030-03-18,2030-03-18,2030,3,2030-03,0,0,0,0,0,0,0,,
2030-03-08,2030-03-08,2030,3,2030-03,0,0,0,0,0,0,0,,
2030-03-07,2030-03-07,2030,3,2030-03,0,0,0,0,0,0,0,,
2030-02-09,2030-02-09,2030,2,2030-02,0,0,0,0,0,0,0,,
2030-01-06,2030-01-06,2030,1,2030-01,0,0,0,0,0,0,0,,
2030-01-04,2030-01-04,2030,1,2030-01,0,0,0,0,0,0,0,,
2029-11-02,2029-11-02,2029,11,2029-11,0,0,0,0,0,0,0,,
2029-11-01,2029-11-01,2029,11,2029-11,0,0,0,0,0,0,0,,
2029-10-25,2029-10-25,2029,10,2029-10,0,0,0,0,0,0,0,,
2029-10-24,2029-10-24,2029,10,2029-10,0,0,0,0,0,0,0,,
2029-09-24,2029-09-24,2029,9,2029-09,0,0,0,0,0,0,0,,
2029-09-09,2029-09-09,2029,9,2029-09,0,0,0,0,0,0,0,,
2029-09-06,2029-09-06,2029,9,2029-09,0,0,0,0,0,0,0,,
2029-09-03,2029-09-03,2029,9,2029-09,0,0,0,0,0,0,0,,
2029-09-01,2029-09-01,2029,9,2029-09,0,0,0,0,0,0,0,,
2029-08-29,2029-08-29,2029,8,2029-08,0,0,0,0,0,0,0,,
2029-08-27,2029-08-27,2029,8,2029-08,0,0,0,0,0,0,0,,
2029-07-15,2029-07-15,2029,7,2029-07,0,0,0,0,0,0,0,,
2029-07-05,2029-07-05,2029,7,2029-07,0,0,0,0,0,0,0,,
2029-06-05,2029-06-05,2029,6,2029-06,0,0,0,0,0,0,0,,
2029-05-13,2029-05-13,2029,5,2029-05,0,0,0,0,0,0,0,,
2029-05-09,2029-05-09,2029,5,2029-05,0,0,0,0,0,0,0,,
2029-04-10,2029-04-10,2029,4,2029-04,0,0,0,0,0,0,0,,
2029-02-19,2029-02-19,2029,2,2029-02,0,0,0,0,0,0,0,,
2029-01-21,2029-01-21,2029,1,2029-01,0,0,0,0,0,0,0,,
2029-01-16,2029-01-16,2029,1,2029-01,0,0,0,0,0,0,0,,
2028-12-29,2028-12-29,2028,12,2028-12,0,0,0,0,0,0,0,,
2028-12-17,2028-12-17,2028,12,2028-12,0,0,0,0,0,0,0,,
2028-11-29,2028-11-29,2028,11,2028-11,0,0,0,0,0,0,0,,
2028-11-21,2028-11-21,2028,11,2028-11,0,0,0,0,0,0,0,,
2028-11-16,2028-11-16,2028,11,2028-11,0,0,0,0,0,0,0,,
2028-10-31,2028-10-31,2028,10,2028-10,0,0,0,0,0,0,0,,
2028-10-25,2028-10-25,2028,10,2028-10,0,0,0,0,0,0,0,,
2028-10-20,2028-10-20,2028,10,2028-10,0,0,0,0,0,0,0,,
2028-10-14,2028-10-14,2028,10,2028-10,0,0,0,0,0,0,0,,
2028-10-05,2028-10-05,2028,10,2028-10,0,0,0,0,0,0,0,,
2028-09-20,2028-09-20,2028,9,2028-09,0,0,0,0,0,0,0,,
2028-08-05,2028-08-05,2028,8,2028-08,0,0,0,0,0,0,0,,
2028-06-18,2028-06-18,2028,6,2028-06,0,0,0,0,0,0,0,,
2028-06-01,2028-06-01,2028,6,2028-06,0,0,0,0,0,0,0,,
2028-05-21,2028-05-21,2028,5,2028-05,0,0,0,0,0,0,0,,
2028-05-10,2028-05-10,2028,5,2028-05,0,0,0,0,0,0,0,,
2028-05-05,2028-05-05,2028,5,2028-05,0,0,0,0,0,0,0,,
2028-05-01,2028-05-01,2028,5,2028-05,0,0,0,0,0,0,0,,
2028-04-21,2028-04-21,2028,4,2028-04,0,0,0,0,0,0,0,,
2028-04-19,2028-04-19,2028,4,2028-04,0,0,0,0,0,0,0,,
2028-04-18,2028-04-18,2028,4,2028-04,0,0,0,0,0,0,0,,
2028-04-09,2028-04-09,2028,4,2028-04,0,0,0,0,0,0,0,,
2028-01-14,2028-01-14,2028,1,2028-01,0,0,0,0,0,0,0,,
2028-01-07,2028-01-07,2028,1,2028-01,0,0,0,0,0,0,0,,
2027-12-30,2027-12-30,2027,12,2027-12,0,0,0,0,0,0,0,,
2027-12-27,2027-12-27,2027,12,2027-12,0,0,0,0,0,0,0,,
2027-12-20,2027-12-20,2027,12,2027-12,0,0,0,0,0,0,0,,
2027-11-30,2027-11-30,2027,11,2027-11,0,0,0,0,0,0,0,,
2027-10-22,2027-10-22,2027,10,2027-10,0,0,0,0,0,0,0,,
2027-10-18,2027-10-18,2027,10,2027-10,0,0,0,0,0,0,0,,
2027-09-27,2027-09-27,2027,9,2027-09,0,0,0,0,0,0,0,,
2027-09-12,2027-09-12,2027,9,2027-09,0,0,0,0,0,0,0,,
2027-09-10,2027-09-10,2027,9,2027-09,0,0,0,0,0,0,0,,
2027-08-15,2027-08-15,2027,8,2027-08,0,0,0,0,0,0,0,,
2027-08-11,2027-08-11,2027,8,2027-08,0,0,0,0,0,0,0,,
2027-05-31,2027-05-31,2027,5,2027-05,0,0,0,0,0,0,0,,
2027-05-23,2027-05-23,2027,5,2027-05,0,0,0,0,0,0,0,,
2027-05-16,2027-05-16,2027,5,2027-05,0,0,0,0,0,0,0,,
2027-02-27,2027-02-27,2027,2,2027-02,0,0,0,0,0,0,0,,
2027-02-23,2027-02-23,2027,2,2027-02,0,0,0,0,0,0,0,,
2027-02-10,2027-02-10,2027,2,2027-02,0,0,0,0,0,0,0,,
2027-01-21,2027-01-21,2027,1,2027-01,0,0,0,0,0,0,0,,
2027-01-19,2027-01-19,2027,1,2027-01,0,0,0,0,0,0,0,,
2027-01-13,2027-01-13,2027,1,2027-01,0,0,0,0,0,0,0,,
2026-12-27,2026-12-27,2026,12,2026-12,0,0,0,0,0,0,0,,
2026-12-12,2026-12-12,2026,12,2026-12,0,0,0,0,0,0,0,,
2026-12-09,2026-12-09,2026,12,2026-12,0,0,0,0,0,0,0,,
2026-11-14,2026-11-14,2026,11,2026-11,0,0,0,0,0,0,0,,
2026-11-08,2026-11-08,2026,11,2026-11,0,0,0,0,0,0,0,,
2026-10-13,2026-10-13,2026,10,2026-10,0,0,0,0,0,0,0,,
2026-09-05,2026-09-05,2026,9,2026-09,0,0,0,0,0,0,0,,
2026-08-15,2026-08-15,2026,8,2026-08,0,0,0,0,0,0,0,,
2026-08-07,2026-08-07,2026,8,2026-08,0,0,0,0,0,0,0,,
2026-07-02,2026-07-02,2026,7,2026-07,0,0,0,0,0,0,0,,
2026-06-19,2026-06-19,2026,6,2026-06,0,0,0,0,0,0,0,,
2026-06-13,2026-06-13,2026,6,2026-06,0,0,0,0,0,0,0,,
2026-05-27,2026-05-27,2026,5,2026-05,0,0,0,0,0,0,0,,
2026-04-08,2026-04-08,2026,4,2026-04,0,0,0,0,0,0,0,,
2026-03-17,2026-03-17,2026,3,2026-03,0,0,0,0,0,0,0,,
2026-02-28,2026-02-28,2026,2,2026-02,0,0,0,0,0,0,0,,
2026-02-17,2026-02-17,2026,2,2026-02,0,0,0,0,0,0,0,,
2026-02-14,2026-02-14,2026,2,2026-02,0,0,0,0,0,0,0,,
2026-02-05,2026-02-05,2026,2,2026-02,0,0,0,0,0,0,0,,
2026-01-19,2026-01-19,2026,1,2026-01,0,0,0,0,0,0,0,,
2026-01-18,2026-01-18,2026,1,2026-01,0,0,0,0,0,0,0,,
2026-01-02,2026-01-02,2026,1,2026-01,0,0,0,0,0,0,0,,
2025-12-20,2025-12-20,2025,12,2025-12,0,0,0,0,0,0,0,,
2025-12-09,2025-12-09,2025,12,2025-12,0,0,0,0,0,0,0,,
2025-10-29,2025-10-29,2025,10,2025-10,0,0,0,0,0,0,0,,
2025-10-12,2025-10-12,2025,10,2025-10,0,0,0,0,0,0,0,,
2025-10-09,2025-10-09,2025,10,2025-10,0,0,0,0,0,0,0,,
2025-09-30,2025-09-30,2025,9,2025-09,0,0,0,0,0,0,0,,
2025-09-19,2025-09-19,2025,9,2025-09,0,0,0,0,0,0,0,,
2025-09-17,2025-09-17,2025,9,2025-09,0,0,0,0,0,0,0,,
2025-07-24,2025-07-24,2025,7,2025-07,0,0,0,0,0,0,0,,
2025-07-22,2025-07-22,2025,7,2025-07,0,0,0,0,0,0,0,,
2025-07-21,2025-07-21,2025,7,2025-07,0,0,0,0,0,0,0,,
2025-07-06,2025-07-06,2025,7,2025-07,0,0,0,0,0,0,0,,
2025-06-29,2025-06-29,2025,6,2025-06,0,0,0,0,0,0,0,,
2025-06-22,2025-06-22,2025,6,2025-06,0,0,0,0,0,0,0,,
2025-05-16,2025-05-16,2025,5,2025-05,0,0,0,0,0,0,0,,
2025-04-21,2025-04-21,2025,4,2025-04,0,0,0,0,0,0,0,,
2025-04-04,2025-04-04,2025,4,2025-04,0,0,0,0,0,0,0,,
2025-03-31,2025-03-31,2025,3,2025-03,0,0,0,0,0,0,0,,
2025-03-24,2025-03-24,2025,3,2025-03,0,0,0,0,0,0,0,,
2025-02-10,2025-02-10,2025,2,2025-02,0,0,0,0,0,0,0,,
2025-02-04,2025-02-04,2025,2,2025-02,0,0,0,0,0,0,0,,
2025-01-16,2025-01-16,2025,1,2025-01,0,0,0,0,0,0,0,,
2025-01-15,2025-01-15,2025,1,2025-01,0,0,0,0,0,0,0,,
2024-12-15,2024-12-15,2024,12,2024-12,0,0,0,0,0,0,0,,
2024-10-26,2024-10-26,2024,10,2024-10,0,0,0,0,0,0,0,,
2024-10-01,2024-10-01,2024,10,2024-10,0,0,0,0,0,0,0,,
2024-09-28,2024-09-28,2024,9,2024-09,0,0,0,0,0,0,0,,
2024-09-10,2024-09-10,2024,9,2024-09,0,0,0,0,0,0,0,,
2024-08-30,2024-08-30,2024,8,2024-08,0,0,0,0,0,0,0,,
2024-08-18,2024-08-18,2024,8,2024-08,0,0,0,0,0,0,0,,
2024-07-31,2024-07-31,2024,7,2024-07,0,0,0,0,0,0,0,,
2024-07-27,2024-07-27,2024,7,2024-07,0,0,0,0,0,0,0,,
2024-07-26,2024-07-26,2024,7,2024-07,0,0,0,0,0,0,0,,
2024-07-22,2024-07-22,2024,7,2024-07,0,0,0,0,0,0,0,,
2024-07-12,2024-07-12,2024,7,2024-07,0,0,0,0,0,0,0,,
2024-06-09,2024-06-09,2024,6,2024-06,0,0,0,0,0,0,0,,
2024-05-31,2024-05-31,2024,5,2024-05,0,0,0,0,0,0,0,,
2024-05-02,2024-05-02,2024,5,2024-05,0,0,0,0,0,0,0,,
2024-04-02,2024-04-02,2024,4,2024-04,0,0,0,0,0,0,0,,
2024-03-02,2024-03-02,2024,3,2024-03,0,0,0,0,0,0,0,,
2024-03-01,2024-03-01,2024,3,2024-03,0,0,0,0,0,0,0,,
2024-02-21,2024-02-21,2024,2,2024-02,0,0,0,0,0,0,0,,
2024-02-03,2024-02-03,2024,2,2024-02,0,0,0,0,0,0,0,,
2023-11-10,2023-11-10,2023,11,2023-11,0,0,0,0,0,0,0,,
2023-10-24,2023-10-24,2023,10,2023-10,0,0,0,0,0,0,0,,
2023-10-21,2023-10-21,2023,10,2023-10,0,0,0,0,0,0,0,,
2023-10-13,2023-10-13,2023,10,2023-10,0,0,0,0,0,0,0,,
2023-10-12,2023-10-12,2023,10,2023-10,0,0,0,0,0,0,0,,
2023-09-27,2023-09-27,2023,9,2023-09,0,0,0,0,0,0,0,,
2016-03-09,2016-03-09,2016,3,2016-03,0,0,0,1,1,1,0,1.0,463.0
2016-01-17,2016-01-17,2016,1,2016-01,0,0,0,1,3,1,0,3.0,429.0
2016-01-16,2016-01-16,2016,1,2016-01,0,0,0,5,1,5,0,2.0,408.4
2016-01-14,2016-01-14,2016,1,2016-01,0,0,0,2,1,2,0,2.5,442.5
2015-12-09,2015-12-09,2015,12,2015-12,0,0,0,1,3,1,0,1.0,366.0
2015-11-26,2015-11-26,2015,11,2015-11,0,0,0,22,9,22,0,3.0,375.6363636363636
2015-11-14,2015-11-14,2015,11,2015-11,0,0,0,20,24,22,2,2.3,343.6
2015-10-26,2015-10-26,2015,10,2015-10,0,0,0,13,49,13,0,2.1538461538461537,339.9230769230769
2015-10-23,2015-10-23,2015,10,2015-10,0,0,0,67,29,70,3,2.4477611940298507,339.14925373134326
2015-10-09,2015-10-09,2015,10,2015-10,0,0,0,94,46,99,5,2.148936170212766,323.0851063829787
2015-09-03,2015-09-03,2015,9,2015-09,0,0,0,112,61,120,8,3.1785714285714284,290.69642857142856
2015-09-01,2015-09-01,2015,9,2015-09,0,0,0,86,81,98,12,3.3255813953488373,293.1162790697674
2015-08-21,2015-08-21,2015,8,2015-08,0,0,0,134,104,143,9,2.6194029850746268,285.3880597014925
2015-08-08,2015-08-08,2015,8,2015-08,0,0,0,195,198,207,12,2.7794871794871794,265.0820512820513
2015-07-09,2015-07-09,2015,7,2015-07,0,0,0,270,188,300,30,3.4074074074074074,248.03703703703704
2015-06-26,2015-06-26,2015,6,2015-06,0,0,0,309,240,334,25,2.7281553398058254,237.71197411003237
2015-06-24,2015-06-24,2015,6,2015-06,0,0,0,214,219,229,15,3.3130841121495327,232.57476635514018
2015-06-15,2015-06-15,2015,6,2015-06,0,0,0,231,348,256,25,3.142857142857143,222.7229437229437
2015-05-31,2015-05-31,2015,5,2015-05,0,0,0,250,429,280,30,2.904,218.352
2015-05-25,2015-05-25,2015,5,2015-05,0,0,0,296,617,337,41,3.2263513513513513,212.55743243243242
2015-05-12,2015-05-12,2015,5,2015-05,0,0,0,311,288,353,42,3.292604501607717,192.5016077170418
2015-05-09,2015-05-09,2015,5,2015-05,0,0,0,451,517,503,52,3.048780487804878,194.76053215077604
2015-05-02,2015-05-02,2015,5,2015-05,0,0,0,657,461,770,113,3.0121765601217656,185.69406392694063
2015-04-06,2015-04-06,2015,4,2015-04,0,0,0,509,801,622,113,3.3516699410609037,154.92141453831042
2015-03-20,2015-03-20,2015,3,2015-03,0,0,0,886,608,1039,153,3.074492099322799,137.99548532731376
2015-02-28,2015-02-28,2015,2,2015-02,0,0,0,1030,1120,1229,199,3.262135922330097,116.40194174757282
2015-02-27,2015-02-27,2015,2,2015-02,0,0,0,1137,863,1339,202,2.7000879507475815,110.73262972735269
2015-01-24,2015-01-24,2015,1,2015-01,0,0,0,1977,1978,2316,339,2.8528072837632776,68.46484572584724
2015-01-15,2015-01-15,2015,1,2015-01,0,0,0,2484,2158,2967,483,3.07085346215781,58.55877616747182
2015-01-13,2015-01-13,2015,1,2015-01,0,0,0,1937,2290,2256,319,2.8611254517294786,50.45534331440372
2015-01-02,2015-01-02,2015,1,2015-01,0,0,0,7268,9871,7962,694,2.324160704457898,42.92294991744634
2016-02-25,2016-02-25,2016,2,2016-02,0,0,0,1,1,1,0,1.0,481.0
2016-01-21,2016-01-21,2016,1,2016-01,0,0,0,1,1,1,0,1.0,388.0
2016-01-18,2016-01-18,2016,1,2016-01,0,0,0,1,3,1,0,2.0,406.0
2015-12-07,2015-12-07,2015,12,2015-12,0,0,0,5,17,5,0,4.8,366.0
2015-12-06,2015-12-06,2015,12,2015-12,0,0,0,6,18,6,0,2.6666666666666665,381.5
2015-11-24,2015-11-24,2015,11,2015-11,0,0,0,11,5,11,0,4.181818181818182,357.1818181818182
2015-11-19,2015-11-19,2015,11,2015-11,0,0,0,15,5,16,1,2.8,364.6666666666667
2015-10-18,2015-10-18,2015,10,2015-10,0,0,0,32,89,37,5,3.65625,318.0
2015-10-06,2015-10-06,2015,10,2015-10,0,0,0,53,47,55,2,3.3207547169811322,322.8867924528302
2015-09-19,2015-09-19,2015,9,2015-09,0,0,0,157,110,170,13,3.254777070063694,303.6369426751592
2015-08-31,2015-08-31,2015,8,2015-08,0,0,0,71,103,77,6,2.7464788732394365,290.15492957746477
2015-07-30,2015-07-30,2015,7,2015-07,0,0,0,152,159,162,10,3.138157894736842,261.61842105263156
2015-07-29,2015-07-29,2015,7,2015-07,0,0,0,166,170,172,6,2.9156626506024095,266.22289156626505
2015-07-18,2015-07-18,2015,7,2015-07,0,0,0,256,202,273,17,2.9609375,252.2265625
2015-07-12,2015-07-12,2015,7,2015-07,0,0,0,191,323,198,7,3.18848167539267,253.15183246073298
2015-07-11,2015-07-11,2015,7,2015-07,0,0,0,249,251,269,20,2.8112449799196786,243.06827309236948
2015-07-07,2015-07-07,2015,7,2015-07,0,0,0,179,222,192,13,3.631284916201117,244.4413407821229
2015-06-29,2015-06-29,2015,6,2015-06,0,0,0,202,254,227,25,3.391089108910891,239.37128712871288
2015-06-12,2015-06-12,2015,6,2015-06,0,0,0,395,249,439,44,2.8734177215189876,227.40759493670885
2015-05-20,2015-05-20,2015,5,2015-05,0,0,0,325,314,376,51,3.3046153846153845,206.64307692307693
2015-05-13,2015-05-13,2015,5,2015-05,0,0,0,400,241,464,64,3.2675,194.2275
2015-04-27,2015-04-27,2015,4,2015-04,0,0,0,275,429,313,38,3.272727272727273,177.06181818181818
2015-04-23,2015-04-23,2015,4,2015-04,0,0,0,426,294,505,79,3.267605633802817,173.58920187793427
2015-04-07,2015-04-07,2015,4,2015-04,0,0,0,506,643,600,94,3.3873517786561265,161.50197628458497
2015-03-29,2015-03-29,2015,3,2015-03,0,0,0,659,947,827,168,3.9119878603945373,148.02731411229135
2015-03-18,2015-03-18,2015,3,2015-03,0,0,0,608,535,708,100,3.3371710526315788,135.82401315789474
2015-03-15,2015-03-15,2015,3,2015-03,0,0,0,650,1162,798,148,3.6384615384615384,132.33384615384617
2015-03-10,2015-03-10,2015,3,2015-03,0,0,0,457,501,551,94,3.7067833698030634,121.6258205689278
2015-03-02,2015-03-02,2015,3,2015-03,0,0,0,522,745,623,101,3.5172413793103448,117.45785440613027
2015-02-19,2015-02-19,2015,2,2015-02,0,0,0,1353,1031,1659,306,3.009608277900961,101.89430894308943
2015-02-15,2015-02-15,2015,2,2015-02,0,0,0,1356,2176,1659,303,3.466076696165192,100.74041297935104
2015-02-14,2015-02-14,2015,2,2015-02,0,0,0,1963,1277,2418,455,3.2812022414671422,103.02801833927661
2015-01-10,2015-01-10,2015,1,2015-01,0,0,0,3164,3456,3647,483,2.7247155499367888,52.893173198482934
2016-02-21,2016-02-21,2016,2,2016-02,0,0,0,1,2,1,0,4.0,446.0
2016-02-04,2016-02-04,2016,2,2016-02,0,0,0,1,2,1,0,2.0,401.0
2015-12-31,2015-12-31,2015,12,2015-12,0,0,0,22,9,22,0,2.1363636363636362,387.3181818181818
2015-12-30,2015-12-30,2015,12,2015-12,0,0,0,20,12,20,0,2.8,382.25
2015-12-28,2015-12-28,2015,12,2015-12,0,0,0,10,14,10,0,3.0,406.4
2015-12-08,2015-12-08,2015,12,2015-12,0,0,0,8,3,8,0,4.25,356.75
2015-12-03,2015-12-03,2015,12,2015-12,0,0,0,14,8,14,0,3.642857142857143,367.2857142857143
2015-11-25,2015-11-25,2015,11,2015-11,0,0,0,24,6,24,0,3.2083333333333335,372.625
2015-10-29,2015-10-29,2015,10,2015-10,0,0,0,46,33,49,3,2.5869565217391304,335.7608695652174
2015-10-22,2015-10-22,2015,10,2015-10,0,0,0,52,25,54,2,3.3461538461538463,336.28846153846155
2015-10-08,2015-10-08,2015,10,2015-10,0,0,0,66,43,73,7,3.227272727272727,317.969696969697
2015-10-04,2015-10-04,2015,10,2015-10,0,0,0,61,149,67,6,3.360655737704918,329.60655737704917
2015-09-24,2015-09-24,2015,9,2015-09,0,0,0,99,80,115,16,3.202020202020202,316.020202020202
2015-09-08,2015-09-08,2015,9,2015-09,0,0,0,64,96,70,6,2.953125,293.890625
2015-08-03,2015-08-03,2015,8,2015-08,0,0,0,170,215,193,23,3.6470588235294117,263.34705882352944
2015-08-01,2015-08-01,2015,8,2015-08,0,0,0,213,165,230,17,3.2065727699530515,266.01408450704224
2015-07-28,2015-07-28,2015,7,2015-07,0,0,0,142,162,159,17,3.295774647887324,268.7112676056338
2015-07-16,2015-07-16,2015,7,2015-07,0,0,0,226,205,250,24,3.3849557522123894,255.57079646017698
2015-05-28,2015-05-28,2015,5,2015-05,0,0,0,333,289,376,43,2.96996996996997,209.91591591591592
2015-05-14,2015-05-14,2015,5,2015-05,0,0,0,547,291,624,77,3.1681901279707496,200.46069469835467
2015-05-06,2015-05-06,2015,5,2015-05,0,0,0,359,423,406,47,3.116991643454039,192.52646239554318
2015-05-03,2015-05-03,2015,5,2015-05,0,0,0,443,846,489,46,2.966139954853273,188.22121896162528
2015-03-22,2015-03-22,2015,3,2015-03,0,0,0,576,1042,713,137,3.564236111111111,136.05555555555554
2015-02-26,2015-02-26,2015,2,2015-02,0,0,0,899,738,1070,171,2.981090100111235,106.99888765294772
2015-02-18,2015-02-18,2015,2,2015-02,0,0,0,1088,1173,1310,222,3.275735294117647,101.49724264705883
2015-02-10,2015-02-10,2015,2,2015-02,0,0,0,856,996,1005,149,3.4883177570093458,95.29906542056075
2015-02-07,2015-02-07,2015,2,2015-02,0,0,0,1579,1303,1867,288,3.116529449018366,90.47815072830906
2015-01-16,2015-01-16,2015,1,2015-01,0,0,0,3520,2329,4145,625,2.6974431818181817,58.10653409090909
2015-01-12,2015-01-12,2015,1,2015-01,0,0,0,2339,2923,2734,395,3.0983326207781103,47.818298418127405
2015-01-01,2015-01-01,2015,1,2015-01,0,0,0,7260,10715,7987,727,2.381542699724518,39.9599173553719
2023-08-25,2023-08-25,2023,8,2023-08,0,0,0,0,0,0,0,,
2023-07-21,2023-07-21,2023,7,2023-07,0,0,0,0,0,0,0,,
2023-06-30,2023-06-30,2023,6,2023-06,0,0,0,0,0,0,0,,
2023-06-27,2023-06-27,2023,6,2023-06,0,0,0,0,0,0,0,,
2023-06-01,2023-06-01,2023,6,2023-06,0,0,0,0,0,0,0,,
2023-05-21,2023-05-21,2023,5,2023-05,0,0,0,0,0,0,0,,
2023-05-08,2023-05-08,2023,5,2023-05,0,0,0,0,0,0,0,,
2023-04-08,2023-04-08,2023,4,2023-04,0,0,0,0,0,0,0,,
2023-04-02,2023-04-02,2023,4,2023-04,0,0,0,0,0,0,0,,
2023-03-20,2023-03-20,2023,3,2023-03,0,0,0,0,0,0,0,,
2023-02-08,2023-02-08,2023,2,2023-02,0,0,0,0,0,0,0,,
2023-01-20,2023-01-20,2023,1,2023-01,0,0,0,0,0,0,0,,
2023-01-15,2023-01-15,2023,1,2023-01,0,0,0,0,0,0,0,,
2022-12-13,2022-12-13,2022,12,2022-12,0,0,0,0,0,0,0,,
2022-12-08,2022-12-08,2022,12,2022-12,0,0,0,0,0,0,0,,
2022-11-15,2022-11-15,2022,11,2022-11,0,0,0,0,0,0,0,,
2022-11-10,2022-11-10,2022,11,2022-11,0,0,0,0,0,0,0,,
2022-11-07,2022-11-07,2022,11,2022-11,0,0,0,0,0,0,0,,
2022-09-18,2022-09-18,2022,9,2022-09,0,0,0,0,0,0,0,,
2022-09-10,2022-09-10,2022,9,2022-09,0,0,0,0,0,0,0,,
2022-08-27,2022-08-27,2022,8,2022-08,0,0,0,0,0,0,0,,
2022-07-23,2022-07-23,2022,7,2022-07,0,0,0,0,0,0,0,,
2022-07-13,2022-07-13,2022,7,2022-07,0,0,0,0,0,0,0,,
2022-06-16,2022-06-16,2022,6,2022-06,0,0,0,0,0,0,0,,
2022-05-22,2022-05-22,2022,5,2022-05,0,0,0,0,0,0,0,,
2022-05-19,2022-05-19,2022,5,2022-05,0,0,0,0,0,0,0,,
2022-05-13,2022-05-13,2022,5,2022-05,0,0,0,0,0,0,0,,
2022-05-09,2022-05-09,2022,5,2022-05,0,0,0,0,0,0,0,,
2022-05-06,2022-05-06,2022,5,2022-05,0,0,0,0,0,0,0,,
2022-04-30,2022-04-30,2022,4,2022-04,0,0,0,0,0,0,0,,
2022-03-04,2022-03-04,2022,3,2022-03,0,0,0,0,0,0,0,,
2022-02-09,2022-02-09,2022,2,2022-02,0,0,0,0,0,0,0,,
2022-02-07,2022-02-07,2022,2,2022-02,0,0,0,0,0,0,0,,
2021-12-12,2021-12-12,2021,12,2021-12,0,0,0,0,0,0,0,,
2021-12-04,2021-12-04,2021,12,2021-12,0,0,0,0,0,0,0,,
2021-11-29,2021-11-29,2021,11,2021-11,0,0,0,0,0,0,0,,
2021-11-22,2021-11-22,2021,11,2021-11,0,0,0,0,0,0,0,,
2021-10-23,2021-10-23,2021,10,2021-10,0,0,0,0,0,0,0,,
2021-09-02,2021-09-02,2021,9,2021-09,0,0,0,0,0,0,0,,
2021-08-13,2021-08-13,2021,8,2021-08,0,0,0,0,0,0,0,,
2021-08-10,2021-08-10,2021,8,2021-08,0,0,0,0,0,0,0,,
2021-07-24,2021-07-24,2021,7,2021-07,0,0,0,0,0,0,0,,
2021-07-17,2021-07-17,2021,7,2021-07,0,0,0,0,0,0,0,,
2021-07-16,2021-07-16,2021,7,2021-07,0,0,0,0,0,0,0,,
2021-07-15,2021-07-15,2021,7,2021-07,0,0,0,0,0,0,0,,
2021-06-26,2021-06-26,2021,6,2021-06,0,0,0,0,0,0,0,,
2021-06-08,2021-06-08,2021,6,2021-06,0,0,0,0,0,0,0,,
2021-06-06,2021-06-06,2021,6,2021-06,0,0,0,0,0,0,0,,
2021-05-22,2021-05-22,2021,5,2021-05,0,0,0,0,0,0,0,,
2021-05-07,2021-05-07,2021,5,2021-05,0,0,0,0,0,0,0,,
2021-03-22,2021-03-22,2021,3,2021-03,0,0,0,0,0,0,0,,
2021-01-22,2021-01-22,2021,1,2021-01,0,0,0,0,0,0,0,,
2021-01-10,2021-01-10,2021,1,2021-01,0,0,0,0,0,0,0,,
2020-12-31,2020-12-31,2020,12,2020-12,0,0,0,0,0,0,0,,
2020-12-07,2020-12-07,2020,12,2020-12,0,0,0,0,0,0,0,,
2020-11-22,2020-11-22,2020,11,2020-11,0,0,0,0,0,0,0,,
2020-11-18,2020-11-18,2020,11,2020-11,0,0,0,0,0,0,0,,
2020-11-04,2020-11-04,2020,11,2020-11,0,0,0,0,0,0,0,,
2020-09-26,2020-09-26,2020,9,2020-09,0,0,0,0,0,0,0,,
2020-09-18,2020-09-18,2020,9,2020-09,0,0,0,0,0,0,0,,
2020-08-19,2020-08-19,2020,8,2020-08,0,0,0,0,0,0,0,,
2020-08-18,2020-08-18,2020,8,2020-08,0,0,0,0,0,0,0,,
2020-07-24,2020-07-24,2020,7,2020-07,0,0,0,0,0,0,0,,
2020-07-19,2020-07-19,2020,7,2020-07,0,0,0,0,0,0,0,,
2020-07-03,2020-07-03,2020,7,2020-07,0,0,0,0,0,0,0,,
2020-06-28,2020-06-28,2020,6,2020-06,0,0,0,0,0,0,0,,
2020-06-19,2020-06-19,2020,6,2020-06,0,0,0,0,0,0,0,,
2020-05-06,2020-05-06,2020,5,2020-05,0,0,0,0,0,0,0,,
2020-04-24,2020-04-24,2020,4,2020-04,0,0,0,0,0,0,0,,
2020-04-21,2020-04-21,2020,4,2020-04,0,0,0,0,0,0,0,,
2020-04-06,2020-04-06,2020,4,2020-04,0,0,0,0,0,0,0,,
2020-03-23,2020-03-23,2020,3,2020-03,0,0,0,0,0,0,0,,
2020-03-16,2020-03-16,2020,3,2020-03,0,0,0,0,0,0,0,,
2020-03-15,2020-03-15,2020,3,2020-03,0,0,0,0,0,0,0,,
2020-03-09,2020-03-09,2020,3,2020-03,0,0,0,0,0,0,0,,
2020-03-06,2020-03-06,2020,3,2020-03,0,0,0,0,0,0,0,,
2020-02-09,2020-02-09,2020,2,2020-02,0,0,0,0,0,0,0,,
2020-02-02,2020-02-02,2020,2,2020-02,0,0,0,0,0,0,0,,
2020-01-15,2020-01-15,2020,1,2020-01,0,0,0,0,0,0,0,,
2020-01-12,2020-01-12,2020,1,2020-01,0,0,0,0,0,0,0,,
2019-12-26,2019-12-26,2019,12,2019-12,0,0,0,0,0,0,0,,
2019-11-18,2019-11-18,2019,11,2019-11,0,0,0,0,0,0,0,,
2019-10-18,2019-10-18,2019,10,2019-10,0,0,0,0,0,0,0,,
2019-10-06,2019-10-06,2019,10,2019-10,0,0,0,0,0,0,0,,
2019-09-25,2019-09-25,2019,9,2019-09,0,0,0,0,0,0,0,,
2019-09-20,2019-09-20,2019,9,2019-09,0,0,0,0,0,0,0,,
2019-09-17,2019-09-17,2019,9,2019-09,0,0,0,0,0,0,0,,
2019-09-10,2019-09-10,2019,9,2019-09,0,0,0,0,0,0,0,,
2019-09-05,2019-09-05,2019,9,2019-09,0,0,0,0,0,0,0,,
2019-09-04,2019-09-04,2019,9,2019-09,0,0,0,0,0,0,0,,
2019-08-23,2019-08-23,2019,8,2019-08,0,0,0,0,0,0,0,,
2019-08-14,2019-08-14,2019,8,2019-08,0,0,0,0,0,0,0,,
2019-08-07,2019-08-07,2019,8,2019-08,0,0,0,0,0,0,0,,
2019-07-18,2019-07-18,2019,7,2019-07,0,0,0,0,0,0,0,,
2019-07-11,2019-07-11,2019,7,2019-07,0,0,0,0,0,0,0,,
2019-06-19,2019-06-19,2019,6,2019-06,0,0,0,0,0,0,0,,
2019-06-16,2019-06-16,2019,6,2019-06,0,0,0,0,0,0,0,,
2019-06-11,2019-06-11,2019,6,2019-06,0,0,0,0,0,0,0,,
2019-06-04,2019-06-04,2019,6,2019-06,0,0,0,0,0,0,0,,
2019-05-17,2019-05-17,2019,5,2019-05,0,0,0,0,0,0,0,,
2019-05-15,2019-05-15,2019,5,2019-05,0,0,0,0,0,0,0,,
2019-03-31,2019-03-31,2019,3,2019-03,0,0,0,0,0,0,0,,
2019-03-26,2019-03-26,2019,3,2019-03,0,0,0,0,0,0,0,,
2019-03-08,2019-03-08,2019,3,2019-03,0,0,0,0,0,0,0,,
2019-02-21,2019-02-21,2019,2,2019-02,0,0,0,0,0,0,0,,
2019-02-18,2019-02-18,2019,2,2019-02,0,0,0,0,0,0,0,,
2018-12-08,2018-12-08,2018,12,2018-12,0,0,0,0,0,0,0,,
2018-11-26,2018-11-26,2018,11,2018-11,0,0,0,0,0,0,0,,
2018-11-24,2018-11-24,2018,11,2018-11,0,0,0,0,0,0,0,,
2018-11-16,2018-11-16,2018,11,2018-11,0,0,0,0,0,0,0,,
2018-11-07,2018-11-07,2018,11,2018-11,0,0,0,0,0,0,0,,
2018-11-01,2018-11-01,2018,11,2018-11,0,0,0,0,0,0,0,,
2018-10-28,2018-10-28,2018,10,2018-10,0,0,0,0,0,0,0,,
2018-10-25,2018-10-25,2018,10,2018-10,0,0,0,0,0,0,0,,
2018-10-14,2018-10-14,2018,10,2018-10,0,0,0,0,0,0,0,,
2018-09-27,2018-09-27,2018,9,2018-09,0,0,0,0,0,0,0,,
2018-09-24,2018-09-24,2018,9,2018-09,0,0,0,0,0,0,0,,
2018-09-23,2018-09-23,2018,9,2018-09,0,0,0,0,0,0,0,,
2018-09-09,2018-09-09,2018,9,2018-09,0,0,0,0,0,0,0,,
2018-09-06,2018-09-06,2018,9,2018-09,0,0,0,0,0,0,0,,
2018-08-20,2018-08-20,2018,8,2018-08,0,0,0,0,0,0,0,,
2018-08-16,2018-08-16,2018,8,2018-08,0,0,0,0,0,0,0,,
2018-08-12,2018-08-12,2018,8,2018-08,0,0,0,0,0,0,0,,
2018-08-06,2018-08-06,2018,8,2018-08,0,0,0,0,0,0,0,,
2018-07-22,2018-07-22,2018,7,2018-07,0,0,0,0,0,0,0,,
2018-07-18,2018-07-18,2018,7,2018-07,0,0,0,0,0,0,0,,
2018-07-10,2018-07-10,2018,7,2018-07,0,0,0,0,0,0,0,,
2018-07-08,2018-07-08,2018,7,2018-07,0,0,0,0,0,0,0,,
2018-05-26,2018-05-26,2018,5,2018-05,0,0,0,0,0,0,0,,
2018-05-22,2018-05-22,2018,5,2018-05,0,0,0,0,0,0,0,,
2018-04-24,2018-04-24,2018,4,2018-04,0,0,0,0,0,0,0,,
2018-02-26,2018-02-26,2018,2,2018-02,0,0,0,0,0,0,0,,
2018-02-19,2018-02-19,2018,2,2018-02,0,0,0,0,0,0,0,,
2018-02-15,2018-02-15,2018,2,2018-02,0,0,0,0,0,0,0,,
2018-01-11,2018-01-11,2018,1,2018-01,0,0,0,0,0,0,0,,
2017-12-26,2017-12-26,2017,12,2017-12,0,0,0,0,0,0,0,,
2017-12-24,2017-12-24,2017,12,2017-12,0,0,0,0,0,0,0,,
2017-12-03,2017-12-03,2017,12,2017-12,0,0,0,0,0,0,0,,
2017-11-18,2017-11-18,2017,11,2017-11,0,0,0,0,0,0,0,,
2017-11-06,2017-11-06,2017,11,2017-11,0,0,0,0,0,0,0,,
2017-10-25,2017-10-25,2017,10,2017-10,0,0,0,0,0,0,0,,
2017-10-21,2017-10-21,2017,10,2017-10,0,0,0,0,0,0,0,,
2017-10-20,2017-10-20,2017,10,2017-10,0,0,0,0,0,0,0,,
2017-09-04,2017-09-04,2017,9,2017-09,0,0,0,0,0,0,0,,
2017-08-17,2017-08-17,2017,8,2017-08,0,0,0,0,0,0,0,,
2017-08-15,2017-08-15,2017,8,2017-08,0,0,0,0,0,0,0,,
2017-07-02,2017-07-02,2017,7,2017-07,0,0,0,0,0,0,0,,
2017-06-24,2017-06-24,2017,6,2017-06,0,0,0,0,0,0,0,,
2017-06-09,2017-06-09,2017,6,2017-06,0,0,0,0,0,0,0,,
2017-06-05,2017-06-05,2017,6,2017-06,0,0,0,0,0,0,0,,
2017-03-25,2017-03-25,2017,3,2017-03,0,0,0,0,0,0,0,,
2017-03-06,2017-03-06,2017,3,2017-03,0,0,0,0,0,0,0,,
2017-01-18,2017-01-18,2017,1,2017-01,0,0,0,0,0,0,0,,
2017-01-05,2017-01-05,2017,1,2017-01,0,0,0,0,0,0,0,,
2016-12-06,2016-12-06,2016,12,2016-12,0,0,0,0,0,0,0,,
2016-11-08,2016-11-08,2016,11,2016-11,0,0,0,0,0,0,0,,
2016-11-04,2016-11-04,2016,11,2016-11,0,0,0,0,0,0,0,,
2016-07-23,2016-07-23,2016,7,2016-07,0,0,0,0,0,0,0,,
2016-07-14,2016-07-14,2016,7,2016-07,0,0,0,0,0,0,0,,
2016-07-12,2016-07-12,2016,7,2016-07,0,0,0,0,0,0,0,,
2016-06-25,2016-06-25,2016,6,2016-06,0,0,0,0,0,0,0,,
2016-06-24,2016-06-24,2016,6,2016-06,0,0,0,0,0,0,0,,
2016-05-26,2016-05-26,2016,5,2016-05,0,0,0,0,0,0,0,,
2016-03-29,2016-03-29,2016,3,2016-03,0,0,0,0,0,0,0,,
2016-03-21,2016-03-21,2016,3,2016-03,0,0,0,0,0,0,0,,
2012-12-26,2012-12-26,2012,12,2012-12,0,0,0,0,0,0,0,,
2012-12-21,2012-12-21,2012,12,2012-12,0,0,0,0,0,0,0,,
2012-12-18,2012-12-18,2012,12,2012-12,0,0,0,0,0,0,0,,
2012-11-27,2012-11-27,2012,11,2012-11,0,0,0,0,0,0,0,,
2012-11-23,2012-11-23,2012,11,2012-11,0,0,0,0,0,0,0,,
2012-11-05,2012-11-05,2012,11,2012-11,0,0,0,0,0,0,0,,
2012-10-18,2012-10-18,2012,10,2012-10,0,0,0,0,0,0,0,,
2012-10-16,2012-10-16,2012,10,2012-10,0,0,0,0,0,0,0,,
2012-10-14,2012-10-14,2012,10,2012-10,0,0,0,0,0,0,0,,
2012-09-29,2012-09-29,2012,9,2012-09,0,0,0,0,0,0,0,,
2012-09-10,2012-09-10,2012,9,2012-09,0,0,0,0,0,0,0,,
2012-09-01,2012-09-01,2012,9,2012-09,0,0,0,0,0,0,0,,
2012-08-23,2012-08-23,2012,8,2012-08,0,0,0,0,0,0,0,,
2012-08-05,2012-08-05,2012,8,2012-08,0,0,0,0,0,0,0,,
2012-06-26,2012-06-26,2012,6,2012-06,0,0,0,0,0,0,0,,
2012-06-21,2012-06-21,2012,6,2012-06,0,0,0,0,0,0,0,,
2012-06-16,2012-06-16,2012,6,2012-06,0,0,0,0,0,0,0,,
2012-06-05,2012-06-05,2012,6,2012-06,0,0,0,0,0,0,0,,
2012-04-18,2012-04-18,2012,4,2012-04,0,0,0,0,0,0,0,,
2012-04-17,2012-04-17,2012,4,2012-04,0,0,0,0,0,0,0,,
2012-04-09,2012-04-09,2012,4,2012-04,0,0,0,0,0,0,0,,
2012-04-08,2012-04-08,2012,4,2012-04,0,0,0,0,0,0,0,,
2012-03-08,2012-03-08,2012,3,2012-03,0,0,0,0,0,0,0,,
2012-03-07,2012-03-07,2012,3,2012-03,0,0,0,0,0,0,0,,
2012-02-19,2012-02-19,2012,2,2012-02,0,0,0,0,0,0,0,,
2030-12-08,2030-12-08,2030,12,2030-12,0,0,0,0,0,0,0,,
2030-11-04,2030-11-04,2030,11,2030-11,0,0,0,0,0,0,0,,
2030-10-14,2030-10-14,2030,10,2030-10,0,0,0,0,0,0,0,,
2030-09-28,2030-09-28,2030,9,2030-09,0,0,0,0,0,0,0,,
2030-09-20,2030-09-20,2030,9,2030-09,0,0,0,0,0,0,0,,
2030-09-10,2030-09-10,2030,9,2030-09,0,0,0,0,0,0,0,,
2030-08-22,2030-08-22,2030,8,2030-08,0,0,0,0,0,0,0,,
2030-08-19,2030-08-19,2030,8,2030-08,0,0,0,0,0,0,0,,
2030-08-02,2030-08-02,2030,8,2030-08,0,0,0,0,0,0,0,,
2030-07-06,2030-07-06,2030,7,2030-07,0,0,0,0,0,0,0,,
2030-06-03,2030-06-03,2030,6,2030-06,0,0,0,0,0,0,0,,
2030-05-24,2030-05-24,2030,5,2030-05,0,0,0,0,0,0,0,,
2030-05-21,2030-05-21,2030,5,2030-05,0,0,0,0,0,0,0,,
2030-05-19,2030-05-19,2030,5,2030-05,0,0,0,0,0,0,0,,
2030-04-27,2030-04-27,2030,4,2030-04,0,0,0,0,0,0,0,,
2030-04-04,2030-04-04,2030,4,2030-04,0,0,0,0,0,0,0,,
2030-03-15,2030-03-15,2030,3,2030-03,0,0,0,0,0,0,0,,
2030-02-27,2030-02-27,2030,2,2030-02,0,0,0,0,0,0,0,,
2030-02-16,2030-02-16,2030,2,2030-02,0,0,0,0,0,0,0,,
2030-01-25,2030-01-25,2030,1,2030-01,0,0,0,0,0,0,0,,
2029-12-26,2029-12-26,2029,12,2029-12,0,0,0,0,0,0,0,,
2029-11-24,2029-11-24,2029,11,2029-11,0,0,0,0,0,0,0,,
2029-11-15,2029-11-15,2029,11,2029-11,0,0,0,0,0,0,0,,
2029-11-09,2029-11-09,2029,11,2029-11,0,0,0,0,0,0,0,,
2029-10-17,2029-10-17,2029,10,2029-10,0,0,0,0,0,0,0,,
2029-10-15,2029-10-15,2029,10,2029-10,0,0,0,0,0,0,0,,
2029-09-28,2029-09-28,2029,9,2029-09,0,0,0,0,0,0,0,,
2029-09-08,2029-09-08,2029,9,2029-09,0,0,0,0,0,0,0,,
2029-08-05,2029-08-05,2029,8,2029-08,0,0,0,0,0,0,0,,
2029-07-28,2029-07-28,2029,7,2029-07,0,0,0,0,0,0,0,,
2029-07-09,2029-07-09,2029,7,2029-07,0,0,0,0,0,0,0,,
2029-06-15,2029-06-15,2029,6,2029-06,0,0,0,0,0,0,0,,
2029-06-06,2029-06-06,2029,6,2029-06,0,0,0,0,0,0,0,,
2029-05-07,2029-05-07,2029,5,2029-05,0,0,0,0,0,0,0,,
2029-04-30,2029-04-30,2029,4,2029-04,0,0,0,0,0,0,0,,
2029-04-29,2029-04-29,2029,4,2029-04,0,0,0,0,0,0,0,,
2029-04-28,2029-04-28,2029,4,2029-04,0,0,0,0,0,0,0,,
2029-04-18,2029-04-18,2029,4,2029-04,0,0,0,0,0,0,0,,
2029-04-13,2029-04-13,2029,4,2029-04,0,0,0,0,0,0,0,,
2029-04-06,2029-04-06,2029,4,2029-04,0,0,0,0,0,0,0,,
2029-03-19,2029-03-19,2029,3,2029-03,0,0,0,0,0,0,0,,
2029-03-10,2029-03-10,2029,3,2029-03,0,0,0,0,0,0,0,,
2029-03-07,2029-03-07,2029,3,2029-03,0,0,0,0,0,0,0,,
2029-02-28,2029-02-28,2029,2,2029-02,0,0,0,0,0,0,0,,
2029-01-30,2029-01-30,2029,1,2029-01,0,0,0,0,0,0,0,,
2029-01-27,2029-01-27,2029,1,2029-01,0,0,0,0,0,0,0,,
2029-01-24,2029-01-24,2029,1,2029-01,0,0,0,0,0,0,0,,
2028-12-02,2028-12-02,2028,12,2028-12,0,0,0,0,0,0,0,,
2028-12-01,2028-12-01,2028,12,2028-12,0,0,0,0,0,0,0,,
2028-11-14,2028-11-14,2028,11,2028-11,0,0,0,0,0,0,0,,
2028-11-04,2028-11-04,2028,11,2028-11,0,0,0,0,0,0,0,,
2028-09-10,2028-09-10,2028,9,2028-09,0,0,0,0,0,0,0,,
2028-08-30,2028-08-30,2028,8,2028-08,0,0,0,0,0,0,0,,
2028-08-20,2028-08-20,2028,8,2028-08,0,0,0,0,0,0,0,,
2028-07-12,2028-07-12,2028,7,2028-07,0,0,0,0,0,0,0,,
2028-06-26,2028-06-26,2028,6,2028-06,0,0,0,0,0,0,0,,
2028-06-08,2028-06-08,2028,6,2028-06,0,0,0,0,0,0,0,,
2028-06-06,2028-06-06,2028,6,2028-06,0,0,0,0,0,0,0,,
2028-05-28,2028-05-28,2028,5,2028-05,0,0,0,0,0,0,0,,
2028-04-28,2028-04-28,2028,4,2028-04,0,0,0,0,0,0,0,,
2028-03-14,2028-03-14,2028,3,2028-03,0,0,0,0,0,0,0,,
2028-03-11,2028-03-11,2028,3,2028-03,0,0,0,0,0,0,0,,
2028-03-05,2028-03-05,2028,3,2028-03,0,0,0,0,0,0,0,,
2028-02-09,2028-02-09,2028,2,2028-02,0,0,0,0,0,0,0,,
2028-02-02,2028-02-02,2028,2,2028-02,0,0,0,0,0,0,0,,
2028-01-25,2028-01-25,2028,1,2028-01,0,0,0,0,0,0,0,,
2028-01-20,2028-01-20,2028,1,2028-01,0,0,0,0,0,0,0,,
2028-01-19,2028-01-19,2028,1,2028-01,0,0,0,0,0,0,0,,
2028-01-17,2028-01-17,2028,1,2028-01,0,0,0,0,0,0,0,,
2028-01-04,2028-01-04,2028,1,2028-01,0,0,0,0,0,0,0,,
2027-12-16,2027-12-16,2027,12,2027-12,0,0,0,0,0,0,0,,
2027-10-28,2027-10-28,2027,10,2027-10,0,0,0,0,0,0,0,,
2027-10-20,2027-10-20,2027,10,2027-10,0,0,0,0,0,0,0,,
2027-10-16,2027-10-16,2027,10,2027-10,0,0,0,0,0,0,0,,
2027-10-12,2027-10-12,2027,10,2027-10,0,0,0,0,0,0,0,,
2027-10-01,2027-10-01,2027,10,2027-10,0,0,0,0,0,0,0,,
2027-09-28,2027-09-28,2027,9,2027-09,0,0,0,0,0,0,0,,
2027-08-30,2027-08-30,2027,8,2027-08,0,0,0,0,0,0,0,,
2027-08-09,2027-08-09,2027,8,2027-08,0,0,0,0,0,0,0,,
2027-07-20,2027-07-20,2027,7,2027-07,0,0,0,0,0,0,0,,
2027-07-10,2027-07-10,2027,7,2027-07,0,0,0,0,0,0,0,,
2027-07-04,2027-07-04,2027,7,2027-07,0,0,0,0,0,0,0,,
2027-06-29,2027-06-29,2027,6,2027-06,0,0,0,0,0,0,0,,
2027-06-27,2027-06-27,2027,6,2027-06,0,0,0,0,0,0,0,,
2027-06-02,2027-06-02,2027,6,2027-06,0,0,0,0,0,0,0,,
2027-05-20,2027-05-20,2027,5,2027-05,0,0,0,0,0,0,0,,
2027-05-18,2027-05-18,2027,5,2027-05,0,0,0,0,0,0,0,,
2027-05-04,2027-05-04,2027,5,2027-05,0,0,0,0,0,0,0,,
2027-04-29,2027-04-29,2027,4,2027-04,0,0,0,0,0,0,0,,
2027-04-12,2027-04-12,2027,4,2027-04,0,0,0,0,0,0,0,,
2027-04-09,2027-04-09,2027,4,2027-04,0,0,0,0,0,0,0,,
2027-03-09,2027-03-09,2027,3,2027-03,0,0,0,0,0,0,0,,
2027-03-07,2027-03-07,2027,3,2027-03,0,0,0,0,0,0,0,,
2027-03-03,2027-03-03,2027,3,2027-03,0,0,0,0,0,0,0,,
2027-02-19,2027-02-19,2027,2,2027-02,0,0,0,0,0,0,0,,
2027-02-15,2027-02-15,2027,2,2027-02,0,0,0,0,0,0,0,,
2027-01-25,2027-01-25,2027,1,2027-01,0,0,0,0,0,0,0,,
2027-01-24,2027-01-24,2027,1,2027-01,0,0,0,0,0,0,0,,
2027-01-09,2027-01-09,2027,1,2027-01,0,0,0,0,0,0,0,,
2026-12-28,2026-12-28,2026,12,2026-12,0,0,0,0,0,0,0,,
2026-11-15,2026-11-15,2026,11,2026-11,0,0,0,0,0,0,0,,
2026-11-13,2026-11-13,2026,11,2026-11,0,0,0,0,0,0,0,,
2026-10-23,2026-10-23,2026,10,2026-10,0,0,0,0,0,0,0,,
2026-10-01,2026-10-01,2026,10,2026-10,0,0,0,0,0,0,0,,
2026-09-07,2026-09-07,2026,9,2026-09,0,0,0,0,0,0,0,,
2026-07-31,2026-07-31,2026,7,2026-07,0,0,0,0,0,0,0,,
2026-06-26,2026-06-26,2026,6,2026-06,0,0,0,0,0,0,0,,
2026-06-22,2026-06-22,2026,6,2026-06,0,0,0,0,0,0,0,,
2026-06-17,2026-06-17,2026,6,2026-06,0,0,0,0,0,0,0,,
2026-05-26,2026-05-26,2026,5,2026-05,0,0,0,0,0,0,0,,
2026-05-23,2026-05-23,2026,5,2026-05,0,0,0,0,0,0,0,,
2026-04-16,2026-04-16,2026,4,2026-04,0,0,0,0,0,0,0,,
2026-04-03,2026-04-03,2026,4,2026-04,0,0,0,0,0,0,0,,
2026-03-15,2026-03-15,2026,3,2026-03,0,0,0,0,0,0,0,,
2026-02-19,2026-02-19,2026,2,2026-02,0,0,0,0,0,0,0,,
2026-01-29,2026-01-29,2026,1,2026-01,0,0,0,0,0,0,0,,
2026-01-23,2026-01-23,2026,1,2026-01,0,0,0,0,0,0,0,,
2025-12-29,2025-12-29,2025,12,2025-12,0,0,0,0,0,0,0,,
2025-12-25,2025-12-25,2025,12,2025-12,0,0,0,0,0,0,0,,
2025-12-21,2025-12-21,2025,12,2025-12,0,0,0,0,0,0,0,,
2025-12-06,2025-12-06,2025,12,2025-12,0,0,0,0,0,0,0,,
2025-12-04,2025-12-04,2025,12,2025-12,0,0,0,0,0,0,0,,
2025-11-04,2025-11-04,2025,11,2025-11,0,0,0,0,0,0,0,,
2025-11-03,2025-11-03,2025,11,2025-11,0,0,0,0,0,0,0,,
2025-11-01,2025-11-01,2025,11,2025-11,0,0,0,0,0,0,0,,
2025-10-25,2025-10-25,2025,10,2025-10,0,0,0,0,0,0,0,,
2025-09-16,2025-09-16,2025,9,2025-09,0,0,0,0,0,0,0,,
2025-07-29,2025-07-29,2025,7,2025-07,0,0,0,0,0,0,0,,
2025-07-28,2025-07-28,2025,7,2025-07,0,0,0,0,0,0,0,,
2025-07-20,2025-07-20,2025,7,2025-07,0,0,0,0,0,0,0,,
2025-06-26,2025-06-26,2025,6,2025-06,0,0,0,0,0,0,0,,
2025-06-11,2025-06-11,2025,6,2025-06,0,0,0,0,0,0,0,,
2025-05-11,2025-05-11,2025,5,2025-05,0,0,0,0,0,0,0,,
2025-05-05,2025-05-05,2025,5,2025-05,0,0,0,0,0,0,0,,
2025-04-12,2025-04-12,2025,4,2025-04,0,0,0,0,0,0,0,,
2025-04-11,2025-04-11,2025,4,2025-04,0,0,0,0,0,0,0,,
2025-02-06,2025-02-06,2025,2,2025-02,0,0,0,0,0,0,0,,
2025-01-12,2025-01-12,2025,1,2025-01,0,0,0,0,0,0,0,,
2025-01-11,2025-01-11,2025,1,2025-01,0,0,0,0,0,0,0,,
2024-12-17,2024-12-17,2024,12,2024-12,0,0,0,0,0,0,0,,
2024-12-03,2024-12-03,2024,12,2024-12,0,0,0,0,0,0,0,,
2024-11-16,2024-11-16,2024,11,2024-11,0,0,0,0,0,0,0,,
2024-10-08,2024-10-08,2024,10,2024-10,0,0,0,0,0,0,0,,
2024-09-20,2024-09-20,2024,9,2024-09,0,0,0,0,0,0,0,,
2024-09-16,2024-09-16,2024,9,2024-09,0,0,0,0,0,0,0,,
2024-09-11,2024-09-11,2024,9,2024-09,0,0,0,0,0,0,0,,
2024-09-07,2024-09-07,2024,9,2024-09,0,0,0,0,0,0,0,,
2024-08-13,2024-08-13,2024,8,2024-08,0,0,0,0,0,0,0,,
2024-07-30,2024-07-30,2024,7,2024-07,0,0,0,0,0,0,0,,
2024-07-29,2024-07-29,2024,7,2024-07,0,0,0,0,0,0,0,,
2024-07-21,2024-07-21,2024,7,2024-07,0,0,0,0,0,0,0,,
2024-07-19,2024-07-19,2024,7,2024-07,0,0,0,0,0,0,0,,
2024-07-02,2024-07-02,2024,7,2024-07,0,0,0,0,0,0,0,,
2024-06-12,2024-06-12,2024,6,2024-06,0,0,0,0,0,0,0,,
2024-06-10,2024-06-10,2024,6,2024-06,0,0,0,0,0,0,0,,
2024-05-16,2024-05-16,2024,5,2024-05,0,0,0,0,0,0,0,,
2024-04-29,2024-04-29,2024,4,2024-04,0,0,0,0,0,0,0,,
2024-04-23,2024-04-23,2024,4,2024-04,0,0,0,0,0,0,0,,
2024-03-29,2024-03-29,2024,3,2024-03,0,0,0,0,0,0,0,,
2024-03-19,2024-03-19,2024,3,2024-03,0,0,0,0,0,0,0,,
2024-03-10,2024-03-10,2024,3,2024-03,0,0,0,0,0,0,0,,
2024-03-06,2024-03-06,2024,3,2024-03,0,0,0,0,0,0,0,,
2024-01-09,2024-01-09,2024,1,2024-01,0,0,0,0,0,0,0,,
2024-01-08,2024-01-08,2024,1,2024-01,0,0,0,0,0,0,0,,
2024-01-06,2024-01-06,2024,1,2024-01,0,0,0,0,0,0,0,,
2023-12-01,2023-12-01,2023,12,2023-12,0,0,0,0,0,0,0,,
2023-11-24,2023-11-24,2023,11,2023-11,0,0,0,0,0,0,0,,
2023-11-21,2023-11-21,2023,11,2023-11,0,0,0,0,0,0,0,,
2023-10-07,2023-10-07,2023,10,2023-10,0,0,0,0,0,0,0,,
2023-10-03,2023-10-03,2023,10,2023-10,0,0,0,0,0,0,0,,
2023-09-24,2023-09-24,2023,9,2023-09,0,0,0,0,0,0,0,,
2023-09-17,2023-09-17,2023,9,2023-09,0,0,0,0,0,0,0,,
2023-09-15,2023-09-15,2023,9,2023-09,0,0,0,0,0,0,0,,
2023-09-14,2023-09-14,2023,9,2023-09,0,0,0,0,0,0,0,,
2023-09-09,2023-09-09,2023,9,2023-09,0,0,0,0,0,0,0,,
2023-08-08,2023-08-08,2023,8,2023-08,0,0,0,0,0,0,0,,
2023-08-06,2023-08-06,2023,8,2023-08,0,0,0,0,0,0,0,,
2023-07-31,2023-07-31,2023,7,2023-07,0,0,0,0,0,0,0,,
2023-06-21,2023-06-21,2023,6,2023-06,0,0,0,0,0,0,0,,
2023-05-31,2023-05-31,2023,5,2023-05,0,0,0,0,0,0,0,,
2023-05-27,2023-05-27,2023,5,2023-05,0,0,0,0,0,0,0,,
2023-04-26,2023-04-26,2023,4,2023-04,0,0,0,0,0,0,0,,
2023-04-17,2023-04-17,2023,4,2023-04,0,0,0,0,0,0,0,,
2023-04-07,2023-04-07,2023,4,2023-04,0,0,0,0,0,0,0,,
2023-03-02,2023-03-02,2023,3,2023-03,0,0,0,0,0,0,0,,
2023-01-11,2023-01-11,2023,1,2023-01,0,0,0,0,0,0,0,,
2023-01-05,2023-01-05,2023,1,2023-01,0,0,0,0,0,0,0,,
2022-12-09,2022-12-09,2022,12,2022-12,0,0,0,0,0,0,0,,
2022-11-22,2022-11-22,2022,11,2022-11,0,0,0,0,0,0,0,,
2022-11-08,2022-11-08,2022,11,2022-11,0,0,0,0,0,0,0,,
2022-10-25,2022-10-25,2022,10,2022-10,0,0,0,0,0,0,0,,
2022-10-14,2022-10-14,2022,10,2022-10,0,0,0,0,0,0,0,,
2022-09-27,2022-09-27,2022,9,2022-09,0,0,0,0,0,0,0,,
2022-09-17,2022-09-17,2022,9,2022-09,0,0,0,0,0,0,0,,
2022-08-19,2022-08-19,2022,8,2022-08,0,0,0,0,0,0,0,,
2022-07-30,2022-07-30,2022,7,2022-07,0,0,0,0,0,0,0,,
2022-07-02,2022-07-02,2022,7,2022-07,0,0,0,0,0,0,0,,
2022-04-24,2022-04-24,2022,4,2022-04,0,0,0,0,0,0,0,,
2022-04-13,2022-04-13,2022,4,2022-04,0,0,0,0,0,0,0,,
2022-03-27,2022-03-27,2022,3,2022-03,0,0,0,0,0,0,0,,
2022-03-22,2022-03-22,2022,3,2022-03,0,0,0,0,0,0,0,,
2022-03-09,2022-03-09,2022,3,2022-03,0,0,0,0,0,0,0,,
2022-03-05,2022-03-05,2022,3,2022-03,0,0,0,0,0,0,0,,
2022-01-24,2022-01-24,2022,1,2022-01,0,0,0,0,0,0,0,,
2021-11-18,2021-11-18,2021,11,2021-11,0,0,0,0,0,0,0,,
2021-11-04,2021-11-04,2021,11,2021-11,0,0,0,0,0,0,0,,
2021-11-03,2021-11-03,2021,11,2021-11,0,0,0,0,0,0,0,,
2021-11-02,2021-11-02,2021,11,2021-11,0,0,0,0,0,0,0,,
2021-10-27,2021-10-27,2021,10,2021-10,0,0,0,0,0,0,0,,
2021-10-24,2021-10-24,2021,10,2021-10,0,0,0,0,0,0,0,,
2021-10-01,2021-10-01,2021,10,2021-10,0,0,0,0,0,0,0,,
2021-09-20,2021-09-20,2021,9,2021-09,0,0,0,0,0,0,0,,
2021-08-26,2021-08-26,2021,8,2021-08,0,0,0,0,0,0,0,,
2021-08-17,2021-08-17,2021,8,2021-08,0,0,0,0,0,0,0,,
2021-08-08,2021-08-08,2021,8,2021-08,0,0,0,0,0,0,0,,
2021-07-27,2021-07-27,2021,7,2021-07,0,0,0,0,0,0,0,,
2021-07-26,2021-07-26,2021,7,2021-07,0,0,0,0,0,0,0,,
2021-07-20,2021-07-20,2021,7,2021-07,0,0,0,0,0,0,0,,
2021-05-15,2021-05-15,2021,5,2021-05,0,0,0,0,0,0,0,,
2021-05-12,2021-05-12,2021,5,2021-05,0,0,0,0,0,0,0,,
2021-04-27,2021-04-27,2021,4,2021-04,0,0,0,0,0,0,0,,
2021-03-17,2021-03-17,2021,3,2021-03,0,0,0,0,0,0,0,,
2021-02-19,2021-02-19,2021,2,2021-02,0,0,0,0,0,0,0,,
2021-02-17,2021-02-17,2021,2,2021-02,0,0,0,0,0,0,0,,
2021-01-27,2021-01-27,2021,1,2021-01,0,0,0,0,0,0,0,,
2020-12-28,2020-12-28,2020,12,2020-12,0,0,0,0,0,0,0,,
2020-12-18,2020-12-18,2020,12,2020-12,0,0,0,0,0,0,0,,
2020-12-05,2020-12-05,2020,12,2020-12,0,0,0,0,0,0,0,,
2020-11-23,2020-11-23,2020,11,2020-11,0,0,0,0,0,0,0,,
2020-10-17,2020-10-17,2020,10,2020-10,0,0,0,0,0,0,0,,
2020-10-13,2020-10-13,2020,10,2020-10,0,0,0,0,0,0,0,,
2020-09-24,2020-09-24,2020,9,2020-09,0,0,0,0,0,0,0,,
2020-09-22,2020-09-22,2020,9,2020-09,0,0,0,0,0,0,0,,
2020-09-11,2020-09-11,2020,9,2020-09,0,0,0,0,0,0,0,,
2020-08-16,2020-08-16,2020,8,2020-08,0,0,0,0,0,0,0,,
2020-08-14,2020-08-14,2020,8,2020-08,0,0,0,0,0,0,0,,
2020-07-25,2020-07-25,2020,7,2020-07,0,0,0,0,0,0,0,,
2020-07-23,2020-07-23,2020,7,2020-07,0,0,0,0,0,0,0,,
2020-06-18,2020-06-18,2020,6,2020-06,0,0,0,0,0,0,0,,
2020-06-06,2020-06-06,2020,6,2020-06,0,0,0,0,0,0,0,,
2020-05-27,2020-05-27,2020,5,2020-05,0,0,0,0,0,0,0,,
2020-05-20,2020-05-20,2020,5,2020-05,0,0,0,0,0,0,0,,
2020-05-19,2020-05-19,2020,5,2020-05,0,0,0,0,0,0,0,,
2020-03-28,2020-03-28,2020,3,2020-03,0,0,0,0,0,0,0,,
2020-03-03,2020-03-03,2020,3,2020-03,0,0,0,0,0,0,0,,
2020-02-04,2020-02-04,2020,2,2020-02,0,0,0,0,0,0,0,,
2020-01-26,2020-01-26,2020,1,2020-01,0,0,0,0,0,0,0,,
2019-12-22,2019-12-22,2019,12,2019-12,0,0,0,0,0,0,0,,
2019-12-11,2019-12-11,2019,12,2019-12,0,0,0,0,0,0,0,,
2019-11-19,2019-11-19,2019,11,2019-11,0,0,0,0,0,0,0,,
2019-11-03,2019-11-03,2019,11,2019-11,0,0,0,0,0,0,0,,
2019-10-27,2019-10-27,2019,10,2019-10,0,0,0,0,0,0,0,,
2019-09-07,2019-09-07,2019,9,2019-09,0,0,0,0,0,0,0,,
2019-08-26,2019-08-26,2019,8,2019-08,0,0,0,0,0,0,0,,
2019-06-29,2019-06-29,2019,6,2019-06,0,0,0,0,0,0,0,,
2019-05-27,2019-05-27,2019,5,2019-05,0,0,0,0,0,0,0,,
2019-05-22,2019-05-22,2019,5,2019-05,0,0,0,0,0,0,0,,
2019-03-25,2019-03-25,2019,3,2019-03,0,0,0,0,0,0,0,,
2019-03-22,2019-03-22,2019,3,2019-03,0,0,0,0,0,0,0,,
2019-02-17,2019-02-17,2019,2,2019-02,0,0,0,0,0,0,0,,
2019-01-17,2019-01-17,2019,1,2019-01,0,0,0,0,0,0,0,,
2019-01-15,2019-01-15,2019,1,2019-01,0,0,0,0,0,0,0,,
2019-01-05,2019-01-05,2019,1,2019-01,0,0,0,0,0,0,0,,
2018-12-11,2018-12-11,2018,12,2018-12,0,0,0,0,0,0,0,,
2018-10-02,2018-10-02,2018,10,2018-10,0,0,0,0,0,0,0,,
2018-10-01,2018-10-01,2018,10,2018-10,0,0,0,0,0,0,0,,
2018-09-20,2018-09-20,2018,9,2018-09,0,0,0,0,0,0,0,,
2018-07-27,2018-07-27,2018,7,2018-07,0,0,0,0,0,0,0,,
2018-07-17,2018-07-17,2018,7,2018-07,0,0,0,0,0,0,0,,
2018-07-09,2018-07-09,2018,7,2018-07,0,0,0,0,0,0,0,,
2018-07-02,2018-07-02,2018,7,2018-07,0,0,0,0,0,0,0,,
2018-06-22,2018-06-22,2018,6,2018-06,0,0,0,0,0,0,0,,
2018-06-19,2018-06-19,2018,6,2018-06,0,0,0,0,0,0,0,,
2018-05-15,2018-05-15,2018,5,2018-05,0,0,0,0,0,0,0,,
2018-05-09,2018-05-09,2018,5,2018-05,0,0,0,0,0,0,0,,
2018-04-07,2018-04-07,2018,4,2018-04,0,0,0,0,0,0,0,,
2018-03-26,2018-03-26,2018,3,2018-03,0,0,0,0,0,0,0,,
2018-03-19,2018-03-19,2018,3,2018-03,0,0,0,0,0,0,0,,
2018-02-21,2018-02-21,2018,2,2018-02,0,0,0,0,0,0,0,,
2018-02-16,2018-02-16,2018,2,2018-02,0,0,0,0,0,0,0,,
2018-02-14,2018-02-14,2018,2,2018-02,0,0,0,0,0,0,0,,
2018-01-27,2018-01-27,2018,1,2018-01,0,0,0,0,0,0,0,,
2018-01-12,2018-01-12,2018,1,2018-01,0,0,0,0,0,0,0,,
2017-12-20,2017-12-20,2017,12,2017-12,0,0,0,0,0,0,0,,
2017-12-06,2017-12-06,2017,12,2017-12,0,0,0,0,0,0,0,,
2017-10-26,2017-10-26,2017,10,2017-10,0,0,0,0,0,0,0,,
2017-09-07,2017-09-07,2017,9,2017-09,0,0,0,0,0,0,0,,
2017-09-03,2017-09-03,2017,9,2017-09,0,0,0,0,0,0,0,,
2017-08-22,2017-08-22,2017,8,2017-08,0,0,0,0,0,0,0,,
2017-08-02,2017-08-02,2017,8,2017-08,0,0,0,0,0,0,0,,
2017-06-29,2017-06-29,2017,6,2017-06,0,0,0,0,0,0,0,,
2017-05-27,2017-05-27,2017,5,2017-05,0,0,0,0,0,0,0,,
2017-05-22,2017-05-22,2017,5,2017-05,0,0,0,0,0,0,0,,
2017-05-12,2017-05-12,2017,5,2017-05,0,0,0,0,0,0,0,,
2017-05-06,2017-05-06,2017,5,2017-05,0,0,0,0,0,0,0,,
2017-05-01,2017-05-01,2017,5,2017-05,0,0,0,0,0,0,0,,
2017-04-02,2017-04-02,2017,4,2017-04,0,0,0,0,0,0,0,,
2017-03-27,2017-03-27,2017,3,2017-03,0,0,0,0,0,0,0,,
2017-03-16,2017-03-16,2017,3,2017-03,0,0,0,0,0,0,0,,
2017-03-03,2017-03-03,2017,3,2017-03,0,0,0,0,0,0,0,,
2017-02-11,2017-02-11,2017,2,2017-02,0,0,0,0,0,0,0,,
2017-01-08,2017-01-08,2017,1,2017-01,0,0,0,0,0,0,0,,
2016-12-25,2016-12-25,2016,12,2016-12,0,0,0,0,0,0,0,,
2016-12-19,2016-12-19,2016,12,2016-12,0,0,0,0,0,0,0,,
2016-12-13,2016-12-13,2016,12,2016-12,0,0,0,0,0,0,0,,
2016-11-14,2016-11-14,2016,11,2016-11,0,0,0,0,0,0,0,,
2016-09-03,2016-09-03,2016,9,2016-09,0,0,0,0,0,0,0,,
2016-08-28,2016-08-28,2016,8,2016-08,0,0,0,0,0,0,0,,
2016-08-14,2016-08-14,2016,8,2016-08,0,0,0,0,0,0,0,,
2016-08-11,2016-08-11,2016,8,2016-08,0,0,0,0,0,0,0,,
2016-07-16,2016-07-16,2016,7,2016-07,0,0,0,0,0,0,0,,
2016-07-01,2016-07-01,2016,7,2016-07,0,0,0,0,0,0,0,,
2016-06-11,2016-06-11,2016,6,2016-06,0,0,0,0,0,0,0,,
2016-06-10,2016-06-10,2016,6,2016-06,0,0,0,0,0,0,0,,
2016-05-24,2016-05-24,2016,5,2016-05,0,0,0,0,0,0,0,,
2016-05-20,2016-05-20,2016,5,2016-05,0,0,0,0,0,0,0,,
2016-04-28,2016-04-28,2016,4,2016-04,0,0,0,0,0,0,0,,
2016-04-27,2016-04-27,2016,4,2016-04,0,0,0,0,0,0,0,,
2016-04-25,2016-04-25,2016,4,2016-04,0,0,0,0,0,0,0,,
2016-04-20,2016-04-20,2016,4,2016-04,0,0,0,0,0,0,0,,
2016-04-09,2016-04-09,2016,4,2016-04,0,0,0,0,0,0,0,,
2016-03-22,2016-03-22,2016,3,2016-03,0,0,0,0,0,0,0,,
2016-03-04,2016-03-04,2016,3,2016-03,0,0,0,0,0,0,0,,
2016-02-24,2016-02-24,2016,2,2016-02,0,0,0,0,0,0,0,,
2016-02-23,2016-02-23,2016,2,2016-02,0,0,0,0,0,0,0,,
2012-12-25,2012-12-25,2012,12,2012-12,0,0,0,0,0,0,0,,
2012-12-19,2012-12-19,2012,12,2012-12,0,0,0,0,0,0,0,,
2012-12-16,2012-12-16,2012,12,2012-12,0,0,0,0,0,0,0,,
2012-11-26,2012-11-26,2012,11,2012-11,0,0,0,0,0,0,0,,
2012-11-22,2012-11-22,2012,11,2012-11,0,0,0,0,0,0,0,,
2012-11-08,2012-11-08,2012,11,2012-11,0,0,0,0,0,0,0,,
2012-10-22,2012-10-22,2012,10,2012-10,0,0,0,0,0,0,0,,
2012-09-12,2012-09-12,2012,9,2012-09,0,0,0,0,0,0,0,,
2012-08-11,2012-08-11,2012,8,2012-08,0,0,0,0,0,0,0,,
2012-08-10,2012-08-10,2012,8,2012-08,0,0,0,0,0,0,0,,
2012-07-26,2012-07-26,2012,7,2012-07,0,0,0,0,0,0,0,,
2012-07-17,2012-07-17,2012,7,2012-07,0,0,0,0,0,0,0,,
2012-06-02,2012-06-02,2012,6,2012-06,0,0,0,0,0,0,0,,
2012-05-29,2012-05-29,2012,5,2012-05,0,0,0,0,0,0,0,,
2012-05-28,2012-05-28,2012,5,2012-05,0,0,0,0,0,0,0,,
2012-05-19,2012-05-19,2012,5,2012-05,0,0,0,0,0,0,0,,
2012-05-10,2012-05-10,2012,5,2012-05,0,0,0,0,0,0,0,,
2012-05-03,2012-05-03,2012,5,2012-05,0,0,0,0,0,0,0,,
2012-04-03,2012-04-03,2012,4,2012-04,0,0,0,0,0,0,0,,
2031-01-12,2031-01-12,2031,1,2031-01,0,0,0,0,0,0,0,,
2031-01-11,2031-01-11,2031,1,2031-01,0,0,0,0,0,0,0,,
2031-01-09,2031-01-09,2031,1,2031-01,0,0,0,0,0,0,0,,
2030-12-30,2030-12-30,2030,12,2030-12,0,0,0,0,0,0,0,,
2030-12-29,2030-12-29,2030,12,2030-12,0,0,0,0,0,0,0,,
2030-12-14,2030-12-14,2030,12,2030-12,0,0,0,0,0,0,0,,
2030-12-04,2030-12-04,2030,12,2030-12,0,0,0,0,0,0,0,,
2030-11-03,2030-11-03,2030,11,2030-11,0,0,0,0,0,0,0,,
2030-10-24,2030-10-24,2030,10,2030-10,0,0,0,0,0,0,0,,
2030-10-22,2030-10-22,2030,10,2030-10,0,0,0,0,0,0,0,,
2030-09-19,2030-09-19,2030,9,2030-09,0,0,0,0,0,0,0,,
2030-08-05,2030-08-05,2030,8,2030-08,0,0,0,0,0,0,0,,
2030-07-07,2030-07-07,2030,7,2030-07,0,0,0,0,0,0,0,,
2030-06-10,2030-06-10,2030,6,2030-06,0,0,0,0,0,0,0,,
2030-05-08,2030-05-08,2030,5,2030-05,0,0,0,0,0,0,0,,
2030-03-02,2030-03-02,2030,3,2030-03,0,0,0,0,0,0,0,,
2030-02-22,2030-02-22,2030,2,2030-02,0,0,0,0,0,0,0,,
2030-02-15,2030-02-15,2030,2,2030-02,0,0,0,0,0,0,0,,
2030-01-15,2030-01-15,2030,1,2030-01,0,0,0,0,0,0,0,,
2030-01-01,2030-01-01,2030,1,2030-01,0,0,0,0,0,0,0,,
2029-12-25,2029-12-25,2029,12,2029-12,0,0,0,0,0,0,0,,
2029-12-19,2029-12-19,2029,12,2029-12,0,0,0,0,0,0,0,,
2029-12-18,2029-12-18,2029,12,2029-12,0,0,0,0,0,0,0,,
2029-12-03,2029-12-03,2029,12,2029-12,0,0,0,0,0,0,0,,
2029-10-30,2029-10-30,2029,10,2029-10,0,0,0,0,0,0,0,,
2029-10-23,2029-10-23,2029,10,2029-10,0,0,0,0,0,0,0,,
2029-10-19,2029-10-19,2029,10,2029-10,0,0,0,0,0,0,0,,
2029-10-03,2029-10-03,2029,10,2029-10,0,0,0,0,0,0,0,,
2029-10-01,2029-10-01,2029,10,2029-10,0,0,0,0,0,0,0,,
2029-09-27,2029-09-27,2029,9,2029-09,0,0,0,0,0,0,0,,
2029-09-15,2029-09-15,2029,9,2029-09,0,0,0,0,0,0,0,,
2029-09-07,2029-09-07,2029,9,2029-09,0,0,0,0,0,0,0,,
2029-09-05,2029-09-05,2029,9,2029-09,0,0,0,0,0,0,0,,
2029-08-23,2029-08-23,2029,8,2029-08,0,0,0,0,0,0,0,,
2029-08-06,2029-08-06,2029,8,2029-08,0,0,0,0,0,0,0,,
2029-07-30,2029-07-30,2029,7,2029-07,0,0,0,0,0,0,0,,
2029-07-10,2029-07-10,2029,7,2029-07,0,0,0,0,0,0,0,,
2029-07-08,2029-07-08,2029,7,2029-07,0,0,0,0,0,0,0,,
2029-07-06,2029-07-06,2029,7,2029-07,0,0,0,0,0,0,0,,
2029-06-12,2029-06-12,2029,6,2029-06,0,0,0,0,0,0,0,,
2029-06-03,2029-06-03,2029,6,2029-06,0,0,0,0,0,0,0,,
2029-05-16,2029-05-16,2029,5,2029-05,0,0,0,0,0,0,0,,
2029-05-08,2029-05-08,2029,5,2029-05,0,0,0,0,0,0,0,,
2029-04-08,2029-04-08,2029,4,2029-04,0,0,0,0,0,0,0,,
2029-04-04,2029-04-04,2029,4,2029-04,0,0,0,0,0,0,0,,
2029-03-21,2029-03-21,2029,3,2029-03,0,0,0,0,0,0,0,,
2029-03-15,2029-03-15,2029,3,2029-03,0,0,0,0,0,0,0,,
2029-03-03,2029-03-03,2029,3,2029-03,0,0,0,0,0,0,0,,
2029-02-18,2029-02-18,2029,2,2029-02,0,0,0,0,0,0,0,,
2029-02-13,2029-02-13,2029,2,2029-02,0,0,0,0,0,0,0,,
2029-01-28,2029-01-28,2029,1,2029-01,0,0,0,0,0,0,0,,
2029-01-13,2029-01-13,2029,1,2029-01,0,0,0,0,0,0,0,,
2029-01-10,2029-01-10,2029,1,2029-01,0,0,0,0,0,0,0,,
2028-12-23,2028-12-23,2028,12,2028-12,0,0,0,0,0,0,0,,
2028-12-19,2028-12-19,2028,12,2028-12,0,0,0,0,0,0,0,,
2028-12-05,2028-12-05,2028,12,2028-12,0,0,0,0,0,0,0,,
2028-11-27,2028-11-27,2028,11,2028-11,0,0,0,0,0,0,0,,
2028-11-17,2028-11-17,2028,11,2028-11,0,0,0,0,0,0,0,,
2028-11-09,2028-11-09,2028,11,2028-11,0,0,0,0,0,0,0,,
2028-11-08,2028-11-08,2028,11,2028-11,0,0,0,0,0,0,0,,
2028-10-18,2028-10-18,2028,10,2028-10,0,0,0,0,0,0,0,,
2028-10-09,2028-10-09,2028,10,2028-10,0,0,0,0,0,0,0,,
2028-09-25,2028-09-25,2028,9,2028-09,0,0,0,0,0,0,0,,
2028-09-11,2028-09-11,2028,9,2028-09,0,0,0,0,0,0,0,,
2028-08-17,2028-08-17,2028,8,2028-08,0,0,0,0,0,0,0,,
2028-08-16,2028-08-16,2028,8,2028-08,0,0,0,0,0,0,0,,
2028-08-09,2028-08-09,2028,8,2028-08,0,0,0,0,0,0,0,,
2028-08-07,2028-08-07,2028,8,2028-08,0,0,0,0,0,0,0,,
2028-07-20,2028-07-20,2028,7,2028-07,0,0,0,0,0,0,0,,
2028-07-08,2028-07-08,2028,7,2028-07,0,0,0,0,0,0,0,,
2028-06-09,2028-06-09,2028,6,2028-06,0,0,0,0,0,0,0,,
2028-06-04,2028-06-04,2028,6,2028-06,0,0,0,0,0,0,0,,
2028-05-30,2028-05-30,2028,5,2028-05,0,0,0,0,0,0,0,,
2028-04-29,2028-04-29,2028,4,2028-04,0,0,0,0,0,0,0,,
2028-04-16,2028-04-16,2028,4,2028-04,0,0,0,0,0,0,0,,
2028-03-26,2028-03-26,2028,3,2028-03,0,0,0,0,0,0,0,,
2028-03-09,2028-03-09,2028,3,2028-03,0,0,0,0,0,0,0,,
2028-03-08,2028-03-08,2028,3,2028-03,0,0,0,0,0,0,0,,
2028-03-06,2028-03-06,2028,3,2028-03,0,0,0,0,0,0,0,,
2028-03-01,2028-03-01,2028,3,2028-03,0,0,0,0,0,0,0,,
2028-02-25,2028-02-25,2028,2,2028-02,0,0,0,0,0,0,0,,
2028-02-18,2028-02-18,2028,2,2028-02,0,0,0,0,0,0,0,,
2028-02-08,2028-02-08,2028,2,2028-02,0,0,0,0,0,0,0,,
2028-01-29,2028-01-29,2028,1,2028-01,0,0,0,0,0,0,0,,
2028-01-18,2028-01-18,2028,1,2028-01,0,0,0,0,0,0,0,,
2027-12-23,2027-12-23,2027,12,2027-12,0,0,0,0,0,0,0,,
2027-12-11,2027-12-11,2027,12,2027-12,0,0,0,0,0,0,0,,
2027-12-07,2027-12-07,2027,12,2027-12,0,0,0,0,0,0,0,,
2027-12-04,2027-12-04,2027,12,2027-12,0,0,0,0,0,0,0,,
2027-11-22,2027-11-22,2027,11,2027-11,0,0,0,0,0,0,0,,
2027-11-15,2027-11-15,2027,11,2027-11,0,0,0,0,0,0,0,,
2027-11-13,2027-11-13,2027,11,2027-11,0,0,0,0,0,0,0,,
2027-11-07,2027-11-07,2027,11,2027-11,0,0,0,0,0,0,0,,
2027-11-06,2027-11-06,2027,11,2027-11,0,0,0,0,0,0,0,,
2027-10-24,2027-10-24,2027,10,2027-10,0,0,0,0,0,0,0,,
2027-09-11,2027-09-11,2027,9,2027-09,0,0,0,0,0,0,0,,
2027-09-02,2027-09-02,2027,9,2027-09,0,0,0,0,0,0,0,,
2027-08-26,2027-08-26,2027,8,2027-08,0,0,0,0,0,0,0,,
2027-08-24,2027-08-24,2027,8,2027-08,0,0,0,0,0,0,0,,
2027-07-30,2027-07-30,2027,7,2027-07,0,0,0,0,0,0,0,,
2027-06-30,2027-06-30,2027,6,2027-06,0,0,0,0,0,0,0,,
2027-06-18,2027-06-18,2027,6,2027-06,0,0,0,0,0,0,0,,
2027-06-08,2027-06-08,2027,6,2027-06,0,0,0,0,0,0,0,,
2027-06-01,2027-06-01,2027,6,2027-06,0,0,0,0,0,0,0,,
2027-05-26,2027-05-26,2027,5,2027-05,0,0,0,0,0,0,0,,
2027-05-22,2027-05-22,2027,5,2027-05,0,0,0,0,0,0,0,,
2027-04-02,2027-04-02,2027,4,2027-04,0,0,0,0,0,0,0,,
2027-03-15,2027-03-15,2027,3,2027-03,0,0,0,0,0,0,0,,
2027-02-28,2027-02-28,2027,2,2027-02,0,0,0,0,0,0,0,,
2026-12-30,2026-12-30,2026,12,2026-12,0,0,0,0,0,0,0,,
2026-11-23,2026-11-23,2026,11,2026-11,0,0,0,0,0,0,0,,
2026-11-20,2026-11-20,2026,11,2026-11,0,0,0,0,0,0,0,,
2026-11-10,2026-11-10,2026,11,2026-11,0,0,0,0,0,0,0,,
2026-11-09,2026-11-09,2026,11,2026-11,0,0,0,0,0,0,0,,
2026-10-28,2026-10-28,2026,10,2026-10,0,0,0,0,0,0,0,,
2026-09-28,2026-09-28,2026,9,2026-09,0,0,0,0,0,0,0,,
2026-09-23,2026-09-23,2026,9,2026-09,0,0,0,0,0,0,0,,
2026-09-01,2026-09-01,2026,9,2026-09,0,0,0,0,0,0,0,,
2026-08-29,2026-08-29,2026,8,2026-08,0,0,0,0,0,0,0,,
2026-08-25,2026-08-25,2026,8,2026-08,0,0,0,0,0,0,0,,
2026-08-19,2026-08-19,2026,8,2026-08,0,0,0,0,0,0,0,,
2026-08-18,2026-08-18,2026,8,2026-08,0,0,0,0,0,0,0,,
2026-07-18,2026-07-18,2026,7,2026-07,0,0,0,0,0,0,0,,
2026-07-08,2026-07-08,2026,7,2026-07,0,0,0,0,0,0,0,,
2026-06-14,2026-06-14,2026,6,2026-06,0,0,0,0,0,0,0,,
2026-06-11,2026-06-11,2026,6,2026-06,0,0,0,0,0,0,0,,
2026-06-06,2026-06-06,2026,6,2026-06,0,0,0,0,0,0,0,,
2026-06-01,2026-06-01,2026,6,2026-06,0,0,0,0,0,0,0,,
2026-05-30,2026-05-30,2026,5,2026-05,0,0,0,0,0,0,0,,
2026-05-18,2026-05-18,2026,5,2026-05,0,0,0,0,0,0,0,,
2026-04-29,2026-04-29,2026,4,2026-04,0,0,0,0,0,0,0,,
2026-04-17,2026-04-17,2026,4,2026-04,0,0,0,0,0,0,0,,
2026-04-09,2026-04-09,2026,4,2026-04,0,0,0,0,0,0,0,,
2026-03-30,2026-03-30,2026,3,2026-03,0,0,0,0,0,0,0,,
2026-03-26,2026-03-26,2026,3,2026-03,0,0,0,0,0,0,0,,
2026-02-18,2026-02-18,2026,2,2026-02,0,0,0,0,0,0,0,,
2025-12-30,2025-12-30,2025,12,2025-12,0,0,0,0,0,0,0,,
2025-12-19,2025-12-19,2025,12,2025-12,0,0,0,0,0,0,0,,
2025-11-18,2025-11-18,2025,11,2025-11,0,0,0,0,0,0,0,,
2025-08-18,2025-08-18,2025,8,2025-08,0,0,0,0,0,0,0,,
2025-08-17,2025-08-17,2025,8,2025-08,0,0,0,0,0,0,0,,
2025-07-30,2025-07-30,2025,7,2025-07,0,0,0,0,0,0,0,,
2025-07-09,2025-07-09,2025,7,2025-07,0,0,0,0,0,0,0,,
2025-06-24,2025-06-24,2025,6,2025-06,0,0,0,0,0,0,0,,
2025-05-28,2025-05-28,2025,5,2025-05,0,0,0,0,0,0,0,,
2025-05-20,2025-05-20,2025,5,2025-05,0,0,0,0,0,0,0,,
2025-05-15,2025-05-15,2025,5,2025-05,0,0,0,0,0,0,0,,
2025-05-03,2025-05-03,2025,5,2025-05,0,0,0,0,0,0,0,,
2025-05-02,2025-05-02,2025,5,2025-05,0,0,0,0,0,0,0,,
2025-04-28,2025-04-28,2025,4,2025-04,0,0,0,0,0,0,0,,
2025-04-01,2025-04-01,2025,4,2025-04,0,0,0,0,0,0,0,,
2025-03-30,2025-03-30,2025,3,2025-03,0,0,0,0,0,0,0,,
2025-03-29,2025-03-29,2025,3,2025-03,0,0,0,0,0,0,0,,
2025-03-22,2025-03-22,2025,3,2025-03,0,0,0,0,0,0,0,,
2025-03-10,2025-03-10,2025,3,2025-03,0,0,0,0,0,0,0,,
2025-01-20,2025-01-20,2025,1,2025-01,0,0,0,0,0,0,0,,
2025-01-06,2025-01-06,2025,1,2025-01,0,0,0,0,0,0,0,,
2024-12-23,2024-12-23,2024,12,2024-12,0,0,0,0,0,0,0,,
2024-12-10,2024-12-10,2024,12,2024-12,0,0,0,0,0,0,0,,
2024-11-09,2024-11-09,2024,11,2024-11,0,0,0,0,0,0,0,,
2024-09-08,2024-09-08,2024,9,2024-09,0,0,0,0,0,0,0,,
2024-09-05,2024-09-05,2024,9,2024-09,0,0,0,0,0,0,0,,
2024-08-25,2024-08-25,2024,8,2024-08,0,0,0,0,0,0,0,,
2024-06-20,2024-06-20,2024,6,2024-06,0,0,0,0,0,0,0,,
2024-05-30,2024-05-30,2024,5,2024-05,0,0,0,0,0,0,0,,
2024-05-22,2024-05-22,2024,5,2024-05,0,0,0,0,0,0,0,,
2024-05-20,2024-05-20,2024,5,2024-05,0,0,0,0,0,0,0,,
2024-05-17,2024-05-17,2024,5,2024-05,0,0,0,0,0,0,0,,
2024-04-05,2024-04-05,2024,4,2024-04,0,0,0,0,0,0,0,,
2024-04-01,2024-04-01,2024,4,2024-04,0,0,0,0,0,0,0,,
2024-03-23,2024-03-23,2024,3,2024-03,0,0,0,0,0,0,0,,
2024-03-16,2024-03-16,2024,3,2024-03,0,0,0,0,0,0,0,,
2024-02-15,2024-02-15,2024,2,2024-02,0,0,0,0,0,0,0,,
2024-01-22,2024-01-22,2024,1,2024-01,0,0,0,0,0,0,0,,
2024-01-13,2024-01-13,2024,1,2024-01,0,0,0,0,0,0,0,,
2024-01-05,2024-01-05,2024,1,2024-01,0,0,0,0,0,0,0,,
2024-01-02,2024-01-02,2024,1,2024-01,0,0,0,0,0,0,0,,
2023-12-30,2023-12-30,2023,12,2023-12,0,0,0,0,0,0,0,,
2023-12-16,2023-12-16,2023,12,2023-12,0,0,0,0,0,0,0,,
2023-12-04,2023-12-04,2023,12,2023-12,0,0,0,0,0,0,0,,
2023-12-03,2023-12-03,2023,12,2023-12,0,0,0,0,0,0,0,,
2023-12-02,2023-12-02,2023,12,2023-12,0,0,0,0,0,0,0,,
2023-11-23,2023-11-23,2023,11,2023-11,0,0,0,0,0,0,0,,
2023-11-18,2023-11-18,2023,11,2023-11,0,0,0,0,0,0,0,,
2023-11-03,2023-11-03,2023,11,2023-11,0,0,0,0,0,0,0,,
2023-10-26,2023-10-26,2023,10,2023-10,0,0,0,0,0,0,0,,
2023-10-14,2023-10-14,2023,10,2023-10,0,0,0,0,0,0,0,,
2023-10-02,2023-10-02,2023,10,2023-10,0,0,0,0,0,0,0,,
2023-09-10,2023-09-10,2023,9,2023-09,0,0,0,0,0,0,0,,
2023-08-29,2023-08-29,2023,8,2023-08,0,0,0,0,0,0,0,,
2023-08-18,2023-08-18,2023,8,2023-08,0,0,0,0,0,0,0,,
2023-08-14,2023-08-14,2023,8,2023-08,0,0,0,0,0,0,0,,
2023-08-05,2023-08-05,2023,8,2023-08,0,0,0,0,0,0,0,,
2023-08-03,2023-08-03,2023,8,2023-08,0,0,0,0,0,0,0,,
2023-07-20,2023-07-20,2023,7,2023-07,0,0,0,0,0,0,0,,
2023-06-23,2023-06-23,2023,6,2023-06,0,0,0,0,0,0,0,,
2023-06-09,2023-06-09,2023,6,2023-06,0,0,0,0,0,0,0,,
2023-06-05,2023-06-05,2023,6,2023-06,0,0,0,0,0,0,0,,
2023-05-29,2023-05-29,2023,5,2023-05,0,0,0,0,0,0,0,,
2023-05-28,2023-05-28,2023,5,2023-05,0,0,0,0,0,0,0,,
2023-04-27,2023-04-27,2023,4,2023-04,0,0,0,0,0,0,0,,
2023-04-23,2023-04-23,2023,4,2023-04,0,0,0,0,0,0,0,,
2023-04-22,2023-04-22,2023,4,2023-04,0,0,0,0,0,0,0,,
2023-04-18,2023-04-18,2023,4,2023-04,0,0,0,0,0,0,0,,
2023-04-16,2023-04-16,2023,4,2023-04,0,0,0,0,0,0,0,,
2023-03-16,2023-03-16,2023,3,2023-03,0,0,0,0,0,0,0,,
2023-03-12,2023-03-12,2023,3,2023-03,0,0,0,0,0,0,0,,
2023-03-10,2023-03-10,2023,3,2023-03,0,0,0,0,0,0,0,,
2023-02-18,2023-02-18,2023,2,2023-02,0,0,0,0,0,0,0,,
2023-02-09,2023-02-09,2023,2,2023-02,0,0,0,0,0,0,0,,
2023-02-05,2023-02-05,2023,2,2023-02,0,0,0,0,0,0,0,,
2023-01-07,2023-01-07,2023,1,2023-01,0,0,0,0,0,0,0,,
2022-12-31,2022-12-31,2022,12,2022-12,0,0,0,0,0,0,0,,
2022-11-21,2022-11-21,2022,11,2022-11,0,0,0,0,0,0,0,,
2022-11-01,2022-11-01,2022,11,2022-11,0,0,0,0,0,0,0,,
2022-10-20,2022-10-20,2022,10,2022-10,0,0,0,0,0,0,0,,
2022-10-10,2022-10-10,2022,10,2022-10,0,0,0,0,0,0,0,,
2022-10-06,2022-10-06,2022,10,2022-10,0,0,0,0,0,0,0,,
2022-09-21,2022-09-21,2022,9,2022-09,0,0,0,0,0,0,0,,
2022-09-20,2022-09-20,2022,9,2022-09,0,0,0,0,0,0,0,,
2022-09-03,2022-09-03,2022,9,2022-09,0,0,0,0,0,0,0,,
2022-07-11,2022-07-11,2022,7,2022-07,0,0,0,0,0,0,0,,
2022-07-09,2022-07-09,2022,7,2022-07,0,0,0,0,0,0,0,,
2022-06-18,2022-06-18,2022,6,2022-06,0,0,0,0,0,0,0,,
2022-04-26,2022-04-26,2022,4,2022-04,0,0,0,0,0,0,0,,
2022-04-23,2022-04-23,2022,4,2022-04,0,0,0,0,0,0,0,,
2022-04-18,2022-04-18,2022,4,2022-04,0,0,0,0,0,0,0,,
2022-04-02,2022-04-02,2022,4,2022-04,0,0,0,0,0,0,0,,
2022-02-15,2022-02-15,2022,2,2022-02,0,0,0,0,0,0,0,,
2022-02-02,2022-02-02,2022,2,2022-02,0,0,0,0,0,0,0,,
2022-01-29,2022-01-29,2022,1,2022-01,0,0,0,0,0,0,0,,
2022-01-19,2022-01-19,2022,1,2022-01,0,0,0,0,0,0,0,,
2022-01-16,2022-01-16,2022,1,2022-01,0,0,0,0,0,0,0,,
2021-12-09,2021-12-09,2021,12,2021-12,0,0,0,0,0,0,0,,
2021-11-13,2021-11-13,2021,11,2021-11,0,0,0,0,0,0,0,,
2021-10-30,2021-10-30,2021,10,2021-10,0,0,0,0,0,0,0,,
2021-10-29,2021-10-29,2021,10,2021-10,0,0,0,0,0,0,0,,
2021-10-11,2021-10-11,2021,10,2021-10,0,0,0,0,0,0,0,,
2021-10-06,2021-10-06,2021,10,2021-10,0,0,0,0,0,0,0,,
2021-09-19,2021-09-19,2021,9,2021-09,0,0,0,0,0,0,0,,
2021-09-16,2021-09-16,2021,9,2021-09,0,0,0,0,0,0,0,,
2021-09-13,2021-09-13,2021,9,2021-09,0,0,0,0,0,0,0,,
2021-09-10,2021-09-10,2021,9,2021-09,0,0,0,0,0,0,0,,
2021-08-06,2021-08-06,2021,8,2021-08,0,0,0,0,0,0,0,,
2021-08-02,2021-08-02,2021,8,2021-08,0,0,0,0,0,0,0,,
2021-08-01,2021-08-01,2021,8,2021-08,0,0,0,0,0,0,0,,
2021-07-19,2021-07-19,2021,7,2021-07,0,0,0,0,0,0,0,,
2021-07-04,2021-07-04,2021,7,2021-07,0,0,0,0,0,0,0,,
2021-07-03,2021-07-03,2021,7,2021-07,0,0,0,0,0,0,0,,
2021-06-24,2021-06-24,2021,6,2021-06,0,0,0,0,0,0,0,,
2021-06-03,2021-06-03,2021,6,2021-06,0,0,0,0,0,0,0,,
2021-06-01,2021-06-01,2021,6,2021-06,0,0,0,0,0,0,0,,
2021-05-31,2021-05-31,2021,5,2021-05,0,0,0,0,0,0,0,,
2021-05-20,2021-05-20,2021,5,2021-05,0,0,0,0,0,0,0,,
2021-05-02,2021-05-02,2021,5,2021-05,0,0,0,0,0,0,0,,
2021-04-18,2021-04-18,2021,4,2021-04,0,0,0,0,0,0,0,,
2021-04-12,2021-04-12,2021,4,2021-04,0,0,0,0,0,0,0,,
2021-04-02,2021-04-02,2021,4,2021-04,0,0,0,0,0,0,0,,
2021-03-16,2021-03-16,2021,3,2021-03,0,0,0,0,0,0,0,,
2021-03-12,2021-03-12,2021,3,2021-03,0,0,0,0,0,0,0,,
2021-02-26,2021-02-26,2021,2,2021-02,0,0,0,0,0,0,0,,
2021-02-10,2021-02-10,2021,2,2021-02,0,0,0,0,0,0,0,,
2021-01-16,2021-01-16,2021,1,2021-01,0,0,0,0,0,0,0,,
2021-01-15,2021-01-15,2021,1,2021-01,0,0,0,0,0,0,0,,
2021-01-05,2021-01-05,2021,1,2021-01,0,0,0,0,0,0,0,,
2021-01-02,2021-01-02,2021,1,2021-01,0,0,0,0,0,0,0,,
2020-12-17,2020-12-17,2020,12,2020-12,0,0,0,0,0,0,0,,
2020-12-15,2020-12-15,2020,12,2020-12,0,0,0,0,0,0,0,,
2020-12-02,2020-12-02,2020,12,2020-12,0,0,0,0,0,0,0,,
2020-10-29,2020-10-29,2020,10,2020-10,0,0,0,0,0,0,0,,
2020-10-16,2020-10-16,2020,10,2020-10,0,0,0,0,0,0,0,,
2020-09-15,2020-09-15,2020,9,2020-09,0,0,0,0,0,0,0,,
2020-09-09,2020-09-09,2020,9,2020-09,0,0,0,0,0,0,0,,
2020-08-29,2020-08-29,2020,8,2020-08,0,0,0,0,0,0,0,,
2020-08-11,2020-08-11,2020,8,2020-08,0,0,0,0,0,0,0,,
2020-08-05,2020-08-05,2020,8,2020-08,0,0,0,0,0,0,0,,
2020-06-20,2020-06-20,2020,6,2020-06,0,0,0,0,0,0,0,,
2020-06-15,2020-06-15,2020,6,2020-06,0,0,0,0,0,0,0,,
2020-06-14,2020-06-14,2020,6,2020-06,0,0,0,0,0,0,0,,
2020-06-12,2020-06-12,2020,6,2020-06,0,0,0,0,0,0,0,,
2020-05-31,2020-05-31,2020,5,2020-05,0,0,0,0,0,0,0,,
2020-05-26,2020-05-26,2020,5,2020-05,0,0,0,0,0,0,0,,
2020-05-03,2020-05-03,2020,5,2020-05,0,0,0,0,0,0,0,,
2020-05-01,2020-05-01,2020,5,2020-05,0,0,0,0,0,0,0,,
2020-04-16,2020-04-16,2020,4,2020-04,0,0,0,0,0,0,0,,
2020-04-09,2020-04-09,2020,4,2020-04,0,0,0,0,0,0,0,,
2020-04-03,2020-04-03,2020,4,2020-04,0,0,0,0,0,0,0,,
2020-03-24,2020-03-24,2020,3,2020-03,0,0,0,0,0,0,0,,
2020-03-18,2020-03-18,2020,3,2020-03,0,0,0,0,0,0,0,,
2020-02-15,2020-02-15,2020,2,2020-02,0,0,0,0,0,0,0,,
2020-02-14,2020-02-14,2020,2,2020-02,0,0,0,0,0,0,0,,
2020-02-13,2020-02-13,2020,2,2020-02,0,0,0,0,0,0,0,,
2020-01-22,2020-01-22,2020,1,2020-01,0,0,0,0,0,0,0,,
2020-01-09,2020-01-09,2020,1,2020-01,0,0,0,0,0,0,0,,
2019-12-25,2019-12-25,2019,12,2019-12,0,0,0,0,0,0,0,,
2019-12-14,2019-12-14,2019,12,2019-12,0,0,0,0,0,0,0,,
2019-12-10,2019-12-10,2019,12,2019-12,0,0,0,0,0,0,0,,
2019-11-14,2019-11-14,2019,11,2019-11,0,0,0,0,0,0,0,,
2019-11-10,2019-11-10,2019,11,2019-11,0,0,0,0,0,0,0,,
2019-09-21,2019-09-21,2019,9,2019-09,0,0,0,0,0,0,0,,
2019-09-15,2019-09-15,2019,9,2019-09,0,0,0,0,0,0,0,,
2019-07-31,2019-07-31,2019,7,2019-07,0,0,0,0,0,0,0,,
2019-07-12,2019-07-12,2019,7,2019-07,0,0,0,0,0,0,0,,
2019-06-07,2019-06-07,2019,6,2019-06,0,0,0,0,0,0,0,,
2019-06-01,2019-06-01,2019,6,2019-06,0,0,0,0,0,0,0,,
2019-03-19,2019-03-19,2019,3,2019-03,0,0,0,0,0,0,0,,
2019-02-22,2019-02-22,2019,2,2019-02,0,0,0,0,0,0,0,,
2019-01-19,2019-01-19,2019,1,2019-01,0,0,0,0,0,0,0,,
2019-01-07,2019-01-07,2019,1,2019-01,0,0,0,0,0,0,0,,
2018-12-21,2018-12-21,2018,12,2018-12,0,0,0,0,0,0,0,,
2018-11-11,2018-11-11,2018,11,2018-11,0,0,0,0,0,0,0,,
2018-09-25,2018-09-25,2018,9,2018-09,0,0,0,0,0,0,0,,
2018-09-14,2018-09-14,2018,9,2018-09,0,0,0,0,0,0,0,,
2018-08-31,2018-08-31,2018,8,2018-08,0,0,0,0,0,0,0,,
2018-08-08,2018-08-08,2018,8,2018-08,0,0,0,0,0,0,0,,
2018-07-06,2018-07-06,2018,7,2018-07,0,0,0,0,0,0,0,,
2018-06-12,2018-06-12,2018,6,2018-06,0,0,0,0,0,0,0,,
2018-06-01,2018-06-01,2018,6,2018-06,0,0,0,0,0,0,0,,
2018-05-30,2018-05-30,2018,5,2018-05,0,0,0,0,0,0,0,,
2018-05-25,2018-05-25,2018,5,2018-05,0,0,0,0,0,0,0,,
2018-03-28,2018-03-28,2018,3,2018-03,0,0,0,0,0,0,0,,
2018-03-03,2018-03-03,2018,3,2018-03,0,0,0,0,0,0,0,,
2018-02-07,2018-02-07,2018,2,2018-02,0,0,0,0,0,0,0,,
2018-02-03,2018-02-03,2018,2,2018-02,0,0,0,0,0,0,0,,
2018-01-23,2018-01-23,2018,1,2018-01,0,0,0,0,0,0,0,,
2018-01-06,2018-01-06,2018,1,2018-01,0,0,0,0,0,0,0,,
2018-01-02,2018-01-02,2018,1,2018-01,0,0,0,0,0,0,0,,
2017-12-31,2017-12-31,2017,12,2017-12,0,0,0,0,0,0,0,,
2017-12-22,2017-12-22,2017,12,2017-12,0,0,0,0,0,0,0,,
2017-12-13,2017-12-13,2017,12,2017-12,0,0,0,0,0,0,0,,
2017-10-13,2017-10-13,2017,10,2017-10,0,0,0,0,0,0,0,,
2017-08-21,2017-08-21,2017,8,2017-08,0,0,0,0,0,0,0,,
2017-07-21,2017-07-21,2017,7,2017-07,0,0,0,0,0,0,0,,
2017-06-22,2017-06-22,2017,6,2017-06,0,0,0,0,0,0,0,,
2017-04-18,2017-04-18,2017,4,2017-04,0,0,0,0,0,0,0,,
2017-03-31,2017-03-31,2017,3,2017-03,0,0,0,0,0,0,0,,
2017-03-30,2017-03-30,2017,3,2017-03,0,0,0,0,0,0,0,,
2017-02-28,2017-02-28,2017,2,2017-02,0,0,0,0,0,0,0,,
2017-02-06,2017-02-06,2017,2,2017-02,0,0,0,0,0,0,0,,
2017-01-19,2017-01-19,2017,1,2017-01,0,0,0,0,0,0,0,,
2016-12-30,2016-12-30,2016,12,2016-12,0,0,0,0,0,0,0,,
2016-12-08,2016-12-08,2016,12,2016-12,0,0,0,0,0,0,0,,
2016-11-28,2016-11-28,2016,11,2016-11,0,0,0,0,0,0,0,,
2016-11-17,2016-11-17,2016,11,2016-11,0,0,0,0,0,0,0,,
2016-11-13,2016-11-13,2016,11,2016-11,0,0,0,0,0,0,0,,
2016-11-03,2016-11-03,2016,11,2016-11,0,0,0,0,0,0,0,,
2016-09-09,2016-09-09,2016,9,2016-09,0,0,0,0,0,0,0,,
2016-08-29,2016-08-29,2016,8,2016-08,0,0,0,0,0,0,0,,
2016-08-10,2016-08-10,2016,8,2016-08,0,0,0,0,0,0,0,,
2016-08-09,2016-08-09,2016,8,2016-08,0,0,0,0,0,0,0,,
2016-06-27,2016-06-27,2016,6,2016-06,0,0,0,0,0,0,0,,
2016-06-07,2016-06-07,2016,6,2016-06,0,0,0,0,0,0,0,,
2016-05-22,2016-05-22,2016,5,2016-05,0,0,0,0,0,0,0,,
2016-05-17,2016-05-17,2016,5,2016-05,0,0,0,0,0,0,0,,
2016-05-07,2016-05-07,2016,5,2016-05,0,0,0,0,0,0,0,,
2016-05-02,2016-05-02,2016,5,2016-05,0,0,0,0,0,0,0,,
2016-04-02,2016-04-02,2016,4,2016-04,0,0,0,0,0,0,0,,
2016-02-22,2016-02-22,2016,2,2016-02,0,0,0,0,0,0,0,,
2012-12-29,2012-12-29,2012,12,2012-12,0,0,0,0,0,0,0,,
2012-12-13,2012-12-13,2012,12,2012-12,0,0,0,0,0,0,0,,
2012-12-04,2012-12-04,2012,12,2012-12,0,0,0,0,0,0,0,,
2012-11-28,2012-11-28,2012,11,2012-11,0,0,0,0,0,0,0,,
2012-11-25,2012-11-25,2012,11,2012-11,0,0,0,0,0,0,0,,
2012-10-30,2012-10-30,2012,10,2012-10,0,0,0,0,0,0,0,,
2012-10-29,2012-10-29,2012,10,2012-10,0,0,0,0,0,0,0,,
2012-10-13,2012-10-13,2012,10,2012-10,0,0,0,0,0,0,0,,
2012-10-12,2012-10-12,2012,10,2012-10,0,0,0,0,0,0,0,,
2012-10-05,2012-10-05,2012,10,2012-10,0,0,0,0,0,0,0,,
2012-09-27,2012-09-27,2012,9,2012-09,0,0,0,0,0,0,0,,
2012-09-26,2012-09-26,2012,9,2012-09,0,0,0,0,0,0,0,,
2012-09-23,2012-09-23,2012,9,2012-09,0,0,0,0,0,0,0,,
2012-09-05,2012-09-05,2012,9,2012-09,0,0,0,0,0,0,0,,
2012-08-26,2012-08-26,2012,8,2012-08,0,0,0,0,0,0,0,,
2012-06-27,2012-06-27,2012,6,2012-06,0,0,0,0,0,0,0,,
2012-05-26,2012-05-26,2012,5,2012-05,0,0,0,0,0,0,0,,
2012-05-24,2012-05-24,2012,5,2012-05,0,0,0,0,0,0,0,,
2012-05-22,2012-05-22,2012,5,2012-05,0,0,0,0,0,0,0,,
2012-05-14,2012-05-14,2012,5,2012-05,0,0,0,0,0,0,0,,
2012-04-26,2012-04-26,2012,4,2012-04,0,0,0,0,0,0,0,,
2012-04-24,2012-04-24,2012,4,2012-04,0,0,0,0,0,0,0,,
2012-04-10,2012-04-10,2012,4,2012-04,0,0,0,0,0,0,0,,
2012-03-21,2012-03-21,2012,3,2012-03,0,0,0,0,0,0,0,,
2012-03-20,2012-03-20,2012,3,2012-03,0,0,0,0,0,0,0,,
2012-03-06,2012-03-06,2012,3,2012-03,0,0,0,0,0,0,0,,
2016-03-16,2016-03-16,2016,3,2016-03,0,0,0,1,0,1,0,1.0,462.0
2016-02-02,2016-02-02,2016,2,2016-02,0,0,0,3,0,3,0,1.0,452.3333333333333
2013-01-06,2013-01-06,2013,1,2013-01,0,0,0,1,0,1,0,2.0,
2016-04-17,2016-04-17,2016,4,2016-04,0,0,0,1,0,1,0,1.0,492.0
2016-04-04,2016-04-04,2016,4,2016-04,0,0,0,1,0,1,0,3.0,463.0
2016-01-19,2016-01-19,2016,1,2016-01,0,0,0,1,0,1,0,1.0,420.0
2016-05-06,2016-05-06,2016,5,2016-05,0,0,0,1,0,1,0,2.0,496.0
2015-12-02,2015-12-02,2015,12,2015-12,0,0,0,4,0,4,0,2.75,369.25
2016-03-06,2016-03-06,2016,3,2016-03,0,0,0,1,0,1,0,1.0,460.0
2016-02-05,2016-02-05,2016,2,2016-02,0,0,0,2,0,2,0,1.5,460.5
2016-01-12,2016-01-12,2016,1,2016-01,0,0,0,0,2,0,0,,
2012-09-04,2012-09-04,2012,9,2012-09,0,0,0,0,1,0,0,,
2016-03-10,2016-03-10,2016,3,2016-03,0,0,0,0,1,0,0,,
2016-02-09,2016-02-09,2016,2,2016-02,0,0,0,0,2,0,0,,
2016-02-26,2016-02-26,2016,2,2016-02,0,0,0,0,1,0,0,,
2016-01-13,2016-01-13,2016,1,2016-01,0,0,0,0,2,0,0,,
2016-02-16,2016-02-16,2016,2,2016-02,0,0,0,0,2,0,0,,
2016-03-11,2016-03-11,2016,3,2016-03,0,0,0,1,0,1,0,3.0,461.0
2016-01-29,2016-01-29,2016,1,2016-01,0,0,0,1,0,1,0,3.0,427.0
2016-01-10,2016-01-10,2016,1,2016-01,0,0,0,2,0,2,0,1.5,383.0
2016-02-07,2016-02-07,2016,2,2016-02,0,0,0,0,2,0,0,,
2016-01-28,2016-01-28,2016,1,2016-01,0,0,0,0,3,0,0,,
2016-04-18,2016-04-18,2016,4,2016-04,0,0,0,0,1,0,0,,
2016-04-15,2016-04-15,2016,4,2016-04,0,0,0,1,0,1,0,4.0,488.0
2016-02-13,2016-02-13,2016,2,2016-02,0,0,0,1,0,1,0,3.0,476.0
2016-01-31,2016-01-31,2016,1,2016-01,0,0,0,2,0,2,0,1.0,433.5
2016-01-26,2016-01-26,2016,1,2016-01,0,0,0,1,0,1,0,2.0,425.0
2012-09-03,2012-09-03,2012,9,2012-09,0,0,0,1,0,1,0,1.0,
2016-02-15,2016-02-15,2016,2,2016-02,0,0,0,2,0,2,0,2.0,446.5
2016-02-12,2016-02-12,2016,2,2016-02,0,0,0,1,0,1,0,9.0,426.0
2016-02-08,2016-02-08,2016,2,2016-02,0,0,0,1,0,1,0,1.0,445.0
2016-01-27,2016-01-27,2016,1,2016-01,0,0,0,1,0,1,0,1.0,406.0
2016-04-01,2016-04-01,2016,4,2016-04,0,0,0,1,0,1,0,4.0,475.0
2016-02-17,2016-02-17,2016,2,2016-02,0,0,0,1,0,1,0,4.0,442.0
2016-04-07,2016-04-07,2016,4,2016-04,0,0,0,0,1,0,0,,
2016-03-20,2016-03-20,2016,3,2016-03,0,0,0,0,1,0,0,,
2016-03-15,2016-03-15,2016,3,2016-03,0,0,0,0,1,0,0,,
2016-04-19,2016-04-19,2016,4,2016-04,0,0,0,0,1,0,0,,
2016-05-08,2016-05-08,2016,5,2016-05,0,0,0,0,1,0,0,,
2016-04-05,2016-04-05,2016,4,2016-04,0,0,0,0,1,0,0,,
2016-03-07,2016-03-07,2016,3,2016-03,0,0,0,0,2,0,0,,
2016-01-25,2016-01-25,2016,1,2016-01,0,0,0,0,1,0,0,,
2016-03-12,2016-03-12,2016,3,2016-03,0,0,0,0,2,0,0,,
2016-03-08,2016-03-08,2016,3,2016-03,0,0,0,2,0,2,0,2.5,479.0
2016-03-01,2016-03-01,2016,3,2016-03,0,0,0,1,0,1,0,2.0,446.0
2016-02-19,2016-02-19,2016,2,2016-02,0,0,0,0,1,0,0,,
