year_month,lead_time_bucket,stay_length_bucket,party_segment,users,events,weighted_events,bookings,booking_row_rate,booking_weighted_event_rate,package_share,mobile_share,booking_value_proxy_total,sessions,booking_sessions,session_booking_rate
2014-08-01,31_90,8_14,couple,5539,24194,38746,659,0.02723815822104654,0.017240489340835184,0.47192716236722304,0.1462346036207324,970,9126,893,0.09785229015998247
2014-08-01,91_plus,4_7,couple,30174,140829,231035,3312,0.023517883390494855,0.014725041660354491,0.42844202898550726,0.18238431004977668,4731,52898,3935,0.07438844568792771
2014-08-01,31_90,2_3,group,8005,35195,50684,1968,0.05591703366955533,0.039164233288611794,0.133130081300813,0.13393948003977837,2230,12394,2299,0.1854929804744231
2014-08-01,31_90,1,couple,21926,80473,105504,7570,0.09406881811290743,0.07323892932969366,0.02391017173051519,0.12554521392268214,7751,31788,8251,0.2595633572417264
2014-08-01,8_30,2_3,couple,45508,189950,265450,11991,0.06312713872071597,0.045835373893388584,0.12200817279626386,0.1453750987101869,13454,70326,14187,0.20173193413531268
2014-08-01,same_next_day,1,couple,20736,65223,87779,9134,0.14004262300108858,0.10476309823534102,0.0021896211955331727,0.2864020360915628,9154,27656,10296,0.3722881110789702
2014-08-01,31_90,2_3,solo,14355,52931,73936,4194,0.07923523077213732,0.058226033326119885,0.20863137815927515,0.0856397952050783,5069,21024,4758,0.22631278538812785
2014-08-01,2_7,1,solo,13077,39279,51061,7011,0.17849232414267166,0.13912770999392882,0.06475538439594922,0.08668754296188803,7465,17066,7417,0.43460682057892885
2014-08-01,2_7,4_7,couple,8844,32418,48209,1780,0.05490776728977728,0.03742039868074426,0.24775280898876403,0.1433462890986489,2221,12828,2320,0.18085438104147178
2014-08-01,2_7,4_7,solo,4894,16289,23111,1772,0.10878506967892443,0.07749556488252347,0.19525959367945825,0.10098839707778255,2118,6895,2103,0.30500362581580853
2014-08-01,same_next_day,2_3,couple,10151,31933,44572,3156,0.09883192935208092,0.07141254599300009,0.03358681875792142,0.21376006012588858,3262,13115,3994,0.30453678993518873
2014-08-01,2_7,2_3,couple,24378,83938,115978,6365,0.07582977912268579,0.055605373432892444,0.07965435978004713,0.16327527460744837,6872,33703,7899,0.23437082752277244
2014-08-01,31_90,2_3,couple,42786,190620,273502,10697,0.056116881754275524,0.03974376787007042,0.15864261007759184,0.14953310250760676,12394,69374,12033,0.17345114884538876
2014-08-01,same_next_day,2_3,group,1496,5141,7248,527,0.1025092394475783,0.07312362030905077,0.018975332068311195,0.18420540750826686,537,1919,685,0.3569567483064096
2014-08-01,8_30,1,family_with_children,8817,36321,49896,3494,0.09619779191101567,0.07090748757415424,0.005437893531768746,0.1359544065416701,3513,12524,3607,0.28800702650910254
2014-08-01,31_90,1,solo,8021,26965,34878,3207,0.11893194882254775,0.09355467630024657,0.06922357343311505,0.07457815687001669,3429,11029,3420,0.3100915767521987
2014-08-01,91_plus,2_3,couple,20444,88544,127704,3978,0.044926816046259484,0.03193322057257408,0.1518350930115636,0.1511226057101554,4582,32664,4510,0.13807249571393584
2014-08-01,31_90,4_7,family_with_children,6275,30361,48544,980,0.032278251704489315,0.020620468029004614,0.36122448979591837,0.17548829089950924,1334,10560,1129,0.10691287878787879
2014-08-01,2_7,2_3,solo,11540,37384,51278,5087,0.13607425636635995,0.1005499434455322,0.15470807941812464,0.08827305799272415,5874,15783,5737,0.3634923652030666
2014-08-01,8_30,2_3,solo,18896,69609,96667,7234,0.10392334324584465,0.07582732473336298,0.20293060547414984,0.08441437170480828,8702,27792,8116,0.2920264824409902
2014-08-01,91_plus,1,couple,9034,33246,43896,2608,0.07844552728147747,0.061121742299981775,0.02799079754601227,0.11300607591890753,2681,13243,2790,0.21067733897153212
2014-08-01,same_next_day,1,solo,10789,32445,42716,6519,0.20092464170134072,0.15401723007772264,0.018100935726338394,0.16215133302511944,6637,14608,7003,0.479394852135816
2014-08-01,91_plus,8_14,family_with_children,3594,16952,27407,253,0.014924492685228882,0.009486627503922356,0.49407114624505927,0.1934285040113261,378,6129,331,0.054005547397617884
2014-08-01,8_30,2_3,group,7613,32594,46168,2104,0.06455175799226852,0.045962571478080055,0.09838403041825095,0.11480640608700989,2311,11343,2651,0.23371242175791238
2014-08-01,2_7,1,couple,27925,89554,118546,10083,0.11259128570471448,0.08617751758810925,0.009520975900029753,0.16472742702726847,10179,36841,11376,0.30878640644933636
2014-08-01,2_7,1,group,4530,15682,21211,1839,0.11726820558602219,0.08707745980858989,0.008700380641653072,0.1308506568039791,1855,5903,2112,0.35778417753684566
2014-08-01,91_plus,2_3,group,4531,19524,28760,943,0.048299528785085026,0.033310152990264255,0.176033934252386,0.14177422659291128,1109,6913,1105,0.15984377260234342
2014-08-01,91_plus,1,solo,2344,7860,10072,720,0.0916030534351145,0.0726767275615568,0.05416666666666667,0.07455470737913486,759,3178,746,0.23473882945248584
2014-08-01,8_30,4_7,family_with_children,5428,26872,41096,1059,0.039409050312593036,0.026304263188631497,0.2728989612842304,0.15424977671926168,1348,9137,1278,0.13987085476633468
2014-08-01,8_30,8_14,couple,3672,14389,21595,478,0.03321982069636528,0.022181060430655243,0.3786610878661088,0.1466397942873028,659,5709,723,0.12664214398318444
2014-08-01,2_7,2_3,group,3892,14151,20006,1126,0.07957034838527313,0.05668299510146956,0.046181172291296625,0.13143947424210303,1178,5221,1445,0.27676690289216627
2014-08-01,same_next_day,1,group,2849,9447,12992,1282,0.13570445644119827,0.09906096059113301,0.00234009360374415,0.2542606118344448,1285,3676,1552,0.42219804134929273
2014-08-01,91_plus,4_7,solo,5950,22414,34170,777,0.03466583385384135,0.023353819139596138,0.39510939510939513,0.12108503613812796,1084,8963,978,0.10911525158986947
2014-08-01,91_plus,4_7,group,6154,26963,43158,727,0.02696287505099581,0.017146299643171603,0.390646492434663,0.16849015317286653,1011,9839,892,0.09065961988006911
2014-08-01,91_plus,2_3,solo,4700,17385,24570,1027,0.05907391429393155,0.042735042735042736,0.1801363193768257,0.10388265746333046,1212,6831,1169,0.1711316059142146
2014-08-01,same_next_day,4_7,family_with_children,1016,3722,5816,206,0.055346587855991405,0.0359353507565337,0.1262135922330097,0.21708758731864589,232,1394,261,0.1872309899569584
2014-08-01,91_plus,1,group,1879,6880,9150,524,0.07616279069767441,0.057704918032786885,0.02099236641221374,0.1002906976744186,535,2642,598,0.22634367903103708
2014-08-01,same_next_day,8_14,family_with_children,146,512,758,17,0.033203125,0.022427440633245383,0.23529411764705882,0.142578125,21,194,27,0.13917525773195877
2014-08-01,31_90,8_14,solo,2062,7197,11025,274,0.03807141864665833,0.025124716553287983,0.4124087591240876,0.09003751563151313,387,2947,401,0.13607058025110283
2014-08-01,31_90,1,group,4143,16423,22214,1565,0.09529318638494794,0.07094625011254165,0.020447284345047924,0.0999208427205748,1597,5974,1716,0.2872447271509876
2014-08-01,31_90,8_14,group,638,2525,4105,80,0.031683168316831684,0.019732034104750305,0.4375,0.12554455445544555,115,958,105,0.10960334029227557
2014-08-01,8_30,8_14,solo,1887,6512,9633,391,0.060042997542997543,0.041316308522786255,0.2966751918158568,0.08307739557739557,507,2795,537,0.192128801431127
2014-08-01,same_next_day,2_3,solo,5590,16953,23460,2718,0.16032560608741817,0.11641091219096335,0.06475349521707138,0.1372028549519259,2894,7256,3138,0.4324696802646086
2014-08-01,2_7,4_7,group,1396,4902,7063,255,0.052019583843329255,0.03624522157723347,0.17254901960784313,0.12280701754385964,299,1931,366,0.18953909891248058
2014-08-01,8_30,8_14,group,420,1667,2598,60,0.035992801439712056,0.023094688221709007,0.23333333333333334,0.11277744451109778,74,604,88,0.1456953642384106
2014-08-01,2_7,8_14,family_with_children,528,2059,3182,60,0.029140359397765905,0.018856065367693273,0.2,0.14084507042253522,72,763,87,0.11402359108781127
2014-08-01,8_30,15_plus,family_with_children,118,421,592,14,0.0332541567695962,0.02364864864864865,0.14285714285714285,0.12826603325415678,16,148,20,0.13513513513513514
2014-08-01,same_next_day,15_plus,couple,96,184,252,4,0.021739130434782608,0.015873015873015872,0.25,0.15217391304347827,5,102,16,0.1568627450980392
2014-08-01,same_next_day,15_plus,solo,87,230,308,11,0.04782608695652174,0.03571428571428571,0.0,0.06086956521739131,11,107,19,0.17757009345794392
2014-08-01,2_7,15_plus,family_with_children,69,192,261,6,0.03125,0.022988505747126436,0.0,0.1875,6,80,14,0.175
2014-08-01,91_plus,15_plus,family_with_children,395,1402,2011,18,0.012838801711840228,0.009448035803083043,0.3888888888888889,0.17760342368045648,25,564,36,0.06382978723404255
2014-08-01,31_90,15_plus,family_with_children,107,340,475,5,0.014705882352941176,0.010526315789473684,0.0,0.16470588235294117,5,142,13,0.09154929577464789
2014-03-01,same_next_day,2_3,couple,5322,16097,22624,1868,0.11604646828601603,0.08323019801980198,0.027837259100642397,0.1799092998695409,1920,6693,2291,0.3422979232033468
2014-03-01,8_30,1,couple,18387,59622,77800,6369,0.10682298480426689,0.08309768637532133,0.02166745171926519,0.11505819999329106,6507,24709,7287,0.2949127848152495
2014-03-01,2_7,1,family_with_children,4960,17347,23958,2146,0.12371015161122961,0.09086735119792971,0.005125815470643057,0.16008531734593878,2157,6537,2231,0.3412880526235276
2014-03-01,same_next_day,1,solo,7671,22097,28940,5036,0.2279042403946237,0.1748790601243953,0.014694201747418586,0.1389781418292076,5110,10131,5352,0.528279538051525
2014-03-01,same_next_day,1,couple,10852,32237,43683,5058,0.15690045599776653,0.11681889980083786,0.0019770660340055358,0.22086422433849304,5068,14002,5647,0.4032995286387659
2014-03-01,8_30,1,solo,9536,28366,36240,4845,0.17080307410279913,0.1354028697571744,0.09514963880288958,0.06560671226115772,5306,12428,5122,0.4121338912133891
2014-03-01,91_plus,4_7,family_with_children,10637,54306,86530,1861,0.03426877324789158,0.021923032474286376,0.31757119828049435,0.18036681029720472,2452,19250,2011,0.10446753246753247
2014-03-01,8_30,2_3,family_with_children,9081,40203,56819,3038,0.07556650001243688,0.054295218148858654,0.06287030941408822,0.1499639330398229,3229,13749,3281,0.2386355371299731
2014-03-01,31_90,1,family_with_children,4432,17439,23743,1861,0.10671483456620219,0.07947605610074548,0.017732401934443847,0.12127988990194392,1894,6187,1871,0.30240827541619525
2014-03-01,2_7,2_3,family_with_children,4287,16604,22981,1417,0.08534088171524934,0.062094773943692616,0.03599153140437544,0.15345699831365936,1468,5881,1569,0.26679136201326303
2014-03-01,8_30,8_14,couple,1934,6690,9916,227,0.03393124065769806,0.023497377974989915,0.3568281938325991,0.14723467862481315,308,2785,350,0.12567324955116696
2014-03-01,91_plus,2_3,family_with_children,7223,36235,50673,2255,0.06223264799227266,0.045803485090679455,0.05942350332594235,0.13108872636953223,2389,11825,2317,0.19594080338266384
2014-03-01,8_30,1,group,2942,10123,13877,1150,0.11360268695050874,0.08323124594653022,0.013043478260869565,0.08268299911093549,1165,3865,1309,0.3386804657179819
2014-03-01,31_90,4_7,family_with_children,8118,39594,63098,1725,0.04356720715259888,0.0278931186408444,0.3681159420289855,0.15297772389756023,2360,14340,1922,0.13403068340306834
2014-03-01,same_next_day,1,group,1280,3879,5595,629,0.16215519463779324,0.11277926720285969,0.001589825119236884,0.1765919051301882,630,1581,736,0.465528146742568
2014-03-01,31_90,2_3,family_with_children,8552,37184,53024,2534,0.06814759036144578,0.048826946288473144,0.09194948697711129,0.14371772805507746,2767,12822,2671,0.20831383559507097
2014-03-01,8_30,4_7,family_with_children,6244,29815,46935,1404,0.04709039074291464,0.030403749866837117,0.30626780626780625,0.1486835485493879,1834,10714,1612,0.1504573455292141
2014-03-01,same_next_day,2_3,solo,3829,10916,14831,1997,0.18294246976914622,0.1355943631582496,0.06159238858287431,0.11139611579333089,2120,4839,2304,0.47613143211407316
2014-03-01,31_90,8_14,family_with_children,1341,5329,8667,170,0.03190091949709139,0.020076150917272412,0.43529411764705883,0.16832426346406457,244,2201,229,0.1040436165379373
2014-03-01,8_30,8_14,solo,1124,3566,5290,242,0.06786315199102635,0.04593572778827977,0.28512396694214875,0.08581043185642176,311,1533,318,0.20743639921722112
2014-03-01,91_plus,8_14,couple,5244,19749,32656,458,0.023191047647982178,0.014300587947084763,0.6397379912663755,0.17631272469492126,751,8286,655,0.07904899831040309
2014-03-01,2_7,8_14,solo,555,1626,2396,156,0.0959409594095941,0.0659432387312187,0.17307692307692307,0.07134071340713408,183,722,200,0.2770083102493075
2014-03-01,91_plus,1,family_with_children,3858,16124,21738,1619,0.10040932771024559,0.07594994939736867,0.012353304508956145,0.10053336641032001,1639,5661,1569,0.2771595124536301
2014-03-01,2_7,8_14,couple,735,1945,2708,85,0.043701799485861184,0.03138847858197932,0.15294117647058825,0.11105398457583547,98,907,153,0.16868798235942667
2014-03-01,2_7,4_7,family_with_children,1792,6967,10574,389,0.055834649059853594,0.03763949309627388,0.18508997429305912,0.1514281613319937,461,2631,467,0.17749904979095402
2014-03-01,same_next_day,2_3,group,710,2102,3038,293,0.13939105613701236,0.0967741935483871,0.023890784982935155,0.1598477640342531,300,855,367,0.42923976608187137
2014-03-01,same_next_day,4_7,group,216,587,868,71,0.12095400340715502,0.08294930875576037,0.056338028169014086,0.1141396933560477,75,278,91,0.3273381294964029
2014-03-01,91_plus,15_plus,family_with_children,458,1474,2181,25,0.016960651289009497,0.01192113709307657,0.36,0.1350067842605156,34,630,53,0.08412698412698413
2014-03-01,91_plus,8_14,solo,1044,3534,5554,101,0.028579513299377475,0.018185091825711198,0.4752475247524752,0.1298811544991511,149,1573,136,0.08645899554990465
2014-03-01,same_next_day,4_7,couple,1523,4169,6157,351,0.08419285200287839,0.057333116777651454,0.06267806267806268,0.15255456944111298,373,1864,481,0.2580472103004292
2014-03-01,31_90,15_plus,couple,560,1783,2554,23,0.012899607403252944,0.009005481597494126,0.17391304347826086,0.17274256870443072,27,763,84,0.11009174311926606
2014-03-01,2_7,15_plus,couple,143,364,454,8,0.02197802197802198,0.01762114537444934,0.25,0.07142857142857142,10,166,25,0.15060240963855423
2014-03-01,8_30,15_plus,couple,354,791,1043,20,0.025284450063211124,0.019175455417066157,0.15,0.13653603034134007,23,409,39,0.09535452322738386
2014-03-01,91_plus,8_14,group,851,3188,5064,83,0.026035131744040152,0.016587677725118485,0.5542168674698795,0.1606022584692597,129,1252,108,0.08626198083067092
2014-03-01,same_next_day,4_7,solo,1153,3244,4570,502,0.15474722564734894,0.1111597374179431,0.08764940239043825,0.10480887792848335,546,1477,617,0.4177386594448206
2014-03-01,31_90,15_plus,solo,270,841,1161,28,0.03329369797859691,0.024117140396210164,0.25,0.08680142687277051,35,340,39,0.11470588235294117
2014-03-01,same_next_day,8_14,solo,181,439,591,54,0.12300683371298406,0.09306260575296109,0.16666666666666666,0.08200455580865604,63,208,74,0.3557692307692308
2014-03-01,8_30,15_plus,solo,294,795,1117,43,0.05408805031446541,0.03939122649955237,0.16279069767441862,0.05660377358490566,50,369,58,0.15718157181571815
2014-03-01,31_90,15_plus,group,71,170,245,3,0.01764705882352941,0.012244897959183673,0.0,0.09411764705882353,3,82,8,0.0975609756097561
2014-03-01,same_next_day,8_14,couple,177,367,516,36,0.09809264305177112,0.06976744186046512,0.05555555555555555,0.1444141689373297,38,201,61,0.3034825870646766
2014-03-01,same_next_day,8_14,group,26,56,77,1,0.017857142857142856,0.012987012987012988,0.0,0.07142857142857142,1,30,5,0.16666666666666666
2014-03-01,same_next_day,15_plus,solo,55,127,205,4,0.031496062992125984,0.01951219512195122,0.0,0.07874015748031496,4,63,9,0.14285714285714285
2014-03-01,2_7,15_plus,solo,146,336,462,24,0.07142857142857142,0.05194805194805195,0.125,0.11011904761904762,27,178,40,0.2247191011235955
2014-03-01,8_30,8_14,group,226,638,983,23,0.03605015673981191,0.0254323499491353,0.21739130434782608,0.10658307210031348,28,309,36,0.11650485436893204
2014-04-01,8_30,2_3,couple,27525,104908,147433,7633,0.07275898882830671,0.052566250432399805,0.1320581684789729,0.12769283562740688,8641,41039,9005,0.2194254245961159
2014-04-01,31_90,4_7,couple,22693,99809,158327,4248,0.042561292067849595,0.027247405685701113,0.4211393596986817,0.14793255117273993,6037,37997,5100,0.13422112272021475
2014-04-01,2_7,1,couple,15983,49145,64979,6352,0.12925017804456201,0.09890887825297404,0.00802896725440806,0.14184555905992471,6403,20638,6977,0.33806570404108927
2014-04-01,8_30,4_7,couple,14517,56925,87072,2874,0.050487483530961795,0.033432102168320474,0.34585942936673625,0.14266139657444005,3868,22533,3589,0.1592775041050903
2014-04-01,31_90,8_14,couple,3537,13603,21112,436,0.032051753289715504,0.020935960591133004,0.4701834862385321,0.14246857310887304,641,5416,666,0.12296898079763663
2014-04-01,91_plus,4_7,solo,4282,14777,22022,644,0.04358124111795358,0.029879211697393517,0.35714285714285715,0.12884888678351492,874,6336,780,0.12310606060606061
2014-04-01,91_plus,2_3,family_with_children,5863,28435,40671,1702,0.05985581149991208,0.043101964544761624,0.05699177438307873,0.1273430631264287,1799,9457,1742,0.18420217828063867
2014-04-01,31_90,1,family_with_children,5027,23052,32100,2308,0.10012146451500954,0.07361370716510904,0.00779896013864818,0.13261322228006248,2326,7667,2234,0.2913786357114908
2014-04-01,8_30,4_7,solo,7127,24680,34817,2283,0.09250405186385738,0.0668064451273803,0.287341217696014,0.08594003241491086,2939,10537,2663,0.25272848059219893
2014-04-01,2_7,2_3,couple,13773,46532,64366,4053,0.08710134960887131,0.06358947270297984,0.07920059215396003,0.14037651508639215,4374,18674,4957,0.2654492877798008
2014-04-01,8_30,2_3,solo,13896,46321,63052,5759,0.12432805854795881,0.09328807968026391,0.20350755339468657,0.07968308110792081,6931,19924,6338,0.3181088134912668
2014-04-01,2_7,4_7,family_with_children,1703,6672,10555,370,0.05545563549160672,0.035528185693983895,0.25405405405405407,0.14448441247002397,464,2543,446,0.17538340542666142
2014-04-01,91_plus,4_7,couple,20164,86693,138358,2843,0.03279388185897362,0.020945662701108717,0.4231445655997186,0.16604570149839087,4046,34436,3355,0.09742711116273667
2014-04-01,8_30,4_7,group,2111,8707,13530,453,0.05202710462845986,0.034072431633407244,0.25165562913907286,0.11232341793958883,567,3242,586,0.18075262183837137
2014-04-01,8_30,1,family_with_children,5196,19396,27036,2055,0.10594968034646318,0.07715638408048528,0.007785888077858881,0.12811919983501752,2071,7097,2179,0.30703113991827535
2014-04-01,same_next_day,1,family_with_children,3113,10769,15271,1439,0.13362429194911318,0.09482024752799424,0.0006949270326615705,0.2587055436902219,1440,4016,1473,0.3667828685258964
2014-04-01,2_7,1,solo,10544,30313,38962,5938,0.19588955233728103,0.15435552589702786,0.05574267430111148,0.07597400455250222,6269,13715,6264,0.45672621217644915
2014-04-01,31_90,2_3,family_with_children,9112,45193,63537,2738,0.06058460381032461,0.04411602688197428,0.06574141709276844,0.14152634257517757,2918,14797,2821,0.19064675272014597
2014-04-01,2_7,2_3,solo,9086,28785,38632,4229,0.14691679694285217,0.11102195071443363,0.14495152518325846,0.08070175438596491,4842,12353,4702,0.38063628268436817
2014-04-01,31_90,4_7,solo,7075,24958,36426,1688,0.06763362448914176,0.04724647230000549,0.36492890995260663,0.09467906082218126,2304,10523,1982,0.18834933003896226
2014-04-01,91_plus,8_14,family_with_children,2547,11035,17601,279,0.02528318985047576,0.01619226180330663,0.44802867383512546,0.18087902129587677,404,4194,350,0.08345255126371007
2014-04-01,8_30,2_3,group,5035,20997,30638,1509,0.07186740962994713,0.049644232652261894,0.09741550695825049,0.09653760060961089,1656,7572,1863,0.2460380348652932
2014-04-01,31_90,8_14,solo,1365,4481,6468,213,0.04753403258201294,0.033240568954854666,0.38497652582159625,0.11091274269136353,295,1955,291,0.14884910485933503
2014-04-01,31_90,15_plus,family_with_children,281,978,1421,22,0.022494887525562373,0.015482054890921885,0.4090909090909091,0.14826175869120656,31,426,36,0.08450704225352113
2014-04-01,2_7,2_3,group,2133,7110,10045,658,0.09254571026722926,0.06570433051269288,0.0364741641337386,0.11026722925457103,682,2812,845,0.30049786628734
2014-04-01,91_plus,15_plus,family_with_children,310,1084,1552,21,0.01937269372693727,0.013530927835051547,0.23809523809523808,0.17435424354243542,26,430,36,0.08372093023255814
2014-04-01,91_plus,4_7,group,4185,18755,29905,647,0.03449746734204212,0.022069887978598896,0.3910355486862442,0.15542521994134897,900,6927,759,0.10957124296232135
2014-04-01,91_plus,1,family_with_children,3090,13233,18307,1323,0.09997732940376332,0.07412465177254603,0.012093726379440665,0.10368019345575455,1339,4623,1263,0.27319922128487995
2014-04-01,same_next_day,8_14,solo,202,442,623,38,0.08597285067873303,0.06420545746388442,0.02631578947368421,0.11764705882352941,39,238,64,0.2689075630252101
2014-04-01,same_next_day,2_3,family_with_children,1635,5879,8579,497,0.08453818676645689,0.05816528732952558,0.022132796780684104,0.23235244089130805,508,2075,582,0.28048192771084335
2014-04-01,same_next_day,4_7,family_with_children,467,1594,2542,84,0.05269761606022585,0.033438237608182535,0.20238095238095238,0.1725219573400251,101,600,124,0.20666666666666667
2014-04-01,31_90,4_7,group,4286,19848,31338,858,0.04322853688029021,0.027474631437870954,0.358974358974359,0.1333131801692866,1166,7119,1030,0.14468324202837476
2014-04-01,2_7,1,group,2436,7741,10718,1027,0.13267019764888258,0.0966598245941407,0.009737098344693282,0.12311070921069629,1037,3094,1192,0.38526179702650293
2014-04-01,2_7,8_14,couple,640,1872,2620,92,0.049145299145299144,0.035114503816793895,0.20652173913043478,0.10416666666666667,111,834,139,0.16666666666666666
2014-04-01,8_30,8_14,family_with_children,449,1587,2527,50,0.0315059861373661,0.019786307874950535,0.44,0.15500945179584122,72,656,75,0.11432926829268293
2014-04-01,2_7,8_14,solo,566,1539,2044,166,0.1078622482131254,0.08317025440313111,0.20481927710843373,0.08576998050682261,200,740,213,0.28783783783783784
2014-04-01,8_30,15_plus,couple,344,773,1006,28,0.03622250970245795,0.027833001988071572,0.25,0.09961190168175937,35,401,67,0.16708229426433915
2014-04-01,31_90,8_14,group,560,1985,3124,65,0.0327455919395466,0.020806658130601792,0.26153846153846155,0.11788413098236776,82,823,91,0.11057108140947752
2014-04-01,2_7,15_plus,couple,203,413,578,13,0.031476997578692496,0.02249134948096886,0.15384615384615385,0.12590799031476999,15,229,40,0.17467248908296942
2014-04-01,2_7,8_14,group,89,268,371,18,0.06716417910447761,0.04851752021563342,0.05555555555555555,0.08208955223880597,19,110,27,0.24545454545454545
2014-04-01,2_7,15_plus,solo,181,456,651,32,0.07017543859649122,0.05069124423963134,0.09375,0.06140350877192982,35,222,56,0.25225225225225223
2014-04-01,same_next_day,8_14,group,30,56,80,6,0.10714285714285714,0.075,0.0,0.10714285714285714,6,31,7,0.22580645161290322
2014-04-01,same_next_day,8_14,couple,155,295,383,25,0.0847457627118644,0.06788511749347259,0.12,0.1423728813559322,28,168,39,0.23214285714285715
2014-04-01,8_30,15_plus,group,44,87,122,3,0.034482758620689655,0.02459016393442623,0.0,0.04597701149425287,3,51,8,0.1568627450980392
2014-04-01,same_next_day,15_plus,solo,65,115,175,2,0.017391304347826087,0.011428571428571429,0.5,0.1565217391304348,3,71,13,0.18309859154929578
2014-04-01,8_30,15_plus,solo,321,886,1172,52,0.05869074492099323,0.04436860068259386,0.21153846153846154,0.0835214446952596,63,399,75,0.18796992481203006
2014-04-01,same_next_day,15_plus,couple,54,94,116,2,0.02127659574468085,0.017241379310344827,0.0,0.14893617021276595,2,58,8,0.13793103448275862
2013-08-01,91_plus,8_14,couple,2844,9770,16383,242,0.024769703172978507,0.014893487151315388,0.7024793388429752,0.1691914022517912,412,4272,334,0.07818352059925093
2013-08-01,91_plus,2_3,family_with_children,3585,13723,19811,881,0.06419879035196385,0.04553026096612993,0.07377979568671963,0.12234934052320921,946,5150,940,0.1825242718446602
2013-08-01,2_7,2_3,couple,9337,29158,41736,2656,0.09108992386309074,0.06438087023193406,0.10278614457831325,0.1536799506138967,2929,12282,3401,0.27690929815990883
2013-08-01,8_30,2_3,family_with_children,9317,35172,52321,3252,0.09245991129307404,0.06328242961717093,0.042435424354243544,0.11398271352211987,3390,13183,3572,0.270955017825988
2013-08-01,31_90,2_3,solo,5780,17865,25876,1802,0.10086761824797089,0.07095377956407482,0.33074361820199777,0.09129582983487265,2398,7943,2032,0.25582273700113306
2013-08-01,31_90,2_3,couple,15153,56274,83420,3899,0.06928599353164872,0.04756653080795972,0.22800718132854578,0.13946049685467535,4788,22454,4580,0.20397256613520975
2013-08-01,8_30,1,solo,6427,17887,23711,3196,0.17867725163526585,0.13651891527139304,0.0969962453066333,0.062056241963437134,3506,8156,3449,0.4228788621873467
2013-08-01,31_90,8_14,couple,2092,8117,13677,261,0.032154736971787605,0.019229363164436644,0.6590038314176245,0.16163607244055686,433,3254,399,0.12261831591886908
2013-08-01,31_90,1,group,1434,4766,6784,528,0.11078472513638271,0.07871462264150944,0.003787878787878788,0.11665967268149391,530,1956,606,0.3098159509202454
2013-08-01,2_7,2_3,solo,5016,14281,19592,2270,0.15895245430992228,0.11719069007758269,0.2026431718061674,0.10237378334850501,2730,6474,2573,0.3974358974358974
2013-08-01,2_7,1,solo,6017,16288,21191,3362,0.20640962671905697,0.15950167523948847,0.08298631766805473,0.09694253438113949,3641,7494,3590,0.47904990659194024
2013-08-01,31_90,4_7,couple,12496,49644,81532,2446,0.049270808154056885,0.03033164892312221,0.5412919051512673,0.16086536137297558,3770,19972,2976,0.14900861205687962
2013-08-01,8_30,15_plus,solo,196,477,739,21,0.0440251572327044,0.029769959404600813,0.38095238095238093,0.09433962264150944,29,239,35,0.14644351464435146
2013-08-01,2_7,1,couple,10293,29799,41209,4039,0.13554146112285648,0.0988861656434274,0.011884129735082941,0.1478908688211014,4087,12906,4684,0.3629319696265303
2013-08-01,8_30,4_7,family_with_children,4904,18282,28692,1285,0.07028771469204682,0.04548306148055207,0.18910505836575875,0.12186850453998468,1528,7193,1507,0.2095092450994022
2013-08-01,31_90,1,couple,7800,25836,35835,2891,0.11189812664499149,0.08201479000976698,0.03216879972327914,0.11418176188264437,2984,10634,3143,0.2955614068083506
2013-08-01,91_plus,1,couple,2967,9038,12208,839,0.09283027218411152,0.07085517693315858,0.03814064362336114,0.10477981854392565,871,3967,947,0.23871943534156795
2013-08-01,8_30,1,couple,12455,39683,54321,4796,0.12085779804954262,0.08924725244380627,0.020642201834862386,0.11181110299120531,4895,16617,5444,0.32761629656376
2013-08-01,31_90,4_7,group,1683,6710,10966,328,0.0488822652757079,0.03027539668064928,0.4603658536585366,0.15141579731743665,479,2606,407,0.15617805065234075
2013-08-01,31_90,1,solo,3345,9518,12887,1348,0.1416263920991805,0.10592069527430745,0.09272997032640949,0.06818659382223156,1473,4305,1479,0.34355400696864113
2013-08-01,91_plus,4_7,family_with_children,6237,26411,42163,947,0.03585627200787551,0.022982235609420584,0.3020063357972545,0.15925182689031087,1233,9979,1059,0.1061228580018038
2013-08-01,same_next_day,1,family_with_children,4650,14692,21498,2434,0.16566839096106725,0.11424318541259652,0.0016433853738701725,0.25279063435883475,2438,5862,2533,0.4321050835892187
2013-08-01,8_30,1,group,2274,8471,12389,980,0.11568882068232794,0.07982888045847122,0.015306122448979591,0.09845354739700153,995,3138,1122,0.3575525812619503
2013-08-01,31_90,15_plus,couple,275,703,1073,22,0.031294452347083924,0.02050326188257223,0.5909090909090909,0.09815078236130868,35,352,55,0.15625
2013-08-01,31_90,4_7,solo,4274,14067,21854,1092,0.07762849221582427,0.05092889173606662,0.4945054945054945,0.09092201606597,1632,6079,1277,0.21006744530350385
2013-08-01,91_plus,8_14,solo,636,1950,2947,52,0.02666666666666667,0.017645062775704105,0.7307692307692307,0.12666666666666668,90,874,76,0.08695652173913043
2013-08-01,2_7,4_7,family_with_children,2492,9002,13994,719,0.07987113974672296,0.05173645848220666,0.17385257301808066,0.13474783381470784,844,3601,822,0.22826992502082755
2013-08-01,2_7,2_3,group,1423,4202,6126,410,0.09757258448357925,0.06692784851452824,0.07073170731707316,0.13422179914326512,439,1829,556,0.3039912520503007
2013-08-01,same_next_day,8_14,family_with_children,100,282,412,17,0.06028368794326241,0.043689320388349516,0.0,0.21631205673758866,17,117,25,0.21367521367521367
2013-08-01,31_90,2_3,group,2913,11540,17561,770,0.06672443674176777,0.044245771880872385,0.21298701298701297,0.12409012131715771,934,4360,928,0.21284403669724772
2013-08-01,2_7,1,group,1726,5448,7953,747,0.13711453744493393,0.09442977492770024,0.00535475234270415,0.1183920704845815,751,2209,888,0.40199185151652334
2013-08-01,8_30,8_14,family_with_children,792,2424,3643,128,0.052805280528052806,0.03568487510293714,0.1796875,0.0924092409240924,151,1076,183,0.17007434944237917
2013-08-01,same_next_day,2_3,family_with_children,2675,8352,12659,1007,0.12056992337164751,0.08025910419464413,0.022840119165839126,0.20114942528735633,1030,3326,1145,0.34425736620565245
2013-08-01,91_plus,8_14,group,442,1522,2669,64,0.04204993429697766,0.024353690520794304,0.546875,0.11826544021024968,99,650,77,0.11846153846153847
2013-08-01,31_90,8_14,solo,708,2239,3375,128,0.05716837874050915,0.03851851851851852,0.5703125,0.09066547565877624,201,1004,163,0.16235059760956175
2013-08-01,91_plus,1,solo,922,2685,3668,277,0.10316573556797021,0.07606324972737187,0.07581227436823104,0.0931098696461825,298,1208,301,0.24917218543046357
2013-08-01,2_7,15_plus,family_with_children,96,227,319,8,0.03524229074889868,0.025078369905956112,0.0,0.07048458149779736,8,109,13,0.11926605504587157
2013-08-01,31_90,15_plus,solo,154,492,681,9,0.018292682926829267,0.014684287812041116,0.4444444444444444,0.07723577235772358,13,207,16,0.07729468599033816
2013-08-01,same_next_day,4_7,family_with_children,756,2240,3465,224,0.1,0.06522366522366523,0.08482142857142858,0.20758928571428573,243,981,271,0.2762487257900102
2013-08-01,31_90,8_14,group,227,723,1201,17,0.02351313969571231,0.014154870940882597,0.47058823529411764,0.14937759336099585,25,296,30,0.10135135135135136
2013-08-01,91_plus,15_plus,solo,148,373,526,6,0.0160857908847185,0.013307984790874524,0.8333333333333334,0.16621983914209115,11,193,9,0.046632124352331605
2013-08-01,91_plus,1,group,632,2291,3219,211,0.092099519860323,0.06585896241068655,0.023696682464454975,0.11305106940200786,216,884,229,0.25904977375565613
2013-08-01,8_30,15_plus,couple,264,747,1145,24,0.0321285140562249,0.02096069868995633,0.125,0.10977242302543508,27,323,40,0.1238390092879257
2013-08-01,2_7,8_14,family_with_children,400,1203,1744,78,0.06483790523690773,0.045871559633027525,0.1794871794871795,0.09642560266001662,92,511,110,0.21526418786692758
2013-08-01,91_plus,15_plus,couple,452,1193,1897,18,0.015088013411567477,0.010015814443858724,0.3888888888888889,0.10058675607711651,25,571,47,0.08231173380035026
2013-09-01,same_next_day,1,group,802,2377,3343,427,0.1796381994110223,0.12862698175291654,0.0,0.23937736642827093,427,1022,500,0.4892367906066536
2013-09-01,91_plus,4_7,family_with_children,6760,30188,48073,1087,0.03600768517291639,0.02311068583196389,0.3201471941122355,0.15294156618523916,1435,11142,1177,0.1056363309998205
2013-09-01,2_7,8_14,couple,418,1163,1783,56,0.04815133276010318,0.03196859226023556,0.23214285714285715,0.1298366294067068,69,558,100,0.17921146953405018
2013-09-01,8_30,4_7,couple,8866,33225,51381,1865,0.05613243039879609,0.03672563788170725,0.3935656836461126,0.1346576373212942,2599,13284,2451,0.18450767841011745
2013-09-01,31_90,2_3,family_with_children,6864,24252,34412,2198,0.09063170047831107,0.06541322794374056,0.07688808007279345,0.11578426521523998,2367,9560,2316,0.2422594142259414
2013-09-01,same_next_day,1,couple,6372,17831,23817,3126,0.17531265773091806,0.13209052357559725,0.005438259756877799,0.24064830912455834,3143,8080,3624,0.4485148514851485
2013-09-01,31_90,8_14,couple,2321,8720,14085,289,0.033142201834862384,0.020873269435569754,0.6228373702422145,0.14644495412844036,469,3626,440,0.12134583563154992
2013-09-01,91_plus,1,family_with_children,2174,7476,10046,816,0.10914927768860354,0.08411307983276926,0.022058823529411766,0.10593900481540931,834,2946,827,0.2807196198234895
2013-09-01,2_7,1,solo,7006,19199,24391,4143,0.21579248919214541,0.17256365052683367,0.07651460294472605,0.07224334600760456,4460,8875,4376,0.4930704225352113
2013-09-01,31_90,4_7,couple,12677,50309,82271,2436,0.04842075970502296,0.029974109953689636,0.5168308702791461,0.14355284342761732,3695,20195,2984,0.14775934637286456
2013-09-01,91_plus,2_3,couple,7049,25864,37410,1359,0.05254407670893907,0.03734295642876236,0.22737306843267108,0.1390736158366842,1668,10384,1611,0.15514252696456085
2013-09-01,8_30,2_3,group,2645,9672,13956,781,0.08074855252274607,0.056678131269704786,0.12804097311139565,0.10297766749379653,881,3793,980,0.25837068283680464
2013-09-01,8_30,4_7,solo,4441,14252,20663,1397,0.09802133033960146,0.06857668295987998,0.3593414459556192,0.09395172607353354,1899,6197,1649,0.26609649830563176
2013-09-01,8_30,2_3,couple,16744,58535,82115,4741,0.08099427692833347,0.058637276989587775,0.1697954018139633,0.12498505167848296,5546,23909,5934,0.2481910577606759
2013-09-01,2_7,4_7,couple,2859,9134,13589,650,0.07116268885482811,0.04864228420045625,0.2753846153846154,0.12907816947668052,829,3876,908,0.23426212590299278
2013-09-01,same_next_day,2_3,couple,3292,9156,12568,1167,0.12745740498034075,0.09404837683004456,0.032562125107112254,0.20882481432940148,1205,4018,1532,0.3812842210054754
2013-09-01,same_next_day,1,solo,5094,14081,18168,3283,0.23315105461259852,0.18235358872743285,0.016448370392933294,0.12832895390952348,3337,6557,3487,0.5317980783895074
2013-09-01,2_7,8_14,solo,352,977,1381,92,0.09416581371545547,0.06734250543084722,0.21739130434782608,0.09621289662231321,112,449,111,0.24721603563474387
2013-09-01,91_plus,2_3,solo,1808,6063,8640,355,0.05855187201055583,0.04201388888888889,0.23098591549295774,0.1037440211116609,437,2557,426,0.16660148611654282
2013-09-01,31_90,1,family_with_children,3687,11440,15345,1488,0.13006993006993006,0.09970674486803519,0.006720430107526882,0.09842657342657343,1498,4664,1496,0.32075471698113206
2013-09-01,8_30,2_3,solo,8863,28010,38059,3775,0.13477329525169582,0.10044930239890695,0.23337748344370862,0.07747233131024633,4656,12228,4202,0.3436375531566896
2013-09-01,2_7,1,couple,9224,25969,34203,3680,0.14170742038584466,0.10887933806975997,0.015217391304347827,0.1440948823597366,3736,11525,4277,0.3711062906724512
2013-09-01,31_90,4_7,solo,4326,14484,22426,1071,0.07394366197183098,0.04855970748238651,0.48366013071895425,0.09507042253521127,1589,6304,1249,0.19812817258883247
2013-09-01,91_plus,2_3,group,1665,6321,9463,364,0.05758582502768549,0.03899397654020924,0.18681318681318682,0.11406423034330011,432,2406,418,0.17373233582709893
2013-09-01,31_90,4_7,group,1907,7617,12583,354,0.04647499015360378,0.028292140189144083,0.4322033898305085,0.1407378232900092,507,2891,437,0.15115876859218264
2013-09-01,8_30,1,family_with_children,5450,17266,23116,2426,0.1405073554963512,0.10758781796158505,0.006183017312448475,0.09863315185914515,2441,6945,2457,0.35377969762419004
2013-09-01,same_next_day,2_3,solo,2539,6928,9286,1331,0.1921189376443418,0.14451863019599398,0.06235912847483095,0.11922632794457275,1414,3216,1552,0.48258706467661694
2013-09-01,8_30,8_14,solo,711,2087,3028,139,0.06660277910876856,0.04689564068692206,0.35251798561151076,0.07235265931959751,188,968,193,0.1993801652892562
2013-09-01,2_7,4_7,group,348,1145,1722,112,0.09781659388646288,0.06504065040650407,0.08928571428571429,0.09170305676855896,122,465,146,0.3139784946236559
2013-09-01,same_next_day,4_7,family_with_children,388,1007,1425,143,0.1420059582919563,0.10035087719298245,0.03496503496503497,0.1211519364448858,148,458,172,0.37554585152838427
2013-09-01,8_30,8_14,couple,1286,3930,5653,171,0.04351145038167939,0.030249425084026182,0.40350877192982454,0.12900763358778625,240,1780,277,0.1556179775280899
2013-09-01,2_7,2_3,family_with_children,3533,10561,14446,1348,0.1276394280844617,0.09532050394572893,0.026706231454005934,0.12858630811476185,1384,4464,1500,0.33602150537634407
2013-09-01,91_plus,15_plus,family_with_children,290,808,1199,22,0.027227722772277228,0.01834862385321101,0.09090909090909091,0.14603960396039603,24,366,39,0.10655737704918032
2013-09-01,91_plus,8_14,family_with_children,2062,7800,12657,182,0.023333333333333334,0.014537410128782492,0.46703296703296704,0.16012820512820514,267,3155,258,0.08177496038034865
2013-09-01,2_7,1,group,1343,3968,5354,580,0.1461693548387097,0.1096376540903997,0.008620689655172414,0.12046370967741936,585,1689,689,0.4079336885731202
2013-09-01,2_7,4_7,solo,2281,6569,8964,817,0.12437205054041711,0.09225792057117359,0.20195838433292534,0.09362155579235805,982,3012,1000,0.33200531208499334
2013-09-01,same_next_day,2_3,group,420,1100,1453,185,0.16818181818181818,0.12869924294562973,0.0,0.2109090909090909,185,512,231,0.451171875
2013-09-01,31_90,8_14,solo,817,2611,4141,120,0.04595940252776714,0.028978507606858248,0.5416666666666666,0.09230180007659901,185,1138,175,0.15377855887521968
2013-09-01,31_90,15_plus,couple,353,897,1192,20,0.022296544035674472,0.016778523489932886,0.3,0.0903010033444816,26,453,55,0.12141280353200883
2013-09-01,same_next_day,8_14,couple,118,269,460,15,0.055762081784386616,0.03260869565217391,0.13333333333333333,0.1412639405204461,17,145,34,0.23448275862068965
2013-09-01,8_30,4_7,group,1081,4067,6158,269,0.06614211949840176,0.043845404352062356,0.23048327137546468,0.11703958691910499,331,1584,336,0.21212121212121213
2013-09-01,31_90,15_plus,solo,188,582,869,15,0.02577319587628866,0.01726121979286536,0.3333333333333333,0.04639175257731959,20,251,28,0.11155378486055777
2013-09-01,2_7,8_14,group,46,146,238,9,0.06164383561643835,0.037815126050420166,0.1111111111111111,0.0821917808219178,10,59,15,0.2542372881355932
2013-09-01,2_7,15_plus,couple,130,239,305,5,0.02092050209205021,0.01639344262295082,0.0,0.18828451882845187,5,140,30,0.21428571428571427
2013-09-01,8_30,15_plus,couple,262,540,752,9,0.016666666666666666,0.011968085106382979,0.2222222222222222,0.10925925925925926,11,304,42,0.13815789473684212
2013-09-01,2_7,15_plus,group,17,46,51,3,0.06521739130434782,0.058823529411764705,0.0,0.2826086956521739,3,18,5,0.2777777777777778
2013-09-01,2_7,15_plus,solo,116,287,386,8,0.027874564459930314,0.02072538860103627,0.125,0.05226480836236934,9,133,18,0.13533834586466165
2013-09-01,8_30,8_14,group,126,409,568,17,0.04156479217603912,0.02992957746478873,0.23529411764705882,0.06601466992665037,21,181,26,0.143646408839779
2013-09-01,8_30,15_plus,solo,207,586,823,25,0.042662116040955635,0.030376670716889428,0.24,0.059726962457337884,31,262,42,0.16030534351145037
2013-09-01,8_30,15_plus,group,21,45,55,0,0.0,0.0,,0.13333333333333333,0,25,1,0.04
2013-09-01,31_90,8_14,group,265,1150,1882,33,0.028695652173913042,0.01753453772582359,0.6060606060606061,0.15565217391304348,53,409,46,0.11246943765281174
2013-09-01,same_next_day,15_plus,solo,43,74,99,10,0.13513513513513514,0.10101010101010101,0.3,0.0,13,44,17,0.38636363636363635
2013-09-01,same_next_day,8_14,solo,105,258,348,33,0.12790697674418605,0.09482758620689655,0.21212121212121213,0.12403100775193798,40,117,46,0.39316239316239315
2013-09-01,same_next_day,8_14,group,22,82,102,8,0.0975609756097561,0.0784313725490196,0.0,0.024390243902439025,8,24,8,0.3333333333333333
2013-09-01,same_next_day,15_plus,couple,40,54,65,0,0.0,0.0,,0.12962962962962962,0,42,9,0.21428571428571427
2013-01-01,8_30,8_14,solo,536,1576,2895,124,0.07868020304568528,0.043523316062176166,0.43548387096774194,0.10025380710659898,178,720,160,0.2222222222222222
2013-01-01,8_30,1,family_with_children,4020,11971,19975,1848,0.15437306824826663,0.09456821026282854,0.007575757575757576,0.0840364213515997,1862,5034,1874,0.37226857369884786
2013-01-01,2_7,4_7,couple,1972,5998,10724,441,0.0735245081693898,0.041588959343528534,0.2766439909297052,0.1437145715238413,563,2715,579,0.2132596685082873
2013-01-01,2_7,1,family_with_children,2971,8513,14008,1549,0.18195700693057676,0.11264991433466591,0.005810200129115558,0.1078350757664748,1558,3600,1597,0.4436111111111111
2013-01-01,8_30,4_7,family_with_children,3372,11967,21249,922,0.07704520765438289,0.04419031483834533,0.1789587852494577,0.11189103367594218,1087,4846,1045,0.2156417664052827
2013-01-01,31_90,4_7,family_with_children,7710,35181,64758,1697,0.04823626389244194,0.02665307761203249,0.4036535061873895,0.1280236491287911,2382,13109,1849,0.14104813486917386
2013-01-01,91_plus,4_7,family_with_children,5972,26208,47547,1025,0.03911019536019536,0.022272698592971166,0.31609756097560976,0.1262973137973138,1349,9712,1128,0.11614497528830313
2013-01-01,31_90,2_3,family_with_children,6467,25019,45157,2003,0.08005915504216796,0.04546360475673761,0.08836744882675986,0.09848515128502339,2180,9308,2082,0.2236785560807907
2013-01-01,31_90,1,solo,2113,5801,9626,858,0.14790553352870195,0.09048410554747559,0.10372960372960373,0.06757455611101534,947,2578,908,0.352211016291699
2013-01-01,31_90,1,couple,5031,16051,28051,1655,0.10310884057068095,0.05974831556807244,0.024773413897280966,0.1041679646127967,1696,6696,1877,0.28031660692951016
2013-01-01,2_7,4_7,solo,1624,4703,7954,667,0.14182436742504784,0.08436007040482776,0.272863568215892,0.07314480119072932,849,2148,763,0.3552141527001862
2013-01-01,8_30,2_3,family_with_children,5622,19347,34238,2104,0.10875071070450198,0.06291255330334716,0.04895437262357415,0.09768956427353077,2207,7530,2211,0.2936254980079681
2013-01-01,8_30,8_14,group,93,258,461,13,0.050387596899224806,0.028199566160520606,0.23076923076923078,0.06201550387596899,16,114,17,0.14912280701754385
2013-01-01,same_next_day,1,family_with_children,1763,4633,7314,964,0.20807252320310815,0.13275909215203718,0.001037344398340249,0.15389596373839845,965,2125,1005,0.47294117647058825
2013-01-01,2_7,2_3,family_with_children,2726,7982,13489,1129,0.14144324730643948,0.08458744161909704,0.023914968999114262,0.10122776246554749,1156,3402,1228,0.3609641387419165
2013-01-01,91_plus,2_3,family_with_children,4268,17817,33037,1303,0.07313240163888421,0.040439507219178494,0.052187260168841135,0.0982208003592075,1371,6400,1289,0.20140625
2013-01-01,same_next_day,4_7,couple,587,1677,2893,159,0.09481216457960644,0.054960248876598686,0.15723270440251572,0.1800834824090638,184,749,220,0.2937249666221629
2013-01-01,same_next_day,4_7,solo,505,1375,2304,239,0.17381818181818182,0.10416666666666667,0.0794979079497908,0.12509090909090909,258,636,288,0.4528301886792453
2013-01-01,91_plus,8_14,family_with_children,1603,6277,11196,178,0.02835749561892624,0.01625580564487317,0.42696629213483145,0.140990919228931,254,2463,219,0.08891595615103533
2013-01-01,same_next_day,2_3,family_with_children,1026,3042,5186,459,0.15088757396449703,0.0892788276128037,0.008714596949891068,0.1712689020381328,463,1239,500,0.4035512510088781
2013-01-01,91_plus,1,couple,3284,11250,19987,1081,0.09608888888888889,0.055436033421724124,0.03700277520814061,0.08622222222222223,1121,4651,1138,0.24467856374973124
2013-01-01,8_30,15_plus,couple,250,472,733,10,0.0211864406779661,0.013642564802182811,0.4,0.13559322033898305,14,290,29,0.1
2013-01-01,91_plus,1,solo,904,2621,4723,268,0.10225104921785579,0.05737878467076011,0.1044776119402985,0.047310186951545215,296,1157,288,0.24891961970613655
2013-01-01,31_90,8_14,solo,668,2009,3606,125,0.06222000995520159,0.03494176372712146,0.584,0.047784967645594825,198,926,144,0.15550755939524838
2013-01-01,31_90,8_14,couple,2009,7777,14014,272,0.034974926064034975,0.01969459112316255,0.7022058823529411,0.14015687283014017,463,3077,349,0.11342216444588886
2013-01-01,2_7,4_7,group,196,584,1070,57,0.0976027397260274,0.05420560747663551,0.10526315789473684,0.11643835616438356,63,262,66,0.25190839694656486
2013-01-01,31_90,1,group,1004,3359,6054,316,0.094075617743376,0.05252725470763132,0.04113924050632911,0.08395355760643049,329,1307,369,0.2823259372609028
2013-01-01,8_30,8_14,couple,956,3192,5885,121,0.03790726817042606,0.020560747663551402,0.49586776859504134,0.11591478696741854,181,1371,175,0.1276440554339898
2013-01-01,31_90,8_14,group,250,872,1582,43,0.04931192660550459,0.028445006321112517,0.627906976744186,0.15022935779816513,70,376,51,0.1356382978723404
2013-01-01,2_7,8_14,family_with_children,136,370,640,34,0.0918918918918919,0.053125,0.029411764705882353,0.1,35,170,44,0.25882352941176473
2013-01-01,91_plus,1,group,741,2808,5265,289,0.10292022792022792,0.05527065527065527,0.03806228373702422,0.08796296296296297,300,1014,305,0.30078895463510846
2013-01-01,8_30,15_plus,solo,125,288,533,16,0.05555555555555555,0.0300187617260788,0.3125,0.041666666666666664,21,149,24,0.1610738255033557
2013-01-01,91_plus,15_plus,couple,280,741,1326,11,0.014844804318488529,0.008295625942684766,0.7272727272727273,0.12010796221322537,19,355,22,0.061971830985915494
2013-01-01,31_90,15_plus,couple,256,505,819,11,0.02178217821782178,0.013431013431013432,0.36363636363636365,0.11287128712871287,15,288,29,0.10069444444444445
2013-01-01,same_next_day,8_14,family_with_children,47,124,214,9,0.07258064516129033,0.04205607476635514,0.0,0.056451612903225805,9,55,12,0.21818181818181817
2013-01-01,2_7,15_plus,family_with_children,50,90,155,5,0.05555555555555555,0.05161290322580645,0.0,0.13333333333333333,5,53,12,0.22641509433962265
2013-01-01,31_90,15_plus,solo,101,284,554,8,0.028169014084507043,0.01444043321299639,0.5,0.08450704225352113,12,126,16,0.12698412698412698
2013-01-01,8_30,15_plus,group,8,18,30,1,0.05555555555555555,0.03333333333333333,0.0,0.05555555555555555,1,8,3,0.375
2013-01-01,91_plus,15_plus,group,39,128,219,2,0.015625,0.0091324200913242,0.5,0.1328125,3,47,2,0.0425531914893617
2013-01-01,91_plus,15_plus,solo,119,305,512,7,0.022950819672131147,0.013671875,0.42857142857142855,0.05245901639344262,10,136,9,0.0661764705882353
2013-01-01,same_next_day,15_plus,solo,25,41,65,5,0.12195121951219512,0.07692307692307693,0.2,0.04878048780487805,6,25,8,0.32
2013-01-01,same_next_day,4_7,group,53,137,293,21,0.15328467153284672,0.07167235494880546,0.0,0.4306569343065693,21,63,25,0.3968253968253968
2013-01-01,same_next_day,15_plus,couple,36,50,75,1,0.02,0.013333333333333334,1.0,0.1,2,36,10,0.2777777777777778
2014-09-01,8_30,1,solo,17773,58130,74396,8858,0.15238259074488217,0.12098768751008118,0.08715285617520885,0.07001548253913642,9630,24529,9255,0.3773084919890742
2014-09-01,31_90,4_7,solo,10862,42108,62315,2404,0.05709128906621069,0.039155901468346306,0.32029950083194675,0.09850859694119882,3174,16897,2964,0.17541575427590697
2014-09-01,2_7,2_3,family_with_children,3418,12923,18309,970,0.07505997059506307,0.05358020645584139,0.050515463917525774,0.17240578812969126,1019,4655,1075,0.23093447905477982
2014-09-01,2_7,4_7,couple,7758,28380,42008,1625,0.05725863284002819,0.03911159779089697,0.18584615384615386,0.14957716701902748,1927,11194,2179,0.19465785242093978
2014-09-01,8_30,1,couple,36576,125558,162530,12202,0.09718217875404196,0.07623208023134191,0.017210293394525487,0.13746635021265072,12412,51253,14086,0.2748326927204261
2014-09-01,8_30,4_7,couple,23652,101817,154749,4440,0.043607649017354665,0.029137506542853266,0.29527027027027025,0.16181973540764313,5751,38872,5673,0.14594052274130478
2014-09-01,2_7,1,family_with_children,4389,15700,21319,1576,0.10038216560509554,0.07500351798864863,0.007614213197969543,0.1667515923566879,1588,5683,1642,0.28893190216434983
2014-09-01,2_7,4_7,group,1020,3457,5066,236,0.0682672837720567,0.047177260165811294,0.11864406779661017,0.12004628290425225,264,1418,315,0.22214386459802538
2014-09-01,same_next_day,4_7,solo,1936,6050,8539,792,0.13090909090909092,0.09333645625951517,0.06565656565656566,0.12495867768595041,844,2559,1012,0.39546697928878466
2014-09-01,91_plus,2_3,family_with_children,6901,35734,50739,1715,0.04799350758381374,0.03472673880052819,0.07055393586005831,0.153887054346001,1836,11577,1766,0.15254383691802711
2014-09-01,8_30,1,group,5839,22744,30094,2435,0.1070612029546254,0.08144480627367581,0.00944558521560575,0.10552233556102708,2458,8331,2663,0.31964950186052093
2014-09-01,91_plus,4_7,family_with_children,13585,75575,121410,1710,0.02262652993714853,0.014413969195288692,0.32748538011695905,0.1829308633807476,2270,25618,1912,0.07463502224998048
2014-09-01,8_30,2_3,family_with_children,8373,38082,53689,2288,0.06008087810514154,0.043528469518895864,0.10052447552447552,0.17239115592668453,2518,12913,2506,0.1940679934949276
2014-09-01,31_90,4_7,couple,34586,160784,255441,5661,0.03520872723654095,0.02265493793087249,0.40469881646352235,0.16397153945666235,7952,59783,6841,0.11443052372748105
2014-09-01,31_90,2_3,family_with_children,9170,42393,61464,2225,0.05248508008397613,0.03678576077053235,0.11865168539325843,0.15917722265468356,2489,14342,2374,0.16552782038767258
2014-09-01,31_90,1,couple,21440,75771,98281,6777,0.08944055113433899,0.0702882551052594,0.0206581083075107,0.12750260653812145,6917,30230,7570,0.2504134965266292
2014-09-01,8_30,4_7,solo,11195,41580,59412,3435,0.08261183261183261,0.05867501514845486,0.25211062590975253,0.08511303511303511,4301,16955,4072,0.24016514302565614
2014-09-01,31_90,1,solo,8411,26809,34202,3259,0.12156365399679213,0.09724577510087129,0.07302853636084689,0.07374389197657504,3497,11400,3520,0.3087719298245614
2014-09-01,91_plus,8_14,family_with_children,4151,19334,31339,325,0.016809765180511017,0.010944829126647309,0.40307692307692305,0.189407261818558,456,7137,416,0.058287795992714025
2014-09-01,8_30,8_14,couple,3296,12183,18005,411,0.0337355331199212,0.02304915301305193,0.2846715328467153,0.14585898382992696,528,4995,623,0.12472472472472472
2014-09-01,2_7,4_7,solo,5616,18855,26515,2104,0.11158843808008485,0.08074674712426928,0.1920152091254753,0.08804030761071334,2508,7907,2492,0.315163778930062
2014-09-01,same_next_day,2_3,family_with_children,1216,4249,6040,372,0.0875500117674747,0.06225165562913907,0.016129032258064516,0.1946340315368322,378,1547,436,0.28183581124757595
2014-09-01,31_90,4_7,group,5349,23753,36923,907,0.03818465035995453,0.02486255179698291,0.34509371554575524,0.1334989264513956,1220,8739,1180,0.13502689094862114
2014-09-01,same_next_day,4_7,couple,2351,7045,10393,613,0.08701206529453513,0.059559318772250555,0.0766721044045677,0.19276082327892122,660,2967,859,0.2895180316818335
2014-09-01,same_next_day,4_7,group,356,1176,1809,147,0.125,0.08181315644002211,0.034013605442176874,0.141156462585034,152,451,194,0.43015521064301554
2014-09-01,91_plus,1,family_with_children,3579,15935,21971,1310,0.08220897395669909,0.06121705885030267,0.011450381679389313,0.1433950423595858,1325,5474,1283,0.23438070880526124
2014-09-01,8_30,4_7,group,3160,13577,20760,627,0.046181041467187156,0.030491329479768785,0.18819776714513556,0.12160271046622965,745,4953,855,0.17262265293761356
2014-09-01,8_30,8_14,solo,1921,6142,8906,392,0.0638228590035819,0.04457668987199641,0.2423469387755102,0.07619667860631717,487,2657,554,0.20850583364697026
2014-09-01,same_next_day,1,family_with_children,2379,8248,11552,1055,0.127909796314258,0.09193213296398892,0.0009478672985781991,0.2710960232783705,1056,3032,1102,0.3634564643799472
2014-09-01,31_90,8_14,family_with_children,1652,7583,12311,178,0.02347355927733087,0.014945983266996995,0.47191011235955055,0.14005011209283924,262,2793,244,0.08736126029359112
2014-09-01,31_90,1,group,3944,14904,20117,1382,0.09272678475577026,0.06939404483769945,0.016642547033285094,0.10493827160493827,1405,5505,1506,0.2735694822888283
2014-09-01,31_90,15_plus,family_with_children,195,646,942,12,0.018575851393188854,0.012738853503184714,0.3333333333333333,0.17492260061919504,16,260,23,0.08846153846153847
2014-09-01,91_plus,15_plus,couple,1257,4200,6327,58,0.01380952380952381,0.009167061798640746,0.29310344827586204,0.15261904761904763,75,1790,125,0.06983240223463687
2014-09-01,8_30,8_14,group,384,1202,1662,38,0.03161397670549085,0.024067388688327317,0.13157894736842105,0.1314475873544093,43,537,63,0.11731843575418995
2014-09-01,2_7,8_14,family_with_children,195,673,953,24,0.03566121842496285,0.025183630640083946,0.125,0.15601783060921248,27,256,33,0.12890625
2014-09-01,same_next_day,8_14,family_with_children,42,116,155,4,0.034482758620689655,0.025806451612903226,0.0,0.25,4,53,5,0.09433962264150944
2014-09-01,91_plus,15_plus,solo,405,1235,2004,20,0.016194331983805668,0.011477045908183632,0.5,0.09149797570850203,30,538,40,0.07434944237918216
2014-09-01,8_30,15_plus,family_with_children,87,212,275,6,0.02830188679245283,0.025454545454545455,0.0,0.2028301886792453,6,109,16,0.14678899082568808
2014-09-01,91_plus,15_plus,group,169,463,666,5,0.01079913606911447,0.009009009009009009,0.4,0.13174946004319654,7,205,12,0.05853658536585366
2014-09-01,2_7,15_plus,family_with_children,39,110,145,5,0.045454545454545456,0.034482758620689655,0.0,0.1,5,50,7,0.14
2013-06-01,8_30,2_3,couple,15151,54048,92796,4147,0.07672809354647721,0.04540066382171645,0.17193151675910295,0.13426953818827708,4860,21455,5146,0.23985085061757166
2013-06-01,same_next_day,2_3,family_with_children,1982,6083,10467,834,0.13710340292618772,0.08072991306009362,0.009592326139088728,0.18674995890185764,842,2407,923,0.3834648940589946
2013-06-01,2_7,1,couple,8820,25826,42671,3463,0.13408967706961977,0.08221040050619859,0.01645971700837424,0.13137923023309842,3520,10872,4075,0.3748160412067697
2013-06-01,91_plus,2_3,couple,6390,23564,41145,1352,0.057375657783058906,0.03344270263701543,0.2485207100591716,0.12697334917671024,1688,9318,1561,0.16752522000429276
2013-06-01,same_next_day,1,solo,4927,13334,20473,3115,0.2336133193340333,0.15307966590143116,0.020224719101123594,0.13799310034498274,3178,6329,3357,0.5304155474798546
2013-06-01,8_30,1,group,2080,7444,12898,829,0.111364857603439,0.06466118778105133,0.020506634499396863,0.10746910263299302,846,2788,970,0.3479196556671449
2013-06-01,8_30,1,couple,10556,33811,56512,4026,0.11907367424802578,0.0720554926387316,0.01763537009438649,0.1075389666085002,4097,13887,4666,0.33599769568661336
2013-06-01,31_90,4_7,couple,12254,51588,92167,2486,0.04818950143444212,0.027352523137348508,0.5450522928399034,0.1415057765371792,3841,19275,2937,0.15237354085603114
2013-06-01,2_7,4_7,couple,2930,9308,16053,645,0.06929522990975505,0.04061546128449511,0.3364341085271318,0.12999570262140095,862,3937,887,0.2252984505969012
2013-06-01,31_90,1,solo,2893,9106,15707,1127,0.12376455084559632,0.07219710956898198,0.062111801242236024,0.07193059521194817,1197,3800,1217,0.32026315789473686
2013-06-01,91_plus,1,solo,917,2584,4478,269,0.10410216718266253,0.0611880303707012,0.10408921933085502,0.07275541795665634,297,1165,298,0.255793991416309
2013-06-01,91_plus,4_7,family_with_children,4269,16434,28892,663,0.040343190945600585,0.023466703585767686,0.31070889894419307,0.14378727029329438,869,6405,750,0.117096018735363
2013-06-01,8_30,4_7,couple,8675,33597,58763,1816,0.05405244515879394,0.03129520276364379,0.4774229074889868,0.14447718546298777,2683,12894,2307,0.17892042810609585
2013-06-01,2_7,2_3,couple,7743,23853,40373,2215,0.09286043684232591,0.05553216258390509,0.10474040632054175,0.14396511969144343,2447,10040,2876,0.2864541832669323
2013-06-01,8_30,1,solo,5613,15991,25832,2799,0.175035957726221,0.10959275317435739,0.09467667023937121,0.0602839096992058,3064,7123,2977,0.4179418784220132
2013-06-01,31_90,2_3,family_with_children,9406,41993,75418,3198,0.07615554973447955,0.043199236256596565,0.05503439649781113,0.11761484056866621,3374,14178,3347,0.23606996755536747
2013-06-01,same_next_day,1,group,868,2613,4457,449,0.17183314198239572,0.10096477451200359,0.0022271714922048997,0.2269422120168389,450,1088,534,0.49080882352941174
2013-06-01,2_7,1,solo,6072,16895,26518,3487,0.2063924237940219,0.1329285768157478,0.07198164611413822,0.090500147972773,3738,7573,3712,0.4901624191205599
2013-06-01,8_30,2_3,solo,6695,21293,36049,2735,0.12844596815854975,0.07667341673832839,0.2552102376599634,0.07983844455924483,3433,9087,3051,0.3357543743809838
2013-06-01,2_7,2_3,solo,4772,14065,23146,2307,0.16402417348027018,0.10053572971571761,0.19245773732119636,0.09598293636686811,2751,6172,2565,0.41558651976668826
2013-06-01,31_90,1,couple,7413,24837,42442,2602,0.10476305511937835,0.06248527402101692,0.0207532667179093,0.0967508153158594,2656,10062,2930,0.2911945935201749
2013-06-01,2_7,8_14,couple,428,1227,1989,50,0.040749796251018745,0.02513826043237808,0.42,0.16544417277913612,71,525,94,0.17904761904761904
2013-06-01,31_90,4_7,group,2228,9985,17830,470,0.04707060590886329,0.0266404935501963,0.4765957446808511,0.12218327491236855,694,3526,554,0.15711854792966534
2013-06-01,8_30,8_14,couple,1368,4423,7531,188,0.04250508704499208,0.0252290532465808,0.5904255319148937,0.16188107619262943,299,1904,285,0.14968487394957983
2013-06-01,91_plus,2_3,group,1316,5203,9102,286,0.05496828752642706,0.03142166556800703,0.2517482517482518,0.12819527195848548,358,1897,345,0.18186610437532946
2013-06-01,same_next_day,1,couple,6399,17699,28752,2954,0.16690208486355163,0.10333194212576516,0.0050778605280974946,0.22741397819085823,2969,7944,3578,0.45040281973816715
2013-06-01,31_90,8_14,family_with_children,1806,7454,13099,290,0.038905285752616044,0.022444461409267882,0.41724137931034483,0.1507915213308291,411,2821,363,0.12867777383906417
2013-06-01,31_90,4_7,solo,3392,11019,18766,836,0.07586895362555586,0.04492166684429287,0.49760765550239233,0.10427443506670296,1252,4735,971,0.20506863780359028
2013-06-01,8_30,4_7,group,1303,5260,9210,278,0.05285171102661597,0.03061889250814332,0.4172661870503597,0.1112167300380228,394,1956,364,0.18609406952965235
2013-06-01,91_plus,8_14,couple,2359,8791,15700,235,0.026731884882265952,0.015286624203821656,0.7319148936170212,0.1635763849391423,407,3616,315,0.08711283185840708
2013-06-01,91_plus,2_3,solo,1689,5387,9086,414,0.07685167997029886,0.04644508034338543,0.30193236714975846,0.08149248190087247,539,2307,475,0.2058951018638925
2013-06-01,31_90,1,group,1689,6188,10731,624,0.10084033613445378,0.05852203895256733,0.014423076923076924,0.1116677440206852,633,2302,703,0.3053866203301477
2013-06-01,2_7,4_7,solo,1826,5549,9340,717,0.12921247071544423,0.07858672376873661,0.25662482566248257,0.107947377905929,901,2416,853,0.3530629139072848
2013-06-01,2_7,2_3,group,1201,3970,7121,363,0.09143576826196474,0.0513972756635304,0.08264462809917356,0.1345088161209068,393,1541,492,0.3192731992212849
2013-06-01,91_plus,1,couple,2903,9864,16805,924,0.09367396593673966,0.05659030050580185,0.04220779220779221,0.11729521492295215,963,4036,1021,0.25297324083250744
2013-06-01,2_7,4_7,group,406,1423,2400,117,0.08222066057624737,0.04875,0.17094017094017094,0.1510892480674631,137,549,149,0.27140255009107467
2013-06-01,91_plus,8_14,group,315,1095,1889,31,0.028310502283105023,0.01641079936474325,0.7096774193548387,0.1278538812785388,53,432,40,0.09259259259259259
2013-06-01,8_30,8_14,group,167,595,1039,26,0.043697478991596636,0.025024061597690085,0.3076923076923077,0.11428571428571428,34,235,35,0.14893617021276595
2013-06-01,8_30,2_3,group,2624,10211,18057,800,0.07834688081480756,0.04485794982555242,0.125,0.11614925080795221,900,3714,989,0.26628971459343026
2013-06-01,8_30,4_7,solo,3702,12227,20547,1208,0.09879774270058068,0.05937606463230642,0.40480132450331124,0.102478122188599,1697,5215,1409,0.2701821668264621
2013-06-01,same_next_day,4_7,family_with_children,542,1643,2880,160,0.09738283627510651,0.05659722222222222,0.0375,0.18015824710894704,166,646,198,0.3065015479876161
2013-06-01,91_plus,15_plus,family_with_children,167,477,770,10,0.020964360587002098,0.012987012987012988,0.1,0.14046121593291405,11,222,18,0.08108108108108109
2013-06-01,2_7,1,group,1388,4333,7386,589,0.13593353334871913,0.08028702951529922,0.006791171477079796,0.1308562197092084,593,1721,688,0.399767576990122
2013-06-01,91_plus,1,group,528,1892,3154,169,0.08932346723044397,0.05421686746987952,0.047337278106508875,0.11046511627906977,177,713,187,0.26227208976157085
2013-06-01,8_30,15_plus,family_with_children,246,687,1142,23,0.033478893740902474,0.021015761821366025,0.08695652173913043,0.09898107714701601,25,323,47,0.14551083591331268
2013-06-01,2_7,8_14,solo,293,774,1280,91,0.11757105943152454,0.07265625,0.26373626373626374,0.07493540051679587,115,372,123,0.33064516129032256
2013-06-01,8_30,8_14,solo,657,2207,3844,149,0.06751246035342093,0.03902185223725286,0.35570469798657717,0.08699592206615316,202,920,197,0.2141304347826087
2013-06-01,91_plus,8_14,solo,526,1654,2864,50,0.030229746070133012,0.017458100558659217,0.7,0.11185006045949214,85,703,65,0.09246088193456614
2013-06-01,31_90,15_plus,family_with_children,286,943,1739,22,0.02332979851537646,0.012650948821161587,0.22727272727272727,0.12089077412513255,27,378,42,0.1111111111111111
2013-06-01,same_next_day,8_14,family_with_children,76,161,263,12,0.07453416149068323,0.053231939163498096,0.0,0.18012422360248448,12,85,21,0.24705882352941178
2013-06-01,2_7,8_14,group,65,200,332,7,0.035,0.02108433734939759,0.14285714285714285,0.29,8,85,18,0.21176470588235294
2013-06-01,2_7,15_plus,family_with_children,83,169,254,7,0.04142011834319527,0.027559055118110236,0.14285714285714285,0.11834319526627218,8,96,22,0.22916666666666666
2013-07-01,same_next_day,2_3,family_with_children,2455,7842,13821,901,0.11489415965314971,0.06548006656537153,0.014428412874583796,0.20020402958428973,914,3050,1017,0.33344262295081967
2013-07-01,8_30,1,family_with_children,9123,35413,60576,4348,0.12277977014090871,0.07265253565768622,0.0052897884084636615,0.10609098353711914,4371,12591,4358,0.3461202446191724
2013-07-01,2_7,1,solo,6094,16388,25430,3357,0.20484500854283622,0.13397561934722768,0.08221626452189455,0.0832316329021235,3633,7557,3514,0.46499933836178375
2013-07-01,same_next_day,1,solo,4824,13398,20479,3097,0.23115390356769666,0.15215586698569267,0.022602518566354538,0.1477086132258546,3167,6279,3322,0.5290651377607899
2013-07-01,91_plus,2_3,couple,6309,22851,39773,1206,0.052776683733753445,0.031126643703014607,0.2595356550580431,0.13557393549516433,1519,9133,1407,0.1540567173984452
2013-07-01,31_90,1,family_with_children,4883,17445,29356,2059,0.11802808827744339,0.0718762774219921,0.0048567265662943174,0.0882774433935225,2069,6527,2110,0.3232725601348246
2013-07-01,31_90,4_7,family_with_children,6567,26953,47292,1492,0.05535561904055207,0.032056161718683925,0.22453083109919572,0.13838904760138018,1827,10288,1677,0.1630054432348367
2013-07-01,8_30,2_3,couple,16694,60443,102451,4423,0.0731763810532237,0.043835589696537856,0.1679855301831336,0.12995714971129824,5166,23973,5448,0.227255662620448
2013-07-01,2_7,4_7,family_with_children,2557,9783,17469,707,0.07226822038229581,0.04121586810922205,0.13154172560113153,0.1330880098129408,800,3630,833,0.22947658402203858
2013-07-01,8_30,4_7,family_with_children,7679,36412,65549,2027,0.05566846094694057,0.03153366184076035,0.27429699062654167,0.1368230253762496,2583,12897,2304,0.17864619678995114
2013-07-01,2_7,2_3,couple,8642,27133,45565,2399,0.08841631961080602,0.05308899374519917,0.11713213839099625,0.14745881399034386,2680,11250,3119,0.27724444444444446
2013-07-01,2_7,8_14,family_with_children,418,1329,2275,90,0.06772009029345373,0.04131868131868132,0.2222222222222222,0.10158013544018059,110,587,128,0.21805792163543442
2013-07-01,91_plus,4_7,family_with_children,5124,21470,37607,771,0.03591057289240801,0.021325817002153854,0.3009079118028534,0.14932463903120632,1003,8140,841,0.10331695331695331
2013-07-01,same_next_day,1,couple,6983,19938,31875,3235,0.16225298425117865,0.10208627450980393,0.002472952086553323,0.24686528237536362,3243,8953,3813,0.42589076287278005
2013-07-01,8_30,2_3,group,3185,12410,21583,919,0.07405318291700241,0.042811471991845436,0.1251360174102285,0.11192586623690572,1034,4527,1171,0.2586702010161255
2013-07-01,same_next_day,4_7,couple,991,2731,4473,231,0.08458440131819846,0.052537446903644085,0.12554112554112554,0.21384108385206885,260,1220,345,0.2827868852459016
2013-07-01,2_7,1,couple,10099,29454,48250,3903,0.1325117131798737,0.08186528497409326,0.013066871637202153,0.1420180620628777,3954,12569,4488,0.3570689792346249
2013-07-01,8_30,2_3,solo,7257,22877,37255,2892,0.12641517681514183,0.07870084552409072,0.26175656984785617,0.09249464527691569,3649,9778,3213,0.32859480466353036
2013-07-01,31_90,2_3,family_with_children,8240,31758,55903,2535,0.07982240695257888,0.046705901293311626,0.055226824457593686,0.10463505258517539,2675,11571,2675,0.23118140178031285
2013-07-01,2_7,2_3,solo,4785,13852,21951,2236,0.16142073346809124,0.10300214113252244,0.1851520572450805,0.09478775628068149,2650,6195,2521,0.4069410815173527
2013-07-01,91_plus,2_3,solo,1709,5557,9568,379,0.06820226741047328,0.0399247491638796,0.29815303430079154,0.08367824365664928,492,2363,463,0.19593736775285653
2013-07-01,8_30,8_14,solo,722,2094,3500,149,0.07115568290353391,0.04285714285714286,0.33557046979865773,0.08166189111747851,199,945,192,0.20317460317460317
2013-07-01,91_plus,8_14,couple,2523,9045,16396,223,0.024654505251520176,0.014027811661380825,0.6995515695067265,0.1730237700386954,379,3785,295,0.07793923381770146
2013-07-01,31_90,8_14,family_with_children,1251,4367,7541,160,0.03663842454774445,0.021615170401803475,0.29375,0.11151820471719716,207,1803,225,0.12479201331114809
2013-07-01,8_30,15_plus,family_with_children,242,697,1114,15,0.021520803443328552,0.013464991023339317,0.26666666666666666,0.1563845050215208,19,337,47,0.1394658753709199
2013-07-01,91_plus,8_14,group,404,1252,2244,26,0.020766773162939296,0.011586452762923352,0.5769230769230769,0.12060702875399361,41,569,39,0.06854130052724078
2013-07-01,2_7,2_3,group,1316,4334,7388,397,0.09160129210890632,0.05414185165132648,0.07052896725440806,0.1335948315643747,425,1700,511,0.30058823529411766
2013-07-01,2_7,1,group,1651,5119,8603,687,0.13420589958976362,0.08008834127629896,0.00727802037845706,0.13518265286188708,692,2031,825,0.40620384047267355
2013-07-01,2_7,15_plus,group,19,28,40,1,0.03571428571428571,0.025,0.0,0.07142857142857142,1,20,4,0.2
2013-07-01,8_30,8_14,couple,1624,5774,9921,228,0.03948735711811569,0.023082350569499043,0.5043859649122807,0.13699341877381366,343,2362,331,0.1401354784081287
2013-07-01,31_90,15_plus,couple,461,1114,1909,19,0.017055655296229804,0.00995285489785228,0.3157894736842105,0.10053859964093358,25,563,66,0.1172291296625222
2013-11-01,91_plus,2_3,family_with_children,2813,10545,14760,832,0.07889995258416312,0.058265582655826556,0.06610576923076923,0.11019440493124703,887,4127,825,0.19990307729585655
2013-11-01,2_7,2_3,couple,6860,20701,29024,2293,0.11076759576832038,0.07996830209481808,0.10117749672917575,0.1428916477464857,2525,8773,2827,0.32223868688020063
2013-11-01,same_next_day,1,couple,5461,15116,19897,2871,0.1899311987298227,0.14479569784389607,0.00557297109021247,0.22393490341360148,2887,6694,3187,0.4760979982073499
2013-11-01,8_30,1,couple,10148,29706,39350,3832,0.12899750892075676,0.09923761118170267,0.032359081419624215,0.11657577593752104,3956,12778,4386,0.3432462044138363
2013-11-01,same_next_day,1,solo,4549,12459,15596,2992,0.2401476844048479,0.19286996665811745,0.02038770053475936,0.13074885624849505,3053,5749,3181,0.5533136197599583
2013-11-01,91_plus,8_14,family_with_children,1386,5558,8715,152,0.02734796689456639,0.017670682730923693,0.5789473684210527,0.17434328895286075,240,2257,195,0.08639787328311918
2013-11-01,91_plus,4_7,group,1782,6655,11103,268,0.04027047332832457,0.02458794920291813,0.5111940298507462,0.11810668670172803,405,2619,323,0.1233295150820924
2013-11-01,same_next_day,2_3,couple,2794,7634,10871,1044,0.13675661514278228,0.09667923834053904,0.04118773946360153,0.18116321718627193,1087,3343,1298,0.3882740053843853
2013-11-01,8_30,1,solo,6147,17116,21834,3309,0.1933278803458752,0.15384263075936613,0.1242067089755213,0.06695489600373919,3720,7751,3503,0.4519416849438782
2013-11-01,2_7,4_7,solo,2076,6102,8531,822,0.13470993117010815,0.0981127652092369,0.2518248175182482,0.07554900032776139,1029,2680,983,0.3667910447761194
2013-11-01,31_90,4_7,couple,13215,52767,83229,2514,0.04764341349707203,0.030662389311417897,0.5425616547334925,0.1429870942066064,3878,20721,3076,0.14844843395589016
2013-11-01,2_7,1,family_with_children,2814,8129,10985,1334,0.16410382580883257,0.12325898953117888,0.005247376311844078,0.1408537335465617,1341,3396,1391,0.4095995288574794
2013-11-01,31_90,1,solo,2466,6928,8723,903,0.1303406466512702,0.10455118651839963,0.08416389811738649,0.08819284064665127,979,3097,1000,0.32289312237649337
2013-11-01,same_next_day,2_3,solo,2267,6206,8379,1199,0.19320012890750887,0.14381191072920396,0.08423686405337781,0.1190783113116339,1300,2846,1369,0.48102600140548135
2013-11-01,31_90,4_7,solo,3664,11903,17627,870,0.07309081744098127,0.05026379985249901,0.5022988505747127,0.10182306981433252,1307,5196,1017,0.19572748267898382
2013-11-01,2_7,4_7,couple,2672,7805,11311,668,0.08558616271620756,0.059234373618601364,0.25449101796407186,0.11838565022421525,838,3475,888,0.25553956834532376
2013-11-01,91_plus,1,family_with_children,1456,4834,6356,575,0.11894911046752173,0.09125235997482693,0.008695652173913044,0.08833264377327266,580,1934,559,0.2890382626680455
2013-11-01,31_90,1,couple,6382,20454,27311,2163,0.10574948665297741,0.08113946761378199,0.03421174294960703,0.1234966265767087,2237,8379,2444,0.2916815849146676
2013-11-01,91_plus,4_7,couple,9150,36790,60687,1321,0.0359064963305246,0.022459505330630944,0.6305828917486752,0.15729817885294917,2154,14566,1541,0.10579431552931484
2013-11-01,2_7,2_3,solo,5284,15037,19850,2604,0.17317284032719293,0.13279596977329974,0.18087557603686635,0.07122431336037774,3075,6799,2939,0.4322694513899103
2013-11-01,31_90,2_3,family_with_children,5091,20254,29106,1607,0.07934235212797472,0.05675805675805676,0.09583074051026758,0.1121753727658734,1761,7416,1716,0.2313915857605178
2013-11-01,31_90,8_14,family_with_children,1318,5889,9252,196,0.03328239089828494,0.02172503242542153,0.41836734693877553,0.174053319748684,278,2198,256,0.1164695177434031
2013-11-01,31_90,4_7,group,2353,10062,16374,480,0.04770423375074538,0.029620129473555638,0.4583333333333333,0.1174716756112105,700,3701,615,0.16617130505268846
2013-11-01,same_next_day,1,group,677,1800,2522,358,0.1988888888888889,0.14195083267248215,0.0,0.22,358,809,425,0.5253399258343634
2013-11-01,31_90,1,group,1319,4808,6562,508,0.10565723793677205,0.07817738494361476,0.021653543307086614,0.0834026622296173,519,1807,577,0.3193137797454344
2013-11-01,8_30,2_3,family_with_children,4683,16833,24366,1707,0.10140794867225093,0.07112369695477304,0.062097246631517285,0.13360660607140734,1813,6442,1815,0.2817447997516299
2013-11-01,8_30,4_7,family_with_children,3067,12276,19260,791,0.06443466927337894,0.041848390446521284,0.2920353982300885,0.11852394916911047,1022,4573,902,0.19724469713535972
2013-11-01,8_30,8_14,couple,1318,4024,6112,174,0.04324055666003976,0.028632198952879582,0.5344827586206896,0.12077534791252485,267,1763,285,0.16165626772546796
2013-11-01,8_30,1,group,1564,5039,6951,623,0.12363564199245883,0.09034671270320817,0.012841091492776886,0.09089104981147053,631,2010,748,0.37213930348258706
2013-11-01,2_7,2_3,group,985,3099,4359,362,0.11681187479832204,0.08396421197522368,0.06353591160220995,0.09745079057760568,385,1205,452,0.375103734439834
2013-11-01,8_30,8_14,solo,696,2210,3281,149,0.067420814479638,0.04632733922584578,0.3691275167785235,0.10135746606334842,204,962,208,0.21621621621621623
2013-11-01,same_next_day,4_7,solo,657,1804,2469,294,0.1629711751662971,0.12069663831510732,0.1054421768707483,0.13248337028824833,325,812,389,0.479064039408867
2013-11-01,91_plus,4_7,solo,2200,6989,10243,344,0.04922020317642009,0.033876793908034754,0.5377906976744186,0.11260552296465876,529,3079,416,0.13510880155894772
2013-11-01,2_7,8_14,couple,429,1049,1502,63,0.06005719733079123,0.041944074567243674,0.2222222222222222,0.13536701620591038,77,527,116,0.22011385199240988
2013-11-01,91_plus,15_plus,family_with_children,204,651,904,18,0.027649769585253458,0.02101769911504425,0.16666666666666666,0.20276497695852536,21,265,30,0.11320754716981132
2013-11-01,2_7,8_14,solo,334,987,1384,102,0.1033434650455927,0.07442196531791907,0.3333333333333333,0.08915906788247213,136,462,133,0.2878787878787879
2013-11-01,same_next_day,2_3,group,353,983,1351,156,0.15869786368260427,0.1154700222057735,0.02564102564102564,0.16276703967446593,160,422,197,0.466824644549763
2013-11-01,31_90,15_plus,couple,454,1317,1814,25,0.018982536066818528,0.013781697905181918,0.4,0.1404707668944571,35,621,76,0.12238325281803543
2013-11-01,2_7,4_7,group,335,993,1460,91,0.09164149043303121,0.06232876712328767,0.10989010989010989,0.10171198388721048,101,441,114,0.2585034013605442
2013-11-01,same_next_day,8_14,family_with_children,27,60,76,9,0.15,0.11842105263157894,0.0,0.23333333333333334,9,29,11,0.3793103448275862
2013-11-01,same_next_day,4_7,couple,768,2071,2972,238,0.11492032834379527,0.08109017496635262,0.09243697478991597,0.1540318686624819,260,920,336,0.3652173913043478
2013-11-01,8_30,8_14,group,144,510,808,22,0.043137254901960784,0.027227722772277228,0.22727272727272727,0.09411764705882353,27,200,32,0.16
2013-11-01,31_90,15_plus,solo,220,599,907,17,0.028380634390651086,0.018743109151047408,0.17647058823529413,0.08514190317195326,20,271,28,0.1033210332103321
2013-11-01,8_30,15_plus,family_with_children,117,212,299,9,0.04245283018867924,0.03678929765886288,0.0,0.05188679245283019,9,128,26,0.203125
2013-11-01,2_7,15_plus,family_with_children,52,98,126,6,0.061224489795918366,0.047619047619047616,0.0,0.05102040816326531,6,57,10,0.17543859649122806
2013-11-01,same_next_day,4_7,group,101,310,450,42,0.13548387096774195,0.09333333333333334,0.0,0.11612903225806452,42,115,54,0.46956521739130436
2013-11-01,same_next_day,15_plus,solo,43,76,96,3,0.039473684210526314,0.03125,0.0,0.05263157894736842,3,48,12,0.25
2013-11-01,31_90,15_plus,group,41,116,161,2,0.017241379310344827,0.012422360248447204,0.0,0.1810344827586207,2,47,3,0.06382978723404255
2013-12-01,8_30,2_3,couple,13744,49055,69434,3925,0.08001223116909591,0.05746464268225941,0.2002547770700637,0.13609214147385587,4711,19209,4748,0.24717580300900618
2013-12-01,31_90,8_14,couple,2326,8268,13097,294,0.03555878084179971,0.02267694891959991,0.6292517006802721,0.13933236574746008,479,3559,410,0.11520089912896882
2013-12-01,8_30,4_7,couple,10099,38022,57674,2124,0.05586239545526274,0.03726115754065957,0.4839924670433145,0.1431539634948188,3152,14995,2652,0.1768589529843281
2013-12-01,2_7,2_3,couple,7088,22465,31618,2148,0.09561540173603383,0.06863179201720539,0.11173184357541899,0.15975962608502114,2388,9186,2663,0.2898976703679512
2013-12-01,8_30,1,solo,4908,14071,18044,2479,0.17617795465851752,0.1391044114387054,0.10891488503428802,0.06993106389027078,2749,6172,2666,0.43195074530136096
2013-12-01,8_30,4_7,group,1658,6603,10134,345,0.052248977737392094,0.03414249062561674,0.39420289855072466,0.10586097228532486,481,2485,435,0.1750503018108652
2013-12-01,31_90,1,couple,5008,14706,19390,1700,0.11559907520739834,0.08994326972666322,0.04411764705882353,0.11464708282333741,1775,6313,1876,0.2971645810232853
2013-12-01,8_30,1,couple,10570,32262,42729,3855,0.11949042216849544,0.09202181188420043,0.023865110246433202,0.13055607215919657,3947,13435,4419,0.3289170078154075
2013-12-01,8_30,2_3,solo,5969,18861,25833,2498,0.13244260643656222,0.09789803739403088,0.2722177742193755,0.09596521923545942,3178,8072,2772,0.3434093161546085
2013-12-01,8_30,15_plus,solo,205,590,809,34,0.0576271186440678,0.042027194066749075,0.38235294117647056,0.10677966101694915,47,277,56,0.20216606498194944
2013-12-01,31_90,1,solo,2293,6308,7950,986,0.15630944831959417,0.12553459119496854,0.10953346855983773,0.0719720989220038,1094,2849,1024,0.3594243594243594
2013-12-01,31_90,4_7,family_with_children,4095,16748,27166,912,0.054454263195605444,0.034123536773908565,0.3815789473684211,0.13237401480773825,1260,6435,1018,0.1581973581973582
2013-12-01,8_30,8_14,couple,1605,5252,7928,206,0.039223153084539226,0.026236125126135216,0.4563106796116505,0.1431835491241432,300,2307,322,0.13957520589510186
2013-12-01,31_90,2_3,couple,10610,37117,54745,2642,0.07118032168548105,0.04906384144670746,0.3080999242997729,0.1376727645014414,3456,14828,3108,0.20960345292689506
2013-12-01,same_next_day,2_3,group,444,1402,2025,174,0.12410841654778887,0.08641975308641975,0.04597701149425287,0.1340941512125535,182,545,230,0.42201834862385323
2013-12-01,2_7,1,family_with_children,3724,12223,16975,1667,0.13638223022171317,0.09961708394698085,0.00599880023995201,0.179661294281273,1677,4626,1742,0.3765672287073065
2013-12-01,31_90,8_14,solo,764,2342,3516,148,0.0631938514090521,0.042377701934015924,0.527027027027027,0.1251067463706234,226,1060,190,0.1792452830188679
2013-12-01,same_next_day,4_7,solo,672,1872,2739,236,0.12606837606837606,0.08725812340270171,0.17796610169491525,0.11805555555555555,278,854,319,0.373536299765808
2013-12-01,8_30,15_plus,couple,347,730,965,6,0.00821917808219178,0.0062176165803108805,0.5,0.11917808219178082,9,450,51,0.11333333333333333
2013-12-01,91_plus,1,couple,2886,8948,11859,906,0.10125167635225749,0.077999831351716,0.037527593818984545,0.10683951721054985,940,3865,942,0.24372574385510995
2013-12-01,same_next_day,2_3,solo,2029,5788,7868,1076,0.18590186592950933,0.13777325876970006,0.09572490706319703,0.12093987560469938,1179,2592,1235,0.47646604938271603
2013-12-01,31_90,8_14,group,276,987,1720,33,0.03343465045592705,0.019767441860465116,0.6363636363636364,0.12968591691995948,54,394,49,0.12436548223350254
2013-12-01,8_30,4_7,solo,3734,12536,18215,1158,0.0923739629865986,0.06461707384024155,0.41278065630397237,0.12125079770261646,1636,5323,1373,0.25793725342851775
2013-12-01,2_7,2_3,solo,4133,12328,16784,1928,0.1563919532770928,0.1165395614871306,0.20176348547717843,0.08719987021414666,2317,5364,2183,0.406972408650261
2013-12-01,same_next_day,1,family_with_children,2245,7007,9864,1103,0.1574140145568717,0.11324006488240065,0.0,0.26287997716569145,1103,2750,1155,0.42
2013-12-01,31_90,2_3,solo,4071,12601,17548,1323,0.10499166732798984,0.07653293822657853,0.345427059712774,0.0807872391080073,1780,5460,1553,0.2844322344322344
2013-12-01,91_plus,4_7,family_with_children,4723,19979,31903,907,0.04539766755092847,0.02930758862802871,0.3484013230429989,0.16427248611041595,1223,7428,992,0.13354873451803984
2013-12-01,91_plus,8_14,couple,2437,8578,14168,244,0.0284448589414782,0.01743365330321852,0.7008196721311475,0.17043599906738166,415,3584,334,0.09319196428571429
2013-12-01,2_7,2_3,group,1208,4162,6112,433,0.10403652090341182,0.07100785340314136,0.07159353348729793,0.1256607400288323,464,1524,517,0.339238845144357
2013-12-01,same_next_day,4_7,couple,1086,3081,4657,244,0.07919506653683869,0.05389735881468757,0.14344262295081966,0.19506653683868874,279,1337,346,0.2587883320867614
2013-12-01,8_30,1,group,1884,6357,8734,750,0.11798017932987258,0.08621479276391115,0.010666666666666666,0.11074406166430706,758,2382,883,0.3706968933669186
2013-12-01,91_plus,15_plus,couple,409,976,1458,18,0.018442622950819672,0.012345679012345678,0.2777777777777778,0.16700819672131148,23,497,53,0.10663983903420524
2013-12-01,8_30,2_3,group,2520,9677,14056,800,0.08267024904412525,0.05719977233921457,0.14,0.12555544073576522,912,3545,967,0.27277856135401973
2013-12-01,91_plus,2_3,family_with_children,3030,12214,16848,1032,0.08449320451940397,0.06356837606837606,0.055232558139534885,0.11904372032094318,1089,4449,1003,0.22544391998201843
2013-12-01,31_90,2_3,group,1960,7062,10617,492,0.06966864910790145,0.04662333992653292,0.2682926829268293,0.11427357689039933,624,2754,589,0.2138707334785766
2013-12-01,same_next_day,2_3,couple,2895,8345,11718,988,0.11839424805272618,0.08508277863116573,0.05161943319838057,0.18993409227082086,1039,3480,1260,0.3620689655172414
2013-12-01,91_plus,8_14,group,327,1050,1645,33,0.03142857142857143,0.02066869300911854,0.5151515151515151,0.18666666666666668,50,453,45,0.09933774834437085
2013-12-01,91_plus,15_plus,group,41,76,100,1,0.013157894736842105,0.01,0.0,0.25,1,43,5,0.11627906976744186
2013-12-01,8_30,8_14,group,222,759,1150,38,0.05006587615283267,0.03304347826086956,0.3157894736842105,0.09617918313570488,50,320,53,0.165625
2013-12-01,91_plus,1,solo,799,2311,2957,255,0.11034184335785374,0.08725059181602976,0.0784313725490196,0.06966681090437041,275,992,283,0.2852822580645161
2013-12-01,31_90,1,group,867,2693,3658,309,0.11474192350538433,0.08529250956806998,0.042071197411003236,0.11771258819160788,322,1092,360,0.32967032967032966
2013-12-01,8_30,8_14,solo,804,2506,3616,147,0.05865921787709497,0.04092920353982301,0.36054421768707484,0.11133280127693536,200,1106,216,0.19529837251356238
2013-12-01,2_7,4_7,family_with_children,1600,6093,9699,367,0.06023305432463483,0.03814826270749562,0.25885558583106266,0.1335959297554571,462,2294,452,0.1970357454228422
2013-12-01,91_plus,8_14,solo,558,1969,3093,66,0.0335195530726257,0.02133850630455868,0.5,0.08735398679532758,99,845,87,0.10295857988165681
2013-12-01,same_next_day,4_7,group,180,547,781,59,0.10786106032906764,0.07554417413572344,0.13559322033898305,0.16087751371115175,67,226,82,0.36283185840707965
2013-12-01,same_next_day,15_plus,group,7,11,11,0,0.0,0.0,,0.0,0,7,2,0.2857142857142857
2013-12-01,91_plus,1,group,566,1951,2654,222,0.11378780112762686,0.0840241145440844,0.02252252252252252,0.07893388006150692,227,733,212,0.2892223738062756
2013-12-01,same_next_day,15_plus,couple,41,65,83,3,0.046153846153846156,0.03614457831325301,0.0,0.2,3,41,14,0.34146341463414637
2013-12-01,91_plus,15_plus,solo,108,300,475,6,0.02,0.01263157894736842,0.8333333333333334,0.07333333333333333,11,147,11,0.07482993197278912
2013-12-01,2_7,15_plus,couple,129,230,309,5,0.021739130434782608,0.016181229773462782,0.2,0.11304347826086956,6,142,15,0.1056338028169014
2013-12-01,2_7,8_14,family_with_children,258,794,1237,50,0.06297229219143577,0.04203718674211803,0.26,0.13602015113350127,63,350,65,0.18571428571428572
2013-12-01,8_30,15_plus,group,38,68,102,1,0.014705882352941176,0.00980392156862745,0.0,0.1323529411764706,1,40,4,0.1
2013-12-01,31_90,15_plus,family_with_children,139,353,530,11,0.031161473087818695,0.020754716981132074,0.09090909090909091,0.09915014164305949,12,166,28,0.1686746987951807
2013-12-01,same_next_day,15_plus,solo,42,71,96,4,0.056338028169014086,0.041666666666666664,0.0,0.11267605633802817,4,46,12,0.2608695652173913
2013-09-01,31_90,15_plus,group,29,55,74,1,0.01818181818181818,0.013513513513513514,0.0,0.05454545454545454,1,32,3,0.09375
2014-07-01,91_plus,8_14,solo,1518,5263,7875,118,0.022420672620178606,0.015111111111111112,0.4830508474576271,0.14478434353030592,175,2292,175,0.07635253054101222
2014-07-01,8_30,1,family_with_children,13964,64863,88657,6400,0.09866950341488985,0.07313579299998872,0.0046875,0.12333687926861231,6430,20930,6447,0.3080267558528428
2014-07-01,91_plus,15_plus,solo,380,1294,1938,20,0.015455950540958269,0.010835913312693499,0.5,0.14142194744976816,30,563,38,0.0674955595026643
2014-07-01,31_90,1,family_with_children,5593,23867,32729,2269,0.09506850462982361,0.07073237801338263,0.007933010136624064,0.11547324758034105,2287,8108,2312,0.28515046867291566
2014-07-01,same_next_day,2_3,solo,5088,15712,21994,2377,0.1512856415478615,0.10866599981813221,0.058897770298695834,0.12143584521384929,2517,6610,2769,0.418910741301059
2014-07-01,2_7,4_7,family_with_children,3579,16528,24721,715,0.04325992255566312,0.029165486833056916,0.1972027972027972,0.16771539206195546,856,5604,886,0.15810135617416132
2014-07-01,8_30,4_7,family_with_children,11588,65689,101291,2448,0.03726651341929395,0.02471098123229112,0.2708333333333333,0.15352646561829225,3111,21049,2801,0.1330704546534277
2014-07-01,91_plus,4_7,family_with_children,8728,42899,68971,886,0.020653162078370126,0.01326644531759725,0.3690744920993228,0.189095316907154,1213,15173,998,0.06577473143083108
2014-07-01,2_7,1,family_with_children,10292,41827,58122,4275,0.10220670858536351,0.07439523760366126,0.0016374269005847953,0.16867095416836014,4282,14365,4387,0.3053950574312565
2014-07-01,91_plus,2_3,group,4052,17463,25874,811,0.04644104678463036,0.0316533972327433,0.14919852034525277,0.13273778846704462,932,6138,968,0.15770609318996415
2014-07-01,2_7,2_3,family_with_children,8797,39076,55825,2601,0.06656259596683387,0.04716524854455889,0.031526336024605923,0.16838980448357047,2683,12672,2941,0.2320864898989899
2014-07-01,8_30,2_3,family_with_children,17675,94726,133390,5571,0.05881173067584401,0.04261188994677262,0.04792676359719979,0.1465278804129806,5838,29070,6015,0.20691434468524253
2014-07-01,31_90,4_7,family_with_children,8246,40396,63952,1393,0.03448361223883553,0.02231361020765574,0.3287867910983489,0.15617882958708784,1851,13903,1582,0.11378839099474934
2014-07-01,91_plus,1,family_with_children,2064,7855,10881,601,0.07651177593889243,0.056612443709217905,0.03161397670549085,0.1279439847231063,620,2904,613,0.21108815426997246
2014-07-01,91_plus,2_3,couple,19093,80838,114338,3763,0.046549889903263315,0.03396945897252007,0.14483125166090885,0.1345406863108934,4308,30098,4176,0.13874676058209848
2014-07-01,same_next_day,2_3,couple,9154,29332,40999,2932,0.09995908904950225,0.07231883704480598,0.030013642564802184,0.195963452884222,3020,11721,3581,0.3055200068253562
2014-07-01,same_next_day,1,family_with_children,6331,24652,35286,2998,0.12161285088430959,0.08564303123051635,0.000333555703802535,0.30216615284763915,2999,8686,3103,0.3572415381072991
2014-07-01,31_90,8_14,family_with_children,1561,6655,10733,164,0.02464312546957175,0.015745830615857635,0.4329268292682927,0.1325319308790383,235,2537,226,0.0890815924320063
2014-07-01,31_90,2_3,family_with_children,9645,46259,65232,2500,0.054043537473788886,0.0391065734608781,0.0756,0.13177976177608683,2689,15065,2706,0.17962163956189844
2014-07-01,8_30,8_14,couple,3973,14637,22547,486,0.03320352531256405,0.02186543664345589,0.3888888888888889,0.14313042290086767,675,5973,739,0.1237234220659635
2014-07-01,91_plus,8_14,couple,7109,28676,48543,465,0.016215650718370764,0.00997054158169046,0.6021505376344086,0.17474543171990514,745,11768,681,0.05786879673691366
2014-07-01,2_7,8_14,couple,1288,4034,5685,163,0.040406544372830935,0.02955145118733509,0.1901840490797546,0.1517104610808131,194,1717,238,0.13861386138613863
2014-07-01,31_90,15_plus,solo,432,1524,2155,51,0.03346456692913386,0.023665893271461718,0.23529411764705882,0.05511811023622047,63,583,89,0.15265866209262435
2014-07-01,91_plus,15_plus,group,121,256,349,6,0.0234375,0.02005730659025788,0.3333333333333333,0.16015625,8,144,16,0.1111111111111111
2014-07-01,2_7,8_14,group,211,629,842,33,0.05246422893481717,0.040380047505938245,0.06060606060606061,0.0794912559618442,35,267,52,0.1947565543071161
2014-07-01,91_plus,2_3,solo,4591,17104,23752,956,0.0558933582787652,0.041007073088582015,0.18723849372384938,0.08103367633302151,1135,6745,1124,0.16664195700518902
2014-07-01,8_30,8_14,group,695,2358,3472,82,0.03477523324851569,0.02390552995391705,0.2804878048780488,0.09202714164546226,105,996,132,0.13253012048192772
2014-07-01,same_next_day,2_3,group,1405,4767,6654,462,0.09691629955947137,0.0703336339044184,0.015151515151515152,0.19676945668135096,469,1784,600,0.336322869955157
2014-07-01,8_30,8_14,solo,1928,6615,9645,341,0.05154950869236583,0.03576982892690513,0.30498533724340177,0.06999244142101285,445,2718,495,0.18211920529801323
2014-07-01,31_90,15_plus,group,81,208,328,7,0.03365384615384615,0.021341463414634148,0.5714285714285714,0.20192307692307693,11,96,14,0.14583333333333334
2014-07-01,same_next_day,4_7,family_with_children,916,3288,5053,166,0.05048661800486618,0.033247575697605385,0.08433734939759036,0.20833333333333334,180,1224,223,0.18218954248366012
2014-07-01,31_90,15_plus,couple,770,2312,3271,49,0.021193771626297576,0.01498012840110058,0.24489795918367346,0.10380622837370242,61,1018,115,0.11296660117878192
2014-07-01,91_plus,15_plus,couple,976,2926,4422,41,0.014012303485987697,0.009271822704658525,0.43902439024390244,0.15242652084757347,59,1347,92,0.06829992576095026
2014-07-01,8_30,15_plus,couple,658,1807,2423,41,0.022689540675152185,0.01692117210070161,0.24390243902439024,0.10736026563364692,51,831,96,0.11552346570397112
2014-07-01,2_7,8_14,solo,902,2974,4412,243,0.08170813718897109,0.05598368087035358,0.21810699588477367,0.08002689979825152,296,1206,332,0.2752902155887231
2014-07-01,same_next_day,15_plus,group,17,66,100,1,0.015151515151515152,0.01,0.0,0.13636363636363635,1,24,4,0.16666666666666666
2014-07-01,8_30,15_plus,group,145,392,542,4,0.01020408163265306,0.007380073800738007,0.5,0.11734693877551021,6,190,16,0.08421052631578947
2014-07-01,2_7,15_plus,family_with_children,110,392,558,6,0.015306122448979591,0.010752688172043012,0.0,0.19642857142857142,6,135,17,0.1259259259259259
2014-07-01,8_30,15_plus,solo,498,1259,1745,59,0.04686258935663225,0.03610315186246418,0.13559322033898305,0.0778395552025417,67,608,99,0.16282894736842105
2014-07-01,91_plus,8_14,group,1045,3963,6541,81,0.02043906131718395,0.012383427610457116,0.4691358024691358,0.1688115064345193,119,1553,115,0.07405022537025113
2014-07-01,same_next_day,8_14,family_with_children,149,477,727,11,0.023060796645702306,0.015130674002751032,0.09090909090909091,0.25157232704402516,12,185,24,0.12972972972972974
2014-07-01,same_next_day,15_plus,couple,97,188,257,2,0.010638297872340425,0.007782101167315175,0.0,0.23404255319148937,2,107,13,0.12149532710280374
2014-07-01,same_next_day,15_plus,solo,97,211,295,13,0.061611374407582936,0.04406779661016949,0.15384615384615385,0.08056872037914692,15,113,31,0.2743362831858407
2013-01-01,31_90,15_plus,group,18,33,53,0,0.0,0.0,,0.0,0,21,1,0.047619047619047616
2013-02-01,8_30,2_3,solo,6363,19669,33791,2824,0.14357618587625198,0.08493385812790388,0.27089235127478756,0.06960191163760232,3589,8571,3135,0.3657682884144207
2013-02-01,91_plus,1,couple,3446,12206,22245,1264,0.1035556283794855,0.05830523713193976,0.03164556962025317,0.08864492872357857,1304,4946,1337,0.27031945006065505
2013-02-01,8_30,2_3,group,1781,6127,11318,546,0.08911375877264567,0.048860222654179185,0.18315018315018314,0.10380283988901583,646,2446,663,0.2710547833197056
2013-02-01,91_plus,2_3,couple,7680,29561,54144,1851,0.0626162849700619,0.03479609929078014,0.22474338195569962,0.11653868272385914,2267,11433,2095,0.18324149392110556
2013-02-01,same_next_day,1,couple,4855,12977,21443,2355,0.18147491716113123,0.11052557944317493,0.007218683651804671,0.21414810819141558,2372,6028,2834,0.4701393497013935
2013-02-01,8_30,4_7,solo,3622,11329,19549,1320,0.11651513814105394,0.06875031970944806,0.37575757575757573,0.0681437020037073,1816,5012,1484,0.29608938547486036
2013-02-01,31_90,4_7,couple,11747,47493,86782,2429,0.051144379171667406,0.02838146159341799,0.6434746809386579,0.1355147074305687,3992,18793,2750,0.14633108072154524
2013-02-01,8_30,4_7,couple,7679,27438,48550,1575,0.057402143013339166,0.03283213182286303,0.49587301587301585,0.12384284568846125,2356,11400,1956,0.17157894736842105
2013-02-01,91_plus,4_7,family_with_children,6379,28320,51182,1234,0.04357344632768362,0.024618029776093158,0.3063209076175041,0.14805790960451978,1612,10561,1351,0.12792349209355175
2013-02-01,8_30,2_3,couple,11278,37074,65308,3185,0.08590926255596915,0.049289520426287745,0.21161695447409734,0.11762960565355775,3859,15616,3906,0.2501280737704918
2013-02-01,2_7,1,couple,6781,19355,32652,2735,0.1413071557737019,0.08458899914247213,0.016819012797074956,0.13205889950917077,2781,8383,3228,0.3850650125253489
2013-02-01,2_7,1,solo,4939,13232,21005,3042,0.22989721886336154,0.14720304689359676,0.0811965811965812,0.07889963724304716,3289,6197,3171,0.51169920929482
2013-02-01,2_7,2_3,family_with_children,3523,10862,18674,1414,0.1301786043085988,0.07695191174895577,0.042432814710042434,0.09712760081016387,1474,4489,1543,0.3437291156159501
2013-02-01,8_30,1,family_with_children,4760,14907,25113,2273,0.15247870128127725,0.09286027157249234,0.0061592608886933565,0.08070034212115114,2287,6001,2317,0.3861023162806199
2013-02-01,31_90,1,couple,5502,17524,31211,1894,0.10808034695275051,0.061324533017205474,0.026399155227032733,0.10459940652818991,1944,7304,2088,0.2858707557502738
2013-02-01,same_next_day,4_7,family_with_children,341,888,1478,116,0.13063063063063063,0.07983761840324763,0.034482758620689655,0.08783783783783784,120,404,148,0.36633663366336633
2013-02-01,91_plus,1,solo,972,2697,4664,291,0.10789766407119021,0.0634648370497427,0.07560137457044673,0.07044864664441973,313,1216,335,0.2754934210526316
2013-02-01,same_next_day,1,solo,4021,10661,16641,2799,0.26254572741769067,0.1692205997235743,0.01822079314040729,0.14923553137604353,2850,5160,2961,0.5738372093023256
2013-02-01,31_90,2_3,family_with_children,6905,25749,45918,2268,0.08808109052778748,0.05056840454723638,0.07627865961199294,0.10753815682162414,2441,9750,2360,0.24205128205128204
2013-02-01,91_plus,8_14,family_with_children,1764,6883,12367,197,0.02862124073805027,0.0160912104795019,0.4619289340101523,0.17187272991428157,288,2665,241,0.09043151969981238
2013-02-01,31_90,1,group,1030,3520,6263,382,0.10852272727272727,0.06115280217148331,0.031413612565445025,0.0903409090909091,394,1380,432,0.3130434782608696
2013-02-01,31_90,1,solo,2380,7118,12577,966,0.13571227872998032,0.0783175638069492,0.09316770186335403,0.06532733914020793,1056,3068,1032,0.3363754889178618
2013-02-01,31_90,8_14,group,241,798,1361,34,0.042606516290726815,0.024981631153563555,0.5882352941176471,0.13408521303258145,54,350,43,0.12285714285714286
2013-02-01,91_plus,2_3,solo,1828,5690,9906,377,0.06625659050966608,0.038461538461538464,0.32625994694960214,0.09191564147627417,500,2441,451,0.18476034412126177
2013-02-01,31_90,4_7,group,1818,7087,12797,381,0.053760406377874985,0.029928889583496134,0.5721784776902887,0.13390715394384084,599,2707,453,0.16734392316217214
2013-02-01,31_90,8_14,solo,643,1782,3247,119,0.06677890011223345,0.03726516784724361,0.5882352941176471,0.07800224466891134,189,849,138,0.1625441696113074
2013-02-01,31_90,4_7,solo,3423,11265,19847,866,0.07687527740790058,0.04489343477603668,0.4665127020785219,0.09445184198845984,1270,4797,974,0.20304356889722744
2013-02-01,2_7,4_7,solo,1642,4941,8398,711,0.14389799635701275,0.08549654679685639,0.2812939521800281,0.07245496862983201,911,2186,823,0.3764867337602928
2013-02-01,same_next_day,2_3,family_with_children,1384,3907,6638,596,0.15254671103148196,0.0903886712865321,0.02181208053691275,0.13770156130023037,609,1685,666,0.39525222551928785
2013-02-01,31_90,8_14,couple,1853,6678,11822,259,0.03878406708595388,0.022585010996447302,0.6293436293436293,0.1278825995807128,422,2741,321,0.11711054359722729
2013-02-01,91_plus,15_plus,couple,334,861,1511,16,0.018583042973286876,0.010589013898080741,0.6875,0.1207897793263647,27,420,40,0.09523809523809523
2013-02-01,2_7,4_7,couple,2259,6360,11338,493,0.07751572327044025,0.04392309049215029,0.3184584178498986,0.13254716981132075,650,2998,664,0.22148098732488325
2013-02-01,91_plus,1,group,775,2821,4922,302,0.10705423608649416,0.06298252742787484,0.013245033112582781,0.09535625664657922,306,1066,316,0.2964352720450281
2013-02-01,31_90,15_plus,solo,98,243,416,13,0.053497942386831275,0.03125,0.3076923076923077,0.14814814814814814,17,127,20,0.15748031496062992
2013-02-01,8_30,4_7,group,1043,4030,7327,205,0.05086848635235732,0.028115190391701926,0.43902439024390244,0.09900744416873448,295,1551,261,0.16827852998065765
2013-02-01,91_plus,2_3,group,1795,6785,12237,412,0.06072218128224024,0.03440385715453134,0.220873786407767,0.12512896094325718,503,2630,490,0.18631178707224336
2013-02-01,2_7,4_7,group,257,753,1375,60,0.0796812749003984,0.04363636363636364,0.21666666666666667,0.11819389110225764,73,328,83,0.2530487804878049
2013-02-01,8_30,8_14,family_with_children,675,2066,3569,114,0.05517909002904162,0.032502101428971704,0.22807017543859648,0.11423039690222653,140,913,140,0.1533406352683461
2013-02-01,2_7,15_plus,family_with_children,80,149,239,2,0.013422818791946308,0.012552301255230125,0.0,0.06711409395973154,2,87,7,0.08045977011494253
2013-02-01,2_7,8_14,solo,264,728,1258,96,0.13186813186813187,0.07790143084260731,0.2604166666666667,0.050824175824175824,121,351,114,0.3247863247863248
2013-02-01,91_plus,15_plus,solo,95,259,420,7,0.02702702702702703,0.016666666666666666,0.8571428571428571,0.06177606177606178,13,127,10,0.07874015748031496
2013-02-01,8_30,15_plus,family_with_children,113,229,325,10,0.043668122270742356,0.03076923076923077,0.0,0.0611353711790393,10,129,21,0.16279069767441862
2013-02-01,same_next_day,1,group,535,1466,2522,299,0.20395634379263303,0.11895321173671689,0.006688963210702341,0.21828103683492497,301,650,352,0.5415384615384615
2013-02-01,2_7,1,group,835,2408,4131,369,0.1532392026578073,0.08980876301137738,0.01084010840108401,0.10382059800664452,373,1035,436,0.421256038647343
2013-02-01,31_90,15_plus,couple,205,443,766,8,0.01805869074492099,0.010443864229765013,0.75,0.16027088036117382,14,244,17,0.06967213114754098
2013-02-01,2_7,8_14,couple,267,596,1017,35,0.0587248322147651,0.0344149459193707,0.34285714285714286,0.10234899328859061,47,315,60,0.19047619047619047
2013-02-01,same_next_day,8_14,solo,69,180,318,16,0.08888888888888889,0.050314465408805034,0.125,0.07777777777777778,18,81,27,0.3333333333333333
2013-02-01,same_next_day,15_plus,family_with_children,23,35,50,3,0.08571428571428572,0.06,0.0,0.11428571428571428,3,25,7,0.28
2014-05-01,31_90,8_14,family_with_children,2767,13198,21147,342,0.02591301712380664,0.016314370832742234,0.45614035087719296,0.17623882406425215,498,4735,459,0.0969376979936642
2014-05-01,91_plus,1,couple,7459,26905,35817,2530,0.09403456606578703,0.07245162911466622,0.021343873517786563,0.1141795205352165,2584,10694,2653,0.2480830372171311
2014-05-01,same_next_day,2_3,group,1009,3503,5106,440,0.1256066228946617,0.08617312965139053,0.01818181818181818,0.1547245218384242,448,1314,545,0.4147640791476408
2014-05-01,8_30,1,family_with_children,5930,23149,32334,2496,0.10782323210505854,0.07840044535164223,0.005608974358974359,0.1277376992526675,2510,8293,2540,0.30628240684914987
2014-05-01,same_next_day,2_3,couple,6624,19568,28097,2186,0.11171300081766149,0.07858490230273694,0.03476669716376944,0.1751839738348324,2262,8317,2707,0.32547793675604186
2014-05-01,91_plus,4_7,couple,20173,87584,140285,2831,0.03232325538911217,0.020829026624371815,0.4206993995054751,0.16603489221775666,4022,33885,3248,0.09585362254684963
2014-05-01,2_7,1,solo,11886,34744,45540,6865,0.19758807276076445,0.15353535353535352,0.06598689002184996,0.07086115588303016,7318,15610,7178,0.4598334401024984
2014-05-01,31_90,2_3,couple,28759,121260,171377,7525,0.06205673758865248,0.044819316477707045,0.13980066445182723,0.13229424377370938,8577,44448,8396,0.1888948884089273
2014-05-01,91_plus,1,group,1571,5584,7697,528,0.09455587392550144,0.06898791737040405,0.017045454545454544,0.09724212034383954,537,2163,598,0.2764678687008784
2014-05-01,31_90,4_7,couple,23594,103237,160511,4190,0.040586223931342445,0.02663368865685218,0.4066825775656325,0.15052742718211493,5894,38968,5084,0.13046602340381852
2014-05-01,8_30,4_7,family_with_children,4109,19230,30132,870,0.0452418096723869,0.029204832072215584,0.30114942528735633,0.14435777431097244,1132,6693,1016,0.15180038846556104
2014-05-01,91_plus,2_3,couple,15985,65262,93398,3817,0.058487328000980665,0.041938799546028825,0.13256484149855907,0.1333854310318409,4323,24822,4141,0.16682781403593586
2014-05-01,31_90,4_7,solo,7134,25528,36856,1673,0.06553588216859918,0.04626112437594964,0.3227734608487747,0.10000783453462864,2213,10538,1971,0.18703738849876636
2014-05-01,91_plus,4_7,group,3905,16144,25705,564,0.034935579781962336,0.02233028593658821,0.3599290780141844,0.151697224975223,767,6133,678,0.11054948638512962
2014-05-01,31_90,2_3,group,6593,31005,44718,1851,0.059700048379293665,0.04168343843642381,0.1053484602917342,0.1090146750524109,2046,10251,2212,0.21578382596819823
2014-05-01,91_plus,2_3,solo,3885,13121,18129,788,0.060056398140385645,0.04501075624689724,0.19416243654822335,0.0916850849782791,941,5507,932,0.1692391501725077
2014-05-01,2_7,1,couple,17777,55349,74867,7178,0.1296861731919276,0.09699867765504161,0.012816940651992199,0.13192650273717682,7270,23057,7947,0.3446675629960533
2014-05-01,31_90,15_plus,family_with_children,448,1721,2496,33,0.01917489831493318,0.014423076923076924,0.42424242424242425,0.15979081929110983,47,644,64,0.09937888198757763
2014-05-01,8_30,2_3,group,5587,24035,34257,1720,0.07156230497191596,0.05058820095163032,0.07790697674418605,0.09024339504888704,1854,8440,2168,0.25687203791469193
2014-05-01,31_90,4_7,group,4773,21051,33669,909,0.043180846515604956,0.027206035225281415,0.33223322332233224,0.12621728183934255,1211,7675,1121,0.1460586319218241
2014-05-01,31_90,1,family_with_children,7288,34222,47330,3707,0.10832213196189586,0.08001267694908092,0.01025087671971945,0.11539360645198994,3745,11453,3579,0.3124945429145202
2014-05-01,8_30,2_3,solo,14262,47847,65254,5869,0.12266181787781888,0.0915039691053422,0.1891293235644914,0.07632662444876377,6979,20370,6447,0.31649484536082473
2014-05-01,31_90,2_3,solo,9051,30990,42962,2653,0.0856082607292675,0.06321865834923886,0.20241236336223142,0.08551145530816393,3190,12815,2985,0.23293015996878658
2014-05-01,91_plus,4_7,solo,4449,15148,23112,713,0.047068919989437547,0.031931464174454825,0.3450210378681627,0.10067335621864272,959,6499,844,0.12986613325126942
2014-05-01,2_7,2_3,family_with_children,3709,13621,20127,1069,0.07848175611188606,0.054156108709693444,0.040224508886810104,0.15314587768886279,1112,5026,1220,0.24273776362912852
2014-05-01,8_30,2_3,couple,29189,114048,158951,8296,0.07274130190796857,0.05304150335638027,0.1210221793635487,0.12228184624017957,9300,43536,9704,0.2228959941198089
2014-05-01,91_plus,1,solo,2049,6266,8244,615,0.0981487392275774,0.07569141193595343,0.03414634146341464,0.07947654005745292,636,2755,698,0.2533575317604356
2014-05-01,91_plus,15_plus,couple,729,2165,3187,43,0.019861431870669747,0.01349231251961092,0.3488372093023256,0.16997690531177828,58,1038,79,0.07610789980732177
2014-05-01,91_plus,8_14,family_with_children,1828,7515,12403,161,0.02142381902860945,0.013061356123518504,0.515527950310559,0.17684630738522955,244,2996,204,0.06809078771695594
2014-05-01,2_7,4_7,family_with_children,937,3415,5388,197,0.057686676427525625,0.03767631774313289,0.17766497461928935,0.1390922401171303,232,1336,248,0.18562874251497005
2014-05-01,91_plus,2_3,group,3764,15216,22260,863,0.056716614090431126,0.0394429469901168,0.1564310544611819,0.12868033648790747,998,5571,990,0.1777059773828756
2014-05-01,2_7,1,group,2977,10003,14153,1286,0.12856143157052885,0.09150003532819898,0.004665629860031105,0.11406578026592022,1292,3828,1488,0.3887147335423197
2014-05-01,same_next_day,1,family_with_children,2663,8777,13075,1163,0.132505411871938,0.08978967495219885,0.0017196904557179708,0.2398313774638259,1165,3344,1216,0.36363636363636365
2014-05-01,8_30,8_14,couple,2063,6797,9954,246,0.03619243784022363,0.02531645569620253,0.32926829268292684,0.12579079005443577,327,2925,408,0.13948717948717948
2014-05-01,same_next_day,2_3,solo,4673,13625,18845,2362,0.1733577981651376,0.12645263995754844,0.06392887383573242,0.10480733944954128,2513,6002,2710,0.4515161612795735
2014-05-01,8_30,8_14,solo,1307,4299,6309,302,0.07024889509188183,0.048343636075447775,0.2251655629139073,0.06769016050244243,370,1856,387,0.20851293103448276
2014-05-01,8_30,8_14,group,264,877,1343,44,0.05017103762827822,0.03350707371556218,0.36363636363636365,0.09007981755986318,60,363,70,0.1928374655647383
2014-05-01,91_plus,15_plus,group,74,228,308,7,0.03070175438596491,0.022727272727272728,0.14285714285714285,0.10526315789473684,8,99,10,0.10101010101010101
2014-05-01,same_next_day,8_14,couple,200,456,705,34,0.07456140350877193,0.04964539007092199,0.058823529411764705,0.1118421052631579,36,227,47,0.20704845814977973
2014-05-01,91_plus,15_plus,solo,299,854,1196,19,0.02224824355971897,0.01588628762541806,0.47368421052631576,0.16276346604215455,28,387,33,0.08527131782945736
2014-05-01,2_7,8_14,family_with_children,128,339,549,17,0.05014749262536873,0.030965391621129327,0.11764705882352941,0.07374631268436578,19,165,27,0.16363636363636364
2014-05-01,same_next_day,4_7,family_with_children,252,754,1092,71,0.09416445623342175,0.06593406593406594,0.08450704225352113,0.16445623342175067,77,326,82,0.25153374233128833
2014-05-01,8_30,15_plus,family_with_children,126,297,394,3,0.010101010101010102,0.007614213197969543,0.0,0.18181818181818182,3,154,12,0.07792207792207792
2014-05-01,same_next_day,8_14,group,39,66,93,6,0.09090909090909091,0.06451612903225806,0.0,0.06060606060606061,6,42,10,0.23809523809523808
2014-05-01,same_next_day,8_14,solo,193,461,625,47,0.1019522776572668,0.0784,0.0851063829787234,0.06290672451193059,51,234,78,0.3333333333333333
2014-05-01,2_7,15_plus,family_with_children,36,123,144,2,0.016260162601626018,0.013888888888888888,0.0,0.11382113821138211,2,47,5,0.10638297872340426
2014-02-01,8_30,2_3,solo,9250,30206,41301,3945,0.1306031914189234,0.09680153022929226,0.26083650190114066,0.07793153678077203,4974,12673,4327,0.34143454588495226
2014-02-01,same_next_day,1,couple,6573,18342,24511,3197,0.17429942209137497,0.13169597323650606,0.005004691898654989,0.21906008068912877,3213,8194,3583,0.4372711740297779
2014-02-01,31_90,4_7,couple,17297,73335,119769,3325,0.04533987863912184,0.02819594385859446,0.5936842105263158,0.15925547146655758,5299,28102,4008,0.14262330083268096
2014-02-01,91_plus,1,couple,5523,18900,24918,1928,0.10201058201058201,0.07938036760574685,0.024896265560165973,0.09925925925925926,1976,7593,2036,0.268141709469248
2014-02-01,8_30,2_3,couple,16836,59609,85703,4547,0.07628042745223036,0.053825420347012355,0.20541016054541456,0.13112113942525458,5481,23519,5491,0.23347081083379395
2014-02-01,8_30,1,couple,11989,36108,47192,4095,0.11340977068793619,0.08789625360230548,0.0315018315018315,0.1199180237066578,4224,15134,4755,0.31419320734769396
2014-02-01,91_plus,8_14,group,601,2004,3138,53,0.026447105788423155,0.016889738687061822,0.6981132075471698,0.16167664670658682,90,824,77,0.09344660194174757
2014-02-01,8_30,4_7,family_with_children,4034,17058,26864,1006,0.05897526087466291,0.03819237641453246,0.3071570576540755,0.1355962011959198,1315,6361,1126,0.17701619242257507
2014-02-01,91_plus,8_14,solo,836,2646,4175,78,0.02947845804988662,0.01868263473053892,0.46153846153846156,0.10393046107331821,114,1140,102,0.08947368421052632
2014-02-01,31_90,1,solo,3272,9606,12245,1317,0.13710181136789507,0.10984075132707227,0.09643128321943811,0.08015823443681033,1444,4139,1425,0.3442860594346461
2014-02-01,31_90,8_14,couple,2823,10122,16138,348,0.03438055720213397,0.02187383814599083,0.6293103448275862,0.14453665283540804,567,4260,539,0.12652582159624412
2014-02-01,31_90,2_3,family_with_children,6688,27924,39668,2120,0.07592035524996418,0.05470404356156096,0.10660377358490566,0.12161581435324452,2346,9920,2238,0.22560483870967743
2014-02-01,31_90,1,couple,8123,26589,35033,2723,0.10241077137161984,0.0793822966916907,0.028644876973925818,0.11027116476738501,2801,10839,3034,0.2799151213211551
2014-02-01,91_plus,4_7,couple,15072,65365,108762,2624,0.040143807848236825,0.024604181607546752,0.5769817073170732,0.16285473877457354,4138,25003,3054,0.12214534255889294
2014-02-01,91_plus,2_3,family_with_children,5554,25516,36301,2003,0.0784997648534253,0.05696812759979064,0.056415376934598103,0.11624079009249098,2116,8881,1981,0.2230604661637203
2014-02-01,same_next_day,4_7,solo,819,2174,3081,327,0.15041398344066237,0.10613437195715676,0.10091743119266056,0.11453541858325667,360,1003,426,0.4247258225324028
2014-02-01,2_7,4_7,couple,3454,10430,15636,703,0.06740172579098754,0.04515221284215912,0.2773826458036984,0.13691275167785236,898,4544,950,0.20906690140845072
2014-02-01,91_plus,8_14,couple,3958,14768,24671,432,0.02925243770314193,0.01767257103481821,0.7337962962962963,0.15702871072589383,749,6028,628,0.1041804910418049
2014-02-01,91_plus,4_7,group,3248,12669,20946,533,0.042071197411003236,0.02573283681848563,0.5365853658536586,0.14460494119504302,819,4937,621,0.12578488960907433
2014-02-01,8_30,1,group,1743,5291,7215,647,0.12228312228312228,0.08981288981288982,0.01854714064914992,0.09374409374409375,659,2180,782,0.3587155963302752
2014-02-01,31_90,4_7,group,2879,12590,20415,541,0.042970611596505164,0.02674504041146216,0.49722735674676527,0.1381254964257347,810,4581,690,0.15062213490504256
2014-02-01,2_7,2_3,family_with_children,2732,9055,12911,920,0.10160132523467698,0.07249632096661761,0.04565217391304348,0.13892876863611264,962,3567,1020,0.28595458368376786
2014-02-01,same_next_day,1,solo,5412,15218,19766,3522,0.23143645682744118,0.1790448244460184,0.018171493469619535,0.1437113944013668,3586,6935,3711,0.5351117519826964
2014-02-01,8_30,1,solo,7021,20423,26047,3660,0.1792097145375312,0.14285714285714285,0.11584699453551912,0.06331097292268521,4084,8888,3925,0.44160666066606663
2014-02-01,91_plus,1,group,1342,4686,6400,482,0.10285958173282117,0.07578125,0.016597510373443983,0.0998719590268886,490,1814,555,0.3059536934950386
2014-02-01,2_7,1,family_with_children,3344,9771,13272,1420,0.14532801146249105,0.1087251356238698,0.004225352112676056,0.13621942482857435,1426,4091,1493,0.36494744561231973
2014-02-01,91_plus,4_7,solo,3254,10989,16933,494,0.04495404495404495,0.02964625287899368,0.5040485829959515,0.11638911638911639,743,4771,617,0.12932299308321107
2014-02-01,8_30,8_14,family_with_children,650,2467,4020,106,0.04296716659910823,0.026865671641791045,0.36792452830188677,0.10944466963923793,145,970,133,0.13711340206185568
2014-02-01,31_90,4_7,solo,5061,17516,26437,1211,0.0691367892212834,0.04633657374134736,0.47398843930635837,0.12114638045215803,1785,7276,1454,0.19983507421660252
2014-02-01,91_plus,15_plus,couple,645,1579,2303,29,0.01836605446485117,0.012592270950933565,0.5862068965517241,0.11652944901836605,46,820,93,0.11341463414634147
2014-02-01,same_next_day,2_3,solo,2641,7157,9729,1355,0.1893251362302641,0.14091890225100215,0.06789667896678966,0.13539192399049882,1447,3245,1552,0.4782742681047766
2014-02-01,same_next_day,1,group,812,2327,3202,430,0.1847872797593468,0.13460337289194255,0.004651162790697674,0.17834121186076493,432,1020,530,0.5196078431372549
2014-02-01,91_plus,15_plus,solo,208,626,894,12,0.019169329073482427,0.013422818791946308,0.5833333333333334,0.10702875399361023,19,293,24,0.08191126279863481
2014-02-01,8_30,2_3,group,2619,9725,14386,797,0.08195372750642674,0.05637425274572501,0.16813048933500627,0.10663239074550128,931,3594,958,0.26655537006121316
2014-02-01,2_7,8_14,couple,485,1272,1859,67,0.05267295597484277,0.03657880580957504,0.14925373134328357,0.11713836477987422,77,596,120,0.20134228187919462
2014-02-01,31_90,1,group,1584,5494,7468,559,0.10174736075718967,0.0760578468130691,0.01967799642218247,0.09119038951583545,570,2067,626,0.3028543783260764
2014-02-01,2_7,4_7,solo,2506,7599,10802,1016,0.1337018028687985,0.09479725976670987,0.25688976377952755,0.09501250164495328,1277,3373,1189,0.35250518825970945
2014-02-01,31_90,8_14,group,354,1290,2055,54,0.04186046511627907,0.027250608272506083,0.6111111111111112,0.16434108527131783,87,524,70,0.13358778625954199
2014-02-01,same_next_day,4_7,group,132,347,506,44,0.12680115273775217,0.08893280632411067,0.022727272727272728,0.11239193083573487,45,152,59,0.3881578947368421
2014-02-01,91_plus,1,solo,1399,4038,5394,448,0.1109460128776622,0.08509454949944383,0.046875,0.057206537890044575,469,1792,494,0.27566964285714285
2014-02-01,same_next_day,4_7,couple,985,2517,3682,288,0.11442193087008343,0.07848995111352526,0.125,0.15494636471990464,324,1189,356,0.2994112699747687
2014-02-01,31_90,8_14,solo,974,3004,4681,138,0.045938748335552594,0.029694509720145267,0.5942028985507246,0.11251664447403462,220,1379,191,0.13850616388687453
2014-02-01,same_next_day,2_3,group,496,1510,2240,187,0.123841059602649,0.08392857142857142,0.0213903743315508,0.15827814569536425,191,613,250,0.4078303425774878
2014-02-01,2_7,8_14,solo,431,1338,1800,117,0.08744394618834081,0.065,0.23931623931623933,0.08520179372197309,145,557,167,0.2998204667863555
2014-02-01,same_next_day,2_3,couple,3271,9037,12691,1131,0.12515215226291912,0.090221416752029,0.05128205128205128,0.17937368595772935,1189,3991,1437,0.360060135304435
2014-02-01,2_7,4_7,group,429,1444,2200,112,0.07756232686980609,0.05136363636363636,0.19642857142857142,0.12742382271468145,134,575,154,0.2678260869565217
2014-02-01,2_7,15_plus,family_with_children,84,150,214,2,0.013333333333333334,0.009345794392523364,0.0,0.10666666666666667,2,87,12,0.13793103448275862
2014-02-01,31_90,15_plus,family_with_children,160,361,528,10,0.027700831024930747,0.01893939393939394,0.0,0.04986149584487535,10,192,33,0.171875
2014-02-01,8_30,15_plus,family_with_children,136,272,380,8,0.029411764705882353,0.021052631578947368,0.25,0.14338235294117646,10,158,32,0.20253164556962025
2014-02-01,same_next_day,15_plus,couple,75,103,140,0,0.0,0.0,,0.21359223300970873,0,78,10,0.1282051282051282
2014-02-01,2_7,8_14,group,69,197,290,17,0.08629441624365482,0.05862068965517241,0.11764705882352941,0.09644670050761421,19,89,24,0.2696629213483146
2014-02-01,same_next_day,15_plus,solo,71,104,142,4,0.038461538461538464,0.028169014084507043,0.0,0.08653846153846154,4,74,18,0.24324324324324326
2014-02-01,91_plus,15_plus,group,70,219,319,2,0.0091324200913242,0.006269592476489028,0.5,0.0821917808219178,3,90,8,0.08888888888888889
2014-02-01,same_next_day,8_14,family_with_children,40,73,104,6,0.0821917808219178,0.057692307692307696,0.16666666666666666,0.1780821917808219,7,43,6,0.13953488372093023
2014-11-01,2_7,8_14,couple,1084,3247,4484,143,0.044040652910378814,0.03233719892952721,0.11188811188811189,0.16291961810902372,159,1397,236,0.16893342877594847
2014-11-01,8_30,1,couple,34750,116551,152340,11559,0.09917546824995066,0.07729421031902324,0.01773509819188511,0.14281301747732753,11764,47370,13449,0.28391386953768205
2014-11-01,8_30,4_7,family_with_children,5425,25615,38499,1003,0.039156744095256685,0.02654614405568976,0.28713858424725824,0.14370486043333983,1291,8807,1178,0.13375723856023616
2014-11-01,91_plus,2_3,couple,22747,102257,139768,4800,0.04694055174706866,0.03545876023124034,0.12020833333333333,0.1387093304125879,5377,37184,5365,0.14428248709122204
2014-11-01,31_90,4_7,family_with_children,11248,60396,91619,1900,0.03145903702231936,0.02110915858064375,0.3173684210526316,0.15106960725875887,2503,20220,2171,0.10736894164193868
2014-11-01,31_90,2_3,couple,39480,176544,247042,9143,0.05178878919702737,0.0377506658786765,0.1497320354369463,0.1339326173645097,10512,63454,10776,0.16982380937371955
2014-11-01,same_next_day,2_3,couple,8027,24588,34480,3013,0.12253945013827884,0.08839907192575407,0.02456023896448722,0.2275500244021474,3087,10099,3747,0.37102683434003364
2014-11-01,2_7,4_7,solo,5095,17447,24258,1901,0.10895856021092451,0.07947893478440102,0.1935823250920568,0.07342236487648306,2269,7232,2269,0.3137444690265487
2014-11-01,same_next_day,2_3,group,943,2808,3953,391,0.13924501424501423,0.09967113584619276,0.015345268542199489,0.1339031339031339,397,1186,490,0.4131534569983137
2014-11-01,8_30,1,solo,16298,53774,68748,8426,0.1566928255290661,0.12497818118345261,0.08699264182292903,0.057165172760069924,9159,22438,8883,0.395890899367145
2014-11-01,31_90,8_14,couple,7632,30688,44896,721,0.023494525547445255,0.016437990021382753,0.3897364771151179,0.1465067778936392,1002,12144,1092,0.08992094861660078
2014-11-01,31_90,2_3,solo,10998,42521,58441,3053,0.07179981656122857,0.053524067007751405,0.1876842450049132,0.07951365207779686,3626,16209,3484,0.21494231599728547
2014-11-01,same_next_day,2_3,solo,5327,16062,21567,2662,0.1657327854563566,0.12468122594704874,0.05447032306536439,0.11810484373054414,2807,6894,3062,0.44415433710472874
2014-11-01,31_90,2_3,group,7917,37141,52998,1969,0.05301418917099701,0.03762406128533152,0.13712544438801422,0.10196279044721467,2239,12285,2355,0.1916971916971917
2014-11-01,91_plus,2_3,solo,4827,18450,25019,1044,0.05658536585365854,0.04228786122546865,0.14367816091954022,0.08758807588075881,1194,7014,1203,0.17151411462788707
2014-11-01,31_90,1,family_with_children,5562,23996,33130,2228,0.09284880813468911,0.06915182613945065,0.008527827648114902,0.12572928821470244,2247,7997,2242,0.2803551331749406
2014-11-01,8_30,2_3,family_with_children,8655,38477,54946,2368,0.06154325960963693,0.043915844647472065,0.06925675675675676,0.15947189229929568,2532,12915,2605,0.20170344560588463
2014-11-01,same_next_day,4_7,couple,2145,6085,8681,546,0.08972884141331142,0.06324156203202395,0.05311355311355311,0.1970419063270337,575,2608,777,0.2979294478527607
2014-11-01,31_90,8_14,group,1043,4037,5921,108,0.026752539014119395,0.018240162134774533,0.3888888888888889,0.12756997770621747,150,1534,170,0.11082138200782268
2014-11-01,91_plus,2_3,group,4957,21933,31247,1100,0.05015273788355446,0.03590744711492303,0.15181818181818182,0.10992568276113619,1267,7513,1249,0.1662451750299481
2014-11-01,91_plus,4_7,family_with_children,9932,50534,76331,1158,0.02291526497011913,0.01566860122361819,0.3333333333333333,0.1712114615902165,1544,17288,1301,0.07525451180009254
2014-11-01,91_plus,1,group,1954,7800,10510,667,0.08551282051282051,0.06412940057088487,0.020989505247376312,0.09705128205128205,681,2807,719,0.2561453509084432
2014-11-01,91_plus,1,couple,10383,39177,50845,3139,0.08012354187405876,0.06382141803520504,0.017840076457470534,0.11787528396763407,3195,15492,3417,0.22056545313710302
2014-11-01,31_90,15_plus,couple,1139,3505,4959,61,0.017403708987161197,0.012502520669489817,0.4262295081967213,0.12524964336661912,87,1525,131,0.0859016393442623
2014-11-01,91_plus,8_14,family_with_children,2855,13143,20387,180,0.013695503309746632,0.009025359297591603,0.45,0.18245453853762458,261,4680,259,0.05534188034188034
2014-11-01,2_7,4_7,couple,7317,24514,35636,1525,0.06220934975932121,0.0432147266808845,0.1659016393442623,0.14061352696418372,1778,10108,2052,0.20300751879699247
2014-11-01,31_90,15_plus,solo,574,1949,2660,54,0.027706516162134428,0.02030075187969925,0.2777777777777778,0.09081580297588507,69,733,93,0.12687585266030013
2014-11-01,2_7,1,family_with_children,4472,16133,22142,1800,0.11157255315192463,0.08206124108029988,0.008333333333333333,0.1630198971053121,1815,5764,1865,0.32356002775850107
2014-11-01,8_30,1,group,5094,18002,24013,1915,0.10637706921453172,0.08016491067338526,0.007832898172323759,0.09082324186201533,1930,6807,2290,0.33641839283090935
2014-11-01,2_7,15_plus,couple,255,603,794,21,0.03482587064676617,0.02644836272040302,0.047619047619047616,0.13432835820895522,22,294,45,0.15306122448979592
2014-11-01,91_plus,1,solo,2577,8867,11292,782,0.08819217322657043,0.0710237336167198,0.03580562659846547,0.08582384120897711,810,3622,847,0.2338487023743788
2014-11-01,same_next_day,4_7,solo,1642,5041,6921,635,0.12596707002578852,0.09290564947261956,0.06299212598425197,0.10811346954969252,675,2095,795,0.3794749403341289
2014-11-01,2_7,2_3,family_with_children,3453,13773,19593,981,0.0712263123502505,0.05073240443015362,0.03160040774719674,0.17105931895738039,1012,4677,1107,0.23669018601667735
2014-11-01,8_30,8_14,family_with_children,955,4081,5904,113,0.027689291840235237,0.019139566395663957,0.2743362831858407,0.1450624846851262,144,1466,164,0.11186903137789904
2014-11-01,31_90,8_14,solo,2226,8635,12869,317,0.03671105964099595,0.025332193643639755,0.3470031545741325,0.10283729009843659,427,3417,452,0.13227977758267487
2014-11-01,8_30,15_plus,solo,531,1524,2040,68,0.04461942257217848,0.033823529411764704,0.1323529411764706,0.05446194225721785,77,673,116,0.1723625557206538
2014-11-01,8_30,15_plus,couple,594,2100,2829,42,0.02,0.014846235418875928,0.11904761904761904,0.12571428571428572,47,812,94,0.11576354679802955
2014-11-01,91_plus,15_plus,family_with_children,320,1216,1791,14,0.011513157894736841,0.009491903964265773,0.14285714285714285,0.21957236842105263,16,457,23,0.05032822757111598
2014-11-01,same_next_day,1,family_with_children,2688,8901,12572,1077,0.12099764071452646,0.08614381164492523,0.0018570102135561746,0.29378721491967197,1079,3324,1176,0.35379061371841153
2014-11-01,2_7,8_14,solo,882,2752,3836,221,0.08030523255813954,0.05943691345151199,0.13574660633484162,0.07231104651162791,251,1172,294,0.2508532423208191
2014-11-01,same_next_day,4_7,group,246,715,981,82,0.11468531468531469,0.0856269113149847,0.036585365853658534,0.13706293706293707,85,292,103,0.3527397260273973
2014-11-01,2_7,15_plus,group,32,88,114,5,0.056818181818181816,0.043859649122807015,0.2,0.0,6,39,7,0.1794871794871795
2014-11-01,2_7,8_14,group,124,348,474,15,0.04310344827586207,0.03164556962025317,0.06666666666666667,0.1235632183908046,16,154,32,0.2077922077922078
2014-11-01,2_7,15_plus,solo,278,719,980,58,0.08066759388038942,0.06020408163265306,0.15517241379310345,0.037552155771905425,67,362,78,0.2154696132596685
2014-11-01,2_7,4_7,group,829,2707,3795,179,0.06612486147026228,0.04743083003952569,0.0782122905027933,0.11784263021795345,193,1068,257,0.2406367041198502
2014-11-01,same_next_day,8_14,couple,287,671,939,44,0.06557377049180328,0.046858359957401494,0.06818181818181818,0.2444113263785395,47,334,75,0.2245508982035928
2014-11-01,31_90,15_plus,group,126,332,449,3,0.009036144578313253,0.0066815144766146995,0.3333333333333333,0.1746987951807229,4,147,16,0.10884353741496598
2014-11-01,same_next_day,8_14,solo,271,668,929,79,0.11826347305389222,0.08719052744886975,0.06329113924050633,0.10179640718562874,84,310,112,0.36129032258064514
2013-12-01,2_7,15_plus,solo,96,256,319,7,0.02734375,0.0219435736677116,0.2857142857142857,0.01953125,9,123,18,0.14634146341463414
2013-12-01,2_7,15_plus,group,17,43,56,2,0.046511627906976744,0.03571428571428571,0.0,0.37209302325581395,2,23,4,0.17391304347826086
2013-12-01,same_next_day,8_14,family_with_children,67,158,246,8,0.05063291139240506,0.032520325203252036,0.125,0.16455696202531644,9,75,17,0.22666666666666666
2014-08-01,same_next_day,15_plus,group,9,30,36,2,0.06666666666666667,0.05555555555555555,0.0,0.13333333333333333,2,10,3,0.3
2013-07-01,31_90,15_plus,group,32,79,117,2,0.02531645569620253,0.017094017094017096,0.0,0.05063291139240506,2,37,4,0.10810810810810811
2013-07-01,91_plus,1,family_with_children,1612,5110,8548,522,0.10215264187866928,0.06352363125877399,0.009578544061302681,0.08786692759295499,527,2127,544,0.2557592853784673
2013-07-01,91_plus,2_3,group,1341,4652,7905,273,0.05868443680137575,0.03516761543327008,0.23809523809523808,0.14273430782459157,338,1873,305,0.1628403630539242
2013-07-01,same_next_day,1,group,1012,2978,4860,494,0.16588314304902618,0.10185185185185185,0.0,0.23774345198119542,494,1247,590,0.4731355252606255
2013-07-01,same_next_day,4_7,solo,709,1889,3239,261,0.13816834303864478,0.08088916332201297,0.13409961685823754,0.10640550555849657,296,889,337,0.37907761529808776
2013-07-01,91_plus,8_14,solo,622,1701,2864,58,0.03409758965314521,0.020251396648044692,0.41379310344827586,0.13109935332157555,82,810,80,0.09876543209876543
2013-07-01,8_30,8_14,group,263,915,1561,34,0.03715846994535519,0.021780909673286355,0.4411764705882353,0.08196721311475409,49,355,46,0.1295774647887324
2013-07-01,same_next_day,8_14,family_with_children,106,247,425,14,0.05668016194331984,0.03294117647058824,0.0,0.13765182186234817,14,122,25,0.20491803278688525
2013-07-01,31_90,15_plus,solo,138,383,586,10,0.02610966057441253,0.017064846416382253,0.4,0.05483028720626632,14,184,23,0.125
2013-07-01,91_plus,15_plus,family_with_children,189,432,709,9,0.020833333333333332,0.012693935119887164,0.3333333333333333,0.1412037037037037,12,241,21,0.08713692946058091
2013-07-01,same_next_day,4_7,group,155,396,601,46,0.11616161616161616,0.07986688851913477,0.08695652173913043,0.255050505050505,50,188,64,0.3404255319148936
2013-07-01,2_7,15_plus,couple,139,256,412,5,0.01953125,0.012135922330097087,0.0,0.11328125,5,152,23,0.1513157894736842
2013-07-01,2_7,15_plus,solo,99,206,356,12,0.05825242718446602,0.033707865168539325,0.25,0.02912621359223301,15,123,23,0.18699186991869918
2013-07-01,same_next_day,15_plus,family_with_children,24,39,57,3,0.07692307692307693,0.05263157894736842,0.0,0.1282051282051282,3,24,8,0.3333333333333333
2013-10-01,same_next_day,1,solo,5616,15209,19293,3658,0.24051548425274508,0.1908464209817032,0.02733734281027884,0.11966598724439477,3758,7219,3885,0.5381631804959136
2013-10-01,31_90,2_3,couple,14944,55337,79431,3761,0.06796537578835138,0.048306076972466666,0.2608348843392715,0.11874514339411243,4742,21950,4429,0.2017767653758542
2013-10-01,8_30,4_7,couple,9010,33049,50401,1992,0.06027413840055675,0.04009841074581853,0.42168674698795183,0.1367061030590941,2832,13369,2535,0.18961777245867306
2013-10-01,31_90,2_3,group,3130,13304,19624,875,0.0657696933253157,0.04525071341214839,0.21828571428571428,0.11703247143716175,1066,4725,1032,0.21841269841269842
2013-10-01,31_90,8_14,couple,2958,10967,17511,357,0.03255220206072764,0.020672720004568556,0.5994397759103641,0.12309656241451628,571,4589,544,0.11854434517324036
2013-10-01,91_plus,2_3,family_with_children,2994,11060,15484,808,0.07305605786618445,0.05328080599328339,0.07301980198019802,0.12414104882459313,867,4368,825,0.18887362637362637
2013-10-01,8_30,1,family_with_children,4322,13436,18264,1829,0.13612682345936292,0.10353701270258432,0.006014215418261345,0.11744566835367669,1840,5470,1902,0.34771480804387567
2013-10-01,31_90,4_7,family_with_children,6778,30845,48942,1596,0.051742583887177826,0.03316170160598259,0.3283208020050125,0.1307505268276868,2120,11485,1736,0.15115367871136265
2013-10-01,31_90,2_3,solo,5203,16543,22722,1611,0.09738257873420782,0.0719566939529971,0.28677839851024206,0.07991295411956718,2073,7177,1833,0.25539919186289534
2013-10-01,31_90,1,solo,3298,9936,12649,1330,0.13385668276972626,0.10696497746857458,0.10300751879699248,0.07045088566827697,1467,4307,1456,0.3380543301602043
2013-10-01,91_plus,8_14,solo,644,1981,3154,66,0.03331650681474003,0.02092580849714648,0.6363636363636364,0.10651186269560828,108,857,85,0.09918319719953325
2013-10-01,8_30,4_7,solo,5060,16455,23284,1758,0.10683682771194165,0.07649029376395808,0.3714448236632537,0.0723792160437557,2411,7226,2036,0.28176030999169666
2013-10-01,91_plus,4_7,couple,10254,42215,68513,1315,0.03115006514272178,0.019645906616262608,0.5650190114068441,0.14840696434916498,2058,16601,1550,0.09336786940545751
2013-10-01,31_90,1,couple,7697,25278,32801,2602,0.10293535881003243,0.08112557543977318,0.03420445810914681,0.09708046522667933,2691,10362,2941,0.28382551630959274
2013-10-01,same_next_day,1,couple,6747,19517,25657,3467,0.17764000614848593,0.13625911057411233,0.003461205653302567,0.210585643285341,3479,8701,3945,0.4533961613607631
2013-10-01,91_plus,15_plus,family_with_children,205,631,932,14,0.022187004754358162,0.015021459227467811,0.42857142857142855,0.11885895404120443,20,269,25,0.09293680297397769
2013-10-01,8_30,2_3,family_with_children,5834,20197,28660,1965,0.09729167698172995,0.07062107466852756,0.0732824427480916,0.14007030747140664,2109,8040,2136,0.2656716417910448
2013-10-01,2_7,2_3,family_with_children,3195,10625,14820,1169,0.1100235294117647,0.08076923076923077,0.04362703165098375,0.14418823529411764,1220,4119,1306,0.31706724933236224
2013-10-01,91_plus,4_7,group,1867,6883,11205,259,0.037628940868807206,0.023293172690763052,0.5057915057915058,0.1452854859799506,390,2793,299,0.10705334765485142
2013-10-01,91_plus,1,family_with_children,1573,5429,7198,583,0.10738625897955424,0.0837732703528758,0.022298456260720412,0.11641186222140357,596,2162,563,0.26040703052728953
2013-10-01,91_plus,8_14,couple,2770,9808,15929,212,0.02161500815660685,0.013748509008726222,0.6981132075471698,0.16853588907014683,360,4151,307,0.07395808238978559
2013-10-01,91_plus,4_7,solo,2273,6934,10471,340,0.0490337467551197,0.03352115366249642,0.48823529411764705,0.11998846264782233,506,3161,409,0.12938943372350523
2013-10-01,same_next_day,4_7,family_with_children,287,814,1206,77,0.0945945945945946,0.06467661691542288,0.025974025974025976,0.18673218673218672,79,348,91,0.2614942528735632
2013-10-01,2_7,8_14,family_with_children,183,487,718,36,0.07392197125256673,0.054317548746518104,0.027777777777777776,0.0513347022587269,37,219,51,0.2328767123287671
2013-10-01,same_next_day,1,group,896,2651,3637,509,0.19200301772915881,0.14132526807808635,0.0,0.1859675594115428,509,1126,589,0.5230905861456483
2013-10-01,2_7,1,family_with_children,3586,10764,14636,1664,0.15458937198067632,0.1154687072970757,0.005408653846153846,0.14873652917131178,1673,4409,1712,0.38829666591063733
2013-10-01,8_30,8_14,couple,1268,4070,6178,186,0.0457002457002457,0.030754289414049854,0.45161290322580644,0.12727272727272726,270,1754,312,0.17787913340935005
2013-10-01,91_plus,8_14,group,382,1312,2073,20,0.01524390243902439,0.00964785335262904,0.85,0.1836890243902439,37,512,32,0.0625
2013-10-01,2_7,4_7,family_with_children,1180,3959,5770,347,0.08764839605961101,0.06221837088388215,0.13544668587896252,0.12983076534478405,394,1652,401,0.2427360774818402
2013-10-01,8_30,4_7,group,1078,3913,6001,241,0.061589573217480195,0.04049325112481253,0.26556016597510373,0.11679018655762842,305,1519,318,0.20934825543120475
2013-10-01,2_7,15_plus,solo,131,288,392,21,0.07291666666666667,0.05357142857142857,0.14285714285714285,0.024305555555555556,24,152,29,0.19078947368421054
2013-10-01,31_90,1,group,1568,5739,7817,570,0.09932043910088866,0.07394140974798516,0.02631578947368421,0.09792646802578847,585,2126,633,0.2977422389463782
2013-10-01,31_90,15_plus,family_with_children,232,626,893,16,0.025559105431309903,0.01791713325867861,0.1875,0.21725239616613418,19,293,34,0.11604095563139932
2013-10-01,8_30,8_14,solo,806,2416,3494,177,0.07326158940397351,0.05323411562678878,0.4124293785310734,0.06746688741721854,250,1105,236,0.21357466063348415
2013-10-01,8_30,15_plus,couple,273,631,831,14,0.022187004754358162,0.01684717208182912,0.5714285714285714,0.09033280507131537,22,330,59,0.1787878787878788
2013-10-01,same_next_day,2_3,family_with_children,1144,3318,4732,461,0.13893911995177818,0.10016906170752325,0.013015184381778741,0.23086196503918022,467,1383,516,0.37310195227765725
2013-10-01,31_90,8_14,solo,995,3220,5011,156,0.0484472049689441,0.03133107164238675,0.5641025641025641,0.07577639751552795,244,1422,204,0.14345991561181434
2013-10-01,2_7,15_plus,couple,140,269,356,8,0.02973977695167286,0.02247191011235955,0.125,0.1821561338289963,9,156,27,0.17307692307692307
2013-10-01,8_30,8_14,group,115,341,502,14,0.04105571847507331,0.027888446215139442,0.14285714285714285,0.16715542521994134,16,156,24,0.15384615384615385
2013-10-01,31_90,8_14,group,471,1664,2546,48,0.028846153846153848,0.018853102906520033,0.5833333333333334,0.12139423076923077,76,729,76,0.10425240054869685
2013-10-01,8_30,15_plus,solo,210,582,788,30,0.05154639175257732,0.03807106598984772,0.26666666666666666,0.030927835051546393,38,270,44,0.16296296296296298
2013-10-01,8_30,15_plus,group,23,52,77,1,0.019230769230769232,0.012987012987012988,0.0,0.0,1,26,4,0.15384615384615385
2014-10-01,31_90,4_7,solo,10960,42676,61018,2313,0.05419908145093261,0.038808220525090954,0.3316039775183744,0.08313806354859875,3080,16928,2775,0.163929584120983
2014-10-01,31_90,1,couple,22255,82607,107445,7187,0.08700231215272314,0.06836986365117037,0.020592736886044245,0.10953066931373855,7335,32255,8178,0.25354208649821736
2014-10-01,31_90,2_3,family_with_children,11152,56684,79816,3181,0.056118128572436664,0.04091911396211286,0.09336686576548256,0.14090395878907627,3478,18208,3352,0.18409490333919157
2014-10-01,91_plus,2_3,family_with_children,5459,26518,36786,1300,0.049023304924956636,0.0370793236557386,0.07461538461538461,0.13832114035749302,1397,8825,1329,0.15059490084985835
2014-10-01,91_plus,1,couple,9889,36261,46835,2844,0.0784313725490196,0.06332870716344614,0.020042194092827006,0.10118308926946305,2901,14745,3099,0.2101729399796541
2014-10-01,31_90,1,solo,8437,27969,35710,3144,0.11241016840072938,0.08944273312797536,0.0671119592875318,0.06761056884407737,3355,11562,3455,0.29882373291818026
2014-10-01,8_30,4_7,solo,11478,41963,58823,3720,0.08864952458117865,0.06432857895721061,0.2553763440860215,0.0780687748731025,4670,17303,4369,0.25249956654915334
2014-10-01,8_30,2_3,couple,44080,178006,244562,11762,0.0660764243901891,0.04865841790629779,0.118517258969563,0.1320404930170893,13156,67606,14226,0.21042511019731977
2014-10-01,same_next_day,1,couple,19971,61623,83195,9869,0.16015124223098517,0.11959853356571909,0.0022292025534501976,0.28245947130129984,9891,26295,11321,0.4305381251188439
2014-10-01,91_plus,4_7,family_with_children,10196,53000,80041,1127,0.021264150943396225,0.014405117377344111,0.3070097604259095,0.16620754716981131,1473,18306,1246,0.06806511526275538
2014-10-01,31_90,4_7,group,7446,36051,54466,1228,0.03406285539929544,0.022766496529945286,0.30537459283387625,0.11666805359074645,1603,12631,1516,0.12002216768268546
2014-10-01,8_30,2_3,solo,22475,82187,111146,9472,0.11524937033837468,0.08657981393842333,0.18338260135135134,0.07164150048061128,11209,33476,10426,0.3114470068108496
2014-10-01,91_plus,8_14,family_with_children,3000,13006,19841,155,0.01191757650315239,0.007912907615543571,0.432258064516129,0.16584653236967553,222,4959,213,0.04295220810647308
2014-10-01,same_next_day,1,group,2167,6718,9393,1082,0.1610598392378684,0.11529862663685723,0.0009242144177449168,0.19991068770467402,1083,2797,1255,0.44869503038970326
2014-10-01,8_30,1,family_with_children,6049,22208,30143,2068,0.09311959654178674,0.0697342666622433,0.012088974854932301,0.13540165706051874,2093,8178,2213,0.2706040596722915
2014-10-01,8_30,4_7,couple,22214,92485,134679,4177,0.04516408066172893,0.03143771486274772,0.2813023701220972,0.14144996485916636,5352,35579,5314,0.14935776722223784
2014-10-01,31_90,4_7,couple,37075,176411,261617,6026,0.034158867644307894,0.023488534766471596,0.3615997344839031,0.13662980199647415,8205,64874,7300,0.11252581928045134
2014-10-01,31_90,8_14,family_with_children,2813,13186,19631,274,0.020779614742909146,0.01426315521369263,0.3613138686131387,0.15387532231154255,373,4678,391,0.08358272766139375
2014-10-01,same_next_day,1,solo,12553,38257,49095,8171,0.2135818281621664,0.16726754251960485,0.017745685962550484,0.12348067020414565,8316,17299,8699,0.5028614370772877
2014-10-01,same_next_day,2_3,family_with_children,1608,5592,8244,498,0.0890557939914163,0.0606501698204755,0.0321285140562249,0.18508583690987124,514,2049,560,0.2733040507564666
2014-10-01,2_7,2_3,family_with_children,4125,16717,23742,1164,0.06962971825088234,0.04970095189958723,0.04982817869415808,0.15253933121971647,1222,5707,1314,0.2302435605396881
2014-10-01,2_7,4_7,family_with_children,1265,5147,7875,232,0.04507480085486691,0.030095238095238095,0.19827586206896552,0.15970468233922674,278,1883,278,0.14763674986723313
2014-10-01,8_30,4_7,group,2948,11944,17492,596,0.04989953114534494,0.03441573290647153,0.20134228187919462,0.1097622237106497,716,4518,811,0.17950420540061973
2014-10-01,31_90,1,group,4486,17439,23744,1566,0.08979872699122655,0.06662735849056604,0.010855683269476373,0.09570502895808246,1583,6349,1812,0.285399275476453
2014-10-01,2_7,1,family_with_children,5215,18886,26397,2012,0.10653394048501535,0.07728150926241618,0.0034791252485089465,0.1603304034734724,2019,6908,2099,0.3038506079907354
2014-10-01,91_plus,1,solo,2542,8113,10331,655,0.08073462344385554,0.06495015003387862,0.042748091603053436,0.07296930851719463,683,3411,741,0.21723834652594548
2014-10-01,91_plus,15_plus,family_with_children,324,1093,1664,9,0.008234217749313814,0.005408653846153846,0.4444444444444444,0.232387923147301,13,449,22,0.04899777282850779
2014-10-01,8_30,2_3,group,6974,28882,40089,2047,0.07087459317221799,0.05168500087305745,0.09233023937469467,0.09812339865660273,2236,10329,2457,0.23787394713912285
2014-10-01,91_plus,1,group,2008,7413,9783,626,0.08444624308646971,0.06511295103751405,0.01437699680511182,0.09051665992175907,635,2868,698,0.24337517433751743
2014-10-01,2_7,8_14,solo,1048,3173,4375,302,0.09517806492278601,0.06971428571428571,0.17218543046357615,0.062401512763945795,354,1433,403,0.2812281926029309
2014-10-01,2_7,15_plus,solo,320,857,1175,47,0.05484247374562427,0.04,0.14893617021276595,0.09334889148191365,54,418,81,0.1937799043062201
2014-10-01,2_7,8_14,couple,1139,3381,4849,163,0.04821058858325939,0.03382140647556197,0.13496932515337423,0.12688553682342502,185,1495,286,0.19130434782608696
2014-10-01,same_next_day,8_14,solo,300,760,1151,84,0.11052631578947368,0.07298001737619461,0.07142857142857142,0.06184210526315789,90,363,120,0.3305785123966942
2014-10-01,31_90,15_plus,family_with_children,327,1316,1782,25,0.018996960486322188,0.014029180695847363,0.12,0.13601823708206687,28,467,38,0.08137044967880086
2014-10-01,8_30,15_plus,family_with_children,65,215,296,2,0.009302325581395349,0.006756756756756757,0.0,0.14883720930232558,2,85,7,0.08235294117647059
2014-10-01,8_30,8_14,family_with_children,512,2095,3134,67,0.03198090692124105,0.021378430121250798,0.2835820895522388,0.16372315035799523,86,794,91,0.11460957178841309
2014-10-01,2_7,8_14,group,133,411,580,19,0.046228710462287104,0.032758620689655175,0.0,0.09002433090024331,19,176,41,0.23295454545454544
2014-10-01,same_next_day,15_plus,couple,87,144,182,4,0.027777777777777776,0.02197802197802198,0.0,0.09027777777777778,4,94,14,0.14893617021276595
2014-10-01,same_next_day,4_7,family_with_children,345,1166,1729,68,0.058319039451114926,0.03990746096009254,0.07352941176470588,0.21355060034305318,73,439,87,0.19817767653758542
2014-10-01,same_next_day,15_plus,group,15,32,39,3,0.09375,0.07692307692307693,0.0,0.0625,3,18,5,0.2777777777777778
2014-10-01,2_7,15_plus,couple,259,593,752,23,0.0387858347386172,0.030585106382978722,0.043478260869565216,0.09612141652613827,24,302,49,0.16225165562913907
2014-10-01,same_next_day,8_14,couple,339,817,1126,48,0.0587515299877601,0.04262877442273535,0.0625,0.193390452876377,51,394,76,0.19289340101522842
2014-10-01,same_next_day,8_14,group,52,128,193,11,0.0859375,0.05699481865284974,0.0,0.078125,11,63,24,0.38095238095238093
2014-10-01,same_next_day,15_plus,solo,79,170,221,18,0.10588235294117647,0.08144796380090498,0.05555555555555555,0.06470588235294118,19,93,27,0.2903225806451613
2014-03-01,2_7,15_plus,group,25,53,63,2,0.03773584905660377,0.031746031746031744,0.0,0.1320754716981132,2,30,4,0.13333333333333333
2014-03-01,8_30,15_plus,group,38,100,129,2,0.02,0.015503875968992248,0.0,0.03,2,45,3,0.06666666666666667
2014-06-01,8_30,1,family_with_children,9907,45577,63253,4644,0.10189349891392588,0.0744628713262612,0.003875968992248062,0.12569936590824318,4662,14880,4639,0.31176075268817205
2014-06-01,2_7,4_7,family_with_children,1991,8416,12713,405,0.048122623574144485,0.032014473373711945,0.18024691358024691,0.15292300380228138,478,2916,515,0.17661179698216736
2014-06-01,31_90,2_3,family_with_children,11857,64177,90558,3723,0.05801143711921716,0.041906844232425626,0.0770883695944131,0.1390996774545398,4010,19519,3959,0.2028280137302116
2014-06-01,91_plus,1,family_with_children,1519,5533,7600,475,0.08584854509307789,0.06394736842105263,0.04,0.10446412434484005,494,2144,476,0.22201492537313433
2014-06-01,2_7,2_3,couple,17252,61316,84804,4900,0.07991388870767825,0.05844063959247205,0.07,0.14126818448692022,5243,23460,5974,0.2546462063086104
2014-06-01,same_next_day,1,solo,9883,29323,39063,6236,0.21266582546124202,0.16089394055756087,0.0163566388710712,0.1305459877911537,6338,13245,6618,0.4996602491506229
2014-06-01,8_30,2_3,family_with_children,13083,68158,96476,4078,0.05983156782769448,0.04290186160288569,0.051495831289847964,0.1331905278910766,4288,21018,4404,0.20953468455609478
2014-06-01,8_30,4_7,family_with_children,7551,40769,62609,1540,0.03777379871961539,0.02504432270120909,0.2831168831168831,0.15352351051043686,1976,13253,1823,0.13755376141251038
2014-06-01,91_plus,4_7,couple,20637,92665,150827,2754,0.029719958992068203,0.01865713698475737,0.43318809005083514,0.16494900987427832,3947,35201,3170,0.09005425982216414
2014-06-01,2_7,2_3,solo,10285,33402,45641,4724,0.1414286569666487,0.1050371376613133,0.13526672311600338,0.08421651398119873,5363,14121,5319,0.37667304015296366
2014-06-01,2_7,1,family_with_children,6527,25859,36531,2839,0.10978769480645037,0.07870028195231447,0.0021134202183867557,0.158629490699563,2845,8828,2874,0.3255550521069325
2014-06-01,2_7,2_3,group,2756,9881,14132,813,0.08227912154640218,0.05781205774129635,0.04920049200492005,0.10150794454002632,853,3629,1066,0.293744833287407
2014-06-01,91_plus,8_14,family_with_children,1741,6703,10845,112,0.016708936297180368,0.010880590133702166,0.44642857142857145,0.15649709085484112,162,2668,151,0.056596701649175414
2014-06-01,91_plus,2_3,couple,15878,66729,94824,3500,0.052450958353939064,0.038281447734750694,0.138,0.13427445338608401,3983,24843,3842,0.15465120959626455
2014-06-01,31_90,4_7,family_with_children,11424,64536,102318,2349,0.036398289326887316,0.0233096815809535,0.34142188165176673,0.16299429775629107,3151,20956,2614,0.12473754533307883
2014-06-01,91_plus,2_3,group,3513,14293,21255,781,0.054642132512418666,0.03712067748764997,0.13956466069142126,0.13062338207514168,890,5198,888,0.17083493651404386
2014-06-01,91_plus,4_7,group,3845,15982,25938,512,0.03203604054561381,0.020009252833680314,0.353515625,0.15023151044925542,693,5973,629,0.10530721580445337
2014-06-01,31_90,1,family_with_children,7113,33533,46048,3436,0.1024662272984821,0.07594249478804725,0.009313154831199068,0.10240658455849462,3468,10817,3293,0.3044282148470001
2014-06-01,8_30,8_14,group,358,1263,1798,42,0.0332541567695962,0.02335928809788654,0.14285714285714285,0.1330166270783848,48,526,74,0.14068441064638784
2014-06-01,8_30,8_14,couple,2459,8504,12732,343,0.04033396048918156,0.027175620483820294,0.3760932944606414,0.14357949200376294,472,3464,504,0.14549653579676675
2014-06-01,31_90,8_14,solo,1584,5484,8244,238,0.04339897884755653,0.02911208151382824,0.3865546218487395,0.09865061998541211,330,2302,355,0.15421372719374457
2014-06-01,same_next_day,4_7,couple,1791,5572,8187,455,0.08165829145728644,0.05679736167094174,0.06373626373626373,0.18216080402010051,484,2280,628,0.2754385964912281
2014-06-01,91_plus,2_3,solo,4108,14473,20549,873,0.060319215090167896,0.043505766703975865,0.20962199312714777,0.0805638084709459,1056,5793,1005,0.17348524080787156
2014-06-01,31_90,8_14,couple,4656,18793,29300,562,0.029904751769275793,0.019419795221843002,0.5249110320284698,0.15915500452296066,857,7142,804,0.11257350882105853
2014-06-01,91_plus,4_7,solo,4627,17239,25912,726,0.04211381170601543,0.02975455387465267,0.3415977961432507,0.11648007425024653,974,7041,875,0.12427212043743786
2014-06-01,same_next_day,1,couple,13847,43265,58597,6654,0.15379637120073963,0.1142891274297319,0.0028554253080853623,0.21444585692823298,6673,18199,7321,0.4022748502664982
2014-06-01,31_90,8_14,group,815,3129,4644,115,0.036752956216043464,0.024978466838931956,0.3565217391304348,0.1508469159475871,156,1239,149,0.12025827280064569
2014-06-01,same_next_day,4_7,solo,1458,3975,5693,562,0.14138364779874213,0.10029861233093272,0.0693950177935943,0.10314465408805032,601,1833,718,0.3917075831969449
2013-10-01,same_next_day,8_14,family_with_children,33,58,69,6,0.10344827586206896,0.08695652173913043,0.0,0.06896551724137931,6,39,7,0.1794871794871795
2013-08-01,8_30,15_plus,group,22,91,161,0,0.0,0.0,,0.23076923076923078,0,29,4,0.13793103448275862
2013-08-01,91_plus,15_plus,group,39,98,157,1,0.01020408163265306,0.006369426751592357,1.0,0.02040816326530612,2,54,6,0.1111111111111111
2013-08-01,31_90,15_plus,group,15,19,21,1,0.05263157894736842,0.047619047619047616,0.0,0.15789473684210525,1,15,2,0.13333333333333333
2014-03-01,2_7,8_14,group,77,205,331,12,0.05853658536585366,0.03625377643504532,0.0,0.02926829268292683,12,96,19,0.19791666666666666
2014-03-01,same_next_day,15_plus,couple,70,159,228,1,0.006289308176100629,0.0043859649122807015,0.0,0.18238993710691823,1,85,13,0.15294117647058825
2013-05-01,31_90,1,solo,2964,9055,15461,1198,0.1323025952512424,0.07819675312075546,0.08597662771285476,0.07476532302595251,1301,3881,1326,0.34166451945374904
2013-05-01,2_7,2_3,solo,5044,14476,23496,2473,0.1708344846642719,0.10644364998297583,0.19490497371613424,0.08890577507598785,2955,6471,2792,0.4314634523257611
2013-05-01,91_plus,2_3,family_with_children,3935,15122,26279,1119,0.0739981483930697,0.04360896533353628,0.07059874888293119,0.11248512101573865,1198,5683,1169,0.20570121414745732
2013-05-01,2_7,1,couple,8328,23300,38667,3298,0.1415450643776824,0.08614580908785269,0.01485748938750758,0.12987124463519314,3347,10261,3866,0.3767663970373258
2013-05-01,8_30,1,couple,9981,30966,52478,3785,0.12223083381773558,0.07307824231106369,0.021136063408190225,0.11037912549247562,3865,13095,4384,0.3347842688048874
2013-05-01,8_30,2_3,couple,14149,49529,84928,3993,0.0806194350784389,0.04758148078372268,0.1890808915602304,0.1245734822023461,4748,20047,4978,0.24831645632763008
2013-05-01,8_30,2_3,solo,7514,23221,38327,3277,0.14112226002325481,0.08675346361572782,0.2639609398840403,0.06696524697472116,4142,10221,3612,0.3533900792486058
2013-05-01,same_next_day,1,couple,6142,17059,28193,2922,0.17128788322879418,0.10424573475685454,0.0034223134839151265,0.22603904097543817,2932,7653,3512,0.4589050045733699
2013-05-01,31_90,4_7,group,2182,9314,16575,400,0.04294610264118531,0.024374057315233785,0.47,0.1479493235988834,588,3384,501,0.14804964539007093
2013-05-01,same_next_day,4_7,family_with_children,455,1075,1833,120,0.11162790697674418,0.06601200218221495,0.041666666666666664,0.0827906976744186,125,524,161,0.30725190839694655
2013-05-01,same_next_day,1,solo,4746,12935,19851,3174,0.24538074990336298,0.16054606820815073,0.020163831127914304,0.15284112872052572,3238,6111,3395,0.5555555555555556
2013-05-01,31_90,1,couple,7140,24304,41554,2670,0.10985845951283739,0.06550512586032632,0.017602996254681647,0.09883146807109941,2717,9757,2947,0.302039561340576
2013-05-01,31_90,8_14,couple,2061,8097,14177,297,0.036680251945164874,0.021019961910136137,0.6498316498316499,0.11967395331604298,490,3095,395,0.12762520193861066
2013-05-01,31_90,2_3,family_with_children,9619,44567,80685,3484,0.07817443399824983,0.044122203631406086,0.0473593570608496,0.10815177149011601,3649,14648,3611,0.2465182960131076
2013-05-01,31_90,4_7,couple,11366,47444,84541,2294,0.04835174099991569,0.027383163198921232,0.5335658238884046,0.14313717224517325,3518,17884,2744,0.1534332364124357
2013-05-01,2_7,1,solo,6301,17255,26863,3719,0.21553172993335265,0.13941108588020698,0.0833557407905351,0.0814836279339322,4029,7933,3919,0.4940123534602294
2013-05-01,2_7,2_3,couple,7482,22656,38728,2233,0.09856108757062147,0.05814914273910349,0.11374832064487236,0.13541666666666666,2487,9676,2913,0.3010541546093427
2013-05-01,8_30,1,solo,6225,18226,29578,3297,0.18089542411938989,0.11288795726553519,0.10251744009705793,0.06408427521123669,3635,8093,3484,0.43049548992956876
2013-05-01,91_plus,4_7,couple,9458,37877,68329,1463,0.038625023101090374,0.0218062608848366,0.5755297334244702,0.15172796155978563,2305,14734,1691,0.11476856250848377
2013-05-01,31_90,4_7,solo,3532,11621,19832,898,0.07727390069701402,0.045784590560709965,0.4610244988864143,0.09534463471301953,1312,4952,1060,0.21405492730210016
2013-05-01,8_30,4_7,family_with_children,4538,17112,30508,1282,0.07491818606825619,0.04290677854988855,0.13182527301092042,0.10741000467508181,1451,6628,1430,0.21575135787567895
2013-05-01,2_7,4_7,couple,2651,8000,13886,572,0.0715,0.04212876278265879,0.30244755244755245,0.1475,745,3510,850,0.24216524216524216
2013-05-01,8_30,1,group,1948,7042,12109,822,0.11672820221527976,0.06821372532826823,0.0170316301703163,0.09599545583641012,836,2606,955,0.3664620107444359
2013-05-01,same_next_day,2_3,couple,3304,8890,14940,1169,0.131496062992126,0.07884872824631861,0.0427715996578272,0.20404949381327334,1219,4033,1558,0.3863129184230102
2013-05-01,2_7,1,group,1352,4160,7068,566,0.1360576923076923,0.08050367855121675,0.014134275618374558,0.12115384615384615,574,1710,683,0.39941520467836256
2013-05-01,2_7,4_7,solo,1921,5515,9438,801,0.14524025385312783,0.08508158508158509,0.27091136079900124,0.08087035358114233,1018,2502,943,0.376898481215028
2013-05-01,8_30,2_3,group,2437,9185,16047,736,0.08013064779531845,0.045989904655075714,0.13043478260869565,0.0884050081654872,832,3472,938,0.2701612903225806
2013-05-01,same_next_day,1,group,820,2428,4092,423,0.1742174629324547,0.10337243401759531,0.004728132387706856,0.20510708401976935,425,1008,508,0.503968253968254
2013-05-01,same_next_day,2_3,solo,2239,6212,9918,1141,0.18367675466838376,0.1156483161927808,0.07800175284837861,0.12990985189954926,1230,2822,1331,0.4716513111268604
2013-05-01,2_7,8_14,couple,421,984,1569,39,0.039634146341463415,0.025493945188017845,0.15384615384615385,0.14329268292682926,45,523,80,0.15296367112810708
2013-05-01,91_plus,8_14,family_with_children,1379,5169,9267,149,0.028825691623137938,0.016402287687493255,0.44966442953020136,0.14761075643257884,216,2074,190,0.09161041465766634
2013-05-01,91_plus,1,family_with_children,2029,6532,10716,769,0.11772810777709737,0.07344158268010452,0.007802340702210663,0.0855786895284752,775,2711,769,0.283659166359277
2013-05-01,91_plus,4_7,solo,2235,7096,12416,390,0.05496054114994363,0.03181378865979381,0.5487179487179488,0.09202367531003382,604,3122,453,0.14509929532351057
2013-05-01,8_30,8_14,couple,1472,4274,7522,153,0.03579784744969584,0.020473278383408667,0.5098039215686274,0.14342536265793168,231,1937,292,0.15074858027878163
2013-05-01,same_next_day,2_3,group,423,1282,2174,191,0.14898595943837753,0.08831646734130635,0.02617801047120419,0.20202808112324494,196,503,238,0.4731610337972167
2013-05-01,2_7,4_7,group,358,1206,2203,82,0.06799336650082918,0.03722197004085338,0.17073170731707318,0.10199004975124377,96,471,125,0.2653927813163482
2013-05-01,31_90,1,group,1623,5822,10005,655,0.11250429405702508,0.06576711644177911,0.010687022900763359,0.07488835451734799,662,2236,700,0.31305903398926654
2013-05-01,2_7,2_3,group,1176,3857,6952,415,0.10759657765102411,0.05983889528193326,0.06987951807228916,0.10552242675654654,444,1499,523,0.34889926617745165
2013-05-01,91_plus,4_7,group,1653,6341,11609,244,0.0384797350575619,0.021190455680937203,0.5491803278688525,0.13278662671502917,378,2466,292,0.11841038118410381
2013-05-01,8_30,15_plus,family_with_children,168,338,551,20,0.05917159763313609,0.036297640653357534,0.0,0.10650887573964497,20,192,39,0.203125
2013-05-01,8_30,8_14,solo,634,1808,2944,140,0.07743362831858407,0.04857336956521739,0.37142857142857144,0.10508849557522124,192,850,185,0.21764705882352942
2013-05-01,31_90,8_14,solo,677,2242,4074,118,0.05263157894736842,0.029209621993127148,0.652542372881356,0.09545049063336307,195,935,156,0.16684491978609625
2013-05-01,31_90,8_14,group,346,1216,2142,37,0.03042763157894737,0.01727357609710551,0.7027027027027027,0.15625,63,480,49,0.10208333333333333
2013-05-01,8_30,8_14,group,136,491,837,15,0.03054989816700611,0.017921146953405017,0.13333333333333333,0.22606924643584522,17,193,26,0.13471502590673576
2013-05-01,31_90,15_plus,family_with_children,307,857,1404,31,0.03617269544924154,0.02207977207977208,0.3548387096774194,0.08518086347724621,42,395,57,0.14430379746835442
2013-05-01,91_plus,15_plus,family_with_children,211,469,741,10,0.021321961620469083,0.01349527665317139,0.2,0.16417910447761194,12,257,18,0.07003891050583658
2013-05-01,2_7,8_14,solo,275,716,1164,72,0.1005586592178771,0.0627147766323024,0.25,0.10195530726256984,90,343,93,0.27113702623906705
2013-05-01,2_7,8_14,group,43,116,193,7,0.0603448275862069,0.03626943005181347,0.0,0.05172413793103448,7,48,9,0.1875
2013-05-01,2_7,15_plus,family_with_children,51,98,171,5,0.05102040816326531,0.029239766081871343,0.0,0.12244897959183673,5,55,10,0.18181818181818182
2013-05-01,same_next_day,15_plus,couple,36,71,104,3,0.04225352112676056,0.028846153846153848,0.3333333333333333,0.14084507042253522,4,38,8,0.21052631578947367
2013-05-01,same_next_day,8_14,family_with_children,56,115,168,12,0.10434782608695652,0.07142857142857142,0.0,0.034782608695652174,12,63,13,0.20634920634920634
2013-05-01,same_next_day,15_plus,solo,27,47,79,2,0.0425531914893617,0.02531645569620253,0.0,0.1702127659574468,2,30,8,0.26666666666666666
2014-01-01,91_plus,1,couple,5637,19207,25136,2028,0.10558650492008122,0.08255092297899427,0.03747534516765286,0.11730098401624407,2104,7990,2152,0.2693366708385482
2014-01-01,91_plus,4_7,couple,17003,77074,128615,3053,0.039611282663414384,0.02438284803483264,0.6193907631837536,0.1668526351298752,4944,28593,3490,0.12205784632602386
2014-01-01,31_90,1,couple,8115,25816,34163,2780,0.10768515649209792,0.08269180107133449,0.038129496402877695,0.13445150294391076,2886,10770,3132,0.2908077994428969
2014-01-01,8_30,2_3,couple,16634,58843,84079,4624,0.07858198936152133,0.055638149835273966,0.24134948096885814,0.13784137450503883,5740,23494,5635,0.2398484719502852
2014-01-01,91_plus,8_14,couple,4506,18034,30820,533,0.029555284462681602,0.01752109020116807,0.7711069418386491,0.1644116668515027,944,7060,723,0.10240793201133144
2014-01-01,31_90,2_3,family_with_children,6723,27531,39957,2096,0.0761323598852203,0.053157143929724454,0.10925572519083969,0.1398423595219934,2325,9948,2198,0.22094893445918778
2014-01-01,31_90,4_7,couple,19627,83998,135581,3969,0.04725112502678635,0.029664923551235053,0.6457545981355505,0.17008738303292936,6532,32254,4741,0.14698952067960563
2014-01-01,8_30,4_7,family_with_children,3407,13811,21765,841,0.06089349069582217,0.03937514357914082,0.28894173602853745,0.12721743537759755,1084,5282,951,0.18004543733434306
2014-01-01,same_next_day,4_7,solo,761,2075,2994,294,0.1416867469879518,0.09886439545758183,0.11224489795918367,0.12385542168674699,327,931,380,0.40816326530612246
2014-01-01,same_next_day,2_3,couple,3073,8655,11972,1097,0.1267475447718082,0.09238222519211493,0.05104831358249772,0.1849797804737146,1153,3717,1412,0.37987624428302397
2014-01-01,2_7,2_3,couple,7379,22280,31022,2369,0.10632854578096948,0.07729998065888724,0.12959054453355848,0.1390035906642729,2676,9416,2962,0.31457094307561595
2014-01-01,same_next_day,2_3,solo,2499,6955,9377,1316,0.18921639108554997,0.14098325690519356,0.06990881458966565,0.13759884974838246,1408,3127,1521,0.4864086984330029
2014-01-01,2_7,1,family_with_children,2857,8176,11065,1312,0.16046966731898238,0.12028920018075011,0.0038109756097560975,0.12524461839530332,1317,3461,1366,0.3946836174516036
2014-01-01,91_plus,2_3,family_with_children,6145,27443,38738,2196,0.08002040593229603,0.05870204966699365,0.07877959927140255,0.11150384433188791,2369,9791,2140,0.21856807271984477
2014-01-01,8_30,2_3,solo,9272,28563,39088,4136,0.14480271680145643,0.10729635693819074,0.3034332688588008,0.08118895074046843,5391,12537,4528,0.36117093403525563
2014-01-01,2_7,2_3,solo,5994,17512,23560,3057,0.17456601187756968,0.1318760611205433,0.22015047432122997,0.0853129282777524,3730,7817,3414,0.4367404375079954
2014-01-01,2_7,4_7,couple,3206,9823,14500,722,0.0735009671179884,0.05,0.2950138504155125,0.14527130204621805,935,4238,987,0.2328928739971685
2014-01-01,8_30,1,family_with_children,3905,12586,17141,1665,0.1322898458604799,0.09981914707426638,0.015615615615615615,0.135706340378198,1691,5005,1747,0.3490509490509491
2014-01-01,31_90,4_7,solo,5726,19390,29192,1403,0.07235688499226406,0.04881474376541518,0.5138987883107626,0.09566787003610108,2124,8276,1701,0.2055340744320928
2014-01-01,91_plus,4_7,solo,3696,12181,18385,656,0.0538543633527625,0.03595322273592603,0.5807926829268293,0.1161645185124374,1037,5375,793,0.14753488372093024
2014-01-01,31_90,4_7,group,3331,14584,24156,696,0.047723532638507954,0.02926809074350058,0.5833333333333334,0.13837081733406473,1102,5425,874,0.16110599078341015
2014-01-01,8_30,8_14,solo,903,2574,3921,179,0.06954156954156954,0.045906656465187455,0.39664804469273746,0.14685314685314685,250,1199,249,0.20767306088407006
2014-01-01,91_plus,4_7,group,3552,15015,24637,621,0.04135864135864136,0.025693063278808298,0.5217391304347826,0.16143856143856145,945,5648,695,0.12305240793201133
2014-01-01,2_7,4_7,group,390,1301,1949,105,0.08070714834742505,0.053873781426372495,0.20952380952380953,0.09146810146041506,127,513,132,0.2573099415204678
2014-01-01,8_30,2_3,group,2413,8651,12743,708,0.08184024968211767,0.056344659813230794,0.19491525423728814,0.10796439717951682,846,3321,869,0.26166817223727795
2014-01-01,8_30,8_14,couple,1750,5553,8526,227,0.04087880424995498,0.026859019469856908,0.4185022026431718,0.13092022330271924,322,2387,367,0.15374947633012148
2014-01-01,91_plus,1,solo,1504,4232,5423,432,0.10207939508506617,0.08058270330075604,0.08564814814814815,0.08152173913043478,469,1916,510,0.2661795407098121
2014-01-01,same_next_day,1,family_with_children,1917,5715,7989,968,0.1693788276465442,0.12166729252722494,0.002066115702479339,0.2615923009623797,970,2307,997,0.43216298222800176
2014-01-01,31_90,1,group,1496,5276,7378,531,0.10064442759666414,0.0730550284629981,0.02824858757062147,0.11391205458680818,546,1988,631,0.31740442655935613
2014-01-01,91_plus,1,group,1266,4345,5899,456,0.1049482163406214,0.07780979827089338,0.03728070175438596,0.09597238204833142,473,1670,485,0.2904191616766467
2014-01-01,91_plus,8_14,solo,853,2666,3980,93,0.03488372093023256,0.023618090452261306,0.5913978494623656,0.12153038259564891,148,1264,123,0.09731012658227849
2014-01-01,same_next_day,8_14,family_with_children,42,91,134,6,0.06593406593406594,0.04477611940298507,0.0,0.0989010989010989,6,50,14,0.28
2014-01-01,31_90,8_14,family_with_children,1839,7907,12859,246,0.031111673200961174,0.019130570028773622,0.524390243902439,0.16276716833185784,375,3068,328,0.10691003911342895
2014-01-01,same_next_day,2_3,group,427,1190,1621,189,0.1588235294117647,0.11721159777914868,0.010582010582010581,0.14873949579831933,191,499,231,0.46292585170340683
2014-01-01,2_7,4_7,solo,2528,7354,10205,1039,0.14128365515365787,0.103968642822146,0.25409047160731474,0.09559423443024205,1303,3337,1232,0.36919388672460296
2014-01-01,31_90,1,solo,3487,9976,12951,1433,0.143644747393745,0.11257817929117443,0.1284019539427774,0.07768644747393745,1617,4437,1578,0.3556457065584855
2014-01-01,8_30,15_plus,solo,295,734,1079,25,0.0340599455040872,0.023169601482854494,0.32,0.09128065395095368,33,375,55,0.14666666666666667
2014-01-01,91_plus,15_plus,family_with_children,424,1270,1889,24,0.01889763779527559,0.013234515616728428,0.4166666666666667,0.12440944881889764,34,577,57,0.09878682842287695
2014-01-01,2_7,2_3,group,1104,3597,5102,409,0.11370586599944398,0.08016464131713054,0.08557457212713937,0.1370586599944398,444,1410,514,0.3645390070921986
2014-01-01,same_next_day,4_7,couple,927,2696,3913,245,0.09087537091988131,0.0626118067978533,0.1346938775510204,0.16023738872403562,278,1112,343,0.30845323741007197
2014-01-01,91_plus,8_14,group,671,2297,3776,51,0.02220287331301698,0.01350635593220339,0.6666666666666666,0.108837614279495,85,964,75,0.07780082987551867
2014-01-01,2_7,15_plus,couple,169,330,427,6,0.01818181818181818,0.01405152224824356,0.16666666666666666,0.10909090909090909,7,201,21,0.1044776119402985
2014-01-01,2_7,8_14,solo,422,1204,1661,114,0.0946843853820598,0.06863335340156532,0.21052631578947367,0.10465116279069768,138,538,150,0.2788104089219331
2014-01-01,2_7,15_plus,solo,164,377,517,30,0.07957559681697612,0.058027079303675046,0.16666666666666666,0.14588859416445624,35,202,48,0.2376237623762376
2014-01-01,2_7,8_14,couple,479,1192,1770,65,0.05453020134228188,0.03785310734463277,0.18461538461538463,0.16946308724832215,77,585,108,0.18461538461538463
2014-01-01,8_30,15_plus,couple,452,892,1217,15,0.016816143497757848,0.012325390304026294,0.2,0.14573991031390135,18,514,63,0.122568093385214
2014-01-01,2_7,15_plus,group,23,70,92,0,0.0,0.0,,0.0,0,29,2,0.06896551724137931
2014-01-01,2_7,8_14,group,47,93,129,7,0.07526881720430108,0.05426356589147287,0.14285714285714285,0.1935483870967742,8,51,11,0.21568627450980393
2014-01-01,8_30,8_14,group,149,511,761,15,0.029354207436399216,0.01971090670170828,0.3333333333333333,0.13894324853228962,20,196,23,0.11734693877551021
2014-01-01,same_next_day,4_7,group,142,407,575,51,0.12530712530712532,0.09043478260869565,0.058823529411764705,0.19656019656019655,54,168,62,0.36904761904761907
2014-01-01,31_90,15_plus,family_with_children,198,425,612,15,0.03529411764705882,0.024509803921568627,0.4666666666666667,0.11764705882352941,22,239,41,0.17154811715481172
2014-01-01,8_30,15_plus,group,46,98,145,2,0.02040816326530612,0.013793103448275862,0.5,0.10204081632653061,3,52,5,0.09615384615384616
2014-06-01,8_30,8_14,solo,1445,4829,7139,295,0.06108925243321599,0.04216276789466312,0.2576271186440678,0.06792296541727065,371,2040,404,0.1980392156862745
2014-06-01,2_7,8_14,group,119,389,589,19,0.04884318766066838,0.03225806451612903,0.10526315789473684,0.12339331619537275,21,157,26,0.16560509554140126
2014-06-01,2_7,8_14,solo,729,1936,2812,168,0.08677685950413223,0.06116642958748222,0.17261904761904762,0.0759297520661157,197,958,227,0.23695198329853862
2014-06-01,same_next_day,1,group,1994,6532,9133,970,0.1484996938150643,0.10719369320048176,0.002061855670103093,0.19902020820575628,972,2577,1165,0.45207605743112145
2014-06-01,same_next_day,2_3,family_with_children,1914,7084,10220,650,0.09175607001693958,0.06428571428571428,0.016923076923076923,0.21541501976284586,661,2442,738,0.3022113022113022
2014-06-01,91_plus,15_plus,family_with_children,145,400,605,3,0.0075,0.0049586776859504135,0.6666666666666666,0.2,5,188,9,0.047872340425531915
2014-06-01,2_7,8_14,couple,858,2285,3237,120,0.0525164113785558,0.03768921841210998,0.24166666666666667,0.11947483588621444,149,1071,192,0.1792717086834734
2014-06-01,8_30,15_plus,family_with_children,275,816,1139,18,0.022058823529411766,0.015803336259877086,0.4444444444444444,0.11397058823529412,26,368,38,0.10326086956521739
2014-06-01,same_next_day,8_14,couple,248,633,887,39,0.061611374407582936,0.043968432919954906,0.02564102564102564,0.17377567140600317,40,287,68,0.23693379790940766
2014-06-01,31_90,15_plus,family_with_children,323,1256,1875,23,0.018312101910828025,0.012266666666666667,0.34782608695652173,0.20302547770700638,31,470,39,0.08297872340425531
2014-06-01,same_next_day,8_14,solo,226,596,921,63,0.10570469798657718,0.06948968512486428,0.015873015873015872,0.0587248322147651,64,280,92,0.32857142857142857
2014-06-01,same_next_day,4_7,group,306,1033,1562,102,0.09874152952565343,0.06658130601792574,0.029411764705882353,0.1713455953533398,105,394,133,0.33756345177664976
2014-06-01,2_7,15_plus,family_with_children,91,244,351,6,0.02459016393442623,0.017094017094017096,0.16666666666666666,0.0860655737704918,7,102,19,0.18627450980392157
2014-06-01,same_next_day,8_14,group,40,111,168,10,0.09009009009009009,0.05952380952380952,0.0,0.08108108108108109,10,48,14,0.2916666666666667
2013-08-01,same_next_day,15_plus,family_with_children,28,41,64,1,0.024390243902439025,0.015625,0.0,0.21951219512195122,1,29,5,0.1724137931034483
2014-03-01,same_next_day,15_plus,group,12,17,25,0,0.0,0.0,,0.0,0,12,3,0.25
2014-12-01,8_30,4_7,couple,28698,127475,180080,4958,0.038893900764855854,0.027965348733896046,0.27390076643807987,0.15442243577171993,6316,48285,6409,0.13273273273273273
2014-12-01,same_next_day,1,couple,28667,89778,123966,11681,0.13010982646082558,0.09530032428246454,0.0013697457409468368,0.4540199157922876,11697,39882,13746,0.3446667669625395
2014-12-01,91_plus,4_7,family_with_children,11101,60748,85025,1300,0.02139988147757951,0.015607174360482211,0.28076923076923077,0.19414630934351748,1665,20127,1459,0.0724896904655438
2014-12-01,31_90,4_7,couple,34666,158597,222091,4654,0.02934481736728942,0.021423650665718108,0.35668242372152986,0.1697194776698172,6314,59239,5813,0.09812792248349905
2014-12-01,91_plus,8_14,family_with_children,3081,14453,21056,207,0.014322286030581886,0.010020896656534954,0.3864734299516908,0.20238012869300492,287,5019,286,0.056983462841203425
2014-12-01,31_90,2_3,family_with_children,6727,30366,42483,1639,0.053974840281894226,0.03935691923828355,0.10677242220866381,0.14703945201870514,1814,10259,1745,0.17009455112584074
2014-12-01,2_7,2_3,group,4771,17677,24461,1336,0.07557843525485093,0.055394301132414864,0.04116766467065868,0.12649205181874754,1391,6553,1799,0.27453074927514115
2014-12-01,91_plus,1,solo,2597,8530,10700,735,0.08616647127784291,0.0694392523364486,0.03537414965986395,0.07022274325908558,761,3532,785,0.2222536806342016
2014-12-01,2_7,2_3,solo,11358,38531,51918,4658,0.1208896732501103,0.09108594321815171,0.13160154572778016,0.10861384339882173,5271,15853,5366,0.33848482936983537
2014-12-01,91_plus,2_3,couple,24116,111807,150060,5330,0.047671433810047674,0.03673197387711582,0.10187617260787993,0.1444363948589981,5873,39789,5832,0.1465731734901606
2014-12-01,2_7,1,family_with_children,8037,32106,45351,3312,0.10315828817043543,0.0738682719234416,0.0018115942028985507,0.1910857783591852,3318,11116,3434,0.3089240734077006
2014-12-01,2_7,4_7,family_with_children,3464,15991,23156,630,0.03939716090300794,0.0275522542753498,0.2,0.16915765117878806,756,5570,768,0.1378815080789946
2014-12-01,8_30,1,solo,13910,45839,58680,6312,0.13769933899081568,0.10933878663940014,0.07065906210392903,0.08006282859573725,6758,18890,6725,0.3560084700899947
2014-12-01,8_30,1,couple,39339,139351,182421,12581,0.0902828110311372,0.07038115129288842,0.01057149670137509,0.16795717289434592,12714,55903,14649,0.2620431819401463
2013-03-01,8_30,1,solo,5710,16383,26936,2945,0.17975950680583533,0.11066973566973567,0.11307300509337861,0.06036745406824147,3278,7278,3148,0.43253641110195107
2013-03-01,same_next_day,1,couple,5911,16572,27466,2727,0.16455467052860245,0.09990533750819194,0.0007334066740007334,0.21427709389331404,2729,7384,3290,0.44555796316359697
2013-03-01,8_30,2_3,couple,13807,48101,84198,3761,0.07818964262697241,0.04527423454238818,0.20047859611805371,0.12943597846198623,4515,19522,4653,0.2383464808933511
2013-03-01,2_7,1,solo,5822,15821,25241,3357,0.21218633461854497,0.13406758844736738,0.0741733690795353,0.07749194109095506,3606,7289,3538,0.4853889422417341
2013-03-01,8_30,4_7,family_with_children,5878,24336,43544,1476,0.060650887573964495,0.03442494947639169,0.25338753387533874,0.12212360289283367,1850,9265,1675,0.18078791149487317
2013-03-01,91_plus,4_7,family_with_children,7397,33608,60704,1438,0.042787431563913354,0.024084080126515552,0.2997218358831711,0.1500535586765056,1869,12162,1565,0.12867949350435784
2013-03-01,same_next_day,2_3,solo,2200,6059,10042,1164,0.1921109093909886,0.11651065524795857,0.059278350515463915,0.11652087803267866,1233,2765,1344,0.4860759493670886
2013-03-01,8_30,1,couple,9178,29077,50124,3294,0.11328541458885029,0.06667464687574814,0.02671523982999393,0.12346528183787873,3382,11952,3899,0.3262215528781794
2013-03-01,2_7,4_7,couple,2839,9002,15468,574,0.06376360808709176,0.037367468321696407,0.3327526132404181,0.14041324150188847,765,3809,834,0.21895510632711998
2013-03-01,8_30,2_3,solo,7167,22135,37436,3015,0.13620962276936976,0.08139224276097874,0.2626865671641791,0.07969279421730291,3807,9677,3357,0.3469050325514106
2013-03-01,31_90,8_14,couple,1913,7232,13178,298,0.04120575221238938,0.022916982850204888,0.674496644295302,0.1395188053097345,499,2931,389,0.13271920846127602
2013-03-01,2_7,4_7,solo,1969,5497,9515,744,0.13534655266509005,0.07987388334209143,0.2782258064516129,0.07840640349281426,951,2589,881,0.34028582464271917
2013-03-01,91_plus,8_14,family_with_children,2085,8273,14747,241,0.029130907772271245,0.01654573811622703,0.5020746887966805,0.17031306660219991,362,3173,310,0.09769933816577371
2013-03-01,same_next_day,1,solo,4749,12950,20440,3022,0.23335907335907335,0.1488747553816047,0.01753805426869623,0.1355984555984556,3075,6174,3251,0.5265630061548429
2013-03-01,31_90,4_7,family_with_children,6048,24462,44942,1460,0.059684408470280434,0.03302033732366161,0.2534246575342466,0.11540348295315182,1830,9445,1611,0.170566437268396
2013-03-01,31_90,2_3,family_with_children,7360,28318,51225,2350,0.08298608658803588,0.0470473401659346,0.062127659574468086,0.09594604138710361,2496,10358,2437,0.23527708051747442
2013-03-01,31_90,1,family_with_children,4018,14163,24766,1727,0.1219374426322107,0.07106516999111685,0.008685581933989578,0.0694768057614912,1742,5149,1690,0.32821907166440084
2013-03-01,31_90,8_14,solo,688,2127,3968,112,0.052656323460272686,0.02847782258064516,0.5803571428571429,0.11283497884344147,177,914,157,0.17177242888402625
2013-03-01,31_90,15_plus,solo,130,348,552,13,0.03735632183908046,0.02355072463768116,0.46153846153846156,0.13505747126436782,19,176,16,0.09090909090909091
2013-03-01,91_plus,1,family_with_children,3053,12574,22671,1361,0.10823922379513282,0.06126769882228397,0.014695077149155033,0.09686655002385876,1381,4280,1265,0.2955607476635514
2013-03-01,2_7,1,couple,7856,22444,38455,3007,0.13397790055248618,0.07900143024314134,0.016627868307283005,0.12996792015683478,3057,9788,3642,0.37208827135267675
2013-03-01,2_7,2_3,couple,7179,21728,38125,2017,0.09282952871870398,0.05342950819672131,0.12345066931085771,0.1255983063328424,2266,9299,2687,0.28895580169910745
2013-03-01,8_30,2_3,group,2217,7655,13852,622,0.08125408229915088,0.045047646549234766,0.18488745980707397,0.10672762900065316,737,2975,786,0.2642016806722689
2013-03-01,2_7,1,group,1189,3748,6491,492,0.13127001067235858,0.0761053766753967,0.012195121951219513,0.12273212379935966,498,1486,564,0.3795423956931359
2013-03-01,same_next_day,4_7,couple,858,2282,4056,192,0.08413672217353199,0.04783037475345168,0.08333333333333333,0.18141980718667836,208,1035,283,0.27342995169082124
2013-03-01,same_next_day,2_3,couple,3002,8529,14440,979,0.11478485168249501,0.06821329639889197,0.05107252298263534,0.18091218196740533,1029,3697,1363,0.36867730592372194
2013-03-01,2_7,2_3,solo,4991,14153,23635,2424,0.17127110859888364,0.1035328961286228,0.19348184818481848,0.06401469653077087,2893,6421,2694,0.41956081607226287
2013-03-01,91_plus,2_3,family_with_children,5616,25911,46891,1772,0.06838794334452548,0.03851485359663901,0.04740406320541761,0.09968739145536645,1856,8606,1799,0.20904020450848246
2013-03-01,8_30,1,group,1608,5240,9027,607,0.11583969465648855,0.06790738894427828,0.006589785831960461,0.1148854961832061,611,2053,716,0.3487579152459815
2013-03-01,2_7,2_3,group,1020,3081,5526,279,0.09055501460564752,0.05066956207021354,0.06093189964157706,0.11295034079844206,296,1264,378,0.2990506329113924
2013-03-01,8_30,8_14,family_with_children,792,2794,4815,131,0.046886184681460275,0.027206645898234683,0.29770992366412213,0.13707945597709378,170,1153,180,0.15611448395490027
2013-03-01,same_next_day,2_3,group,391,1144,1921,158,0.1381118881118881,0.08224882873503384,0.0379746835443038,0.16958041958041958,164,472,205,0.4343220338983051
2014-12-01,8_30,4_7,solo,11440,42251,57288,2664,0.06305176208847128,0.047252478704091605,0.2702702702702703,0.11147665144020259,3384,17385,3291,0.1893011216566005
2014-12-01,8_30,1,group,6885,26587,35788,2664,0.10019934554481513,0.07519280205655526,0.0075075075075075074,0.10369729567081656,2684,9595,3140,0.3272537780093799
2014-12-01,31_90,4_7,solo,11375,41478,56580,2147,0.05176238005689763,0.0392011311417462,0.2934326967862133,0.12517479145571145,2777,16953,2549,0.1503568689907391
2014-12-01,31_90,1,family_with_children,3599,13325,18182,1219,0.09148217636022514,0.06836431635683643,0.015586546349466776,0.12,1238,4942,1286,0.2602185350060704
2014-12-01,91_plus,1,couple,11035,43242,56084,3481,0.08050043938763239,0.063797161400756,0.012065498419994254,0.1277461727024652,3523,16678,3619,0.21699244513730664
2014-12-01,same_next_day,1,solo,11923,36407,47284,7559,0.20762490729804708,0.16113272988748836,0.013361555761344093,0.2193808882907133,7660,16624,8080,0.48604427333974976
2014-12-01,same_next_day,4_7,couple,3503,10350,15081,742,0.07169082125603865,0.05032822757111598,0.07951482479784366,0.24579710144927536,801,4486,1034,0.23049487293802942
2014-12-01,91_plus,1,group,2313,9100,12113,761,0.08362637362637362,0.0637331792289276,0.010512483574244415,0.10736263736263736,769,3326,865,0.26007215874924833
2014-12-01,8_30,2_3,family_with_children,13464,67271,95416,4111,0.06111102852640811,0.0440177747966798,0.046460715154463636,0.14902409656464152,4302,22048,4497,0.20396407837445574
2014-12-01,2_7,2_3,couple,26060,91542,125855,6842,0.07474164864215332,0.05513487743832188,0.06123940368313359,0.1964890432806799,7261,36564,8751,0.23933377092221858
2014-12-01,8_30,4_7,group,5217,23182,33096,920,0.03968596324734708,0.02810007251631617,0.22282608695652173,0.10275213527737037,1125,8410,1259,0.14970273483947683
2014-12-01,31_90,8_14,couple,6618,28243,41168,583,0.02064228304358602,0.0144529731830548,0.4322469982847341,0.17604362142831853,835,11024,894,0.08109579100145138
2014-12-01,91_plus,2_3,solo,5416,21046,27793,1164,0.05530742183787893,0.043320260497247506,0.12628865979381443,0.08994583293737528,1311,7849,1300,0.1656261944196713
2014-12-01,31_90,4_7,group,5621,25548,36401,889,0.03479724440269297,0.024724595478146205,0.27109111361079863,0.13331767653045248,1130,9082,1103,0.12144902003963885
2014-12-01,same_next_day,1,group,3723,11539,16124,1554,0.13467371522662275,0.09662614735797569,0.0019305019305019305,0.2847733772423954,1557,4790,1982,0.41377870563674324
2014-12-01,8_30,8_14,family_with_children,1588,6918,10044,168,0.024284475281873375,0.01752289924332935,0.18452380952380953,0.13472101763515468,199,2572,240,0.09331259720062209
2014-12-01,same_next_day,2_3,family_with_children,2498,9332,13686,743,0.07961851693099015,0.05487359345316382,0.017496635262449527,0.2748606943849121,756,3216,852,0.26492537313432835
2014-12-01,same_next_day,4_7,solo,1893,5791,8107,670,0.11569677085132102,0.08363142962871592,0.06716417910447761,0.15852184424106372,715,2481,838,0.3377670294236195
2014-12-01,8_30,15_plus,couple,763,2025,2645,60,0.02962962962962963,0.022684310018903593,0.13333333333333333,0.13580246913580246,68,975,128,0.13128205128205128
2013-06-01,same_next_day,15_plus,couple,33,49,77,1,0.02040816326530612,0.012987012987012988,0.0,0.14285714285714285,1,34,6,0.17647058823529413
2013-03-01,same_next_day,4_7,solo,643,1701,3081,217,0.12757201646090535,0.07075624797143784,0.1152073732718894,0.10170487948265726,242,796,298,0.3743718592964824
2013-03-01,same_next_day,1,group,689,1955,3205,345,0.17647058823529413,0.10826833073322933,0.005797101449275362,0.17698209718670077,347,819,408,0.4981684981684982
2013-03-01,2_7,8_14,couple,445,1080,1885,33,0.030555555555555555,0.01750663129973475,0.2727272727272727,0.09444444444444444,42,557,78,0.1400359066427289
2013-03-01,same_next_day,8_14,couple,88,280,536,11,0.039285714285714285,0.020522388059701493,0.18181818181818182,0.24642857142857144,13,113,29,0.25663716814159293
2013-03-01,2_7,8_14,solo,317,833,1415,85,0.10204081632653061,0.06219081272084806,0.25882352941176473,0.030012004801920768,107,398,112,0.2814070351758794
2013-03-01,91_plus,15_plus,family_with_children,350,1048,1798,21,0.020038167938931296,0.01167964404894327,0.2857142857142857,0.12786259541984732,27,454,37,0.08149779735682819
2013-03-01,2_7,4_7,group,367,1088,1957,90,0.08272058823529412,0.04649974450689831,0.25555555555555554,0.11580882352941177,113,456,122,0.2675438596491228
2013-03-01,31_90,15_plus,couple,241,541,896,15,0.027726432532347505,0.016741071428571428,0.4666666666666667,0.07024029574861368,22,286,29,0.10139860139860139
2013-03-01,8_30,15_plus,family_with_children,115,218,337,9,0.04128440366972477,0.026706231454005934,0.1111111111111111,0.08256880733944955,10,138,17,0.12318840579710146
2013-03-01,31_90,8_14,group,247,1019,1871,32,0.03140333660451423,0.017637626937466594,0.625,0.05691854759568204,52,389,48,0.12339331619537275
2013-03-01,31_90,15_plus,group,23,62,103,2,0.03225806451612903,0.019417475728155338,0.0,0.3387096774193548,2,29,5,0.1724137931034483
2013-03-01,2_7,15_plus,family_with_children,60,175,292,5,0.02857142857142857,0.017123287671232876,0.0,0.07428571428571429,5,67,9,0.13432835820895522
2013-03-01,same_next_day,4_7,group,142,470,828,48,0.10212765957446808,0.057971014492753624,0.0625,0.10638297872340426,51,173,59,0.34104046242774566
2013-04-01,91_plus,2_3,family_with_children,4932,20696,36950,1440,0.06957866254348666,0.039972936400541274,0.06111111111111111,0.09151526865094704,1528,7307,1449,0.19830299712604352
2013-04-01,31_90,2_3,couple,13887,53277,93571,3528,0.06621994481671266,0.03803528871124601,0.23526077097505668,0.13056290707059331,4358,20284,4229,0.20848944981266024
2013-04-01,31_90,4_7,couple,11759,48576,88271,2249,0.046298583662714096,0.02576157514925627,0.5669186305024455,0.140625,3524,18557,2683,0.14458155951931886
2013-04-01,31_90,2_3,solo,4837,15176,25973,1480,0.09752240379546652,0.057752281215107996,0.2972972972972973,0.07788613600421719,1920,6579,1706,0.25930992552059584
2013-04-01,2_7,4_7,couple,2529,7907,13315,585,0.07398507651448084,0.044386030792339465,0.3128205128205128,0.14101429113443784,768,3398,815,0.23984696880517953
2013-04-01,2_7,2_3,couple,6845,20995,36479,2056,0.09792807811383662,0.05693686778694591,0.11284046692607004,0.13708025720409622,2288,8876,2663,0.30002253267237494
2013-04-01,91_plus,4_7,couple,9989,40175,72632,1454,0.036191661481020536,0.02025278114329772,0.5907840440165062,0.14832607342874923,2313,15755,1695,0.10758489368454459
2013-04-01,8_30,4_7,family_with_children,3828,13477,23730,999,0.07412628923350895,0.04268857985672145,0.14114114114114115,0.09141500333902204,1140,5350,1162,0.21719626168224299
2013-04-01,same_next_day,2_3,couple,2789,7195,12078,878,0.12202918693537179,0.07343931114422918,0.04441913439635535,0.18679638637943016,917,3314,1262,0.38080869040434523
2013-04-01,same_next_day,4_7,family_with_children,480,1361,2402,153,0.112417340191036,0.0636969192339717,0.08496732026143791,0.11609110947832477,166,548,188,0.34306569343065696
2013-04-01,31_90,4_7,solo,3834,12916,22825,972,0.07525549705791267,0.04315443592552026,0.4670781893004115,0.10103747290182719,1426,5424,1115,0.2055678466076696
2013-04-01,same_next_day,1,family_with_children,2963,8565,13672,1538,0.1795680093403386,0.1130778232884728,0.0006501950585175553,0.17559836544074722,1539,3563,1598,0.44849845635700253
2013-04-01,8_30,1,family_with_children,5579,18044,30603,2548,0.14121037463976946,0.0851550501584812,0.00510204081632653,0.0792507204610951,2561,7075,2636,0.37257950530035333
2013-04-01,91_plus,4_7,group,1914,8057,14810,326,0.04046171031401266,0.02214719783929777,0.5122699386503068,0.142733027181333,493,2907,380,0.13071895424836602
2013-04-01,31_90,4_7,group,2043,8257,14886,372,0.04505268257236284,0.025124277844954992,0.4166666666666667,0.11287392515441444,527,3067,466,0.15194000652103032
2013-04-01,31_90,8_14,couple,1904,7166,12835,244,0.03404967903991069,0.01916634203350214,0.6065573770491803,0.12796539212950042,392,2753,348,0.12640755539411552
2013-04-01,2_7,1,family_with_children,4572,13580,22361,2226,0.16391752577319588,0.1007110594338357,0.005390835579514825,0.10640648011782032,2238,5599,2302,0.4111448472941597
2013-04-01,8_30,2_3,family_with_children,7745,27452,47766,2723,0.09919131575112924,0.058137587405267345,0.0374586852735953,0.09908203409587645,2825,10524,2973,0.282497149372862
2013-04-01,91_plus,8_14,couple,2589,9550,17060,240,0.025130890052356022,0.014243845252051583,0.8166666666666667,0.14115183246073298,436,3885,303,0.077992277992278
2013-04-01,2_7,2_3,solo,4947,14487,23929,2387,0.16476841305998483,0.10092356554807974,0.19648093841642228,0.07296196590046249,2856,6388,2723,0.4262680025046963
2013-04-01,2_7,4_7,solo,1937,5588,9749,759,0.13582677165354332,0.07826443737819264,0.28194993412384717,0.08035075161059413,973,2487,894,0.3594692400482509
2013-04-01,31_90,2_3,group,2973,11767,21053,809,0.06875159343927933,0.038569325036811854,0.19283065512978986,0.12382085493328801,965,4315,984,0.22804171494785633
2013-04-01,same_next_day,2_3,solo,2201,5879,9409,1184,0.2013947950331689,0.12700605802954618,0.07516891891891891,0.12723252253784656,1273,2777,1350,0.48613611811307167
2013-04-01,91_plus,15_plus,family_with_children,255,685,1121,18,0.026277372262773723,0.016057091882247992,0.6666666666666666,0.1562043795620438,30,342,28,0.08187134502923976
2013-04-01,31_90,1,family_with_children,4784,17696,30372,2093,0.11827531645569621,0.0699986829974977,0.010033444816053512,0.09329792043399639,2114,6411,2034,0.3172671970051474
2013-04-01,91_plus,1,family_with_children,2760,10802,18757,1177,0.10896130346232179,0.06418936930212721,0.0076465590484282074,0.09331605258285502,1186,3820,1093,0.2861256544502618
2013-04-01,2_7,2_3,group,900,2997,5346,303,0.1011011011011011,0.05723905723905724,0.07920792079207921,0.11211211211211211,327,1136,379,0.3336267605633803
2013-04-01,91_plus,4_7,solo,2254,7457,12738,385,0.0516293415582674,0.030695556602292354,0.535064935064935,0.10245407000134102,591,3138,468,0.1491395793499044
2013-04-01,91_plus,8_14,group,407,1574,2737,33,0.02096569250317662,0.012422360248447204,0.7272727272727273,0.14930114358322744,57,565,43,0.07610619469026549
2013-04-01,31_90,15_plus,family_with_children,256,660,1153,19,0.02878787878787879,0.017346053772766695,0.3157894736842105,0.10151515151515152,25,316,41,0.12974683544303797
2013-04-01,same_next_day,2_3,group,308,842,1407,122,0.14489311163895488,0.0867093105899076,0.040983606557377046,0.1828978622327791,127,364,157,0.43131868131868134
2013-04-01,91_plus,8_14,solo,606,1828,3086,59,0.032275711159737416,0.01911860012961763,0.5932203389830508,0.13293216630196936,94,805,78,0.0968944099378882
2013-04-01,31_90,8_14,solo,661,2076,3685,110,0.052986512524084775,0.029850746268656716,0.4636363636363636,0.10308285163776493,161,915,147,0.16065573770491803
2013-04-01,8_30,8_14,family_with_children,572,1810,3225,88,0.04861878453038674,0.027906976744186046,0.1590909090909091,0.1005524861878453,102,780,129,0.16538461538461538
2013-04-01,31_90,8_14,group,266,948,1676,28,0.029535864978902954,0.016706443914081145,0.6071428571428571,0.13291139240506328,45,360,42,0.11666666666666667
2013-04-01,2_7,8_14,family_with_children,235,656,1145,49,0.07469512195121951,0.045414847161572056,0.10204081632653061,0.08231707317073171,54,294,71,0.24149659863945577
2013-04-01,same_next_day,8_14,family_with_children,73,120,201,10,0.08333333333333333,0.04975124378109453,0.1,0.11666666666666667,11,77,20,0.2597402597402597
2013-04-01,2_7,4_7,group,312,966,1710,81,0.08385093167701864,0.047953216374269005,0.16049382716049382,0.12422360248447205,94,397,106,0.26700251889168763
2013-04-01,2_7,15_plus,family_with_children,55,109,165,6,0.05504587155963303,0.03636363636363636,0.0,0.06422018348623854,6,62,11,0.1774193548387097
2013-04-01,8_30,15_plus,family_with_children,120,233,349,7,0.030042918454935622,0.02005730659025788,0.0,0.04721030042918455,7,132,21,0.1590909090909091
2013-04-01,same_next_day,15_plus,couple,40,68,107,0,0.0,0.0,,0.07352941176470588,0,41,2,0.04878048780487805
2013-04-01,same_next_day,15_plus,solo,21,33,53,4,0.12121212121212122,0.07547169811320754,0.25,0.2727272727272727,5,23,4,0.17391304347826086
2014-02-01,same_next_day,15_plus,group,13,18,24,1,0.05555555555555555,0.041666666666666664,0.0,0.2222222222222222,1,14,3,0.21428571428571427
2014-12-01,2_7,15_plus,couple,355,785,993,17,0.02165605095541401,0.017119838872104734,0.058823529411764705,0.21656050955414013,18,418,50,0.11961722488038277
2014-12-01,91_plus,2_3,group,5548,25157,34783,1239,0.04925070556902651,0.03619584279676854,0.10976594027441484,0.1183368446158127,1375,8516,1403,0.16474870831376234
2014-12-01,31_90,8_14,solo,2384,8739,12161,310,0.035473166266163175,0.026149165364690405,0.3064516129032258,0.11763359652134112,405,3531,419,0.11866326819597847
2014-12-01,8_30,15_plus,solo,640,2018,2732,105,0.05203171456888008,0.03916544655929722,0.14285714285714285,0.11199207135777998,120,867,152,0.17531718569780855
2014-12-01,91_plus,15_plus,couple,1157,3456,4783,40,0.011574074074074073,0.008781099728204057,0.275,0.21325231481481483,51,1512,127,0.083994708994709
2014-12-01,91_plus,15_plus,solo,426,1360,2085,19,0.013970588235294118,0.009112709832134292,0.21052631578947367,0.12205882352941176,23,554,40,0.07220216606498195
2014-12-01,2_7,15_plus,solo,253,740,971,35,0.0472972972972973,0.03604531410916581,0.17142857142857143,0.07432432432432433,41,337,64,0.18991097922848665
2014-12-01,31_90,8_14,group,861,3385,4783,92,0.027178729689807977,0.019862011289985364,0.2826086956521739,0.12053175775480059,118,1299,122,0.0939183987682833
2014-12-01,same_next_day,4_7,group,619,1774,2445,143,0.080608793686584,0.05889570552147239,0.04895104895104895,0.16403607666290868,150,776,209,0.2693298969072165
2014-12-01,2_7,8_14,family_with_children,550,2040,2870,57,0.027941176470588237,0.020905923344947737,0.22807017543859648,0.1465686274509804,70,817,83,0.10159118727050184
2014-12-01,31_90,15_plus,family_with_children,162,647,871,10,0.015455950540958269,0.011481056257175661,0.0,0.09273570324574962,10,244,26,0.10655737704918032
2014-12-01,2_7,15_plus,group,38,108,129,5,0.046296296296296294,0.03875968992248062,0.0,0.07407407407407407,5,47,8,0.1702127659574468
2014-12-01,8_30,15_plus,group,95,322,408,1,0.003105590062111801,0.0024509803921568627,0.0,0.2391304347826087,1,122,7,0.05737704918032787
2014-12-01,91_plus,15_plus,group,161,376,642,3,0.007978723404255319,0.004672897196261682,0.0,0.19414893617021275,3,189,10,0.05291005291005291
2014-04-01,2_7,15_plus,group,34,62,79,2,0.03225806451612903,0.02531645569620253,0.5,0.03225806451612903,3,39,10,0.2564102564102564
2014-12-01,same_next_day,15_plus,family_with_children,27,63,84,1,0.015873015873015872,0.011904761904761904,0.0,0.5079365079365079,1,32,8,0.25
2014-06-01,same_next_day,15_plus,family_with_children,24,47,63,0,0.0,0.0,,0.2765957446808511,0,26,5,0.19230769230769232
2014-12-01,same_next_day,8_14,family_with_children,132,321,443,13,0.040498442367601244,0.029345372460496615,0.15384615384615385,0.21495327102803738,15,156,22,0.14102564102564102
2013-02-01,91_plus,15_plus,group,36,91,158,2,0.02197802197802198,0.012658227848101266,1.0,0.17582417582417584,4,40,4,0.1
2013-02-01,2_7,8_14,group,26,69,152,6,0.08695652173913043,0.046052631578947366,0.16666666666666666,0.0,7,30,8,0.26666666666666666
2013-02-01,same_next_day,8_14,couple,64,130,209,12,0.09230769230769231,0.05741626794258373,0.0,0.1076923076923077,12,71,19,0.2676056338028169
2013-02-01,31_90,15_plus,group,9,27,40,1,0.037037037037037035,0.025,1.0,0.0,2,12,1,0.08333333333333333
2013-02-01,same_next_day,8_14,group,8,20,26,3,0.15,0.11538461538461539,0.0,0.35,3,9,4,0.4444444444444444
2014-01-01,same_next_day,15_plus,family_with_children,20,26,33,0,0.0,0.0,,0.19230769230769232,0,20,3,0.15
2014-11-01,8_30,15_plus,group,61,117,146,2,0.017094017094017096,0.0136986301369863,0.0,0.02564102564102564,2,69,10,0.14492753623188406
2014-11-01,same_next_day,15_plus,family_with_children,9,17,17,0,0.0,0.0,,0.11764705882352941,0,9,2,0.2222222222222222
2013-03-01,2_7,8_14,group,42,129,254,6,0.046511627906976744,0.023622047244094488,0.3333333333333333,0.13953488372093023,8,55,8,0.14545454545454545
2013-03-01,same_next_day,15_plus,family_with_children,23,55,85,3,0.05454545454545454,0.03529411764705882,0.0,0.07272727272727272,3,26,9,0.34615384615384615
2013-03-01,same_next_day,8_14,solo,76,211,361,21,0.0995260663507109,0.05817174515235457,0.047619047619047616,0.05687203791469194,22,88,30,0.3409090909090909
2014-11-01,same_next_day,8_14,group,37,110,142,8,0.07272727272727272,0.056338028169014086,0.0,0.045454545454545456,8,39,12,0.3076923076923077
2013-11-01,same_next_day,15_plus,couple,34,47,61,0,0.0,0.0,,0.2765957446808511,0,34,6,0.17647058823529413
2013-11-01,2_7,8_14,group,34,60,100,4,0.06666666666666667,0.04,0.0,0.11666666666666667,4,38,10,0.2631578947368421
2013-03-01,same_next_day,8_14,group,16,31,51,5,0.16129032258064516,0.09803921568627451,0.2,0.2903225806451613,6,16,7,0.4375
2013-06-01,same_next_day,15_plus,solo,28,42,76,1,0.023809523809523808,0.013157894736842105,0.0,0.09523809523809523,1,32,7,0.21875
2013-04-01,same_next_day,15_plus,group,2,3,4,1,0.3333333333333333,0.25,0.0,0.0,1,2,2,1.0
2014-10-01,2_7,15_plus,group,39,86,108,5,0.05813953488372093,0.046296296296296294,0.2,0.05813953488372093,6,47,9,0.19148936170212766
2013-09-01,same_next_day,15_plus,group,3,8,15,1,0.125,0.06666666666666667,0.0,0.0,1,4,2,0.5
2014-05-01,same_next_day,15_plus,family_with_children,15,18,27,0,0.0,0.0,,0.2777777777777778,0,15,4,0.26666666666666666
2014-09-01,same_next_day,15_plus,family_with_children,16,44,57,1,0.022727272727272728,0.017543859649122806,0.0,0.18181818181818182,1,20,2,0.1
2013-10-01,same_next_day,15_plus,family_with_children,18,30,42,2,0.06666666666666667,0.047619047619047616,0.0,0.13333333333333333,2,19,4,0.21052631578947367
2013-10-01,2_7,15_plus,group,13,25,38,0,0.0,0.0,,0.08,0,14,2,0.14285714285714285
2013-05-01,same_next_day,15_plus,group,3,5,17,1,0.2,0.058823529411764705,0.0,0.0,1,3,2,0.6666666666666666
2014-04-01,same_next_day,15_plus,group,3,5,7,0,0.0,0.0,,0.0,0,3,1,0.3333333333333333
2013-06-01,same_next_day,15_plus,group,3,8,9,0,0.0,0.0,,0.0,0,4,1,0.25
2013-11-01,same_next_day,15_plus,group,6,8,11,1,0.125,0.09090909090909091,0.0,0.0,1,6,2,0.3333333333333333
2013-01-01,same_next_day,15_plus,group,1,1,1,0,0.0,0.0,,0.0,0,1,0,0.0
2014-08-01,8_30,1,solo,14784,49397,63548,7412,0.15004959815373403,0.11824132938880846,0.08405288720992984,0.06763568637771525,8035,20188,7800,0.3863681394888052
2014-08-01,31_90,4_7,couple,34467,160419,252762,5824,0.036304926473796746,0.02338563549900697,0.38358516483516486,0.1689326077334979,8058,59617,6928,0.11620846402871664
2014-08-01,8_30,1,couple,35310,121588,158382,12014,0.09880909300259894,0.07716785998408911,0.014316630597636092,0.1340099351909728,12186,48958,13466,0.2750520854610074
2014-08-01,8_30,4_7,couple,24028,105484,160342,4441,0.04210117174168594,0.027990171009467265,0.3339337986939878,0.1479750483485647,5924,39421,5628,0.1427665457497273
2014-08-01,91_plus,4_7,family_with_children,11511,60806,99661,1335,0.021955070223333224,0.013666328854817833,0.3602996254681648,0.20022695128770188,1816,20859,1469,0.07042523610911357
2014-08-01,91_plus,2_3,family_with_children,5930,27260,39241,1232,0.04519442406456346,0.03236410896766138,0.08685064935064934,0.16639765223771094,1339,9180,1279,0.13932461873638344
2014-08-01,91_plus,8_14,couple,8224,32512,53110,567,0.017439714566929134,0.010845415176049708,0.5114638447971781,0.17854945866141733,857,13387,827,0.0617763501904833
2014-08-01,31_90,4_7,solo,10616,39866,59594,2466,0.061857221692670446,0.04231969661375306,0.33698296836982966,0.09905684041539156,3297,16080,2925,0.18190298507462688
2014-08-01,2_7,2_3,family_with_children,8985,38521,54896,2450,0.06360167181537343,0.04513990090352667,0.035918367346938776,0.17943459411749435,2538,13072,2801,0.21427478580171358
2014-08-01,2_7,1,family_with_children,9858,38883,53936,4066,0.10457012061826505,0.07623850489469,0.001721593703885883,0.17588663426175963,4073,13518,4165,0.30810770824086403
2014-08-01,91_plus,8_14,group,1354,5466,8742,85,0.015550676911818514,0.00983756577442233,0.3411764705882353,0.19209659714599342,114,2069,135,0.0652489125181247
2014-08-01,8_30,4_7,group,3399,14539,22281,702,0.04828392599215902,0.03182083389434945,0.2720797720797721,0.11183712772542816,893,5281,922,0.17458814618443477
2014-08-01,31_90,1,family_with_children,3784,14157,19274,1268,0.08956699865790775,0.06750025941683097,0.011829652996845425,0.13993077629441267,1283,5258,1325,0.2519969570178775
2014-08-01,8_30,1,group,6051,23041,31225,2438,0.10581137971442212,0.07862289831865492,0.010254306808859722,0.10142788941452194,2463,8375,2754,0.3288358208955224
2014-08-01,8_30,4_7,solo,10273,38726,55774,3073,0.07935237308268348,0.05583246674077527,0.29059550927432476,0.08544647007178639,3966,15454,3659,0.23676718001811828
2014-08-01,same_next_day,1,family_with_children,6864,26723,38067,3228,0.12079482094076265,0.08519189849475924,0.0012391573729863693,0.3129888111364742,3232,9482,3367,0.3550938620544189
2014-08-01,same_next_day,8_14,couple,391,907,1344,62,0.06835722160970231,0.046875,0.03225806451612903,0.1918412348401323,64,470,95,0.20212765957446807
2014-08-01,2_7,4_7,family_with_children,3381,15611,24049,622,0.03984369995515982,0.02627967898873134,0.25562700964630225,0.17365959900070463,781,5445,765,0.14049586776859505
2014-08-01,8_30,2_3,family_with_children,11256,53630,75967,3175,0.05920193921312698,0.04242631669014177,0.05354330708661417,0.15144508670520232,3345,17472,3473,0.19877518315018314
2014-08-01,31_90,2_3,family_with_children,7466,32518,47099,1830,0.056276523771449656,0.03947005244272702,0.11639344262295082,0.14355126391536996,2043,11267,1968,0.1746693884796308
2014-08-01,2_7,8_14,couple,1377,4607,6568,164,0.035598003038853916,0.025121802679658953,0.31097560975609756,0.1523768178858259,215,1964,279,0.14205702647657842
2014-08-01,same_next_day,2_3,family_with_children,3683,14662,21303,1109,0.07563770290546992,0.05234004600291039,0.016230838593327322,0.25760469240212797,1127,4989,1308,0.26217678893565843
2014-08-01,31_90,4_7,group,4764,21438,33578,858,0.04002239014833473,0.025909821907201144,0.30885780885780884,0.14394999533538577,1123,7617,1075,0.14113167913876853
2014-08-01,91_plus,15_plus,couple,1163,3977,6418,51,0.012823736484787528,0.007946400747896541,0.3137254901960784,0.17701785265275333,67,1674,107,0.06391875746714457
2014-08-01,91_plus,1,family_with_children,2779,11088,15133,878,0.07918470418470419,0.059736998612304235,0.02164009111617312,0.1351911976911977,897,3941,871,0.221009895965491
2014-08-01,31_90,15_plus,couple,656,1822,2631,35,0.019209659714599342,0.01330292664386165,0.37142857142857144,0.13611416026344675,48,857,90,0.10501750291715285
2014-08-01,8_30,15_plus,solo,467,1371,1838,56,0.040846097738876735,0.030467899891186073,0.19642857142857142,0.06418672501823487,67,607,94,0.15485996705107083
2014-08-01,2_7,15_plus,solo,250,685,999,40,0.058394160583941604,0.04104104104104104,0.175,0.07153284671532846,47,307,70,0.2280130293159609
2014-08-01,same_next_day,4_7,couple,2689,8404,12584,649,0.07722513089005235,0.05205022250476796,0.08936825885978428,0.20763921941932414,707,3466,894,0.257934218118869
2014-08-01,same_next_day,4_7,solo,1839,5122,7188,694,0.1354939476766888,0.09780189204229271,0.0994236311239193,0.1290511518937915,763,2347,866,0.3689816787388155
2014-08-01,2_7,15_plus,group,31,104,128,2,0.019230769230769232,0.015625,0.0,0.08653846153846154,2,39,5,0.1282051282051282
2014-08-01,91_plus,8_14,solo,1779,6610,10509,168,0.025416036308623297,0.016366923589304406,0.47619047619047616,0.10121028744326778,248,2728,228,0.08357771260997067
2014-08-01,31_90,8_14,family_with_children,1210,5487,8640,130,0.02369236376890833,0.015046296296296295,0.4461538461538462,0.1951886276653909,188,2041,184,0.09015188633023027
2014-08-01,2_7,15_plus,couple,254,739,1004,24,0.03247631935047361,0.02390438247011952,0.16666666666666666,0.12719891745602166,28,323,54,0.16718266253869968
2014-08-01,8_30,15_plus,couple,524,1544,2091,36,0.023316062176165803,0.01721664275466284,0.19444444444444445,0.13924870466321243,43,680,79,0.1161764705882353
2014-08-01,91_plus,15_plus,solo,392,1413,2185,29,0.020523708421797595,0.013729977116704805,0.4482758620689655,0.09624911535739561,42,577,51,0.08838821490467938
2014-08-01,2_7,8_14,solo,908,2800,3877,258,0.09214285714285714,0.0673200928553005,0.21705426356589147,0.09,314,1232,319,0.25892857142857145
2014-08-01,8_30,8_14,family_with_children,892,3744,5782,115,0.030715811965811964,0.02023521272915946,0.2956521739130435,0.1482371794871795,149,1408,141,0.10014204545454546
2014-08-01,91_plus,15_plus,group,147,433,573,4,0.009237875288683603,0.006980802792321117,0.25,0.19630484988452657,5,192,12,0.0625
2014-08-01,31_90,15_plus,solo,408,1320,1851,38,0.02878787878787879,0.020529443544030253,0.42105263157894735,0.06363636363636363,54,552,74,0.13405797101449277
2014-08-01,same_next_day,8_14,solo,289,830,1183,64,0.07710843373493977,0.05409974640743871,0.078125,0.0783132530120482,69,342,108,0.3157894736842105
2014-08-01,same_next_day,4_7,group,493,1486,2315,138,0.09286675639300135,0.059611231101511876,0.036231884057971016,0.17496635262449528,143,600,187,0.31166666666666665
2014-08-01,2_7,8_14,group,204,752,1124,37,0.04920212765957447,0.033807829181494664,0.08108108108108109,0.09973404255319149,40,275,53,0.19272727272727272
2014-08-01,8_30,15_plus,group,63,205,283,2,0.00975609756097561,0.007067137809187279,0.0,0.16097560975609757,2,80,6,0.075
2014-08-01,31_90,15_plus,group,55,141,187,6,0.0425531914893617,0.03208556149732621,0.5,0.09219858156028368,9,67,12,0.1791044776119403
2014-08-01,same_next_day,8_14,group,66,164,245,9,0.054878048780487805,0.036734693877551024,0.0,0.15853658536585366,9,74,17,0.22972972972972974
2014-03-01,91_plus,2_3,couple,16602,68859,96731,3842,0.05579517564878955,0.04080387879790347,0.1441957313899011,0.14075139052266225,4396,25821,4278,0.16567909840827233
2014-03-01,31_90,2_3,solo,8503,29366,40961,2567,0.08741401620922155,0.06330411855179317,0.28788469029996105,0.09218143431178914,3306,12166,2913,0.23943777741246094
2014-03-01,2_7,1,solo,9802,27841,35418,5577,0.20031608060055314,0.1592975323281947,0.06598529675452752,0.07995402463991955,5945,12517,5945,0.47495406247503397
2014-03-01,8_30,4_7,couple,15294,59173,90123,2840,0.04799486252175823,0.03188975067407876,0.3936619718309859,0.15583120680039883,3958,23767,3638,0.15306938191610217
2014-03-01,31_90,2_3,couple,27853,115457,165155,6822,0.059086932797491706,0.042075625927159334,0.1940779829961888,0.14126471326987536,8146,43717,7837,0.17926664684218954
2014-03-01,8_30,4_7,solo,6417,21731,31248,1998,0.09194238645253325,0.06480414746543779,0.3358358358358358,0.0940591781326216,2669,9316,2340,0.25118076427651354
2014-03-01,8_30,2_3,couple,25720,94733,132453,6756,0.07131622560248277,0.05184480532717266,0.1497927767910006,0.135918845597627,7768,37337,8113,0.21729115890403622
2014-03-01,31_90,2_3,group,5975,27385,40497,1583,0.05780536790213621,0.039262167567968,0.16677195198989261,0.11236078144969874,1847,9410,1889,0.20074388947927738
2014-03-01,91_plus,8_14,family_with_children,3018,12791,20513,334,0.026112110077398172,0.01652610539657778,0.5059880239520959,0.189664607927449,503,5012,423,0.0843974461292897
2014-03-01,91_plus,4_7,group,4367,18571,29811,609,0.03279306445533359,0.020697058132903963,0.4400656814449918,0.14840342469441603,877,7042,756,0.1073558648111332
2014-03-01,2_7,4_7,solo,3333,10244,14430,1278,0.12475595470519328,0.08946638946638946,0.2190923317683881,0.09185864896524795,1558,4561,1480,0.3244902433676825
2014-03-01,31_90,4_7,couple,23978,106454,170778,4400,0.04133240648543033,0.026121631591891226,0.5045454545454545,0.16237060138651435,6620,40869,5321,0.13019648144070078
2014-03-01,91_plus,4_7,couple,21071,93073,152321,2933,0.03151289847753914,0.0195770773563724,0.484145925673372,0.17654959010669044,4353,36286,3482,0.09595987433169817
2014-03-01,8_30,2_3,solo,12039,39558,54258,4913,0.12419738106072097,0.09161782594271813,0.22470995318542641,0.08430658779513625,6017,16896,5445,0.322265625
2014-03-01,8_30,1,family_with_children,6726,26345,35628,2970,0.1127348643006263,0.08479285954866958,0.006397306397306397,0.12689314860504838,2989,9297,3024,0.32526621490803487
2014-03-01,31_90,4_7,group,4041,18923,29523,800,0.04227659462030334,0.02726687667242489,0.39875,0.13401680494636156,1119,6844,978,0.1428988895382817
2014-03-01,31_90,1,couple,13591,48384,63117,4657,0.09625082671957672,0.0750194084002725,0.02490873953188748,0.11241319444444445,4773,19002,5113,0.26907693926955056
2014-03-01,2_7,2_3,couple,13195,42858,58979,3872,0.09034485976947128,0.06637955882602282,0.08290289256198347,0.1370105931214709,4193,17636,4828,0.27375822181900655
2014-03-01,91_plus,2_3,group,3870,16778,25295,941,0.056085349862915725,0.03767542992686301,0.17321997874601489,0.1246870902372154,1104,5968,1071,0.17945710455764075
2014-03-01,same_next_day,2_3,family_with_children,1530,5058,7264,509,0.10063266113088178,0.07048458149779736,0.009823182711198428,0.19869513641755635,514,1884,586,0.31104033970276007
2014-03-01,91_plus,1,couple,8149,29882,38937,2776,0.09289873502442943,0.0731951614145928,0.0223342939481268,0.11655846328893649,2838,11741,2897,0.24674218550379012
2014-03-01,91_plus,4_7,solo,4336,15184,23167,604,0.03977871443624868,0.02667587516726378,0.4519867549668874,0.10708640674394099,877,6270,743,0.11850079744816587
2014-03-01,same_next_day,1,family_with_children,3067,10237,14434,1457,0.14232685357038194,0.10184287099903007,0.0013726835964310226,0.2627722965712611,1459,3865,1505,0.38939197930142305
2014-03-01,8_30,2_3,group,4075,15393,22121,1176,0.07639836289222374,0.053659418651959674,0.11394557823129252,0.10881569544598194,1310,5686,1464,0.2574744987689061
2014-03-01,31_90,1,solo,4686,14334,18606,1844,0.12864517929398633,0.10050521337203053,0.08080260303687635,0.07513604018417748,1993,6194,2012,0.32483048111075236
2014-03-01,same_next_day,4_7,family_with_children,455,1454,2250,84,0.0577716643741403,0.037333333333333336,0.08333333333333333,0.1623108665749656,91,578,121,0.2093425605536332
2014-03-01,2_7,2_3,solo,8327,25658,34682,3995,0.15570192532543456,0.11654460527074563,0.16145181476846057,0.08780887052771065,4640,11209,4455,0.3974484789008832
2014-03-01,2_7,1,couple,15366,46294,60628,5774,0.12472458633948244,0.09632513030283038,0.011084170419120194,0.1434311141832635,5838,19664,6520,0.3315703824247356
2014-03-01,2_7,2_3,group,1893,6392,9185,583,0.09120775969962452,0.06390854654327709,0.05660377358490566,0.11029411764705882,616,2475,741,0.2993939393939394
2014-03-01,91_plus,1,group,1771,6728,9244,632,0.093935790725327,0.06912591951536132,0.022151898734177215,0.080410225921522,646,2523,692,0.2742766547760602
2014-03-01,91_plus,1,solo,1986,5844,7474,602,0.10301163586584532,0.08161626973508161,0.061461794019933555,0.08761122518822724,639,2557,678,0.2651544779037935
2014-03-01,31_90,4_7,solo,6682,23598,34988,1627,0.06894652089160098,0.046901794901108955,0.4437615242778119,0.11454360539028731,2349,9892,1909,0.19298422968054993
2014-03-01,2_7,4_7,couple,4984,17031,25012,1057,0.062063296341964655,0.04273948504717735,0.2346263008514664,0.13211203100228994,1305,7003,1405,0.20062830215621877
2014-03-01,91_plus,2_3,solo,3520,11419,16181,712,0.0623522199842368,0.044682034484889686,0.2401685393258427,0.10027147736229092,883,4789,843,0.17602839841302986
2014-03-01,8_30,4_7,group,2097,8423,12985,441,0.05235664252641577,0.034039276087793606,0.31519274376417233,0.1053068977798884,580,3236,586,0.1810877626699629
2014-03-01,31_90,1,group,2889,12164,16648,1204,0.09898059848733969,0.0729216722729457,0.012458471760797342,0.09930943768497205,1219,4245,1300,0.30624263839811544
2014-03-01,31_90,8_14,couple,3614,13976,22665,479,0.034273039496279335,0.021354511361129494,0.5260960334029228,0.16921866056096166,731,5690,700,0.12302284710017575
2014-03-01,91_plus,15_plus,group,127,478,706,10,0.02092050209205021,0.014164305949008499,0.5,0.12343096234309624,15,160,19,0.11875
2014-03-01,2_7,4_7,group,726,2382,3531,164,0.0688497061293031,0.04672897196261682,0.12195121951219512,0.1015952980688497,184,949,231,0.2434141201264489
2014-03-01,31_90,8_14,solo,1226,4358,6519,186,0.04268012849931161,0.028838778953827273,0.521505376344086,0.09706287287746673,283,1830,263,0.14371584699453552
2014-03-01,8_30,15_plus,family_with_children,113,242,337,10,0.04132231404958678,0.02967359050445104,0.1,0.14049586776859505,11,138,19,0.13768115942028986
2014-03-01,2_7,1,group,2167,6924,9445,881,0.12723859041016752,0.09348861831656961,0.012485811577752554,0.1169844020797227,892,2695,1019,0.37810760667903526
2014-03-01,same_next_day,8_14,family_with_children,51,131,213,12,0.0916030534351145,0.056338028169014086,0.16666666666666666,0.15267175572519084,14,66,17,0.25757575757575757
2014-03-01,31_90,15_plus,family_with_children,177,510,826,10,0.0196078431372549,0.012106537530266344,0.3,0.12352941176470589,13,224,26,0.11607142857142858
2014-03-01,91_plus,15_plus,solo,260,813,1165,12,0.014760147601476014,0.010300429184549357,0.5,0.14391143911439114,18,380,24,0.06315789473684211
2014-03-01,8_30,8_14,family_with_children,899,3644,5474,141,0.038693743139407245,0.026488856412130068,0.3404255319148936,0.12541163556531285,189,1404,190,0.13532763532763534
2014-03-01,31_90,8_14,group,431,1641,2704,47,0.028641072516758074,0.01775147928994083,0.44680851063829785,0.09445460085313832,68,655,63,0.09618320610687023
2014-03-01,91_plus,15_plus,couple,798,2147,3023,33,0.015370284117373078,0.010916308303010255,0.5151515151515151,0.09920819748486259,50,1006,107,0.10636182902584493
2014-03-01,2_7,15_plus,family_with_children,53,105,143,8,0.0761904761904762,0.055944055944055944,0.0,0.20952380952380953,8,60,16,0.26666666666666666
2014-03-01,2_7,8_14,family_with_children,229,670,1060,29,0.04328358208955224,0.02830188679245283,0.13793103448275862,0.11194029850746269,33,306,45,0.14705882352941177
2014-04-01,31_90,2_3,group,6511,30252,43381,1883,0.062243818590506414,0.04389018233788986,0.13011152416356878,0.10081978051037947,2128,10262,2236,0.21789124926914832
2014-04-01,91_plus,1,couple,7940,28796,37560,2740,0.09515210445895263,0.07526624068157614,0.01970802919708029,0.09244339491596056,2794,11527,2895,0.251149475145311
2014-04-01,8_30,8_14,couple,1834,6093,9058,256,0.04201542753979977,0.028262309560609405,0.28125,0.14147382241916953,328,2658,391,0.1471030850263356
2014-04-01,8_30,1,couple,19976,66903,87836,7342,0.10974096826749175,0.08474885012978733,0.018251157722691366,0.10628820830157093,7476,27352,8270,0.302354489616847
2014-04-01,same_next_day,2_3,couple,5518,16103,22562,1876,0.11650003105011489,0.08385781402357947,0.031982942430703626,0.1796559647270695,1936,6921,2325,0.33593411356740355
2014-04-01,same_next_day,4_7,couple,1465,4165,5967,389,0.09339735894357742,0.06636500754147813,0.06426735218508997,0.17430972388955582,414,1807,503,0.2783619258439402
2014-04-01,8_30,8_14,solo,1173,3686,5222,247,0.06701030927835051,0.04825737265415549,0.30364372469635625,0.07189365165491048,322,1654,323,0.19528415961305925
2014-04-01,31_90,2_3,couple,27763,117128,164106,7442,0.0635373266853357,0.04618965790403763,0.1511690405804891,0.12730517041185713,8567,43652,8410,0.19266013012004032
2014-04-01,91_plus,4_7,family_with_children,8780,42432,67676,1276,0.030071644042232278,0.019297830841066257,0.3675548589341693,0.17067307692307693,1745,15603,1405,0.09004678587451131
2014-04-01,31_90,1,couple,14687,54909,72218,5565,0.10134950554553898,0.07838765958625274,0.016891284815813118,0.10147698920031324,5659,21325,6042,0.28332942555685814
2014-04-01,31_90,1,group,3452,14294,19502,1412,0.0987827060305023,0.07306942877653574,0.015580736543909348,0.08227228207639568,1434,5040,1599,0.31726190476190474
2014-04-01,2_7,2_3,family_with_children,4575,17950,25609,1411,0.07860724233983286,0.05607403647155297,0.0446491849751949,0.16077994428969358,1474,6394,1555,0.24319674695026589
2014-04-01,91_plus,2_3,couple,16388,67813,95386,3923,0.05785026469850914,0.04245906107814564,0.14070864134590874,0.1310515682833675,4475,25716,4297,0.16709441592782703
2014-04-01,8_30,4_7,family_with_children,3678,15841,24433,815,0.0514487721734739,0.03368395203208775,0.29325153374233126,0.13585000946909917,1054,5850,940,0.1606837606837607
2014-04-01,same_next_day,1,group,1386,4347,6093,714,0.1642512077294686,0.11734777613655013,0.0028011204481792717,0.19392684610075914,716,1760,843,0.47897727272727275
2014-04-01,8_30,2_3,family_with_children,7395,30656,43865,2228,0.07267745302713988,0.051772483756981645,0.08931777378815081,0.14656184759916493,2427,10806,2362,0.21858226910975384
2014-04-01,same_next_day,1,couple,10800,32608,43657,5370,0.16468351324828262,0.12385184506493804,0.002793296089385475,0.21206452404317958,5385,14052,5823,0.41438941076003416
2014-04-01,91_plus,8_14,couple,5037,19273,31054,474,0.024593991594458568,0.015392542023571843,0.5569620253164557,0.15513931406631037,738,8078,688,0.08516959643476107
2014-04-01,8_30,1,solo,11000,33766,43133,5748,0.17023040928744892,0.1355806459091647,0.07637439109255394,0.06213350707812593,6187,14717,6044,0.41068152476727593
2014-04-01,same_next_day,1,solo,8402,24716,32004,5560,0.22495549441657225,0.17475940507436571,0.012949640287769784,0.13630846415277553,5632,11354,5858,0.5159415184076096
2014-04-01,31_90,2_3,solo,9076,30997,42484,2684,0.0865890247443301,0.06421240937764805,0.21348733233979136,0.08516953253540666,3257,12885,3055,0.23709740007760963
2014-04-01,8_30,1,group,3639,13375,18418,1508,0.11274766355140187,0.08252796177652297,0.013925729442970823,0.09233644859813084,1529,5087,1740,0.34204835856103794
2014-04-01,2_7,4_7,couple,4796,16176,23699,1037,0.06410731948565776,0.04434786277902021,0.21986499517839922,0.14768793273986153,1265,6664,1386,0.20798319327731093
2014-04-01,2_7,4_7,solo,3624,11155,15771,1360,0.12191842223218288,0.08807304546319193,0.19558823529411765,0.09825190497534737,1626,4964,1595,0.32131345688960516
2014-04-01,31_90,1,solo,5484,16431,21090,2189,0.13322378431014545,0.10559506875296348,0.06852444038373687,0.06664232243929158,2339,7185,2363,0.3288796102992345
2014-04-01,91_plus,1,solo,1938,6061,7970,648,0.10691305065170764,0.08293601003764116,0.05864197530864197,0.0755650882692625,686,2560,696,0.271875
2014-04-01,31_90,4_7,family_with_children,8509,44394,70398,1697,0.03822588638104248,0.02458876672632745,0.3305833824395993,0.1773663107627157,2258,15632,1873,0.11981832139201638
2014-04-01,91_plus,2_3,group,3971,16949,24558,1043,0.061537553837984545,0.04340744360289926,0.1486097794822627,0.11794206147855331,1198,6102,1176,0.1927236971484759
2014-04-01,same_next_day,4_7,solo,1279,3896,5560,516,0.1324435318275154,0.09370503597122302,0.10271317829457365,0.10523613963039015,569,1647,639,0.3879781420765027
2014-04-01,91_plus,8_14,group,859,2946,4578,96,0.032586558044806514,0.02162516382699869,0.53125,0.14901561439239647,147,1238,124,0.10016155088852989
2014-04-01,same_next_day,2_3,solo,4126,11733,16014,2033,0.17327196795363506,0.12782565255401523,0.07033939990162322,0.10952015682263701,2176,5262,2374,0.45115925503610793
2014-04-01,91_plus,2_3,solo,3793,13411,18739,870,0.06487211990157334,0.04696088371844816,0.18850574712643678,0.08940422041607636,1034,5430,990,0.18232044198895028
2014-04-01,2_7,1,family_with_children,5001,17666,24352,2069,0.11711762708026718,0.08594776609724047,0.005316578057032383,0.1613834484320163,2080,6625,2138,0.3227169811320755
2014-04-01,91_plus,15_plus,couple,744,2356,3392,42,0.017826825127334467,0.012971698113207548,0.40476190476190477,0.13242784380305603,59,1051,113,0.10751665080875357
2014-04-01,31_90,8_14,family_with_children,1754,7430,11883,207,0.027860026917900405,0.017503997307077336,0.5169082125603864,0.15397039030955587,314,2898,278,0.09592822636300898
2014-04-01,91_plus,1,group,1763,6892,9387,688,0.09982588508415555,0.07414509427932246,0.01308139534883721,0.0824143934997098,697,2567,765,0.2980132450331126
2014-04-01,91_plus,8_14,solo,1067,3485,5362,101,0.02898134863701578,0.019209250279746362,0.44554455445544555,0.14146341463414633,146,1523,141,0.09258043335521995
2014-04-01,31_90,15_plus,couple,598,1607,2158,39,0.024268823895457373,0.018072289156626505,0.3076923076923077,0.11263223397635345,51,756,110,0.1455026455026455
2014-04-01,2_7,8_14,family_with_children,213,699,1098,35,0.05007153075822604,0.03278688524590164,0.2,0.11444921316165951,42,316,50,0.15822784810126583
2014-04-01,8_30,8_14,group,232,688,1040,24,0.03488372093023256,0.023076923076923078,0.16666666666666666,0.13372093023255813,28,337,43,0.12759643916913946
2014-04-01,same_next_day,2_3,group,813,2463,3704,317,0.12870483150629314,0.0861231101511879,0.01892744479495268,0.16768168899715793,323,1008,402,0.39880952380952384
2014-04-01,2_7,4_7,group,719,2277,3294,166,0.07290294246815986,0.051001821493624776,0.15060240963855423,0.11067193675889328,191,971,231,0.23789907312049433
2014-04-01,31_90,15_plus,solo,375,892,1204,35,0.03923766816143498,0.029069767441860465,0.34285714285714286,0.09977578475336323,47,466,64,0.13733905579399142
2014-04-01,91_plus,15_plus,solo,249,970,1347,14,0.01443298969072165,0.010393466963622866,0.35714285714285715,0.09896907216494845,19,390,25,0.0641025641025641
2014-04-01,31_90,15_plus,group,69,190,259,4,0.021052631578947368,0.015444015444015444,0.0,0.2,4,90,7,0.07777777777777778
2014-04-01,same_next_day,4_7,group,270,765,1155,91,0.11895424836601307,0.07878787878787878,0.054945054945054944,0.09803921568627451,96,342,117,0.34210526315789475
2014-04-01,91_plus,15_plus,group,87,239,327,5,0.02092050209205021,0.01529051987767584,0.0,0.1799163179916318,5,105,13,0.12380952380952381
2014-04-01,same_next_day,8_14,family_with_children,60,172,266,9,0.05232558139534884,0.03759398496240601,0.2222222222222222,0.22674418604651161,11,76,13,0.17105263157894737
2014-04-01,2_7,15_plus,family_with_children,37,73,90,0,0.0,0.0,,0.2328767123287671,0,44,9,0.20454545454545456
2014-04-01,8_30,15_plus,family_with_children,64,131,196,6,0.04580152671755725,0.030612244897959183,0.0,0.16030534351145037,6,79,13,0.16455696202531644
2013-08-01,8_30,2_3,couple,17574,62073,90813,4826,0.07774716865625957,0.05372578815808309,0.17757977621218402,0.12846164999275048,5683,25106,5995,0.23878754082689396
2013-08-01,same_next_day,1,couple,7685,21742,30208,3463,0.15927697543924202,0.115234375,0.0025989026855327752,0.23751264833042038,3472,9722,4088,0.42048961119111294
2013-08-01,same_next_day,1,solo,4800,13045,17092,2976,0.2281333844384822,0.17511116311724784,0.024529569892473117,0.14526638558834803,3049,6195,3196,0.5158999192897498
2013-08-01,8_30,2_3,solo,7825,24737,34389,3255,0.13158426648340543,0.09581552240542034,0.250384024577573,0.08323563892145369,4070,10683,3600,0.33698399326032014
2013-08-01,8_30,4_7,couple,9515,36384,58467,2012,0.05529903254177661,0.034669129594472096,0.47912524850894633,0.14674032541776605,2976,14596,2604,0.17840504247739106
2013-08-01,91_plus,2_3,couple,6518,22716,34352,1205,0.05304631097024124,0.03609687936655799,0.26473029045643154,0.1329019193519986,1524,9435,1433,0.15188129305776366
2013-08-01,91_plus,2_3,group,1520,5536,8224,350,0.06322254335260116,0.04292315175097276,0.22857142857142856,0.13601878612716764,430,2172,417,0.1919889502762431
2013-08-01,31_90,1,family_with_children,3698,11931,16721,1601,0.13418824909898583,0.09825967346450572,0.011867582760774516,0.08666499036124382,1620,4744,1601,0.3374789207419899
2013-08-01,31_90,4_7,family_with_children,5496,20449,31752,1268,0.062007922147782286,0.04097379692617788,0.1892744479495268,0.1455816910362365,1508,8177,1421,0.17378011495658555
2013-08-01,2_7,2_3,family_with_children,6301,22017,32853,2212,0.1004678203206613,0.06833470307125682,0.029837251356238697,0.148975791433892,2278,8442,2475,0.2931769722814499
2013-08-01,2_7,1,family_with_children,6705,22428,32447,3104,0.138398430533262,0.0967731993712824,0.002577319587628866,0.15146245764223293,3112,8598,3238,0.3765992091183996
2013-08-01,8_30,2_3,group,2839,10822,16581,847,0.07826649417852523,0.05138411434774742,0.13931523022432113,0.1093143596377749,965,4063,1059,0.2606448437115432
2013-08-01,31_90,2_3,family_with_children,6736,24067,35458,2203,0.09153612830847219,0.06404760561791416,0.05083976395823876,0.11139734906718743,2315,9321,2304,0.2471837785645317
2013-08-01,8_30,4_7,solo,4193,13533,20080,1310,0.09680041380329565,0.06603585657370518,0.41755725190839693,0.08261287223823247,1857,5926,1572,0.2652716841039487
2013-08-01,91_plus,4_7,couple,10346,42225,70375,1427,0.0337951450562463,0.020788632326820603,0.593552908199019,0.17217288336293665,2274,16780,1664,0.09916567342073898
2013-08-01,same_next_day,2_3,couple,4167,11361,16646,1260,0.11090573012939002,0.07635467980295567,0.05476190476190476,0.20051051844027815,1329,5141,1686,0.327951760357907
2013-08-01,2_7,4_7,couple,3503,12079,18105,743,0.06151171454590612,0.04136978735156034,0.36608344549125166,0.17145459061180562,1015,4882,1033,0.21159360917656697
2013-08-01,91_plus,4_7,solo,2238,7108,11015,333,0.04684862127180642,0.031230140717203814,0.5555555555555556,0.10889138998311762,518,3198,420,0.13133208255159476
2013-08-01,91_plus,4_7,group,2062,8110,13447,291,0.03588162762022195,0.022161076820108573,0.47079037800687284,0.14475955610357583,428,3232,351,0.10860148514851485
2013-08-01,same_next_day,4_7,solo,685,1904,2654,239,0.1255252100840336,0.0904295403165034,0.11715481171548117,0.14653361344537816,267,865,334,0.3861271676300578
2013-08-01,91_plus,8_14,family_with_children,1858,6990,11134,169,0.02417739628040057,0.015358361774744027,0.4911242603550296,0.17982832618025751,252,2847,222,0.0779768177028451
2013-08-01,8_30,8_14,couple,1416,5060,8086,201,0.039723320158102766,0.024981449418748455,0.48756218905472637,0.1422924901185771,299,2055,334,0.16253041362530413
2013-08-01,same_next_day,4_7,couple,1087,3012,4575,235,0.07802124833997344,0.051584699453551916,0.18723404255319148,0.1902390438247012,279,1337,366,0.2737471952131638
2013-08-01,91_plus,1,family_with_children,1845,6256,8973,693,0.11077365728900256,0.07990638582413909,0.021645021645021644,0.09382992327365729,708,2460,699,0.2841463414634146
2013-08-01,2_7,4_7,solo,2069,5975,8619,756,0.12652719665271966,0.0881772827474185,0.28174603174603174,0.09121338912133892,969,2737,902,0.32955791012056995
2013-08-01,2_7,4_7,group,514,1655,2448,130,0.07854984894259819,0.05310457516339869,0.19230769230769232,0.1202416918429003,155,698,166,0.23782234957020057
2013-08-01,same_next_day,2_3,solo,2306,6298,8653,1150,0.18259765004763417,0.13382641858315036,0.0808695652173913,0.1456017783423309,1243,2895,1335,0.46113989637305697
2013-08-01,91_plus,2_3,solo,1672,4961,7137,328,0.06611570247933884,0.046378029984587364,0.31097560975609756,0.10360814351945172,430,2196,398,0.18123861566484517
2013-08-01,8_30,1,family_with_children,7071,23425,34152,3142,0.13413020277481325,0.09410869055985008,0.0054105665181413114,0.09425827107790821,3159,9092,3203,0.35228772547294324
2013-08-01,8_30,15_plus,family_with_children,145,430,627,15,0.03488372093023256,0.023923444976076555,0.0,0.19767441860465115,15,179,27,0.15083798882681565
2013-08-01,31_90,8_14,family_with_children,959,3354,5280,157,0.0468097793679189,0.029924242424242423,0.29936305732484075,0.13208109719737626,204,1422,200,0.14064697609001406
2013-08-01,same_next_day,4_7,group,181,489,834,45,0.09202453987730061,0.0539568345323741,0.1111111111111111,0.1492842535787321,50,219,71,0.3242009132420091
2013-08-01,8_30,4_7,group,1269,5136,8184,306,0.05957943925233645,0.0373900293255132,0.3660130718954248,0.15926791277258567,418,1964,370,0.18839103869653767
2013-08-01,2_7,15_plus,couple,113,210,291,2,0.009523809523809525,0.006872852233676976,0.5,0.1523809523809524,3,122,17,0.13934426229508196
2013-08-01,same_next_day,1,group,1112,3271,4784,552,0.16875573219199022,0.11580267558528429,0.0018115942028985507,0.22500764292265363,553,1395,643,0.46093189964157705
2013-08-01,same_next_day,2_3,group,608,1617,2434,208,0.12863327149041434,0.08586688578471652,0.028846153846153848,0.21459492888064316,214,729,278,0.3813443072702332
2013-08-01,2_7,15_plus,solo,85,265,404,8,0.03018867924528302,0.022277227722772276,0.375,0.04150943396226415,11,112,15,0.13392857142857142
2013-08-01,2_7,8_14,couple,517,1475,2230,70,0.04745762711864407,0.03139013452914798,0.32857142857142857,0.12406779661016949,93,673,119,0.17682020802377416
2013-08-01,8_30,8_14,solo,727,2092,3170,137,0.06548757170172084,0.043848580441640375,0.4233576642335766,0.09369024856596558,195,951,189,0.19873817034700317
2013-08-01,8_30,8_14,group,157,531,787,22,0.04143126177024482,0.02795425667090216,0.3181818181818182,0.09416195856873823,29,214,31,0.14485981308411214
2013-08-01,same_next_day,8_14,solo,117,310,433,27,0.08709677419354839,0.06235565819861432,0.2222222222222222,0.1,33,133,42,0.3157894736842105
2013-08-01,same_next_day,8_14,couple,141,329,529,19,0.057750759878419454,0.035916824196597356,0.05263157894736842,0.17325227963525835,20,158,30,0.189873417721519
2013-08-01,91_plus,15_plus,family_with_children,235,681,1048,11,0.016152716593245228,0.01049618320610687,0.2727272727272727,0.1512481644640235,14,296,22,0.07432432432432433
2013-09-01,same_next_day,1,family_with_children,2360,6693,9111,1199,0.17914238756910206,0.1329162550762814,0.0,0.19557746899746004,1199,2833,1260,0.44475820684786443
2013-09-01,91_plus,8_14,group,523,1906,3092,48,0.025183630640083946,0.015847347994825355,0.625,0.15320041972717732,78,757,58,0.07661822985468957
2013-09-01,31_90,2_3,solo,5659,17450,24622,1724,0.09879656160458453,0.07180570221752904,0.2900232018561485,0.0830945558739255,2224,7818,1943,0.2485290355589665
2013-09-01,2_7,1,family_with_children,4001,11337,15157,1882,0.16600511599188497,0.12680609619317806,0.003188097768331562,0.11740319308459028,1888,4883,1948,0.3989350808928937
2013-09-01,2_7,2_3,couple,7862,23539,32575,2462,0.10459237860571817,0.07637759017651573,0.09991876523151909,0.1409575597943838,2708,10151,3167,0.31198896660427544
2013-09-01,91_plus,4_7,group,2418,10013,16430,332,0.0331568960351543,0.020328667072428485,0.4939759036144578,0.1556975931289324,496,3786,424,0.11199154780771263
2013-09-01,91_plus,4_7,couple,11085,45622,75952,1403,0.030752707027311386,0.018985675163261006,0.5630791161796151,0.14734119503748191,2193,18009,1724,0.0957299128213671
2013-09-01,91_plus,8_14,couple,3082,10817,18046,263,0.02431358047517796,0.014961764379917987,0.6692015209125475,0.14560414162891744,439,4628,367,0.0792999135695765
2013-09-01,8_30,1,solo,7260,21372,27369,3805,0.17803668351113608,0.14242391026343673,0.09829172141918528,0.0641961444881153,4179,9433,4051,0.42944980387999576
2013-09-01,31_90,1,couple,7018,22034,28939,2342,0.10629027866025234,0.0826566225508829,0.03031596925704526,0.12063175093038032,2413,9382,2650,0.282455766361117
2013-09-01,31_90,2_3,group,2869,10923,16443,755,0.0691202050718667,0.046098643799793226,0.2423841059602649,0.13082486496383777,938,4148,890,0.21456123432979748
2013-09-01,91_plus,4_7,solo,2419,8073,11709,357,0.044221479004087696,0.03142881544111367,0.453781512605042,0.11705685618729098,519,3452,432,0.12514484356894554
2013-09-01,31_90,2_3,couple,14971,53218,77662,3655,0.06867977000263069,0.047758234400350236,0.2558139534883721,0.12480739599383667,4590,21729,4322,0.19890468958534677
2013-09-01,8_30,2_3,family_with_children,7442,25341,35082,2683,0.10587585336016732,0.07793170286756741,0.033917256802087216,0.10291622272207095,2774,10126,2927,0.28905787082757256
2013-09-01,31_90,1,solo,3166,9249,11952,1196,0.12931127689479943,0.10291164658634538,0.1028428093645485,0.07103470645475186,1319,4094,1322,0.32291157791890573
2013-09-01,8_30,1,couple,12050,36862,48014,4605,0.12492539742824589,0.09761736160286583,0.02041259500542888,0.10105257446693071,4699,15849,5310,0.33503691084611015
2013-09-01,91_plus,8_14,solo,709,2217,3502,64,0.02886783942264321,0.01856082238720731,0.609375,0.08479927830401443,103,1038,91,0.08766859344894026
2013-09-01,8_30,4_7,family_with_children,3908,13933,20883,1023,0.07342280915811383,0.05037590384523297,0.14760508308895406,0.11741907701141176,1174,5574,1218,0.2185145317545748
2013-09-01,31_90,4_7,family_with_children,5893,23516,37381,1347,0.057280149685320636,0.03681014419089912,0.2583518930957684,0.13709814594318762,1695,9179,1515,0.16505065911319317
2013-09-01,8_30,1,group,2045,6615,9037,801,0.12108843537414966,0.08896757773597433,0.017478152309612985,0.10098261526832955,815,2671,931,0.3485585922875328
2013-09-01,same_next_day,4_7,couple,952,2633,3754,253,0.09608811241929358,0.06792754395311668,0.1067193675889328,0.14356247626281807,280,1150,363,0.31565217391304345
2013-09-01,91_plus,2_3,family_with_children,3957,16242,22957,1019,0.06273857899273488,0.0454763253038289,0.0745829244357213,0.12824775273981037,1095,5862,1045,0.17826680313886045
2013-09-01,91_plus,1,solo,963,2856,3690,316,0.11064425770308123,0.08780487804878048,0.056962025316455694,0.08648459383753501,334,1261,338,0.26804123711340205
2013-09-01,31_90,8_14,family_with_children,1173,4106,6394,168,0.040915733073550904,0.027213012198936504,0.35119047619047616,0.16707257671699952,227,1726,224,0.12977983777520277
2013-09-01,2_7,2_3,solo,5701,16121,21700,2688,0.16673903603994789,0.12571428571428572,0.17671130952380953,0.08485825941318777,3163,7391,3032,0.4102286564740901
2013-09-01,91_plus,1,group,716,2173,3027,192,0.0883571099861942,0.06408985794516023,0.06770833333333333,0.11688909341923608,205,940,232,0.24680851063829787
2013-09-01,2_7,4_7,family_with_children,1330,3775,5340,381,0.1009271523178808,0.07209737827715355,0.03937007874015748,0.08317880794701987,396,1679,457,0.2721858248957713
2013-09-01,2_7,2_3,group,1081,3313,4704,366,0.11047389073347419,0.07886904761904762,0.05737704918032787,0.11439782674313312,387,1394,448,0.321377331420373
2013-09-01,91_plus,1,couple,3178,9946,12918,959,0.09642067162678464,0.07686948444031584,0.028154327424400417,0.11471948522018902,986,4287,1050,0.244926522043387
2013-09-01,same_next_day,2_3,family_with_children,1428,4078,5637,624,0.15301618440411965,0.11211637395777896,0.008012820512820512,0.1826875919568416,629,1720,703,0.4087209302325581
2013-09-01,91_plus,15_plus,couple,498,1476,2229,39,0.026422764227642278,0.018393898609241812,0.48717948717948717,0.13414634146341464,58,703,86,0.12233285917496443
2013-09-01,31_90,1,group,1269,4250,5666,448,0.10541176470588236,0.07942110836569008,0.03571428571428571,0.11082352941176471,464,1656,516,0.3115942028985507
2013-09-01,same_next_day,4_7,solo,776,2132,2942,313,0.14681050656660413,0.10740992522093813,0.0926517571884984,0.09943714821763602,342,973,392,0.4028776978417266
2013-09-01,2_7,8_14,family_with_children,220,443,581,40,0.09029345372460497,0.06884681583476764,0.1,0.11963882618510158,44,266,53,0.19924812030075187
2013-09-01,91_plus,15_plus,solo,158,559,872,10,0.017889087656529516,0.011467889908256881,0.7,0.08050089445438283,17,216,19,0.08796296296296297
2013-09-01,2_7,15_plus,family_with_children,61,146,192,12,0.0821917808219178,0.0625,0.0,0.17123287671232876,12,68,20,0.29411764705882354
2013-09-01,8_30,8_14,family_with_children,614,1865,2719,111,0.05951742627345844,0.0419271791099669,0.14414414414414414,0.1554959785522788,127,860,165,0.19186046511627908
2013-09-01,same_next_day,4_7,group,120,308,440,41,0.1331168831168831,0.09318181818181819,0.04878048780487805,0.18506493506493507,43,134,55,0.41044776119402987
2013-09-01,31_90,15_plus,family_with_children,155,421,556,5,0.011876484560570071,0.008992805755395683,0.2,0.35391923990498814,6,176,24,0.13636363636363635
2013-09-01,91_plus,15_plus,group,55,116,150,1,0.008620689655172414,0.006666666666666667,0.0,0.11206896551724138,1,60,1,0.016666666666666666
2013-09-01,same_next_day,8_14,family_with_children,63,129,193,9,0.06976744186046512,0.046632124352331605,0.1111111111111111,0.07751937984496124,10,70,16,0.22857142857142856
2013-09-01,8_30,15_plus,family_with_children,121,321,483,10,0.03115264797507788,0.022774327122153208,0.0,0.1588785046728972,10,141,24,0.1702127659574468
2013-09-01,same_next_day,15_plus,family_with_children,31,55,64,2,0.03636363636363636,0.03125,0.0,0.05454545454545454,2,34,6,0.17647058823529413
2013-01-01,91_plus,4_7,couple,10481,44158,84240,1671,0.03784138774401014,0.02053656220322887,0.6540993417115499,0.14103899633135558,2764,17005,1885,0.1108497500735078
2013-01-01,8_30,1,couple,7031,20246,34749,2489,0.12293786426948533,0.07260640593973927,0.03816793893129771,0.10026671935197076,2584,9026,2937,0.3253933082206958
2013-01-01,8_30,2_3,group,1639,5457,9552,448,0.0820963899578523,0.047215242881072025,0.16741071428571427,0.09822246655671614,523,2176,576,0.2647058823529412
2013-01-01,8_30,4_7,couple,7002,25231,45384,1463,0.05798422575403274,0.03252247488101533,0.5126452494873548,0.13431889342475525,2213,10617,1777,0.16737308090797778
2013-01-01,31_90,2_3,couple,11031,39924,72554,2842,0.07118525197875965,0.0398048350194338,0.3332160450387051,0.10239454964432422,3789,16083,3286,0.204315115339178
2013-01-01,2_7,1,solo,4431,11808,18733,2720,0.23035230352303523,0.1474937276463994,0.09889705882352941,0.06935975609756098,2989,5433,2811,0.5173937051352844
2013-01-01,91_plus,4_7,solo,2194,7426,13213,396,0.053326151360086185,0.03034889881177628,0.5429292929292929,0.10328575276057096,611,3159,446,0.14118391896169674
2013-01-01,31_90,4_7,group,2260,9747,18212,461,0.047296604083307686,0.025532615857676258,0.6290672451193059,0.11480455524776854,751,3567,528,0.14802354920100924
2013-01-01,8_30,2_3,couple,10905,36397,64504,2890,0.07940214852872489,0.04536152796725784,0.2480968858131488,0.10929472209248015,3607,15315,3566,0.23284361736859288
2013-01-01,8_30,2_3,solo,5904,18551,31521,2634,0.1419869548811385,0.08467370959043177,0.3090356871678056,0.06296156541426338,3448,8027,2861,0.35642207549520366
2013-01-01,31_90,4_7,couple,12576,51961,93597,2615,0.05032620619310637,0.0281846640383773,0.6634799235181644,0.13423529185350552,4350,20431,2973,0.14551416964416816
2013-01-01,2_7,2_3,couple,4841,13856,24377,1485,0.10717378752886836,0.0613283012675883,0.1447811447811448,0.1303406466512702,1700,6255,1891,0.30231814548361313
2013-01-01,same_next_day,1,couple,3795,10017,16424,1875,0.18718179095537585,0.11477106673161228,0.0021333333333333334,0.19806329240291504,1879,4700,2202,0.4685106382978723
2013-01-01,8_30,4_7,solo,3326,10119,17246,1155,0.11414171360806404,0.0677258494723414,0.45714285714285713,0.0698685640873604,1683,4538,1315,0.2897752313794623
2013-01-01,31_90,4_7,solo,3605,11778,21473,957,0.08125318390219052,0.04503329762958133,0.5496342737722049,0.07233825776872134,1483,5088,1082,0.2126572327044025
2013-01-01,2_7,2_3,solo,3778,10415,17609,1876,0.1801248199711954,0.10772900221477653,0.2308102345415778,0.08545367258761402,2309,4823,2081,0.43147418619116734
2013-01-01,91_plus,2_3,couple,7525,29540,54581,1751,0.05927555856465809,0.032538795551565566,0.2501427755568247,0.11134055517941774,2189,11236,1944,0.17301530793876824
2013-01-01,31_90,2_3,solo,4051,12418,21796,1345,0.108310516991464,0.06313084969719214,0.3553903345724907,0.08576260267353841,1823,5438,1486,0.27326222876057377
2013-01-01,31_90,15_plus,family_with_children,145,412,763,8,0.019417475728155338,0.010484927916120577,0.625,0.12864077669902912,13,193,27,0.13989637305699482
2013-01-01,31_90,1,family_with_children,3506,12403,22064,1451,0.1169878255260824,0.06653372008701958,0.012405237767057202,0.09449326775780054,1469,4695,1437,0.3060702875399361
2013-01-01,2_7,1,group,741,2048,3522,334,0.1630859375,0.09540034071550256,0.020958083832335328,0.10302734375,341,886,387,0.4367945823927765
2013-01-01,8_30,1,solo,4587,12909,21156,2530,0.1959872956851809,0.1219039515976555,0.13162055335968378,0.05244403129599504,2863,5784,2648,0.4578146611341632
2013-01-01,31_90,2_3,group,2294,8751,16271,563,0.06433550451376986,0.03466289717903018,0.31616341030195383,0.09507484858873272,741,3333,674,0.20222022202220222
2013-01-01,31_90,8_14,family_with_children,1452,5523,10246,213,0.038565996740901685,0.02127659574468085,0.460093896713615,0.17218902770233568,311,2295,276,0.12026143790849673
2013-01-01,same_next_day,1,solo,3328,8943,13651,2320,0.2594207760259421,0.1711229946524064,0.02327586206896552,0.11204293861120429,2374,4330,2446,0.5648960739030023
2013-01-01,2_7,4_7,family_with_children,996,2698,4773,304,0.11267605633802817,0.06432013408757595,0.0756578947368421,0.10600444773906598,327,1280,357,0.27890625
2013-01-01,same_next_day,2_3,solo,1611,4284,6865,883,0.2061157796451914,0.12891478514202476,0.07587768969422423,0.103874883286648,950,1982,1006,0.5075681130171544
2013-01-01,2_7,1,couple,5480,14768,24952,2203,0.1491738894907909,0.08933151651170247,0.021788470267816613,0.12100487540628385,2251,6723,2647,0.3937230403093857
2013-01-01,same_next_day,2_3,couple,1921,5212,9147,706,0.13545663852647735,0.07751175248715426,0.046742209631728045,0.16807367613200308,739,2368,921,0.3889358108108108
2013-01-01,8_30,8_14,family_with_children,544,1804,3167,110,0.06097560975609756,0.03504894221660878,0.2,0.11086474501108648,132,808,140,0.17326732673267325
2013-01-01,8_30,1,group,1133,3523,6183,421,0.1195004257734885,0.06938379427462397,0.026128266033254157,0.07323304002270792,432,1459,488,0.33447566826593556
2013-01-01,91_plus,8_14,couple,2515,9321,17887,263,0.028215856667739514,0.014927041985799742,0.7870722433460076,0.15438257697671923,470,3710,311,0.08382749326145553
2013-01-01,2_7,2_3,group,594,1721,2971,194,0.11272515979081929,0.06563446650959273,0.10309278350515463,0.1231841952353283,214,721,250,0.34674063800277394
2013-01-01,91_plus,2_3,group,1799,6922,12560,432,0.062409708176827505,0.03463375796178344,0.30324074074074076,0.1001155735336608,563,2625,491,0.18704761904761905
2013-01-01,91_plus,2_3,solo,1805,5948,10791,395,0.066408876933423,0.037438606245945694,0.30632911392405066,0.07128446536650974,516,2463,441,0.17904993909866018
2013-01-01,8_30,4_7,group,808,2891,5447,180,0.06226219301279834,0.03322930053240316,0.39444444444444443,0.08855067450709098,251,1171,240,0.2049530315969257
2013-01-01,91_plus,4_7,group,2034,8372,15925,362,0.04323936932632585,0.02317111459968603,0.6685082872928176,0.13604873387482083,604,3139,422,0.13443771901879578
2013-01-01,91_plus,8_14,group,377,1148,2076,40,0.03484320557491289,0.019267822736030827,0.7,0.16114982578397213,68,488,43,0.08811475409836066
2013-01-01,same_next_day,4_7,family_with_children,283,682,1183,92,0.1348973607038123,0.07861369399830938,0.03260869565217391,0.13929618768328444,95,345,106,0.3072463768115942
2013-01-01,same_next_day,8_14,solo,78,176,295,24,0.13636363636363635,0.08135593220338982,0.25,0.056818181818181816,30,96,30,0.3125
2013-01-01,2_7,8_14,couple,282,985,1605,31,0.03147208121827411,0.019937694704049845,0.3548387096774194,0.09340101522842639,42,368,68,0.18478260869565216
2013-01-01,91_plus,1,family_with_children,2168,8372,15225,992,0.11849020544672718,0.06646962233169129,0.008064516129032258,0.07763975155279502,1000,3014,858,0.2846715328467153
2013-01-01,2_7,15_plus,solo,67,131,202,12,0.0916030534351145,0.0594059405940594,0.25,0.07633587786259542,15,81,19,0.2345679012345679
2013-01-01,same_next_day,1,group,384,965,1624,224,0.23212435233160622,0.13854679802955666,0.004464285714285714,0.1927461139896373,225,459,260,0.5664488017429193
2013-01-01,2_7,8_14,solo,262,641,1099,63,0.09828393135725429,0.05823475887170155,0.2698412698412698,0.0873634945397816,80,321,82,0.2554517133956386
2013-01-01,91_plus,15_plus,family_with_children,222,581,982,8,0.013769363166953529,0.008146639511201629,0.75,0.08433734939759036,14,276,20,0.07246376811594203
2013-01-01,91_plus,8_14,solo,479,1463,2801,55,0.03759398496240601,0.02034987504462692,0.7272727272727273,0.13533834586466165,95,649,69,0.10631741140215717
2013-01-01,same_next_day,8_14,group,14,28,41,2,0.07142857142857142,0.04878048780487805,0.0,0.0,2,14,2,0.14285714285714285
2013-01-01,8_30,15_plus,family_with_children,143,281,419,7,0.02491103202846975,0.016706443914081145,0.0,0.06761565836298933,7,164,19,0.11585365853658537
2013-01-01,same_next_day,2_3,group,227,779,1486,108,0.1386392811296534,0.07335127860026917,0.027777777777777776,0.16944801026957637,111,285,130,0.45614035087719296
2013-01-01,same_next_day,8_14,couple,84,177,252,19,0.10734463276836158,0.07539682539682539,0.05263157894736842,0.096045197740113,20,96,30,0.3125
2013-01-01,2_7,8_14,group,36,101,166,8,0.07920792079207921,0.04819277108433735,0.0,0.15841584158415842,8,46,11,0.2391304347826087
2013-01-01,2_7,15_plus,couple,110,191,272,2,0.010471204188481676,0.007352941176470588,0.5,0.11518324607329843,3,122,17,0.13934426229508196
2013-01-01,2_7,15_plus,group,3,3,5,0,0.0,0.0,,0.3333333333333333,0,3,0,0.0
2014-09-01,31_90,2_3,couple,42886,184957,264691,10103,0.054623507085430664,0.03896241277565161,0.1851925170741364,0.14821823450856145,11974,68381,11585,0.16941840569748906
2014-09-01,8_30,2_3,couple,46437,194845,270500,12474,0.06402011855577511,0.046809611829944545,0.11439794773128106,0.14113269521927685,13901,72781,15094,0.2073892911611547
2014-09-01,91_plus,4_7,couple,33332,156191,248306,3794,0.02429077219558105,0.015710454036551674,0.3742751713231418,0.1699265642706686,5214,58807,4583,0.07793289914465965
2014-09-01,31_90,2_3,solo,14932,55343,77403,4437,0.08017274090670908,0.05826647545960751,0.24543610547667344,0.08855681838714924,5526,22123,5004,0.22618993807349816
2014-09-01,8_30,2_3,solo,21968,80139,110476,8945,0.11161856274722669,0.08221695209819327,0.2058133035215204,0.08298082082381862,10786,32350,9868,0.3050386398763524
2014-09-01,91_plus,2_3,group,5406,24313,34873,1140,0.04688849586640892,0.03340693373096665,0.16140350877192983,0.11861966849010817,1324,8431,1321,0.15668366741786266
2014-09-01,same_next_day,1,solo,12084,37085,47918,7929,0.2138061210732102,0.1662840686172211,0.018917896329928113,0.15804233517594715,8079,16735,8419,0.5030773827308037
2014-09-01,2_7,2_3,solo,13825,45606,61678,6456,0.14156032101039337,0.1061480592755926,0.14761462205700124,0.08356356619743016,7409,19301,7235,0.3748510439873582
2014-09-01,2_7,2_3,couple,22230,77007,105868,6294,0.08173282948303401,0.06019760456417426,0.06816015252621545,0.16069967665277182,6723,30713,7958,0.25910852082180186
2014-09-01,same_next_day,1,couple,18320,57138,77044,8530,0.14928768945360354,0.11145579149576865,0.002579132473622509,0.2894221008785747,8552,24446,9850,0.40292890452425756
2014-09-01,91_plus,1,couple,10212,38457,50257,3013,0.07834724497490704,0.06196151779851563,0.02057749751078659,0.11087708349585251,3075,15222,3330,0.2187623176980686
2014-09-01,2_7,1,couple,27282,85609,113144,10015,0.11698536368839725,0.0895319239199604,0.01218172740888667,0.1618638227289187,10137,35911,11453,0.31892734816630003
2014-09-01,31_90,1,family_with_children,4442,17525,23464,1603,0.09146932952924394,0.06925502898056597,0.019962570180910792,0.1519543509272468,1635,6179,1627,0.2633112154070238
2014-09-01,same_next_day,2_3,couple,8931,27733,38319,3051,0.11001334150650849,0.08019520342388893,0.029498525073746312,0.21663721919734613,3141,11471,3892,0.3392903844477378
2014-09-01,2_7,1,solo,16328,49715,64466,9104,0.18312380569244693,0.14312971178605777,0.07491212653778559,0.07776325052800966,9786,21778,9555,0.4387455230048673
2014-09-01,31_90,4_7,family_with_children,8309,41859,67046,1384,0.03306337944050264,0.020985591981624557,0.3988439306358382,0.17666451659141402,1936,14457,1548,0.10707615687902054
2014-09-01,91_plus,1,group,2268,9163,12199,746,0.08141438393539234,0.06246413640462333,0.006702412868632708,0.09592928080323038,751,3242,828,0.2553979025293029
2014-09-01,91_plus,2_3,couple,22303,100261,141549,4586,0.04574061698965699,0.033415990222467135,0.12952464020933274,0.14297683047246687,5180,36629,5205,0.14210052144475688
2014-09-01,91_plus,8_14,couple,8793,36165,57730,567,0.015678141849854832,0.010029447427680582,0.5079365079365079,0.1777685607631688,855,14383,821,0.05708127650698742
2014-09-01,91_plus,4_7,solo,6367,23791,35255,817,0.03434071707788659,0.023939866685576513,0.31701346389228885,0.10793997730234123,1076,9677,1021,0.10550790534256485
2014-09-01,8_30,2_3,group,7616,32672,45756,2276,0.06966209598432908,0.05013550135501355,0.09929701230228472,0.10932908912830558,2502,11620,2798,0.24079173838209983
2014-09-01,31_90,15_plus,couple,766,2357,3284,53,0.022486211285532458,0.016138855054811205,0.32075471698113206,0.13152312261349172,70,1076,113,0.1050185873605948
2014-09-01,31_90,8_14,solo,2099,7501,11188,309,0.041194507399013466,0.02797640328923847,0.37540453074433655,0.08918810825223304,425,3011,439,0.14579873796081036
2014-09-01,same_next_day,2_3,solo,6372,19332,26262,3288,0.17008069522036,0.12588530957276672,0.060218978102189784,0.13319884129939996,3486,8421,3791,0.4501840636503978
2014-09-01,8_30,4_7,family_with_children,4035,19933,31099,764,0.03832840014047058,0.024888260072671146,0.29712041884816753,0.16088897807655647,991,6872,902,0.13125727590221187
2014-09-01,8_30,1,family_with_children,6149,23556,32002,2204,0.0935642723722194,0.0700893694144116,0.013157894736842105,0.1545253863134658,2233,8525,2293,0.2689736070381232
2014-09-01,31_90,2_3,group,8383,36947,54893,2053,0.05556608114325926,0.037891898784908826,0.18071115440818314,0.12374482366633285,2424,13027,2430,0.18653565671298072
2014-09-01,same_next_day,8_14,solo,332,841,1200,90,0.1070154577883472,0.07666666666666666,0.1,0.16171224732461356,99,413,122,0.29539951573849876
2014-09-01,91_plus,4_7,group,7157,32851,52063,884,0.026909378709932725,0.017248333749495803,0.3212669683257919,0.15214148732154273,1168,11848,1059,0.08938217420661715
2014-09-01,91_plus,1,solo,2662,9279,12039,816,0.08794051083090851,0.06910872996096021,0.031862745098039214,0.09408341416100872,842,3657,892,0.24391577796007657
2014-09-01,8_30,15_plus,solo,472,1372,1838,60,0.043731778425655975,0.033188248095756254,0.18333333333333332,0.09985422740524781,71,619,97,0.1567043618739903
2014-09-01,91_plus,8_14,group,1590,6242,9516,98,0.015700096123037487,0.010298444724674232,0.4387755102040816,0.1645305991669337,141,2372,158,0.06661045531197302
2014-09-01,31_90,8_14,couple,5772,24456,39187,596,0.024370297677461565,0.015413274810523897,0.5268456375838926,0.15300948642459927,910,9537,871,0.09132851001363113
2014-09-01,31_90,8_14,group,729,3031,4982,58,0.019135598812273176,0.011842633480529908,0.29310344827586204,0.12867040580666447,75,1126,95,0.08436944937833037
2014-09-01,91_plus,2_3,solo,5014,19160,26273,1034,0.05396659707724426,0.040612035169185094,0.16150870406189555,0.09112734864300626,1201,7343,1217,0.16573607517363476
2014-09-01,2_7,1,group,3789,12404,16779,1581,0.12745888423089327,0.09446331724179033,0.0056925996204933585,0.12471783295711061,1590,4860,1808,0.3720164609053498
2014-09-01,2_7,8_14,solo,1022,2977,4293,245,0.08229761504870675,0.05823433496389471,0.17142857142857143,0.09439032583137387,287,1366,336,0.24597364568081992
2014-09-01,2_7,4_7,family_with_children,1062,4278,6560,195,0.0455820476858345,0.030030487804878048,0.20512820512820512,0.16199158485273493,235,1553,229,0.14745653573728268
2014-09-01,91_plus,8_14,solo,1833,6629,10805,130,0.019610801025795745,0.012031466913465988,0.46153846153846156,0.1000150852315583,190,2789,195,0.06991753316600932
2014-09-01,same_next_day,1,group,2158,7013,9419,1124,0.16027377727078282,0.11965176770357787,0.0026690391459074734,0.27192357051190646,1127,2877,1313,0.45637817170663886
2014-09-01,same_next_day,2_3,group,1253,4147,5827,499,0.12032794791415481,0.0858074480864939,0.02404809619238477,0.18495297805642633,511,1598,635,0.3973717146433041
2014-09-01,2_7,2_3,group,3052,10758,15297,918,0.08533184606804238,0.06066548996535268,0.06100217864923747,0.12818367726343186,974,4146,1172,0.28268210323203086
2014-09-01,same_next_day,4_7,family_with_children,277,878,1337,64,0.07289293849658314,0.04786836200448766,0.171875,0.1674259681093394,75,334,82,0.24550898203592814
2014-09-01,same_next_day,15_plus,couple,105,222,295,8,0.036036036036036036,0.02711864406779661,0.0,0.0945945945945946,8,115,21,0.1826086956521739
2014-09-01,31_90,15_plus,solo,481,1540,1977,45,0.02922077922077922,0.02326757713707638,0.2,0.06298701298701298,54,630,88,0.13968253968253969
2014-09-01,91_plus,15_plus,family_with_children,426,1456,2271,16,0.01098901098901099,0.007485689123734038,0.3125,0.17582417582417584,21,592,35,0.05912162162162162
2014-09-01,2_7,15_plus,solo,295,755,1054,44,0.05827814569536424,0.04174573055028463,0.09090909090909091,0.08741721854304636,48,348,67,0.1925287356321839
2014-09-01,2_7,8_14,couple,1221,3717,5376,154,0.04143126177024482,0.029203869047619048,0.12987012987012986,0.1393596986817326,174,1588,256,0.16120906801007556
2014-09-01,2_7,15_plus,couple,272,554,703,18,0.032490974729241874,0.025604551920341393,0.0,0.13176895306859207,18,300,42,0.14
2014-09-01,8_30,8_14,family_with_children,649,2620,4085,93,0.03549618320610687,0.023255813953488372,0.24731182795698925,0.13893129770992366,116,1025,123,0.12
2014-09-01,same_next_day,8_14,couple,355,860,1164,49,0.056976744186046514,0.04381443298969072,0.04081632653061224,0.15,51,407,93,0.2285012285012285
2014-09-01,same_next_day,15_plus,solo,106,193,252,11,0.05699481865284974,0.04365079365079365,0.09090909090909091,0.11917098445595854,12,118,28,0.23728813559322035
2014-09-01,8_30,15_plus,couple,551,1435,2054,51,0.03554006968641115,0.024829600778967866,0.09803921568627451,0.10174216027874565,56,671,96,0.14307004470938897
2014-09-01,same_next_day,15_plus,group,14,34,48,1,0.029411764705882353,0.020833333333333332,0.0,0.0,1,16,5,0.3125
2014-09-01,2_7,15_plus,group,38,83,103,3,0.03614457831325301,0.02912621359223301,0.0,0.0963855421686747,3,40,4,0.1
2014-09-01,2_7,8_14,group,144,387,521,25,0.06459948320413436,0.04798464491362764,0.12,0.1111111111111111,28,172,37,0.21511627906976744
2014-09-01,31_90,15_plus,group,77,225,307,3,0.013333333333333334,0.009771986970684038,0.6666666666666666,0.06222222222222222,5,98,8,0.08163265306122448
2013-06-01,31_90,1,family_with_children,5755,22742,39606,2599,0.11428194529944596,0.0668585567843256,0.005386687187379761,0.09414299533902032,2613,7933,2565,0.32333291314761126
2013-06-01,2_7,2_3,family_with_children,5182,17935,31433,1900,0.10593810984109284,0.061050488340279326,0.02368421052631579,0.11524951212712573,1945,6780,2139,0.3154867256637168
2013-06-01,8_30,4_7,family_with_children,6204,26764,47675,1701,0.06355552234344643,0.03632931305715784,0.22692533803644915,0.12341204603198326,2087,9602,1972,0.20537388044157467
2013-06-01,31_90,8_14,couple,2345,9407,17143,330,0.03508025938131179,0.01942483812634895,0.6848484848484848,0.17529499309025193,556,3568,453,0.12696188340807174
2013-06-01,31_90,2_3,group,2950,12616,22531,776,0.061509194673430564,0.03461896941991035,0.17396907216494845,0.10724476854787571,911,4382,942,0.2149703331811958
2013-06-01,2_7,1,family_with_children,5693,18390,31173,2687,0.1461120174007613,0.08757578673852372,0.00446594715295869,0.1298531810766721,2699,7198,2828,0.3928869130313976
2013-06-01,same_next_day,2_3,couple,3229,8866,15024,1043,0.117640424092037,0.07015441959531417,0.05465004793863854,0.19772163320550418,1100,3897,1400,0.359250705671029
2013-06-01,31_90,2_3,couple,13549,53164,94109,3585,0.06743284929651644,0.03860417175828029,0.19581589958158996,0.13033255586487097,4287,20135,4191,0.20814502110752423
2013-06-01,8_30,2_3,family_with_children,10375,42308,75402,3648,0.08622482745580032,0.04933556139094454,0.041666666666666664,0.11286281554315969,3800,14955,3939,0.2633901705115346
2013-06-01,31_90,4_7,family_with_children,8436,39732,72150,2084,0.0524514245444478,0.029438669438669438,0.2763915547024952,0.1263213530655391,2660,13957,2287,0.16386042845883786
2013-06-01,91_plus,4_7,group,1529,6249,10899,240,0.03840614498319731,0.022112120378016333,0.6416666666666667,0.15330452872459593,394,2288,289,0.1263111888111888
2013-06-01,8_30,1,family_with_children,7817,30136,52041,3884,0.12888239978762941,0.07601698660671394,0.005664263645726055,0.08763604990708787,3906,10693,3833,0.35845880482558684
2013-06-01,same_next_day,2_3,solo,2164,5930,9459,1116,0.1881956155143339,0.11861718997779892,0.09050179211469533,0.13170320404721753,1217,2702,1316,0.48704663212435234
2013-06-01,91_plus,4_7,couple,8732,34620,61537,1277,0.03688619295205084,0.021158002502559437,0.6068911511354738,0.15701906412478336,2052,13397,1459,0.10890497872658057
2013-06-01,31_90,2_3,solo,4280,13991,24417,1307,0.09341719676935173,0.05438833599541303,0.29609793420045905,0.09220212994067616,1694,5882,1491,0.25348520911254674
2013-06-01,91_plus,2_3,family_with_children,3025,10910,18930,810,0.07424381301558204,0.044215530903328054,0.04691358024691358,0.09321723189734189,848,4186,831,0.1985188724319159
2013-06-01,2_7,4_7,family_with_children,2102,7372,13103,607,0.08233857840477482,0.047012134625658245,0.11532125205930807,0.14500813890396094,677,2867,715,0.24938960585978376
2013-06-01,91_plus,8_14,family_with_children,1222,4359,7740,96,0.02202339986235375,0.012403100775193798,0.4791666666666667,0.18628125716907548,142,1823,119,0.06527701590784421
2013-06-01,91_plus,4_7,solo,2051,6545,11310,388,0.059281894576012226,0.035190097259062775,0.5051546391752577,0.10313216195569137,584,2815,454,0.16127886323268206
2013-06-01,same_next_day,1,family_with_children,3531,10892,18223,1806,0.16580976863753213,0.10020304011414147,0.0005537098560354374,0.2051046639735586,1807,4330,1896,0.43787528868360276
2013-06-01,31_90,8_14,group,376,1547,2629,42,0.027149321266968326,0.016356028908330163,0.7619047619047619,0.13251454427925016,74,563,61,0.108348134991119
2013-06-01,same_next_day,4_7,couple,872,2432,4004,204,0.08388157894736842,0.051698301698301696,0.1323529411764706,0.17927631578947367,231,1057,324,0.3065279091769158
2013-06-01,31_90,15_plus,solo,155,404,678,15,0.03712871287128713,0.022123893805309734,0.4666666666666667,0.07920792079207921,22,199,24,0.12060301507537688
2013-06-01,8_30,8_14,family_with_children,1074,3991,6946,176,0.044099223252317715,0.025770227469046933,0.30113636363636365,0.08544224505136558,229,1600,244,0.1525
2013-06-01,31_90,8_14,solo,723,2223,3709,126,0.05668016194331984,0.03451064977082772,0.5952380952380952,0.13045434098065678,201,983,170,0.17293997965412003
2013-06-01,91_plus,1,family_with_children,1585,5221,8578,568,0.10879141926833939,0.06959664257402658,0.02464788732394366,0.07546447040796782,582,2058,551,0.26773566569484936
2013-06-01,2_7,15_plus,solo,83,209,345,11,0.05263157894736842,0.03188405797101449,0.18181818181818182,0.11483253588516747,13,99,18,0.18181818181818182
2013-06-01,31_90,15_plus,couple,403,964,1502,11,0.011410788381742738,0.008655126498002663,0.45454545454545453,0.1275933609958506,16,486,49,0.10082304526748971
2013-06-01,same_next_day,4_7,group,106,283,509,38,0.13427561837455831,0.07465618860510806,0.05263157894736842,0.2226148409893993,40,133,57,0.42857142857142855
2013-06-01,same_next_day,8_14,couple,117,266,444,20,0.07518796992481203,0.04504504504504504,0.2,0.14285714285714285,24,142,35,0.24647887323943662
2013-06-01,91_plus,15_plus,solo,108,359,638,2,0.005571030640668524,0.003134796238244514,0.0,0.05013927576601671,2,156,7,0.04487179487179487
2013-06-01,8_30,15_plus,couple,360,739,1188,16,0.02165087956698241,0.013468013468013467,0.1875,0.14479025710419485,19,414,61,0.1473429951690821
2013-06-01,2_7,15_plus,couple,123,250,356,5,0.02,0.014044943820224719,0.2,0.056,6,140,23,0.16428571428571428
2013-06-01,same_next_day,2_3,group,465,1483,2641,189,0.12744436952124072,0.0715638015903067,0.037037037037037035,0.2265677680377613,196,594,234,0.3939393939393939
2013-06-01,same_next_day,4_7,solo,667,1712,2814,278,0.16238317757009346,0.10056858564321251,0.12589928057553956,0.1185747663551402,313,802,339,0.4226932668329177
2013-06-01,same_next_day,8_14,solo,119,304,473,28,0.09210526315789473,0.06342494714587738,0.07142857142857142,0.14802631578947367,30,135,46,0.34074074074074073
2013-06-01,91_plus,15_plus,couple,327,967,1654,13,0.01344364012409514,0.007859733978234583,0.46153846153846156,0.23681489141675285,19,422,34,0.08056872037914692
2013-06-01,31_90,15_plus,group,31,112,198,1,0.008928571428571428,0.005050505050505051,0.0,0.38392857142857145,1,39,3,0.07692307692307693
2013-06-01,2_7,8_14,family_with_children,313,997,1744,60,0.06018054162487462,0.034403669724770644,0.11666666666666667,0.15947843530591777,67,423,85,0.20094562647754138
2013-06-01,8_30,15_plus,solo,153,512,919,33,0.064453125,0.03808487486398259,0.24242424242424243,0.130859375,41,209,45,0.215311004784689
2013-06-01,same_next_day,15_plus,family_with_children,20,40,62,1,0.025,0.016129032258064516,0.0,0.45,1,21,2,0.09523809523809523
2013-06-01,2_7,15_plus,group,11,22,35,1,0.045454545454545456,0.02857142857142857,0.0,0.09090909090909091,1,11,2,0.18181818181818182
2013-06-01,91_plus,15_plus,group,20,81,202,2,0.024691358024691357,0.009900990099009901,1.0,0.012345679012345678,4,32,2,0.0625
2013-07-01,8_30,2_3,family_with_children,11892,51769,90673,4115,0.07948772431377851,0.04630926516162474,0.04325637910085055,0.12884158473217563,4293,17866,4448,0.24896451360125377
2013-07-01,8_30,1,group,2471,8777,14645,1052,0.11985872165888117,0.07258449982929327,0.013307984790874524,0.08784322661501652,1066,3343,1176,0.3517798384684415
2013-07-01,31_90,2_3,solo,5168,16842,28284,1546,0.09179432371452322,0.055296280582661575,0.30077619663648125,0.08229426433915212,2011,7099,1788,0.25186646006479785
2013-07-01,8_30,4_7,couple,10283,40956,71106,2192,0.05352085164566852,0.03130537507383343,0.49863138686131386,0.14256763355796465,3285,15800,2747,0.17386075949367089
2013-07-01,2_7,2_3,family_with_children,6271,22390,39125,2209,0.09866011612326932,0.05725239616613419,0.02761430511543685,0.14814649397052254,2270,8342,2464,0.29537281227523376
2013-07-01,31_90,8_14,couple,2387,9141,16263,352,0.03850782190132371,0.021828690893439095,0.6136363636363636,0.13849688217919265,568,3603,481,0.13349986122675547
2013-07-01,8_30,1,couple,12101,38635,63271,4496,0.1163711660411544,0.07211834805835217,0.01912811387900356,0.11422285492429145,4582,16046,5178,0.3226972454194192
2013-07-01,8_30,1,solo,6130,17992,28272,3203,0.17802356602934638,0.11516694963214488,0.09303777708398377,0.07175411293908404,3501,7792,3326,0.42684804928131415
2013-07-01,31_90,4_7,couple,13577,56050,99494,2550,0.045495093666369314,0.025941262789715962,0.5505882352941176,0.1502943800178412,3954,21739,3063,0.14089884539307235
2013-07-01,31_90,2_3,couple,15937,62967,108308,4061,0.06449410008417107,0.038048897588359124,0.2120167446441763,0.13246621246049517,4922,23984,4721,0.196839559706471
2013-07-01,91_plus,1,solo,886,2632,4450,242,0.0919452887537994,0.05528089887640449,0.08677685950413223,0.06876899696048633,263,1167,260,0.22279348757497858
2013-07-01,31_90,8_14,solo,771,2222,3841,127,0.05715571557155716,0.03306430617026816,0.5433070866141733,0.09225922592259225,196,1045,160,0.15311004784688995
2013-07-01,91_plus,4_7,couple,9249,37547,68143,1178,0.03137401123924681,0.017668726061370942,0.6035653650254669,0.15431326071323942,1889,14687,1394,0.09491386940832028
2013-07-01,2_7,1,family_with_children,7059,23944,40484,3282,0.1370698296024056,0.08225471791324968,0.002437538086532602,0.1391580354159706,3290,8976,3368,0.375222816399287
2013-07-01,31_90,2_3,group,3087,12627,22420,782,0.061930783242258654,0.035325602140945586,0.2071611253196931,0.11998099311000238,944,4623,940,0.20333117023577763
2013-07-01,8_30,4_7,solo,4060,13171,22234,1252,0.09505732290638524,0.056894845731762164,0.3977635782747604,0.10758484549388808,1750,5641,1464,0.25952845240205635
2013-07-01,same_next_day,2_3,couple,3664,10123,16836,1139,0.11251605255359083,0.06812782133523403,0.04302019315188762,0.19964437419737233,1188,4489,1508,0.3359322789039875
2013-07-01,91_plus,1,couple,2751,8827,14440,814,0.09221706128922624,0.05740997229916898,0.04668304668304668,0.1070578905630452,852,3725,884,0.23731543624161075
2013-07-01,91_plus,4_7,group,1740,6333,11182,235,0.03710721616927207,0.021373636201037383,0.5829787234042553,0.1569556292436444,372,2641,278,0.10526315789473684
2013-07-01,31_90,1,couple,8347,28505,47777,3052,0.10706893527451325,0.06488477719404734,0.02162516382699869,0.10005262234695668,3118,11437,3287,0.2874005421002011
2013-07-01,8_30,4_7,group,1760,7104,12507,374,0.05264639639639639,0.030223075077956345,0.35294117647058826,0.1373873873873874,506,2682,490,0.18269947800149142
2013-07-01,8_30,8_14,family_with_children,1423,5712,10139,235,0.04114145658263305,0.023473715356544037,0.3574468085106383,0.125,319,2183,311,0.14246449839670178
2013-07-01,91_plus,2_3,family_with_children,3221,11605,19824,793,0.06833261525204654,0.04146489104116223,0.06935687263556116,0.11960361912968548,848,4489,846,0.1884606816662954
2013-07-01,2_7,4_7,couple,3144,9653,16011,637,0.06598984771573604,0.04009743301480232,0.29827315541601257,0.1574640008287579,827,4126,899,0.21788657295201164
2013-07-01,31_90,1,group,1619,5745,9920,554,0.09643167972149695,0.05625,0.019855595667870037,0.0999129677980853,565,2227,662,0.2972608890884598
2013-07-01,same_next_day,2_3,solo,2181,5988,9448,1077,0.17985971943887777,0.11452159187129551,0.0882079851439183,0.1270875083500334,1172,2743,1264,0.46080933284724757
2013-07-01,31_90,1,solo,3227,9676,16042,1294,0.13373294749896653,0.08172297718488966,0.07882534775888717,0.07131045886730054,1396,4160,1334,0.32067307692307695
2013-07-01,31_90,4_7,group,1997,8186,14469,375,0.0458099193745419,0.026193931854309214,0.504,0.13034449059369654,564,3089,464,0.15021042408546456
2013-07-01,91_plus,15_plus,couple,382,1086,1710,18,0.016574585635359115,0.010526315789473684,0.2222222222222222,0.16758747697974216,22,500,34,0.068
2013-07-01,91_plus,1,group,535,1790,2927,140,0.0782122905027933,0.04817218995558593,0.03571428571428571,0.10837988826815642,145,715,154,0.2153846153846154
2013-07-01,same_next_day,1,family_with_children,4538,14714,25056,2308,0.1568574147070817,0.09279214559386974,0.0,0.2535000679624847,2308,5765,2409,0.4178664353859497
2013-07-01,31_90,4_7,solo,4110,13797,23499,1009,0.07313184025512792,0.04357632239669773,0.4707631318136769,0.09915198956294846,1484,5947,1163,0.19556078695140408
2013-07-01,2_7,4_7,solo,2000,5732,9427,738,0.12875087229588275,0.07934655775962661,0.2886178861788618,0.09612700628053035,951,2580,884,0.3426356589147287
2013-07-01,8_30,15_plus,couple,431,1032,1697,11,0.01065891472868217,0.00648202710665881,0.36363636363636365,0.1686046511627907,15,522,52,0.09961685823754789
2013-11-01,91_plus,4_7,family_with_children,4615,20518,33258,768,0.03743054878643143,0.023543207649287388,0.3645833333333333,0.1658543717711278,1048,7611,847,0.11128629615030876
2013-11-01,31_90,2_3,solo,3981,12103,16861,1173,0.09691811947451046,0.07099223059130538,0.29923273657289,0.09163017433694125,1524,5391,1333,0.2472639584492673
2013-11-01,8_30,4_7,couple,8269,29534,45762,1760,0.059592334258820344,0.03889690135920633,0.44943181818181815,0.13374415927405703,2551,12030,2290,0.19035743973399832
2013-11-01,31_90,2_3,couple,12070,45425,66430,3057,0.06729774353329664,0.04719253349390336,0.277069021916912,0.13296642817831592,3904,17640,3610,0.2046485260770975
2013-11-01,2_7,1,solo,6242,16681,21082,3747,0.22462682093399677,0.1797742149701167,0.08460101414464906,0.08015107007973143,4064,7712,3930,0.5095954356846473
2013-11-01,2_7,1,couple,8186,23013,30306,3510,0.15252248728979273,0.11727050749026595,0.017094017094017096,0.13805240516229958,3570,9973,3919,0.39296099468565127
2013-11-01,2_7,4_7,family_with_children,848,2836,4181,231,0.08145275035260931,0.05548911743602009,0.15151515151515152,0.10155148095909731,266,1143,271,0.23709536307961504
2013-11-01,8_30,2_3,solo,7229,23163,31790,3169,0.13681302076587662,0.10135262661214219,0.25370779425686335,0.06907568104304278,3973,9809,3458,0.35253338770516873
2013-11-01,31_90,8_14,group,374,1194,1825,50,0.04187604690117253,0.0273972602739726,0.56,0.11055276381909548,78,506,65,0.12845849802371542
2013-11-01,8_30,2_3,group,2042,7195,10911,654,0.09089645587213342,0.060764366235908716,0.17737003058103976,0.10521195274496178,770,2749,807,0.29356129501636957
2013-11-01,8_30,1,family_with_children,3793,12225,16556,1623,0.132760736196319,0.10050736892969317,0.0073937153419593345,0.11034764826175869,1635,4850,1714,0.3534020618556701
2013-11-01,91_plus,2_3,couple,6270,22608,32541,1350,0.059713375796178345,0.04240803908914907,0.23777777777777778,0.13685421089879687,1671,9031,1493,0.1653194552098328
2013-11-01,31_90,4_7,family_with_children,5768,25928,41207,1274,0.04913606911447084,0.03142669934719829,0.35949764521193095,0.13155661832767665,1732,9521,1449,0.1521898960193257
2013-11-01,31_90,1,family_with_children,3126,11050,15320,1304,0.11800904977375566,0.08687989556135771,0.013803680981595092,0.11257918552036199,1322,4108,1314,0.3198636806231743
2013-11-01,8_30,2_3,couple,13308,45805,65437,3917,0.08551468180329658,0.06069960419945902,0.20525912688281847,0.13598952079467308,4721,18223,4691,0.2574219393074686
2013-11-01,8_30,4_7,solo,3935,12751,18335,1387,0.10877578229158498,0.0766839378238342,0.36553713049747655,0.08979687867618226,1894,5531,1594,0.28819381666967997
2013-11-01,31_90,2_3,group,2605,10173,15502,664,0.06527081490219208,0.043091214036898466,0.20180722891566266,0.11147154231790032,798,3781,830,0.21951864586088338
2013-11-01,2_7,2_3,family_with_children,2391,7717,11044,942,0.12206816120253984,0.08647229264759146,0.032908704883227176,0.12880653103537645,973,3041,1023,0.336402499177902
2013-11-01,91_plus,8_14,couple,2545,9283,15533,239,0.02574598728859205,0.015386596278890104,0.7112970711297071,0.16643326510826242,409,3869,351,0.09072111656758852
2013-11-01,91_plus,1,couple,2765,8542,11132,784,0.09178178412549755,0.07285303629177146,0.03316326530612245,0.10348864434558651,810,3711,878,0.2365939099973053
2013-11-01,8_30,8_14,family_with_children,549,1931,3151,92,0.047643707923355774,0.029831799428752775,0.3804347826086957,0.1294665976178146,127,810,126,0.15555555555555556
2013-11-01,31_90,8_14,couple,2674,9794,15222,330,0.03369409842760874,0.02194192615950598,0.5696969696969697,0.14876454972432102,518,4042,497,0.12295893122216725
2013-11-01,91_plus,2_3,solo,1560,4781,6725,352,0.07362476469357875,0.05338289962825279,0.30113636363636365,0.11064630830370216,458,2099,399,0.19009051929490234
2013-11-01,same_next_day,1,family_with_children,1651,4924,6737,851,0.17282696994313565,0.12750482410568503,0.0023501762632197414,0.2331437855402112,853,1956,896,0.45807770961145194
2013-11-01,91_plus,1,solo,806,2264,2878,242,0.1068904593639576,0.08443363446838081,0.05785123966942149,0.0715547703180212,256,1059,270,0.254957507082153
2013-11-01,91_plus,1,group,511,1738,2468,170,0.09781357882623705,0.0692868719611021,0.052941176470588235,0.10241657077100115,179,690,180,0.2608695652173913
2013-11-01,same_next_day,4_7,family_with_children,245,688,1062,79,0.11482558139534883,0.0743879472693032,0.0759493670886076,0.1555232558139535,85,284,95,0.3345070422535211
2013-11-01,91_plus,15_plus,couple,376,1008,1406,19,0.018849206349206348,0.013513513513513514,0.5263157894736842,0.1349206349206349,29,490,48,0.09795918367346938
2013-11-01,8_30,4_7,group,1115,4180,6556,257,0.061483253588516744,0.03981086028065894,0.2801556420233463,0.1270334928229665,329,1601,335,0.20924422236102436
2013-11-01,31_90,8_14,solo,918,2908,4606,125,0.04298486932599725,0.02735562310030395,0.624,0.10281980742778542,203,1307,176,0.13465952563121653
2013-11-01,91_plus,8_14,solo,574,1854,2785,60,0.032362459546925564,0.022621184919210054,0.6,0.13915857605177995,96,792,85,0.10732323232323232
2013-11-01,2_7,15_plus,solo,102,218,288,10,0.045871559633027525,0.034722222222222224,0.2,0.06880733944954129,12,118,23,0.19491525423728814
2013-11-01,91_plus,8_14,group,351,1051,1758,30,0.028544243577545196,0.017064846416382253,0.6,0.15794481446241673,48,454,43,0.0947136563876652
2013-11-01,8_30,15_plus,couple,299,652,899,17,0.02607361963190184,0.018909899888765295,0.17647058823529413,0.1687116564417178,20,346,59,0.17052023121387283
2013-11-01,91_plus,15_plus,solo,131,396,637,14,0.03535353535353535,0.02197802197802198,0.5714285714285714,0.08080808080808081,22,180,18,0.1
2013-11-01,2_7,1,group,1130,3210,4414,510,0.1588785046728972,0.11599456275487087,0.0058823529411764705,0.1031152647975078,513,1332,600,0.45045045045045046
2013-11-01,91_plus,2_3,group,1412,5087,7662,300,0.058973854924316886,0.039545810493343776,0.32,0.12718694712011008,396,1964,344,0.17515274949083504
2013-11-01,same_next_day,8_14,couple,92,211,283,11,0.052132701421800945,0.038869257950530034,0.09090909090909091,0.1848341232227488,12,105,30,0.2857142857142857
2013-11-01,31_90,15_plus,family_with_children,208,480,759,9,0.01875,0.013175230566534914,0.1111111111111111,0.12916666666666668,10,253,35,0.1383399209486166
2013-11-01,same_next_day,2_3,family_with_children,864,2530,3571,356,0.14071146245059288,0.10025203024362923,0.016853932584269662,0.18853754940711462,362,1016,398,0.39173228346456695
2013-11-01,8_30,15_plus,group,24,75,95,1,0.013333333333333334,0.010526315789473684,0.0,0.37333333333333335,1,31,2,0.06451612903225806
2013-11-01,8_30,15_plus,solo,181,431,620,18,0.04176334106728538,0.03064516129032258,0.4444444444444444,0.07192575406032482,26,222,35,0.15765765765765766
2013-11-01,91_plus,15_plus,group,39,114,198,1,0.008771929824561403,0.005050505050505051,0.0,0.16666666666666666,1,52,2,0.038461538461538464
2013-11-01,2_7,15_plus,couple,102,188,236,1,0.005319148936170213,0.00423728813559322,0.0,0.0797872340425532,1,117,16,0.13675213675213677
2013-11-01,2_7,8_14,family_with_children,137,325,533,30,0.09230769230769231,0.05628517823639775,0.0,0.17846153846153845,30,168,40,0.23809523809523808
2013-11-01,same_next_day,8_14,solo,95,299,456,24,0.0802675585284281,0.05263157894736842,0.08333333333333333,0.046822742474916385,26,115,42,0.3652173913043478
2013-11-01,same_next_day,8_14,group,14,32,44,4,0.125,0.09090909090909091,0.0,0.03125,4,15,6,0.4
2013-11-01,same_next_day,15_plus,family_with_children,9,19,24,1,0.05263157894736842,0.041666666666666664,0.0,0.0,1,9,2,0.2222222222222222
2013-11-01,2_7,15_plus,group,15,19,24,0,0.0,0.0,,0.15789473684210525,0,17,2,0.11764705882352941
2013-12-01,8_30,2_3,family_with_children,5630,22193,31925,1897,0.08547740278466183,0.060610806577916995,0.06378492356352135,0.12945523363222639,2018,8034,2030,0.25267612646253423
2013-12-01,31_90,8_14,family_with_children,928,3528,5666,150,0.04251700680272109,0.02770914225202965,0.43333333333333335,0.13151927437641722,215,1473,189,0.12830957230142567
2013-12-01,2_7,1,couple,9060,25694,33842,3525,0.13719156223242782,0.10569706282134625,0.014184397163120567,0.16132170934848603,3575,11070,4074,0.36802168021680215
2013-12-01,91_plus,4_7,couple,9239,35831,58564,1380,0.0385141358041919,0.02445188170206953,0.5869565217391305,0.16067092740922664,2190,14005,1616,0.11538736165655124
2013-12-01,2_7,1,solo,5155,14007,17902,2866,0.2046119797244235,0.16221651212155067,0.08304256803907886,0.08874134361390733,3104,6346,3051,0.4807752915222187
2013-12-01,31_90,4_7,couple,12146,45573,73466,2169,0.04759397011388322,0.03000027223477527,0.6127247579529738,0.15880016676540934,3498,18221,2629,0.1442840678338181
2013-12-01,91_plus,4_7,solo,2017,6513,9909,343,0.052663902963304164,0.03633060853769301,0.5043731778425656,0.11883924458774758,516,2827,413,0.14609126282278034
2013-12-01,same_next_day,1,solo,4567,12918,16289,2970,0.2299117510450534,0.18337528393394315,0.025252525252525252,0.15644836662021985,3045,5873,3177,0.5409501106759748
2013-12-01,31_90,2_3,family_with_children,3532,12693,18050,1101,0.08674072323327818,0.062493074792243766,0.09809264305177112,0.12534467816906958,1209,4893,1170,0.23911710606989578
2013-12-01,2_7,4_7,solo,1878,6040,8678,655,0.10844370860927152,0.07651532611200737,0.2916030534351145,0.09701986754966888,846,2522,793,0.31443298969072164
2013-12-01,same_next_day,1,couple,6422,18131,24393,3202,0.17660360708179362,0.13212806952814332,0.004996876951905059,0.23308146268821356,3218,7933,3595,0.4531703012731627
2013-12-01,31_90,4_7,group,1747,7031,11507,380,0.05404636609301664,0.03363170244199183,0.5105263157894737,0.13227136964869862,574,2632,463,0.17591185410334345
2013-12-01,91_plus,2_3,couple,6384,23654,33762,1440,0.06087765282827429,0.043658551033706534,0.24027777777777778,0.13972266847044898,1786,9034,1616,0.17887978746955943
2013-12-01,31_90,4_7,solo,3566,11737,17473,917,0.07812899378035273,0.05419790533966692,0.514721919302072,0.0904830876714663,1389,5054,1073,0.21230708349821922
2013-12-01,91_plus,2_3,solo,1624,5227,7254,373,0.07136024488234169,0.0518334711883099,0.28418230563002683,0.10541419552324469,479,2210,449,0.20316742081447964
2013-12-01,91_plus,2_3,group,1479,5493,8220,345,0.06280720917531403,0.04245742092457421,0.2463768115942029,0.11323502639723285,430,2046,406,0.198435972629521
2013-12-01,8_30,4_7,family_with_children,4281,18258,28424,1055,0.057782889692189726,0.037925696594427245,0.3127962085308057,0.1424581005586592,1385,6795,1210,0.1780721118469463
2013-12-01,2_7,1,group,1425,4404,6147,626,0.14214350590372388,0.10216365706848869,0.01437699680511182,0.1371480472297911,635,1703,736,0.4321785085143864
2013-12-01,8_30,8_14,family_with_children,785,2686,3951,127,0.047282204020848845,0.03290306251581878,0.3543307086614173,0.14110201042442294,172,1120,166,0.14821428571428572
2013-12-01,2_7,4_7,group,576,2109,3176,134,0.06353722143195828,0.042821158690176324,0.21641791044776118,0.13323850165955428,163,815,187,0.2294478527607362
2013-12-01,91_plus,8_14,family_with_children,1347,5375,8718,143,0.026604651162790698,0.016402844689148887,0.5594405594405595,0.20651162790697675,223,2075,174,0.08385542168674699
2013-12-01,8_30,1,family_with_children,4479,16499,22903,1984,0.12024971210376387,0.08784875343841418,0.007056451612903226,0.1076428874477241,1998,5913,2067,0.3495687468290208
2013-12-01,2_7,2_3,family_with_children,3083,11145,16197,1068,0.09582772543741588,0.0667407544607026,0.04962546816479401,0.14912516823687752,1121,4078,1192,0.29230014713094654
2013-12-01,same_next_day,8_14,couple,154,357,491,27,0.07563025210084033,0.054989816700611,0.037037037037037035,0.17086834733893558,28,180,52,0.28888888888888886
2013-12-01,91_plus,4_7,group,1823,6999,11927,323,0.04614944992141735,0.027416785444789135,0.56656346749226,0.14316330904414917,506,2661,374,0.1405486659150695
2013-12-01,8_30,15_plus,family_with_children,151,321,502,7,0.021806853582554516,0.013944223107569721,0.14285714285714285,0.11526479750778816,8,176,31,0.17613636363636365
2013-12-01,91_plus,1,family_with_children,1635,5442,7273,648,0.11907386990077178,0.09129657637838581,0.013888888888888888,0.09334803381109887,657,2153,624,0.2898281467719461
2013-12-01,2_7,4_7,couple,3364,11496,17721,749,0.06515309672929714,0.04299983070932792,0.35113484646194926,0.1575330549756437,1012,4687,1027,0.21911670578195008
2013-12-01,same_next_day,8_14,solo,116,243,340,32,0.13168724279835392,0.09411764705882353,0.25,0.13168724279835392,40,135,52,0.3851851851851852
2013-12-01,31_90,1,family_with_children,2075,7243,9757,878,0.12122048874775646,0.09193399610536025,0.012528473804100227,0.09222697777164159,889,2783,864,0.31045634207689543
2013-12-01,91_plus,15_plus,family_with_children,187,705,1027,9,0.01276595744680851,0.008763388510223954,0.0,0.2226950354609929,9,270,18,0.06666666666666667
2013-12-01,2_7,8_14,couple,546,1446,2218,72,0.04979253112033195,0.032461677186654644,0.3333333333333333,0.13070539419087138,96,679,140,0.20618556701030927
2013-12-01,31_90,15_plus,couple,381,934,1322,20,0.021413276231263382,0.01588502269288956,0.4,0.14775160599571735,28,494,56,0.11336032388663968
2013-12-01,2_7,8_14,solo,318,930,1358,74,0.07956989247311828,0.05522827687776141,0.35135135135135137,0.07526881720430108,100,413,106,0.2566585956416465
2013-12-01,same_next_day,4_7,family_with_children,424,1256,1921,94,0.07484076433121019,0.048932847475273294,0.11702127659574468,0.2070063694267516,105,526,126,0.23954372623574144
2013-12-01,same_next_day,2_3,family_with_children,1160,3615,5279,426,0.11784232365145228,0.0818336806213298,0.009389671361502348,0.19695712309820193,430,1402,479,0.34165477888730383
2013-12-01,same_next_day,1,group,887,2574,3649,435,0.168997668997669,0.11948479035352151,0.0022988505747126436,0.2505827505827506,436,1074,508,0.4729981378026071
2013-12-01,31_90,15_plus,solo,159,437,636,9,0.020594965675057208,0.014150943396226415,0.1111111111111111,0.12585812356979406,10,204,17,0.08333333333333333
2014-07-01,91_plus,4_7,solo,5549,20169,29991,776,0.03847488720313352,0.02620786235870761,0.35309278350515466,0.1125489612772076,1050,8264,942,0.11398838334946756
2014-07-01,91_plus,4_7,couple,26431,121788,199926,3078,0.025273425953295892,0.015865870372037655,0.4428200129954516,0.16922028442867934,4441,45997,3653,0.07941822292758223
2014-07-01,31_90,2_3,couple,42859,196636,276306,10699,0.05441017921438597,0.03951778101090819,0.13991961865594915,0.13696372993754957,12196,69917,12027,0.17201825021096442
2014-07-01,8_30,1,couple,34063,119803,155490,11186,0.09336994899960768,0.07303363560357579,0.012783836939030931,0.12737577523100424,11329,47269,12639,0.2673845437813366
2014-07-01,same_next_day,1,couple,17841,56355,76669,7778,0.13801792210096708,0.10204906807184129,0.0019285163281049112,0.25204507142223403,7793,23581,8612,0.3652092786565455
2014-07-01,8_30,2_3,couple,43744,182496,252046,10938,0.05993556023145713,0.04405148266586258,0.1176631925397696,0.1404469139049623,12225,67173,13109,0.1951528143748232
2014-07-01,31_90,1,couple,22671,88459,118079,8071,0.09124000949592466,0.06963134850396768,0.019824061454590508,0.10765439356085871,8231,33484,8696,0.2597061283000836
2014-07-01,same_next_day,1,solo,10228,31353,41750,6281,0.20033170669473416,0.15137724550898204,0.016557872950167172,0.13679711670334577,6385,13883,6710,0.48332492977022257
2014-07-01,31_90,4_7,couple,35363,166355,261796,5854,0.03518980493522888,0.022704701370532782,0.39562692176289715,0.14856181058579543,8170,61063,7001,0.11465208063802958
2014-07-01,31_90,4_7,group,5629,26219,40168,1031,0.03932262862809413,0.02599083847839076,0.2997090203685742,0.11575574964720241,1340,9115,1310,0.1437191442676906
2014-07-01,91_plus,2_3,family_with_children,4317,19087,27396,840,0.044009011368994606,0.031245437290115346,0.09404761904761905,0.14046209461937445,919,6506,880,0.13525976022133415
2014-07-01,8_30,4_7,solo,9346,34249,49559,2614,0.07632339630354171,0.05357250953409068,0.2888293802601377,0.09284942626062075,3369,13698,3138,0.2290845378887429
2014-07-01,8_30,4_7,couple,25042,109028,166191,4449,0.0408060314781524,0.027113381591060887,0.33715441672285906,0.1454030157390762,5949,40893,5610,0.13718729366884308
2014-07-01,2_7,2_3,couple,22063,78020,107302,5719,0.0733017175083312,0.053838698253527426,0.07518796992481203,0.1565624198923353,6149,30290,7120,0.235061076262793
2014-07-01,same_next_day,4_7,solo,1561,5005,7193,593,0.11848151848151849,0.08299735854302795,0.07082630691399663,0.1114885114885115,635,2027,751,0.3704982733103108
2014-07-01,91_plus,1,solo,2292,7337,9464,646,0.08804688564808505,0.06931530008453085,0.04489164086687306,0.058607060106310484,675,3075,709,0.2305691056910569
2014-07-01,2_7,1,group,4236,14003,19191,1594,0.11383275012497322,0.0834245219113126,0.003136762860727729,0.11376133685638792,1599,5412,1900,0.35107169253510717
2014-07-01,31_90,8_14,couple,6229,26709,43425,738,0.027631135572279007,0.01722510074841681,0.508130081300813,0.14369688120109325,1113,10194,1043,0.10231508730625859
2014-07-01,31_90,1,group,4468,19004,25732,1747,0.09192801515470428,0.06870822322400125,0.010875787063537493,0.08756051357608924,1766,6569,1909,0.2906073983863602
2014-07-01,91_plus,15_plus,family_with_children,297,1052,1596,8,0.0076045627376425855,0.005012531328320802,0.5,0.1644486692015209,12,417,23,0.05515587529976019
2014-07-01,8_30,2_3,group,8180,35873,50281,2217,0.06180135477936052,0.04443030170442115,0.08344609833107804,0.10682128620410894,2402,12413,2740,0.22073632482075245
2014-07-01,2_7,1,couple,25789,84673,112002,9361,0.11055472228455351,0.0844895626863806,0.009293878859096251,0.15385069620776398,9448,34092,10472,0.30716883726387423
2014-07-01,31_90,8_14,group,771,2919,4651,91,0.03117505995203837,0.01978069232423135,0.37362637362637363,0.14662555669749913,125,1148,133,0.11585365853658537
2014-07-01,8_30,2_3,solo,16295,60107,82733,6043,0.10053737501455737,0.07411794568068364,0.1936124441502565,0.08736087310962118,7213,23788,6784,0.28518580797040527
2014-07-01,31_90,2_3,group,8551,39997,57541,2276,0.05690426782008651,0.039884604021480335,0.1335676625659051,0.10558291871890392,2580,13382,2675,0.19989538185622477
2014-07-01,2_7,4_7,couple,7801,27410,40799,1576,0.05749726377234586,0.0393146890855168,0.22588832487309646,0.15702298431229478,1932,11042,2054,0.18601702590110486
2014-07-01,31_90,4_7,solo,10134,38341,56611,2244,0.05852742494979265,0.040963770291992725,0.3319964349376114,0.0986150595967763,2989,15386,2679,0.17411932926036658
2014-07-01,91_plus,4_7,group,5055,21417,34739,573,0.02675444740159686,0.016782290797086846,0.37521815008726006,0.15767847971237803,788,8005,711,0.08881948782011242
2014-07-01,2_7,8_14,family_with_children,667,2491,3708,73,0.0293054997992774,0.019687162891046387,0.410958904109589,0.15415495784825373,103,947,115,0.12143611404435058
2014-07-01,91_plus,1,couple,8442,31277,42512,2378,0.07603030981232216,0.05796010538200978,0.021867115222876366,0.11436518847715574,2430,12350,2602,0.21068825910931174
2014-07-01,31_90,2_3,solo,12881,48542,67510,3824,0.07877714144452228,0.057680343652792176,0.2044979079497908,0.08590498949363438,4606,18999,4264,0.22443286488762568
2014-07-01,8_30,1,solo,13707,44639,57756,6526,0.14619503125070005,0.11446429808158459,0.07217284707324548,0.06725061045274312,6997,18608,6918,0.3717755803955288
2014-07-01,2_7,2_3,solo,11010,35321,48041,4859,0.1375668865547408,0.10255823151058471,0.14550318995678124,0.08737011975878373,5566,14872,5456,0.3668639053254438
2014-07-01,2_7,4_7,solo,4611,15069,21322,1784,0.11838874510584645,0.08479504736891473,0.19114349775784753,0.08427898334328754,2125,6413,2079,0.3241852487135506
2014-07-01,2_7,2_3,group,3621,12921,18250,979,0.0757681294017491,0.053863013698630134,0.04187946884576098,0.11593529912545468,1020,4774,1258,0.2635106828655216
2014-07-01,8_30,1,group,6430,25511,34000,2592,0.10160322997922465,0.07685294117647058,0.008873456790123456,0.09588020853749363,2615,9051,2923,0.3229477405811513
2014-07-01,2_7,1,solo,13050,39914,51979,7232,0.18118955754872976,0.14069143307874335,0.06512721238938053,0.08438142005311419,7703,17133,7583,0.44259615945835523
2014-07-01,91_plus,1,group,1669,6004,8145,527,0.08777481678880746,0.06605279312461633,0.030360531309297913,0.11092604930046636,543,2318,578,0.24935289042277825
2014-07-01,91_plus,8_14,family_with_children,2612,10973,17826,147,0.013396518727786385,0.008470773028161113,0.47619047619047616,0.20240590540417389,217,4159,194,0.04664582832411637
2014-07-01,8_30,8_14,family_with_children,2284,10876,17276,295,0.027123942625965427,0.01707571197036351,0.4101694915254237,0.14288341301949245,416,3899,426,0.1092587843036676
2014-07-01,same_next_day,2_3,family_with_children,3359,13645,19672,1049,0.07687797728105533,0.053629524196827975,0.014299332697807437,0.23407841700256504,1064,4559,1214,0.2662864663303356
2014-07-01,31_90,1,solo,7689,26419,34267,2991,0.11321397479087021,0.08862754253363295,0.04948177866934136,0.06820848631666604,3139,10544,3219,0.3052921092564492
2014-07-01,same_next_day,1,group,2425,7864,11183,1134,0.14420142421159715,0.10202986676204955,0.0008818342151675485,0.20740081383519837,1135,3135,1334,0.425518341307815
2014-07-01,2_7,4_7,group,1340,4832,7018,269,0.0556705298013245,0.03861499002564833,0.12267657992565056,0.10906456953642384,302,1811,366,0.20209828823854223
2014-07-01,31_90,8_14,solo,2036,7480,11448,285,0.038101604278074866,0.025157232704402517,0.40350877192982454,0.10093582887700535,400,3021,416,0.1377027474346243
2014-07-01,8_30,4_7,group,4485,20354,30652,828,0.04067996462611772,0.02737178650659011,0.2427536231884058,0.1018964331335364,1029,7241,1128,0.15577958845463333
2014-07-01,same_next_day,4_7,couple,2353,7353,11011,544,0.07398340813273493,0.0498592316774135,0.09558823529411764,0.18169454644362845,596,2990,790,0.26421404682274247
2014-07-01,same_next_day,4_7,group,389,1127,1628,112,0.09937888198757763,0.0687960687960688,0.008928571428571428,0.14551907719609583,113,476,159,0.33403361344537813
2014-07-01,31_90,15_plus,family_with_children,167,478,672,9,0.01882845188284519,0.013392857142857142,0.4444444444444444,0.18200836820083682,13,207,20,0.0966183574879227
2014-07-01,8_30,15_plus,family_with_children,345,1108,1551,23,0.02075812274368231,0.014829142488716958,0.08695652173913043,0.13537906137184116,25,441,37,0.08390022675736962
2014-07-01,same_next_day,8_14,couple,308,660,936,39,0.05909090909090909,0.0438034188034188,0.15384615384615385,0.1984848484848485,45,345,59,0.17101449275362318
2014-07-01,2_7,15_plus,solo,265,714,934,39,0.0546218487394958,0.042826552462526764,0.10256410256410256,0.07983193277310924,43,337,64,0.18991097922848665
2014-07-01,2_7,15_plus,group,49,125,158,6,0.048,0.0379746835443038,0.0,0.032,6,56,7,0.125
2014-07-01,same_next_day,8_14,solo,278,648,929,67,0.10339506172839506,0.0721205597416577,0.07462686567164178,0.06790123456790123,72,334,100,0.2994011976047904
2014-07-01,2_7,15_plus,couple,306,715,952,18,0.025174825174825177,0.018907563025210083,0.16666666666666666,0.1006993006993007,21,343,53,0.15451895043731778
2014-09-01,8_30,15_plus,group,66,147,197,5,0.034013605442176874,0.025380710659898477,0.0,0.05442176870748299,5,75,9,0.12
2013-02-01,2_7,15_plus,solo,68,150,225,9,0.06,0.04,0.2222222222222222,0.09333333333333334,11,81,17,0.20987654320987653
2013-02-01,31_90,4_7,family_with_children,6986,30188,54473,1736,0.05750629389161256,0.03221779597231656,0.34389400921658986,0.14678017755399497,2333,11342,1858,0.16381590548404162
2013-02-01,8_30,2_3,family_with_children,6559,22344,38816,2504,0.11206587898317222,0.06572032151690024,0.052715654952076675,0.09814715359828141,2636,8794,2641,0.3003183989083466
2013-02-01,same_next_day,2_3,solo,1872,4978,7925,1070,0.21494576134993973,0.13602523659305993,0.08504672897196262,0.12916834069907593,1161,2335,1211,0.5186295503211992
2013-02-01,31_90,2_3,couple,11467,42777,76681,3063,0.07160389929167543,0.0403098551140439,0.2895853738165198,0.1289711760993057,3950,16852,3479,0.20644433895086636
2013-02-01,91_plus,4_7,couple,10241,42541,78685,1693,0.039796901812369244,0.021859312448370083,0.6101594802126403,0.14136950236242685,2726,16568,1889,0.11401496861419604
2013-02-01,same_next_day,2_3,couple,2464,6555,11181,870,0.13272311212814644,0.07825775869779089,0.052873563218390804,0.17971014492753623,916,3021,1137,0.37636544190665344
2013-02-01,8_30,8_14,solo,598,1757,3031,140,0.0796812749003984,0.046519300560871,0.39285714285714285,0.07171314741035857,195,805,178,0.22111801242236026
2013-02-01,8_30,1,solo,5182,14848,24354,2799,0.18851023706896552,0.11616161616161616,0.1111111111111111,0.05246497844827586,3110,6654,2944,0.4424406372107003
2013-02-01,91_plus,2_3,family_with_children,4766,20624,37621,1591,0.07714313421256788,0.04356609340527896,0.04714016341923319,0.09222265321955003,1666,7156,1610,0.22498602571268866
2013-02-01,8_30,1,couple,7570,22282,37982,2849,0.12786105376537116,0.0758780474961824,0.0358020358020358,0.10026029979355533,2951,9753,3314,0.33979288424074644
2013-02-01,2_7,2_3,group,712,2242,4111,233,0.10392506690454952,0.05740695694478229,0.06437768240343347,0.15700267618198038,248,879,296,0.33674630261660976
2013-02-01,31_90,2_3,group,2264,8438,14851,556,0.06589239156198151,0.03777523399097704,0.24820143884892087,0.11294145532116616,694,3214,665,0.20690728064716865
2013-02-01,2_7,2_3,solo,4224,11768,19726,2183,0.18550305914343984,0.11218696137077969,0.2047640861200183,0.07707341944255608,2630,5412,2398,0.44308943089430897
2013-02-01,2_7,2_3,couple,5839,16837,29184,1740,0.10334382609728573,0.06010142543859649,0.12643678160919541,0.1382669121577478,1960,7532,2265,0.30071694105151353
2013-02-01,31_90,1,family_with_children,3646,12543,21778,1531,0.12206011321055568,0.07190742951602534,0.013716525146962769,0.07980546918600016,1552,4865,1542,0.3169578622816033
2013-02-01,91_plus,8_14,couple,2490,9442,17487,273,0.028913365812327896,0.015611597186481386,0.7435897435897436,0.1316458377462402,476,3719,339,0.09115353589674643
2013-02-01,8_30,1,group,1221,3833,6749,470,0.12261935820506131,0.07052896725440806,0.019148936170212766,0.0821810592225411,479,1549,556,0.35894125242091673
2013-02-01,31_90,2_3,solo,4257,12899,22319,1338,0.10372897123808048,0.06066580043908777,0.3071748878923767,0.07938599891464454,1749,5796,1520,0.26224982746721875
2013-02-01,8_30,4_7,family_with_children,4237,15973,28444,1150,0.07199649408376635,0.04085220081563774,0.23652173913043478,0.10386276842171163,1422,6344,1280,0.201765447667087
2013-02-01,31_90,8_14,family_with_children,1127,4368,7932,171,0.03914835164835165,0.02168431669188099,0.4269005847953216,0.1201923076923077,244,1752,210,0.11986301369863013
2013-02-01,91_plus,4_7,group,1994,8281,15076,316,0.03815964255524695,0.021358450517378617,0.5854430379746836,0.14189107595701003,501,3080,369,0.1198051948051948
2013-02-01,2_7,1,family_with_children,3823,10822,18234,1897,0.17529107373868047,0.1054623231326094,0.0036900369003690036,0.10367769358713731,1904,4586,1927,0.4201918883558657
2013-02-01,91_plus,4_7,solo,2114,6531,11876,375,0.0574184657785944,0.031828898619063656,0.52,0.1058030929413566,570,2888,436,0.15096952908587258
2013-02-01,2_7,4_7,family_with_children,1299,4097,7064,405,0.09885281913595313,0.058465458663646656,0.07407407407407407,0.09714425189162802,435,1693,452,0.2669816893089191
2013-02-01,same_next_day,1,family_with_children,2463,6673,10993,1360,0.20380638393526151,0.12453379423269353,0.0022058823529411764,0.1715869923572606,1363,2934,1412,0.4812542603953647
2013-02-01,91_plus,1,family_with_children,2509,9509,16992,1138,0.11967609632979283,0.0687382297551789,0.008787346221441126,0.07540225049952676,1148,3569,1113,0.3118520594003923
2013-02-01,8_30,15_plus,couple,191,323,443,3,0.009287925696594427,0.006772009029345372,0.0,0.13312693498452013,3,208,15,0.07211538461538461
2013-02-01,8_30,8_14,couple,979,3101,5680,128,0.04127700741696227,0.022535211267605635,0.5078125,0.0944856497903902,193,1367,178,0.1302121433796635
2013-02-01,same_next_day,4_7,couple,632,1790,2985,158,0.08826815642458101,0.05360134003350084,0.06329113924050633,0.19608938547486032,168,780,254,0.32564102564102565
2013-02-01,91_plus,15_plus,family_with_children,235,741,1155,8,0.010796221322537112,0.007792207792207792,0.625,0.06477732793522267,13,321,23,0.07165109034267912
2013-02-01,8_30,8_14,group,130,512,1095,14,0.02734375,0.012785388127853882,0.42857142857142855,0.193359375,20,188,19,0.10106382978723404
2013-02-01,91_plus,8_14,group,377,1552,2769,30,0.019329896907216496,0.010834236186348862,0.7666666666666667,0.11984536082474227,53,560,41,0.07321428571428572
2013-02-01,91_plus,8_14,solo,538,1537,2907,57,0.03708523096942095,0.0196078431372549,0.5263157894736842,0.07482108002602472,87,702,76,0.10826210826210826
2013-02-01,same_next_day,4_7,solo,543,1373,2188,257,0.18718135469774216,0.1183729433272395,0.09727626459143969,0.10706482155863073,282,652,299,0.45858895705521474
2013-02-01,31_90,15_plus,family_with_children,129,330,622,7,0.021212121212121213,0.011254019292604502,0.0,0.22727272727272727,7,156,17,0.10897435897435898
2013-02-01,2_7,8_14,family_with_children,184,522,883,45,0.08620689655172414,0.052095130237825596,0.022222222222222223,0.05172413793103448,46,247,59,0.2388663967611336
2013-02-01,8_30,15_plus,solo,110,258,426,12,0.046511627906976744,0.028169014084507043,0.3333333333333333,0.01937984496124031,16,139,20,0.14388489208633093
2013-02-01,same_next_day,2_3,group,266,676,1218,132,0.1952662721893491,0.10837438423645321,0.030303030303030304,0.15384615384615385,136,328,157,0.47865853658536583
2013-02-01,same_next_day,15_plus,group,1,2,2,0,0.0,0.0,,0.0,0,1,0,0.0
2014-05-01,31_90,4_7,family_with_children,11898,65057,102926,2438,0.03747482976466791,0.024172706604745155,0.3338802296964725,0.15850715526384554,3252,21997,2731,0.12415329363094968
2014-05-01,8_30,1,group,4200,16243,22381,1870,0.11512651603767778,0.08413386354497118,0.01229946524064171,0.08292803053623099,1893,5881,2101,0.3572521679986397
2014-05-01,2_7,2_3,couple,15286,50816,71112,4492,0.08839735516372796,0.0641241984475194,0.07457702582368655,0.1342293765743073,4827,20703,5513,0.26628990967492633
2014-05-01,8_30,4_7,couple,14978,58370,88615,3014,0.05163611444235052,0.03439598262145235,0.32714001327140013,0.13213979784135685,4000,23015,3752,0.16302411470779926
2014-05-01,91_plus,8_14,couple,4998,18978,30974,474,0.024976288333860258,0.015593723768321818,0.5780590717299579,0.16424280746127096,748,7904,651,0.08236336032388664
2014-05-01,same_next_day,1,group,1816,5991,8609,913,0.15239525955600067,0.10698106632593797,0.004381161007667032,0.19128693039559339,917,2363,1059,0.4481591197630131
2014-05-01,2_7,4_7,couple,5013,17082,25825,1179,0.0690200210748156,0.046466602129719266,0.2010178117048346,0.1429574991218827,1416,7036,1530,0.217453098351336
2014-05-01,31_90,2_3,family_with_children,12106,65574,92083,4177,0.06369902705340531,0.04638206835137865,0.05937275556619583,0.13595327416354042,4425,20294,4275,0.21065339509214545
2014-05-01,31_90,1,couple,15593,56326,74846,5703,0.10124986684657174,0.07762605884081981,0.014027704716815711,0.10682455704292866,5783,21866,6138,0.28070977773712613
2014-05-01,same_next_day,4_7,couple,1556,4145,6039,411,0.0991556091676719,0.0688855770822984,0.09245742092457421,0.18745476477683956,449,1934,542,0.28024819027921405
2014-05-01,8_30,4_7,solo,7554,26518,38366,2478,0.09344596123387887,0.06617838711359016,0.28087167070217917,0.07696658873218191,3174,11115,2894,0.2603688708951867
2014-05-01,8_30,1,couple,21990,74080,98527,8148,0.10998920086393088,0.08429161549625991,0.013868433971526754,0.11148758099352052,8261,29971,9004,0.3004237429515198
2014-05-01,91_plus,8_14,solo,1119,3715,5780,122,0.03283983849259758,0.021280276816608996,0.5245901639344263,0.12382234185733512,186,1675,169,0.1008955223880597
2014-05-01,91_plus,4_7,family_with_children,6590,31211,51461,867,0.02777866777738618,0.017411243465925652,0.3886966551326413,0.17897536125084104,1204,11452,989,0.08636046105483758
2014-05-01,8_30,2_3,family_with_children,7907,35037,50331,2227,0.06356137797185832,0.04522063936738789,0.07364167040862146,0.13842509347261467,2391,12008,2469,0.20561292471685544
2014-05-01,31_90,1,group,3689,15105,21044,1618,0.10711684872558755,0.07721915985554077,0.010506798516687269,0.09837802052300562,1635,5346,1750,0.3273475495697718
2014-05-01,2_7,4_7,group,758,2775,4246,202,0.0727927927927928,0.04828073480923222,0.10396039603960396,0.12432432432432433,223,1028,269,0.2616731517509728
2014-05-01,2_7,4_7,solo,3884,11919,16869,1491,0.12509438711301285,0.09010611180271504,0.1891348088531187,0.08759124087591241,1773,5235,1748,0.33390639923591214
2014-05-01,91_plus,2_3,family_with_children,4045,18052,26533,965,0.053456680700199426,0.037726604605585495,0.10569948186528498,0.14269886993130956,1067,6339,1000,0.15775358889414734
2014-05-01,8_30,1,solo,11678,35827,46478,6074,0.16953694141290088,0.13318129007272259,0.07820217319723412,0.06087587573617663,6549,15580,6364,0.40847240051347883
2014-05-01,2_7,2_3,solo,10184,31410,42487,4845,0.15425023877745941,0.11627085932167487,0.14716202270381837,0.0766634829672079,5558,13849,5389,0.3891255686331143
2014-05-01,2_7,1,family_with_children,4264,15513,22027,1786,0.11512924643847096,0.08212648113678667,0.003919372900335946,0.1659898149938761,1793,5660,1835,0.32420494699646646
2014-05-01,same_next_day,1,solo,9338,27112,36081,5863,0.21625110652109766,0.1633546742052604,0.01569162544772301,0.12876217173207435,5955,12562,6178,0.49180066868333067
2014-05-01,2_7,2_3,group,2612,9335,13559,886,0.09491162292447777,0.06571281067925364,0.04966139954853273,0.11655061596143546,930,3542,1120,0.31620553359683795
2014-05-01,8_30,4_7,group,2385,10273,16130,583,0.056750705733476105,0.03639181649101054,0.24013722126929674,0.09841331646062494,723,3734,739,0.19791108730583826
2014-05-01,same_next_day,1,couple,13046,39262,53993,6220,0.158422902552086,0.11605208082529217,0.004340836012861737,0.21017778004177068,6247,17065,6795,0.39818341634925286
2014-05-01,91_plus,8_14,group,738,2716,4369,68,0.025036818851251842,0.015793087663080796,0.4411764705882353,0.15058910162002945,98,1078,89,0.08256029684601113
2014-05-01,31_90,15_plus,couple,634,1630,2356,43,0.02638036809815951,0.01867572156196944,0.2558139534883721,0.09815950920245399,54,790,111,0.14050632911392405
2014-05-01,2_7,8_14,couple,679,1973,2933,105,0.05321844906234161,0.03614047050801227,0.14285714285714285,0.11454637607704005,120,847,152,0.179456906729634
2014-05-01,91_plus,1,family_with_children,2068,8454,11746,765,0.09048970901348474,0.06606504341903627,0.02875816993464052,0.11639460610361958,787,3012,762,0.25298804780876494
2014-05-01,31_90,8_14,couple,4005,14647,22991,522,0.03563869734416604,0.022965508242355704,0.4559386973180077,0.15429780842493343,760,6096,756,0.12401574803149606
2014-05-01,31_90,8_14,group,761,2937,4619,94,0.032005447735784814,0.020783719419787832,0.35106382978723405,0.12734082397003746,127,1185,145,0.12236286919831224
2014-05-01,31_90,1,solo,5612,17991,23677,2231,0.12400644766827858,0.0956202221565232,0.052891080233079334,0.06525484964704574,2349,7414,2421,0.32654437550579984
2014-05-01,same_next_day,2_3,family_with_children,1424,4867,7451,421,0.08650092459420587,0.05757616427325191,0.014251781472684086,0.17279638380932813,427,1806,485,0.26854928017718716
2014-05-01,31_90,8_14,solo,1486,4422,6685,245,0.05540479421076436,0.03724756918474196,0.34285714285714286,0.15332428765264586,329,2036,354,0.1738703339882122
2014-05-01,same_next_day,4_7,solo,1350,3693,5299,531,0.1437855402112104,0.10039630118890357,0.08097928436911488,0.09883563498510696,574,1704,673,0.3949530516431925
2014-05-01,31_90,15_plus,solo,410,1137,1533,35,0.030782761653474055,0.0228310502283105,0.2857142857142857,0.09850483729111698,45,544,60,0.11029411764705882
2014-05-01,31_90,15_plus,group,94,231,328,2,0.008658008658008658,0.006097560975609756,0.5,0.15151515151515152,3,124,9,0.07258064516129033
2014-05-01,8_30,8_14,family_with_children,656,2601,3987,97,0.03729334871203383,0.02508151492350138,0.3402061855670103,0.12226066897347174,130,1020,126,0.12352941176470589
2014-05-01,2_7,8_14,group,83,257,340,12,0.04669260700389105,0.03529411764705882,0.25,0.04669260700389105,15,104,18,0.17307692307692307
2014-05-01,8_30,15_plus,solo,415,1079,1413,53,0.04911955514365153,0.040339702760084924,0.1509433962264151,0.07228915662650602,61,504,76,0.15079365079365079
2014-05-01,8_30,15_plus,group,76,173,239,2,0.011560693641618497,0.008368200836820083,0.0,0.06936416184971098,2,86,13,0.1511627906976744
2014-05-01,91_plus,15_plus,family_with_children,184,581,854,7,0.012048192771084338,0.00819672131147541,0.2857142857142857,0.12908777969018934,9,251,16,0.06374501992031872
2014-05-01,2_7,8_14,solo,638,1672,2401,161,0.09629186602870814,0.06705539358600583,0.2795031055900621,0.08014354066985646,206,817,229,0.2802937576499388
2014-05-01,same_next_day,15_plus,couple,85,127,190,2,0.015748031496062992,0.010526315789473684,0.0,0.2204724409448819,2,89,10,0.11235955056179775
2014-05-01,same_next_day,8_14,family_with_children,33,74,107,4,0.05405405405405406,0.037383177570093455,0.0,0.21621621621621623,4,42,9,0.21428571428571427
2014-05-01,8_30,15_plus,couple,457,993,1321,23,0.023162134944612285,0.0174110522331567,0.21739130434782608,0.10876132930513595,28,525,62,0.1180952380952381
2014-05-01,2_7,15_plus,solo,199,480,655,32,0.06666666666666667,0.04885496183206107,0.09375,0.0875,35,242,55,0.22727272727272727
2014-05-01,2_7,15_plus,couple,216,493,618,15,0.030425963488843813,0.025889967637540454,0.13333333333333333,0.16024340770791076,17,244,37,0.15163934426229508
2014-05-01,same_next_day,4_7,group,285,776,1103,86,0.11082474226804123,0.07887579329102448,0.011627906976744186,0.16108247422680413,87,353,121,0.34277620396600567
2014-02-01,2_7,1,solo,6882,19026,24101,3900,0.20498265531378115,0.1638936143728476,0.08717948717948718,0.07994323557237465,4240,8613,4133,0.4798560315801695
2014-02-01,91_plus,4_7,family_with_children,7724,37004,58645,1691,0.045697762404064424,0.029516582828885668,0.31046717918391487,0.1625499945951789,2216,13528,1810,0.1337965700768776
2014-02-01,31_90,1,family_with_children,3660,12948,17571,1492,0.1152301513747297,0.08639235103295202,0.0160857908847185,0.1122181031819586,1516,4899,1519,0.3100632782200449
2014-02-01,8_30,4_7,solo,5320,17455,25565,1732,0.09922658264107706,0.06829649911989047,0.36374133949191684,0.08839873961615582,2362,7474,2024,0.2708054589242708
2014-02-01,2_7,2_3,couple,8685,26694,37493,2619,0.098111935266352,0.07054650201370923,0.11874761359297442,0.14561324642241702,2930,11055,3235,0.29262777023971054
2014-02-01,91_plus,2_3,group,2835,11642,17540,689,0.05918227108744202,0.039908779931584946,0.2104499274310595,0.13167840577220408,834,4174,802,0.19214183037853377
2014-02-01,31_90,2_3,group,3473,14458,22023,945,0.06536173744639646,0.04349997729646279,0.24232804232804234,0.11965693733573109,1174,5232,1118,0.21368501529051986
2014-02-01,31_90,2_3,solo,6417,20752,29023,1989,0.0958461835003855,0.06915205182096958,0.30165912518853694,0.0827390131071704,2589,8687,2278,0.2622309197651663
2014-02-01,91_plus,1,family_with_children,3018,11903,16040,1422,0.11946568092077628,0.09201995012468828,0.011954992967651195,0.09594219944551793,1439,4336,1315,0.3032749077490775
2014-02-01,31_90,15_plus,solo,156,401,567,17,0.04239401496259352,0.029982363315696647,0.35294117647058826,0.05486284289276808,23,191,28,0.14659685863874344
2014-02-01,8_30,4_7,group,1701,6823,10935,404,0.059211490546680345,0.037037037037037035,0.4183168316831683,0.08354096438516781,573,2558,505,0.19741985926505082
2014-02-01,8_30,1,family_with_children,4416,14859,20034,1932,0.13002220876236625,0.09868224019167415,0.007246376811594203,0.10734235143683962,1946,5661,1950,0.3444621091679915
2014-02-01,31_90,4_7,family_with_children,7704,37620,61027,1842,0.048963317384370014,0.03087158143116981,0.3973941368078176,0.14758107389686337,2574,13425,2027,0.15098696461824954
2014-02-01,91_plus,2_3,solo,2751,8913,12760,595,0.0667564232020644,0.046865203761755486,0.3092436974789916,0.09895658027600135,779,3705,703,0.18974358974358974
2014-02-01,2_7,1,couple,10240,28543,37594,3808,0.13341274568195355,0.10225035909985636,0.013392857142857142,0.1437129944294573,3859,12557,4350,0.3464203233256351
2014-02-01,8_30,8_14,solo,865,2534,3570,194,0.07655880031570639,0.054901960784313725,0.29381443298969073,0.09707971586424625,251,1163,274,0.235597592433362
2014-02-01,2_7,2_3,solo,5897,16957,23063,2821,0.1663619744058501,0.12392143259766726,0.19248493442041828,0.08256177389868491,3364,7603,3211,0.4223332894909904
2014-02-01,31_90,2_3,couple,17308,67730,99152,4343,0.0641222501107338,0.04450742294658706,0.26387289891779875,0.14479551159013732,5489,25629,5105,0.19918841936868392
2014-02-01,2_7,2_3,group,1084,3541,5088,352,0.09940694719005931,0.0695754716981132,0.08522727272727272,0.12002259248799774,382,1402,440,0.31383737517831667
2014-02-01,91_plus,2_3,couple,11603,46325,66432,2784,0.06009713977334053,0.04321712427745665,0.19576149425287356,0.14245008094981113,3329,17437,3114,0.1785857659000975
2014-02-01,8_30,2_3,family_with_children,5735,21386,30449,1922,0.08987187879921443,0.06427140464383067,0.07804370447450572,0.10623772561488824,2072,8013,2053,0.25620866092599526
2014-02-01,8_30,4_7,couple,11816,43104,68173,2285,0.05301132145508537,0.033928388071523916,0.4590809628008753,0.1474341128433556,3334,17438,2919,0.16739304966165844
2014-02-01,2_7,1,group,1258,3705,5000,579,0.1562753036437247,0.1162,0.02072538860103627,0.12388663967611337,591,1533,655,0.4272667971298108
2014-02-01,same_next_day,8_14,solo,132,309,433,31,0.10032362459546926,0.07159353348729793,0.1935483870967742,0.13592233009708737,37,158,58,0.3670886075949367
2014-02-01,8_30,15_plus,couple,317,764,1029,22,0.028795811518324606,0.022351797862001945,0.22727272727272727,0.11518324607329843,27,387,50,0.12919896640826872
2014-02-01,8_30,8_14,couple,1579,5169,8110,213,0.0412071967498549,0.026387176325524044,0.4460093896713615,0.13155349197136776,308,2199,330,0.15006821282401092
2014-02-01,31_90,8_14,family_with_children,1382,5747,8999,198,0.03445275796067514,0.02289143238137571,0.4444444444444444,0.1414651122324691,286,2238,261,0.11662198391420911
2014-02-01,same_next_day,4_7,family_with_children,292,794,1272,64,0.08060453400503778,0.05110062893081761,0.109375,0.12216624685138538,71,359,86,0.2395543175487465
2014-02-01,91_plus,8_14,family_with_children,2463,10077,16391,272,0.02699216036518805,0.0168995180281862,0.47058823529411764,0.17068571995633622,400,4030,365,0.09057071960297766
2014-02-01,same_next_day,1,family_with_children,1809,5297,7484,907,0.17122899754578064,0.12279529663281667,0.0011025358324145535,0.22106852935623938,908,2157,937,0.4343996291145109
2014-02-01,8_30,8_14,group,151,601,955,17,0.028286189683860232,0.01780104712041885,0.6470588235294118,0.06988352745424292,28,228,28,0.12280701754385964
2014-02-01,8_30,15_plus,solo,227,555,777,27,0.04864864864864865,0.03474903474903475,0.3333333333333333,0.07747747747747748,36,291,47,0.16151202749140894
2014-02-01,same_next_day,2_3,family_with_children,995,2863,4138,344,0.12015368494586098,0.0845819236346061,0.020348837209302327,0.1812783793223891,351,1189,385,0.32380151387720774
2014-02-01,2_7,4_7,family_with_children,1167,4220,6591,300,0.07109004739336493,0.04657866788044303,0.19333333333333333,0.1428909952606635,358,1707,364,0.21323960164030462
2014-02-01,2_7,8_14,family_with_children,181,506,791,21,0.041501976284584984,0.02781289506953224,0.047619047619047616,0.14624505928853754,22,232,29,0.125
2014-02-01,91_plus,15_plus,family_with_children,414,1279,1828,25,0.019546520719311962,0.013676148796498906,0.52,0.1923377638780297,38,542,61,0.11254612546125461
2014-02-01,31_90,15_plus,couple,378,1008,1359,28,0.027777777777777776,0.021339220014716703,0.21428571428571427,0.12003968253968254,34,472,72,0.15254237288135594
2014-02-01,2_7,15_plus,couple,218,408,602,6,0.014705882352941176,0.009966777408637873,0.16666666666666666,0.11029411764705882,7,229,38,0.16593886462882096
2014-02-01,2_7,15_plus,group,31,49,61,0,0.0,0.0,,0.061224489795918366,0,35,7,0.2
2014-02-01,8_30,15_plus,group,33,79,105,3,0.0379746835443038,0.02857142857142857,0.0,0.13924050632911392,3,47,5,0.10638297872340426
2014-02-01,same_next_day,8_14,couple,118,242,354,16,0.06611570247933884,0.04519774011299435,0.125,0.128099173553719,18,130,34,0.26153846153846155
2014-02-01,2_7,15_plus,solo,174,335,449,20,0.05970149253731343,0.0467706013363029,0.3,0.08059701492537313,26,195,48,0.24615384615384617
2014-02-01,same_next_day,15_plus,family_with_children,26,52,76,0,0.0,0.0,,0.11538461538461539,0,27,4,0.14814814814814814
2014-11-01,8_30,2_3,couple,41277,167427,232185,10918,0.0652105096549541,0.04784116114305403,0.12694632716614765,0.13785112317607076,12304,62817,13318,0.21201267172899055
2014-11-01,same_next_day,1,couple,21133,65737,89277,10536,0.1602750353682097,0.11923563739821007,0.002277904328018223,0.39017600438109434,10560,28271,12257,0.4335538184004811
2014-11-01,91_plus,4_7,couple,31627,145511,217352,3429,0.023565228745593116,0.016245537193124517,0.3251676873724118,0.16169911553078462,4544,54246,4149,0.07648490211259816
2014-11-01,same_next_day,1,solo,11884,35553,45476,7775,0.21868759317075914,0.17222271088046442,0.01594855305466238,0.1422664754029196,7899,16282,8237,0.5058960815624616
2014-11-01,31_90,4_7,group,6881,32191,48281,1133,0.035196172843341304,0.02365319690975746,0.324801412180053,0.11422447267869902,1501,11203,1422,0.12693028653039365
2014-11-01,2_7,1,solo,15846,48408,62131,8968,0.18525863493637415,0.14691538845342905,0.06701605709188224,0.07162039332341762,9569,21236,9428,0.4439630815596157
2014-11-01,2_7,1,couple,25866,81629,107765,9928,0.12162344264905854,0.09330487635132,0.010878323932312651,0.16976809712234622,10036,33703,11465,0.3401774322760585
2014-11-01,31_90,2_3,family_with_children,9955,49679,71242,2783,0.056019646128142676,0.04010274837876533,0.08803449514911965,0.13804625696974576,3028,15918,2978,0.1870838044980525
2014-11-01,31_90,4_7,couple,38919,180426,267278,5740,0.03181359671000854,0.02200330741774482,0.36602787456445995,0.14783900324786894,7841,66602,7266,0.10909582294825981
2014-11-01,91_plus,4_7,solo,5642,22005,30943,783,0.03558282208588957,0.025950942054745824,0.2784163473818646,0.0966144058168598,1001,8633,972,0.11259121973821383
2014-11-01,8_30,8_14,solo,1768,6676,9551,368,0.05512282804074296,0.03957700764317872,0.25,0.08073696824445777,460,2617,504,0.19258693160106993
2014-11-01,2_7,2_3,couple,20336,68876,94769,5763,0.08367210639409954,0.06162352668066562,0.07166406385563075,0.1543498461002381,6176,27531,7281,0.2644655116050997
2014-11-01,8_30,4_7,couple,22846,95772,140126,4080,0.04260117779726851,0.02969470333842399,0.2887254901960784,0.14230672848014034,5258,36037,5333,0.1479867913533313
2014-11-01,31_90,1,couple,22001,82673,107714,7128,0.08621920094831445,0.06805057838349704,0.0180976430976431,0.12374051987952536,7257,31696,8145,0.2569724886420999
2014-11-01,31_90,1,group,4229,17522,23472,1550,0.08846022143590915,0.06676039536468985,0.012258064516129033,0.09000114142221208,1569,6026,1753,0.2909060736807169
2014-11-01,91_plus,2_3,family_with_children,5502,27637,38575,1367,0.04946267684625683,0.036344782890473104,0.07095830285296269,0.13217787748308427,1464,8773,1376,0.15684486492647898
2014-11-01,2_7,2_3,solo,12664,41616,55955,5792,0.13917723952326028,0.10458404074702886,0.15158839779005526,0.07586024605920799,6670,17418,6531,0.37495694109541855
2014-11-01,8_30,2_3,solo,18385,68502,92033,7512,0.10966103179469212,0.0830462986102811,0.181975505857295,0.07478613763101807,8879,26989,8254,0.3058283004186891
2014-11-01,31_90,4_7,solo,9314,36420,52033,1810,0.04969796814936848,0.03555435973324621,0.3187845303867403,0.1013728720483251,2387,14402,2239,0.155464518816831
2014-11-01,2_7,2_3,group,2674,9216,13085,809,0.08778211805555555,0.06259075277034773,0.059332509270704575,0.11089409722222222,857,3546,1039,0.29300620417371687
2014-11-01,8_30,2_3,group,6382,26450,37633,1793,0.0677882797731569,0.047963223766375254,0.1154489682097044,0.09947069943289225,2000,9294,2268,0.24402840542285345
2014-11-01,2_7,1,group,3207,10320,13829,1313,0.12722868217054265,0.0957408344782703,0.006854531607006854,0.11094961240310078,1322,4025,1548,0.3845962732919255
2014-11-01,8_30,4_7,solo,9767,36505,51499,2979,0.08160525955348583,0.05852540826035457,0.2614971466935213,0.08683741953157102,3758,14825,3506,0.23649241146711636
2014-11-01,31_90,1,solo,7172,25145,32491,2704,0.10753628952077948,0.08522360038164414,0.05251479289940828,0.07122688407238019,2846,9936,2932,0.29508856682769724
2014-11-01,same_next_day,1,group,1951,6068,8325,987,0.16265655899802242,0.1187987987987988,0.002026342451874367,0.244726433750824,989,2523,1178,0.46690447879508523
2014-11-01,91_plus,4_7,group,5656,25379,38302,735,0.028960951968162653,0.01963343950707535,0.3183673469387755,0.14054927302100162,969,9085,889,0.09785360484314805
2014-11-01,91_plus,1,family_with_children,2746,11993,16109,959,0.07996331193196031,0.061021789062015025,0.022940563086548488,0.11798549153672976,981,4078,968,0.2373712604217754
2014-11-01,91_plus,8_14,couple,7927,32210,49947,464,0.01440546414157094,0.009389953350551586,0.4375,0.16541446755665942,667,12676,711,0.05609024928999685
2014-11-01,91_plus,8_14,group,1072,4030,6029,84,0.020843672456575684,0.014098523801625476,0.47619047619047616,0.1196029776674938,124,1499,118,0.07871914609739826
2014-11-01,8_30,1,family_with_children,6528,25950,35588,2561,0.0986897880539499,0.072889738113971,0.008980866848887154,0.1410019267822736,2584,8962,2619,0.2922338763668824
2014-11-01,91_plus,15_plus,couple,1033,3142,4782,43,0.013685550604710375,0.008992053534086157,0.3488372093023256,0.20560152768936982,58,1361,110,0.08082292432035268
2014-11-01,31_90,8_14,family_with_children,2324,10776,16357,260,0.02412769116555308,0.016262150761142017,0.3730769230769231,0.14420935412026725,357,3987,333,0.0835214446952596
2014-11-01,8_30,4_7,group,3186,13398,19339,619,0.046200925511270335,0.03262836754744299,0.22132471728594508,0.11322585460516495,756,4718,829,0.17571004662992792
2014-11-01,8_30,8_14,couple,3455,12870,18612,395,0.030691530691530692,0.021384053298946916,0.24556962025316456,0.1456876456876457,492,5078,614,0.1209137455691217
2014-11-01,2_7,4_7,family_with_children,1118,4754,7035,234,0.049221708035338665,0.03368869936034115,0.1581196581196581,0.1480858224652924,271,1642,274,0.1668696711327649
2014-11-01,same_next_day,2_3,family_with_children,1160,4198,6075,376,0.08956646021915197,0.06288065843621399,0.015957446808510637,0.20462124821343497,382,1452,427,0.2940771349862259
2014-11-01,91_plus,8_14,solo,1511,5127,7465,121,0.02360054612834016,0.01634293369055593,0.39669421487603307,0.11137117222547299,169,2184,188,0.08608058608058608
2014-11-01,91_plus,15_plus,solo,371,1331,1869,11,0.008264462809917356,0.005885500267522739,0.36363636363636365,0.12396694214876033,15,493,30,0.060851926977687626
2014-11-01,8_30,8_14,group,381,1262,1906,49,0.03882725832012678,0.02570828961175236,0.20408163265306123,0.1133122028526149,59,488,72,0.14754098360655737
2014-11-01,2_7,8_14,family_with_children,130,499,733,22,0.04408817635270541,0.030013642564802184,0.13636363636363635,0.09018036072144289,25,187,30,0.16042780748663102
2014-11-01,91_plus,15_plus,group,113,279,410,3,0.010752688172043012,0.007317073170731708,0.3333333333333333,0.15053763440860216,4,131,12,0.0916030534351145
2014-11-01,31_90,15_plus,family_with_children,248,813,1168,7,0.008610086100861008,0.0059931506849315065,0.14285714285714285,0.14268142681426815,8,335,21,0.0626865671641791
2014-11-01,same_next_day,4_7,family_with_children,319,1020,1433,49,0.04803921568627451,0.034891835310537335,0.10204081632653061,0.16862745098039217,54,406,72,0.17733990147783252
2014-11-01,same_next_day,15_plus,couple,91,199,251,5,0.02512562814070352,0.0199203187250996,0.0,0.20603015075376885,5,107,21,0.19626168224299065
2014-11-01,8_30,15_plus,family_with_children,160,390,550,6,0.015384615384615385,0.01090909090909091,0.16666666666666666,0.1564102564102564,7,198,14,0.0707070707070707
2014-11-01,same_next_day,8_14,family_with_children,33,94,138,8,0.0851063829787234,0.057971014492753624,0.0,0.2765957446808511,8,42,9,0.21428571428571427
2013-12-01,same_next_day,8_14,group,14,36,48,2,0.05555555555555555,0.041666666666666664,0.0,0.08333333333333333,2,16,4,0.25
2013-12-01,31_90,15_plus,group,29,52,64,3,0.057692307692307696,0.0625,0.3333333333333333,0.21153846153846154,4,31,5,0.16129032258064516
2013-12-01,2_7,8_14,group,75,259,409,13,0.05019305019305019,0.03178484107579462,0.15384615384615385,0.03861003861003861,15,101,23,0.22772277227722773
2013-12-01,2_7,15_plus,family_with_children,47,109,178,2,0.01834862385321101,0.011235955056179775,0.5,0.05504587155963303,3,55,8,0.14545454545454545
2013-12-01,same_next_day,15_plus,family_with_children,18,25,37,0,0.0,0.0,,0.2,0,19,4,0.21052631578947367
2014-09-01,same_next_day,8_14,group,37,79,106,8,0.10126582278481013,0.07547169811320754,0.0,0.02531645569620253,8,42,15,0.35714285714285715
2014-08-01,same_next_day,15_plus,family_with_children,27,50,64,2,0.04,0.03125,0.0,0.2,2,29,7,0.2413793103448276
2013-07-01,91_plus,8_14,family_with_children,1483,5148,8784,138,0.026806526806526808,0.01582422586520947,0.43478260869565216,0.18356643356643357,198,2215,193,0.08713318284424379
2013-07-01,same_next_day,2_3,group,507,1607,2806,194,0.12072184194150591,0.07020669992872416,0.020618556701030927,0.21406347230864967,198,624,260,0.4166666666666667
2013-07-01,same_next_day,4_7,family_with_children,727,2295,4030,209,0.09106753812636166,0.052853598014888335,0.07655502392344497,0.13856209150326798,225,903,258,0.2857142857142857
2013-07-01,31_90,8_14,group,299,998,1756,31,0.031062124248496994,0.01765375854214123,0.7096774193548387,0.1432865731462926,53,412,48,0.11650485436893204
2013-07-01,same_next_day,8_14,solo,111,248,420,26,0.10483870967741936,0.06190476190476191,0.07692307692307693,0.0846774193548387,28,129,40,0.31007751937984496
2013-07-01,91_plus,4_7,solo,2173,7026,11809,350,0.04981497295758611,0.030315860784147684,0.44571428571428573,0.12539140335895246,506,3078,420,0.1364522417153996
2013-07-01,2_7,4_7,group,506,1547,2571,115,0.07433742727860375,0.045118630882924934,0.1826086956521739,0.13574660633484162,136,653,164,0.25114854517611024
2013-07-01,8_30,15_plus,group,31,60,106,3,0.05,0.02830188679245283,0.0,0.03333333333333333,3,37,4,0.10810810810810811
2013-07-01,2_7,8_14,solo,366,949,1724,102,0.10748155953635406,0.05916473317865429,0.2549019607843137,0.08956796628029505,128,455,132,0.29010989010989013
2013-07-01,2_7,8_14,group,72,230,353,20,0.08695652173913043,0.056657223796033995,0.15,0.06086956521739131,23,92,26,0.2826086956521739
2013-07-01,2_7,8_14,couple,467,1257,2001,62,0.049323786793953855,0.031484257871064465,0.24193548387096775,0.16706443914081145,77,615,124,0.2016260162601626
2013-07-01,2_7,15_plus,family_with_children,109,207,317,10,0.04830917874396135,0.031545741324921134,0.0,0.18357487922705315,10,120,20,0.16666666666666666
2013-07-01,91_plus,15_plus,solo,114,341,600,9,0.026392961876832845,0.015,0.3333333333333333,0.12023460410557185,12,159,12,0.07547169811320754
2013-07-01,8_30,15_plus,solo,181,448,651,21,0.046875,0.03225806451612903,0.19047619047619047,0.04017857142857143,25,220,28,0.12727272727272726
2013-07-01,31_90,15_plus,family_with_children,172,440,754,13,0.029545454545454545,0.017241379310344827,0.23076923076923078,0.1318181818181818,16,195,32,0.1641025641025641
2013-07-01,same_next_day,8_14,couple,104,256,401,8,0.03125,0.0199501246882793,0.0,0.109375,8,128,26,0.203125
2013-07-01,91_plus,15_plus,group,23,68,103,0,0.0,0.0,,0.08823529411764706,0,31,1,0.03225806451612903
2013-07-01,same_next_day,15_plus,couple,47,103,150,3,0.02912621359223301,0.02,0.0,0.18446601941747573,3,49,12,0.24489795918367346
2013-07-01,same_next_day,15_plus,solo,34,51,72,4,0.0784313725490196,0.05555555555555555,0.25,0.058823529411764705,5,37,11,0.2972972972972973
2013-10-01,31_90,1,family_with_children,3634,12548,17317,1595,0.12711189034109022,0.09493561240399608,0.012539184952978056,0.10384124960153013,1615,4843,1610,0.3324385711335949
2013-10-01,31_90,2_3,family_with_children,6303,25831,36903,1954,0.07564554217800318,0.05449421456250169,0.08188331627430911,0.12484998645038907,2114,9347,2056,0.21996362469241468
2013-10-01,same_next_day,2_3,couple,3505,10112,13802,1295,0.12806566455696203,0.09426170120272424,0.039382239382239385,0.18107199367088608,1346,4331,1623,0.37474024474717155
2013-10-01,91_plus,8_14,family_with_children,1513,5567,8540,145,0.02604634453026765,0.017681498829039813,0.4068965517241379,0.18483923118376144,204,2340,185,0.07905982905982906
2013-10-01,8_30,1,couple,12182,36667,47842,4514,0.1231079717457114,0.09606621796747628,0.021267168808152416,0.10769902091799166,4610,15672,5164,0.3295048494129658
2013-10-01,8_30,4_7,family_with_children,3135,12030,18537,893,0.0742310889443059,0.04892916868964773,0.20716685330347145,0.12352452202826268,1078,4677,1011,0.2161642078255292
2013-10-01,8_30,2_3,solo,9610,30282,40915,4205,0.1388613697906347,0.10428938042282782,0.24684898929845422,0.0758206195099399,5243,13241,4627,0.34944490597386907
2013-10-01,2_7,2_3,solo,6303,18096,24083,3088,0.17064544650751548,0.13025785824025246,0.17875647668393782,0.07427055702917772,3640,8269,3491,0.42217922360624016
2013-10-01,2_7,2_3,couple,8452,26487,36596,2715,0.10250311473553064,0.07519947535249755,0.0998158379373849,0.12998829614527882,2986,11091,3338,0.300964746190605
2013-10-01,31_90,4_7,couple,14814,61123,97034,2931,0.047952489243001814,0.03082424717109467,0.5274650290003412,0.12865860641656987,4477,23961,3513,0.14661324652560412
2013-10-01,91_plus,2_3,couple,6678,23681,33528,1257,0.053080528693889614,0.038624433309472676,0.25218774860779636,0.13289134749377138,1574,9667,1421,0.14699493120926865
2013-10-01,8_30,2_3,couple,16545,57951,80869,4806,0.08293213231868303,0.060196119650298634,0.18934665002080733,0.11968732204793706,5716,23497,5784,0.24615908413840065
2013-10-01,91_plus,4_7,family_with_children,5063,21093,33336,739,0.03503531977433272,0.022768178545716344,0.34776725304465494,0.16152278006921728,996,8099,805,0.09939498703543648
2013-10-01,2_7,1,solo,7483,20916,26497,4413,0.21098680436029835,0.16862286296561874,0.08452300022660322,0.06463951042264296,4786,9558,4697,0.49142079933040383
2013-10-01,2_7,1,couple,9933,28699,37630,4156,0.14481340813268756,0.11187882009035344,0.015158806544754572,0.12902888602390328,4219,12549,4685,0.3733365208383138
2013-10-01,91_plus,2_3,solo,1772,5494,7641,405,0.07371678194393884,0.05562099201675173,0.25925925925925924,0.06807426283218056,510,2372,447,0.1884485666104553
2013-10-01,8_30,1,solo,7706,22150,27986,4142,0.18699774266365687,0.15039662688487102,0.09657170449058426,0.05525959367945824,4542,9950,4366,0.43879396984924623
2013-10-01,31_90,4_7,solo,4417,14723,21843,1073,0.07287916864769409,0.049993132811427005,0.46318732525629075,0.09828160021734701,1570,6442,1275,0.19791990065197143
2013-10-01,31_90,8_14,family_with_children,1611,6880,10904,242,0.03517441860465116,0.022652237710931767,0.45454545454545453,0.14723837209302326,352,2653,314,0.11835657745947983
2013-10-01,91_plus,1,couple,3017,9258,11919,855,0.09235255994815295,0.0738316972900411,0.03742690058479532,0.09310866277813783,887,3983,895,0.22470499623399448
2013-10-01,2_7,4_7,couple,3143,9833,14374,787,0.08003661141055629,0.055656045637957424,0.241423125794155,0.13058069765076782,977,4194,1055,0.2515498330948975
2013-10-01,same_next_day,4_7,group,137,405,617,59,0.145679012345679,0.09562398703403566,0.01694915254237288,0.16296296296296298,60,169,72,0.4260355029585799
2013-10-01,same_next_day,1,family_with_children,1932,5660,7755,995,0.17579505300353357,0.12972275950999354,0.003015075376884422,0.23869257950530035,998,2361,1041,0.4409148665819568
2013-10-01,91_plus,2_3,group,1482,5231,7844,336,0.06423246033263239,0.04309026007139215,0.25,0.1164213343528962,420,2115,379,0.17919621749408984
2013-10-01,91_plus,15_plus,couple,436,1154,1664,19,0.016464471403812825,0.01141826923076923,0.631578947368421,0.1464471403812825,31,586,59,0.10068259385665529
2013-10-01,same_next_day,2_3,solo,2748,7645,10079,1428,0.1867887508175278,0.14316896517511657,0.06512605042016807,0.10686723348593852,1521,3438,1660,0.4828388598022106
2013-10-01,2_7,4_7,solo,2508,7520,10953,1039,0.13816489361702128,0.09714233543321464,0.2435033686236766,0.06648936170212766,1292,3382,1214,0.3589591957421644
2013-10-01,2_7,1,group,1451,4284,5869,601,0.14028944911297853,0.10342477423751917,0.008319467554076539,0.10620915032679738,606,1803,726,0.40266222961730447
2013-10-01,8_30,2_3,group,2527,8896,12918,720,0.08093525179856115,0.05635547298343397,0.1527777777777778,0.10094424460431654,830,3485,892,0.25595408895265426
2013-10-01,31_90,4_7,group,2738,11605,18658,530,0.04566996984058595,0.02878121985207418,0.4320754716981132,0.13140887548470487,759,4357,663,0.15216892357126463
2013-10-01,31_90,15_plus,couple,491,1347,1831,23,0.017074981440237565,0.012561441835062807,0.4782608695652174,0.14847809948032664,34,630,87,0.1380952380952381
2013-10-01,91_plus,1,solo,811,2480,3169,228,0.09193548387096774,0.07289365730514358,0.05263157894736842,0.06653225806451613,240,1093,256,0.2342177493138152
2013-10-01,same_next_day,8_14,couple,112,290,384,14,0.04827586206896552,0.036458333333333336,0.14285714285714285,0.05517241379310345,16,129,27,0.20930232558139536
2013-10-01,same_next_day,2_3,group,478,1454,2047,227,0.156121045392022,0.11187103077674646,0.013215859030837005,0.18982118294360384,230,599,284,0.4741235392320534
2013-10-01,2_7,2_3,group,1230,3854,5482,419,0.10871821484172288,0.07716161984677125,0.06682577565632458,0.12221069019200831,447,1592,537,0.3373115577889447
2013-10-01,same_next_day,4_7,couple,950,2662,4082,233,0.0875281743050338,0.057079862812346886,0.12017167381974249,0.1656649135987979,261,1157,352,0.30423509075194466
2013-10-01,same_next_day,4_7,solo,855,2285,3190,342,0.14967177242888402,0.10940438871473354,0.0935672514619883,0.09934354485776806,374,1040,446,0.4288461538461538
2013-10-01,8_30,8_14,family_with_children,490,1484,2202,103,0.06940700808625337,0.047683923705722074,0.1941747572815534,0.07951482479784366,123,690,134,0.19420289855072465
2013-10-01,2_7,8_14,couple,483,1269,1883,73,0.05752561071710008,0.03929899097185342,0.2876712328767123,0.08431836091410559,94,603,143,0.23714759535655058
2013-10-01,91_plus,1,group,524,1699,2268,164,0.09652736904061213,0.07275132275132275,0.03048780487804878,0.10712183637433785,169,749,174,0.23230974632843793
2013-10-01,8_30,1,group,1860,6126,8539,716,0.1168788769180542,0.08431900690947418,0.019553072625698324,0.08047665687234737,730,2407,827,0.34358122143747405
2013-10-01,2_7,8_14,solo,411,957,1380,116,0.12121212121212122,0.08623188405797101,0.19827586206896552,0.04179728317659352,139,490,164,0.3346938775510204
2013-10-01,31_90,15_plus,solo,232,653,988,23,0.03522205206738132,0.02327935222672065,0.5652173913043478,0.05359877488514548,36,312,36,0.11538461538461539
2013-10-01,91_plus,15_plus,group,43,128,200,0,0.0,0.0,,0.171875,0,51,2,0.0392156862745098
2013-10-01,2_7,4_7,group,397,1279,1901,112,0.0875684128225176,0.058916359810625984,0.13392857142857142,0.10398749022673964,127,534,146,0.27340823970037453
2013-10-01,same_next_day,8_14,solo,121,252,325,27,0.10714285714285714,0.08307692307692308,0.037037037037037035,0.05555555555555555,28,135,46,0.34074074074074073
2013-10-01,8_30,15_plus,family_with_children,98,219,295,5,0.0228310502283105,0.01694915254237288,0.0,0.1141552511415525,5,113,22,0.19469026548672566
2013-10-01,2_7,8_14,group,58,179,250,14,0.0782122905027933,0.056,0.07142857142857142,0.0893854748603352,15,71,18,0.2535211267605634
2013-10-01,same_next_day,15_plus,couple,49,82,101,3,0.036585365853658534,0.0297029702970297,0.0,0.12195121951219512,3,57,13,0.22807017543859648
2013-10-01,same_next_day,15_plus,solo,47,80,103,2,0.025,0.019417475728155338,0.0,0.1375,2,50,9,0.18
2013-10-01,91_plus,15_plus,solo,123,424,772,7,0.01650943396226415,0.010362694300518135,1.0,0.049528301886792456,14,179,9,0.05027932960893855
2013-10-01,2_7,15_plus,family_with_children,65,109,158,1,0.009174311926605505,0.006329113924050633,0.0,0.05504587155963303,1,70,14,0.2
2013-10-01,31_90,15_plus,group,56,165,215,2,0.012121212121212121,0.009302325581395349,0.5,0.15151515151515152,3,65,10,0.15384615384615385
2014-10-01,91_plus,2_3,couple,21543,94434,129467,4399,0.04658279856831226,0.03529857029204353,0.1227551716299159,0.1218522989601203,4939,35155,4857,0.1381595790072536
2014-10-01,91_plus,4_7,group,5877,26677,39710,671,0.025152753308093113,0.017048602367161925,0.29210134128166915,0.13787157476477865,867,9774,839,0.08583998363003888
2014-10-01,31_90,1,family_with_children,6045,26408,36171,2477,0.09379733414116934,0.07002847585081971,0.012918853451756156,0.12386398061193578,2509,8979,2466,0.27464082860006683
2014-10-01,31_90,2_3,couple,41843,189683,266393,10041,0.05293568743640706,0.03849200241748094,0.16163728712279654,0.12704354106588361,11664,68428,11684,0.17074881627403987
2014-10-01,91_plus,4_7,couple,29625,137822,206029,3118,0.022623383784881948,0.015599745666872139,0.34028223220012827,0.1498309413591444,4179,51964,3739,0.07195366022631053
2014-10-01,8_30,1,solo,18319,59335,75714,9378,0.15805174011965956,0.12590802229442374,0.08658562593303476,0.057386028482346,10190,25402,9861,0.3881977797023856
2014-10-01,same_next_day,2_3,group,1216,3900,5463,485,0.12435897435897436,0.08877905912502287,0.016494845360824743,0.12897435897435897,493,1537,590,0.38386467143786596
2014-10-01,8_30,1,couple,35514,119113,154455,11611,0.09747886460755753,0.07631996374348515,0.018516923606924467,0.1277526382510725,11826,49101,13519,0.275330441335207
2014-10-01,31_90,4_7,family_with_children,12239,67254,101501,2135,0.03174532369821869,0.021477620910138818,0.3297423887587822,0.14467540964106224,2839,22814,2431,0.10655737704918032
2014-10-01,2_7,2_3,couple,22900,76942,105508,6645,0.08636375451638897,0.06372028661333738,0.06636568848758465,0.1439785812690078,7086,31101,8316,0.2673869007427414
2014-10-01,31_90,8_14,group,1220,4908,6931,112,0.022819885900570498,0.01630356369932189,0.36607142857142855,0.13386308068459657,153,1872,189,0.10096153846153846
2014-10-01,2_7,1,couple,28629,90262,119981,10821,0.11988433670869247,0.09123111159266883,0.010257831993346272,0.149896966608318,10932,37577,12482,0.33217127498203686
2014-10-01,91_plus,4_7,solo,6028,22079,31567,746,0.03378776212690792,0.024582633763107042,0.26273458445040215,0.1006839077856787,942,8977,927,0.10326389662470759
2014-10-01,31_90,2_3,solo,13515,51543,70518,3842,0.07453970471257008,0.055290847726821524,0.19911504424778761,0.0750053353510661,4607,20213,4388,0.21708801266511651
2014-10-01,2_7,2_3,group,3159,11099,15542,1022,0.09208036760068475,0.06646506241153005,0.049902152641878667,0.10793765204072439,1073,4188,1261,0.301098376313276
2014-10-01,2_7,1,solo,17327,53065,68178,9932,0.18716668237067746,0.14756959723077825,0.06987515102698348,0.07047960048996514,10626,23175,10388,0.4482416396979504
2014-10-01,same_next_day,2_3,couple,9546,29947,41588,3396,0.11340034060172972,0.082283350966625,0.022673733804475855,0.18876682138444587,3473,12233,4210,0.34415106678656093
2014-10-01,91_plus,8_14,couple,7896,31393,48398,450,0.014334405759245692,0.009483862969544196,0.4622222222222222,0.17363743509699614,658,12839,676,0.05265207570683075
2014-10-01,91_plus,2_3,group,4949,20546,29215,1025,0.04988805606930789,0.035700838610302925,0.12,0.10235568967195562,1148,7430,1159,0.15598923283983848
2014-10-01,2_7,2_3,solo,14644,47563,64029,7119,0.14967516767235037,0.11268331537272173,0.14426183452732125,0.07541576435464542,8146,20223,7894,0.3903476239924838
2014-10-01,91_plus,8_14,solo,1640,5607,8266,122,0.021758516140538614,0.014759254778611178,0.4180327868852459,0.11378633850543964,173,2312,169,0.07309688581314878
2014-10-01,31_90,8_14,solo,2534,9277,13250,358,0.0385900614422766,0.02739622641509434,0.3240223463687151,0.08569580683410585,474,3833,493,0.1286198799895643
2014-10-01,31_90,8_14,couple,7318,31037,45725,715,0.023037020330573185,0.015855658829961726,0.41818181818181815,0.1346135257917969,1014,11988,1068,0.0890890890890891
2014-10-01,2_7,4_7,couple,7618,26359,37878,1696,0.06434234986152737,0.04519774011299435,0.15566037735849056,0.1404833263780872,1960,10690,2288,0.21403180542563144
2014-10-01,8_30,4_7,family_with_children,3681,17329,25509,688,0.03970223325062035,0.02748049707946215,0.2863372093023256,0.13232154192394252,885,5989,809,0.1350809817999666
2014-10-01,31_90,15_plus,couple,986,3529,4773,58,0.01643525077925758,0.012780222082547664,0.3103448275862069,0.1433833947293851,76,1401,125,0.08922198429693076
2014-10-01,8_30,2_3,family_with_children,7730,33749,47171,2095,0.06207591336039586,0.04513366263170168,0.10023866348448687,0.14296719902811936,2305,11535,2283,0.19791937581274383
2014-10-01,2_7,4_7,solo,5867,19379,26727,2339,0.12069766241808143,0.08938526583604595,0.17828131680205217,0.07616492079054647,2756,8366,2762,0.3301458283528568
2014-10-01,31_90,2_3,group,8825,40621,58020,2189,0.05388838285615814,0.038210961737331954,0.13887619917770672,0.10344403141232368,2493,14066,2654,0.18868192805346226
2014-10-01,8_30,8_14,solo,1994,7060,10227,372,0.052691218130311614,0.03705876601153808,0.239247311827957,0.06402266288951841,461,2873,544,0.1893491124260355
2014-10-01,8_30,1,group,5434,18961,25100,2096,0.1105426928959443,0.08426294820717131,0.012404580152671756,0.09593375876799747,2122,7364,2406,0.3267246061922868
2014-10-01,31_90,15_plus,solo,624,2041,2803,55,0.026947574718275354,0.01962183374955405,0.2545454545454545,0.06222439980401764,69,855,107,0.12514619883040937
2014-10-01,same_next_day,4_7,solo,1980,5498,7673,768,0.13968715896689704,0.10100351883226899,0.05859375,0.1000363768643143,813,2514,965,0.38385043754972153
2014-10-01,91_plus,2_3,solo,4995,18429,25209,1037,0.056270009224591674,0.04268316870958785,0.15525554484088716,0.07352542188941343,1198,7202,1179,0.163704526520411
2014-10-01,2_7,1,group,3918,12454,17038,1582,0.1270274610566886,0.09367296631059983,0.009481668773704172,0.11972057170387024,1597,5023,1857,0.3696993828389409
2014-10-01,same_next_day,2_3,solo,6339,19195,26019,3211,0.16728314665277416,0.1243322187632115,0.05543444409841171,0.10638187027871841,3389,8347,3671,0.43979873008266446
2014-10-01,91_plus,8_14,group,1160,4370,6540,67,0.015331807780320367,0.010244648318042813,0.373134328358209,0.17848970251716248,92,1713,94,0.05487448920023351
2014-10-01,same_next_day,4_7,couple,2417,7262,10471,670,0.09226108510052328,0.06475026263012129,0.058208955223880594,0.1695125309832002,709,3082,908,0.2946138870863076
2014-10-01,8_30,8_14,couple,3160,11643,17000,391,0.03358241003177875,0.023352941176470587,0.2710997442455243,0.15013312720089325,497,4851,579,0.11935683364254793
2014-10-01,91_plus,1,family_with_children,2695,11149,14975,841,0.07543277423984214,0.05696160267111853,0.0178359096313912,0.11597452686339582,856,4105,856,0.20852618757612668
2014-10-01,8_30,15_plus,couple,509,1655,2284,49,0.029607250755287008,0.0223292469352014,0.12244897959183673,0.17764350453172206,55,660,92,0.1393939393939394
2014-10-01,same_next_day,8_14,family_with_children,48,123,176,7,0.056910569105691054,0.03977272727272727,0.0,0.17886178861788618,7,63,9,0.14285714285714285
2014-10-01,8_30,15_plus,solo,485,1572,2147,61,0.03880407124681934,0.02841173730787145,0.09836065573770492,0.07124681933842239,67,646,106,0.16408668730650156
2014-10-01,8_30,15_plus,group,62,153,224,2,0.013071895424836602,0.008928571428571428,0.0,0.05228758169934641,2,79,5,0.06329113924050633
2014-10-01,same_next_day,4_7,group,323,1016,1509,135,0.1328740157480315,0.08946322067594434,0.014814814814814815,0.11909448818897637,137,427,167,0.3911007025761124
2014-10-01,91_plus,15_plus,couple,1172,3791,5293,45,0.011870218939593774,0.008501794823351597,0.24444444444444444,0.15800580321814825,56,1635,93,0.05688073394495413
2014-10-01,2_7,4_7,group,1024,3315,4755,259,0.07812971342383107,0.05488958990536277,0.08108108108108109,0.08597285067873303,280,1385,340,0.24548736462093862
2014-10-01,same_next_day,1,family_with_children,2907,10193,14390,1304,0.12793093299323066,0.09145239749826269,0.003834355828220859,0.21622682232904936,1309,3709,1352,0.36451873820436775
2014-10-01,2_7,8_14,family_with_children,165,514,707,26,0.05058365758754864,0.036775106082036775,0.15384615384615385,0.07392996108949416,30,215,33,0.15348837209302327
2014-10-01,91_plus,15_plus,solo,382,1343,1880,19,0.014147431124348473,0.010106382978723405,0.2631578947368421,0.08935219657483247,24,505,30,0.0594059405940594
2014-10-01,8_30,8_14,group,344,1258,1756,43,0.03418124006359301,0.025056947608200455,0.23255813953488372,0.13751987281399047,53,488,59,0.12090163934426229
2014-10-01,91_plus,15_plus,group,127,370,487,1,0.002702702702702703,0.002053388090349076,0.0,0.10270270270270271,1,152,8,0.05263157894736842
2014-10-01,2_7,15_plus,family_with_children,29,82,103,3,0.036585365853658534,0.02912621359223301,0.6666666666666666,0.0975609756097561,5,36,6,0.16666666666666666
2014-06-01,31_90,4_7,solo,7587,29141,42533,1664,0.05710167804811091,0.039639809089412927,0.32752403846153844,0.09124601077519646,2209,11435,1981,0.17324005247048535
2014-06-01,8_30,1,couple,26280,91453,120021,9192,0.10051064481208927,0.0778363786337391,0.01468668407310705,0.11582998917476736,9327,36201,10287,0.28416342089997515
2014-06-01,31_90,4_7,couple,26168,119805,187723,4639,0.03872125537331497,0.025084832439285543,0.4031041172666523,0.15597846500563414,6509,43702,5526,0.12644730218296646
2014-06-01,8_30,1,solo,12038,39270,51513,5957,0.1516934046345811,0.11719371809057907,0.07688433775390296,0.06771072065189712,6415,16321,6207,0.38030757919245145
2014-06-01,8_30,4_7,couple,17422,73522,113495,3418,0.04648948614020293,0.0305035464117362,0.34932709186658867,0.1385435651913713,4612,27290,4285,0.157017222425797
2014-06-01,31_90,2_3,solo,9609,35675,49893,2701,0.07571128241065171,0.055037780851021186,0.2010366530914476,0.08442887175893483,3244,13905,3060,0.22006472491909385
2014-06-01,8_30,4_7,solo,7704,28354,41363,2361,0.0832686746138111,0.0583129850349346,0.2884371029224905,0.089934400790012,3042,11300,2753,0.2436283185840708
2014-06-01,2_7,1,couple,20152,65478,87888,7745,0.11828400378753169,0.0892044420171127,0.011233053582956747,0.134029750450533,7832,26370,8593,0.32586272279105044
2014-06-01,31_90,1,solo,5932,19455,25626,2290,0.11770753019789257,0.09123546398189339,0.04890829694323144,0.06949370341814444,2402,7913,2464,0.31138632629849616
2014-06-01,91_plus,4_7,family_with_children,5992,27250,44542,656,0.024073394495412844,0.015401194378339545,0.4329268292682927,0.1611376146788991,940,10088,751,0.07444488501189532
2014-06-01,91_plus,8_14,couple,5066,19142,30937,408,0.021314387211367674,0.013382034457122539,0.6176470588235294,0.1713509560129558,660,7921,573,0.07233935109203384
2014-06-01,8_30,8_14,family_with_children,1290,5994,9316,175,0.029195862529195864,0.019321597252039503,0.4742857142857143,0.17951284617951285,258,2170,250,0.1152073732718894
2014-06-01,8_30,2_3,couple,33512,137035,190588,8957,0.06536286350202503,0.04779419480764791,0.11934799598079714,0.13123654540810742,10026,50378,10647,0.21134225257056652
2014-06-01,31_90,1,couple,17201,65382,85984,6212,0.09501085925789973,0.07387420915519166,0.01625885383129427,0.10357590774219204,6313,24540,6631,0.2702118989405053
2014-06-01,2_7,2_3,family_with_children,5924,24745,35390,1717,0.06938775510204082,0.04922294433455778,0.0384391380314502,0.18197615679935342,1783,8315,1976,0.23764281419122069
2014-06-01,same_next_day,1,family_with_children,3800,13995,20280,1846,0.13190425151839943,0.09201183431952663,0.0,0.2631654162200786,1846,5018,1921,0.3828218413710642
2014-06-01,31_90,4_7,group,5163,24725,38303,969,0.03919110212335693,0.0254810328172728,0.32507739938080493,0.12756319514661274,1284,8530,1165,0.1365767878077374
2014-06-01,8_30,2_3,group,6360,28759,40806,1850,0.06432768872353002,0.04570406312797138,0.07783783783783783,0.10198546541952085,1994,9691,2323,0.23970694458776184
2014-06-01,91_plus,2_3,family_with_children,3231,13383,19541,629,0.04699992527833819,0.032802824829844944,0.15580286168521462,0.11977882388104312,727,4729,675,0.14273630788750263
2014-06-01,8_30,4_7,group,3082,13140,20539,631,0.04802130898021309,0.030819416719411852,0.25990491283676703,0.1248097412480974,795,4665,830,0.17792068595927116
2014-06-01,31_90,2_3,couple,31219,140655,196732,8100,0.05758771462088088,0.0420978793485554,0.14679012345679013,0.12595357434858342,9289,49408,9184,0.18588082901554404
2014-06-01,2_7,1,solo,12240,37776,49523,6861,0.18162325285895806,0.14041960301274156,0.06238157702958752,0.076715374841169,7289,16136,7195,0.4458973723351512
2014-06-01,31_90,2_3,group,6985,32396,46974,1936,0.059760464254846275,0.041661344573593904,0.11621900826446281,0.10050623533769601,2161,10712,2225,0.2077109783420463
2014-06-01,31_90,8_14,family_with_children,2511,12356,20106,350,0.02832631919715118,0.017507211777578833,0.46285714285714286,0.1720621560375526,512,4328,423,0.09773567467652496
2014-06-01,2_7,1,group,3290,11379,15641,1414,0.12426399507865366,0.09097883767022569,0.006364922206506365,0.10088759996484753,1423,4278,1622,0.3791491351098644
2014-06-01,8_30,2_3,solo,14517,52185,71535,5655,0.10836447254958322,0.08018452505766407,0.18620689655172415,0.08201590495353071,6708,20906,6253,0.29910073663063236
2014-06-01,31_90,1,group,3884,16318,21936,1549,0.094925848755975,0.07129832239241429,0.010329244673983214,0.08898149283000367,1565,5608,1703,0.30367332382310985
2014-06-01,91_plus,8_14,group,777,3105,4653,49,0.015780998389694042,0.01053084031807436,0.40816326530612246,0.13301127214170694,69,1166,67,0.057461406518010294
2014-06-01,2_7,4_7,couple,5752,19682,28443,1267,0.06437353927446397,0.04542418169672679,0.2138910812943962,0.1403312671476476,1538,7943,1655,0.20835956187838348
2014-06-01,same_next_day,2_3,group,988,3199,4547,405,0.12660206314473274,0.08950956674730591,0.012345679012345678,0.14598311972491404,410,1272,512,0.4025157232704403
2014-06-01,same_next_day,2_3,solo,4769,14359,19993,2456,0.1710425517097291,0.12359325764017406,0.06311074918566775,0.11017480325927989,2611,6238,2823,0.45254889387624236
2014-06-01,8_30,1,group,4839,20291,27810,2109,0.10393770637228328,0.07623157137720245,0.008534850640113799,0.08254891331132029,2127,6842,2332,0.3408360128617363
2014-06-01,91_plus,1,couple,7201,26163,34388,2204,0.08424110384894698,0.06650575782249622,0.01588021778584392,0.11149333027558002,2239,10234,2357,0.23031072894273988
2014-06-01,31_90,15_plus,couple,650,1881,2589,39,0.02073365231259968,0.015836230204712243,0.1794871794871795,0.12759170653907495,46,806,100,0.12406947890818859
2014-06-01,same_next_day,2_3,couple,6915,21649,30360,2411,0.11136773061111367,0.08007246376811594,0.027374533388635422,0.16601228694166012,2477,8736,2921,0.3343635531135531
2014-06-01,91_plus,15_plus,couple,704,2026,3199,26,0.012833168805528134,0.008440137542982182,0.4230769230769231,0.10710760118460019,37,944,58,0.0614406779661017
2014-06-01,2_7,4_7,solo,4180,13422,19027,1562,0.11637609894203546,0.08356545961002786,0.17861715749039692,0.0645209357770824,1841,5753,1854,0.32226664349035283
2014-07-01,same_next_day,8_14,group,45,103,148,10,0.0970873786407767,0.06756756756756757,0.0,0.14563106796116504,10,48,12,0.25
2014-10-01,31_90,15_plus,group,129,427,574,3,0.00702576112412178,0.005226480836236934,0.3333333333333333,0.06557377049180328,4,187,10,0.053475935828877004
2014-04-01,same_next_day,15_plus,family_with_children,17,25,27,1,0.04,0.037037037037037035,0.0,0.28,1,18,3,0.16666666666666666
2013-10-01,same_next_day,8_14,group,20,44,70,6,0.13636363636363635,0.08571428571428572,0.0,0.022727272727272728,6,25,8,0.32
2013-08-01,2_7,15_plus,group,15,27,34,2,0.07407407407407407,0.058823529411764705,0.0,0.18518518518518517,2,19,3,0.15789473684210525
2013-08-01,2_7,8_14,solo,330,895,1397,88,0.09832402234636871,0.06442376521116679,0.375,0.09162011173184358,121,434,124,0.2857142857142857
2013-08-01,31_90,15_plus,family_with_children,137,293,411,9,0.030716723549488054,0.021897810218978103,0.1111111111111111,0.09897610921501707,10,153,26,0.16993464052287582
2013-08-01,same_next_day,15_plus,solo,31,81,136,5,0.06172839506172839,0.03676470588235294,0.2,0.20987654320987653,6,35,10,0.2857142857142857
2013-08-01,same_next_day,15_plus,couple,40,68,87,4,0.058823529411764705,0.04597701149425287,0.0,0.22058823529411764,4,43,9,0.20930232558139536
2013-08-01,same_next_day,8_14,group,21,55,79,3,0.05454545454545454,0.0379746835443038,0.0,0.18181818181818182,3,28,6,0.21428571428571427
2013-08-01,2_7,8_14,group,66,163,223,12,0.0736196319018405,0.053811659192825115,0.08333333333333333,0.09815950920245399,13,73,13,0.1780821917808219
2013-08-01,same_next_day,15_plus,group,7,21,26,0,0.0,0.0,,0.0,0,7,3,0.42857142857142855
2014-07-01,same_next_day,15_plus,family_with_children,44,76,106,2,0.02631578947368421,0.018867924528301886,0.0,0.2631578947368421,2,49,5,0.10204081632653061
2014-03-01,same_next_day,15_plus,family_with_children,12,13,20,0,0.0,0.0,,0.15384615384615385,0,12,1,0.08333333333333333
2014-05-01,same_next_day,15_plus,solo,81,155,230,11,0.07096774193548387,0.04782608695652174,0.09090909090909091,0.08387096774193549,12,88,18,0.20454545454545456
2014-05-01,same_next_day,15_plus,group,20,33,44,2,0.06060606060606061,0.045454545454545456,0.0,0.06060606060606061,2,23,5,0.21739130434782608
2013-05-01,8_30,4_7,couple,7772,28879,50691,1712,0.05928183108833408,0.03399025468031801,0.45151869158878505,0.12701270819626717,2485,11549,2147,0.18590354143215862
2013-05-01,91_plus,8_14,group,317,1119,1949,25,0.022341376228775692,0.013340174448435094,0.72,0.11170688114387846,43,455,31,0.06813186813186813
2013-05-01,91_plus,1,couple,3326,11398,19288,1097,0.09624495525530795,0.05806719203649938,0.03555150410209663,0.10475522021407264,1136,4628,1210,0.26145203111495247
2013-05-01,31_90,4_7,family_with_children,8861,42637,77350,2187,0.051293477496071486,0.028907563025210085,0.24919981710105166,0.13901071839013063,2732,14895,2408,0.16166498825109096
2013-05-01,91_plus,2_3,couple,7139,26513,46571,1611,0.06076264474031607,0.03542977389362479,0.24084419615145872,0.12390148229170596,1999,10311,1825,0.17699544176122586
2013-05-01,91_plus,2_3,solo,1864,5594,9683,381,0.06810868787987129,0.039760404833212845,0.29396325459317585,0.09313550232391848,493,2475,468,0.1890909090909091
2013-05-01,2_7,1,family_with_children,4838,14656,24260,2360,0.16102620087336245,0.0989282769991756,0.004661016949152543,0.0982532751091703,2371,5981,2394,0.40026751379368
2013-05-01,8_30,4_7,solo,3824,12006,20092,1310,0.10911211061136099,0.06604618753732829,0.37709923664122136,0.09103781442612027,1804,5270,1533,0.2908918406072106
2013-05-01,8_30,2_3,family_with_children,8532,30745,53376,3074,0.09998373719303952,0.058621852517985615,0.03806115810019518,0.0945844852821597,3191,11680,3367,0.28827054794520546
2013-05-01,2_7,2_3,family_with_children,4557,14067,23508,1764,0.1253998720409469,0.07635698485621915,0.024376417233560092,0.10656145588967086,1807,5706,1919,0.33631265334735366
2013-05-01,same_next_day,1,family_with_children,3021,8532,14055,1541,0.18061415846225973,0.11056563500533619,0.0,0.16350210970464135,1541,3625,1611,0.44441379310344825
2013-05-01,31_90,2_3,group,2861,11669,20834,833,0.07138572285542892,0.04017471440913891,0.17406962785114047,0.11054931870768703,978,4216,1003,0.23790322580645162
2013-05-01,91_plus,4_7,family_with_children,4987,20421,35539,914,0.04475784731403947,0.02659050620445145,0.25711159737417943,0.1292786837079477,1149,7696,1014,0.13175675675675674
2013-05-01,8_30,1,family_with_children,6429,21138,35681,3113,0.14727031885703473,0.08906701045374289,0.006745904272406039,0.08354622007758539,3134,8232,3114,0.3782798833819242
2013-05-01,31_90,2_3,couple,13208,51288,90968,3591,0.07001637810014039,0.04009102101838009,0.19270398217766638,0.12373264701294649,4283,19423,4210,0.21675333367656902
2013-05-01,8_30,4_7,group,1090,4069,7485,221,0.054313099041533544,0.029792919171676688,0.3212669683257919,0.11427869255345294,292,1616,292,0.1806930693069307
2013-05-01,2_7,4_7,family_with_children,1566,4674,8035,495,0.10590500641848524,0.06297448662103299,0.06868686868686869,0.09863072314933675,529,2030,577,0.28423645320197044
2013-05-01,same_next_day,2_3,family_with_children,1773,4908,8478,680,0.13854930725346373,0.08103326256192499,0.014705882352941176,0.14445802770986146,690,2090,781,0.3736842105263158
2013-05-01,31_90,1,family_with_children,6110,24577,43272,2998,0.12198396875127152,0.07032261046404141,0.008338892595063376,0.0989136184237295,3023,8631,2885,0.3342602247711737
2013-05-01,91_plus,8_14,couple,2405,9218,16334,242,0.026252983293556086,0.015060609771029753,0.7768595041322314,0.17682794532436538,430,3670,302,0.08228882833787465
2013-05-01,91_plus,1,group,619,2130,3530,224,0.10516431924882629,0.06345609065155808,0.03571428571428571,0.12910798122065728,232,849,234,0.2756183745583039
2013-05-01,31_90,2_3,solo,4364,14287,25060,1368,0.0957513823755862,0.055626496408619316,0.26096491228070173,0.07895289423951844,1725,5899,1575,0.26699440583149686
2013-05-01,same_next_day,4_7,solo,606,1708,2895,251,0.14695550351288056,0.08739205526770294,0.099601593625498,0.12060889929742388,276,747,309,0.41365461847389556
2013-05-01,91_plus,1,solo,996,2851,4748,286,0.10031567870922484,0.061078348778433024,0.08041958041958042,0.06980007015082428,309,1291,321,0.24864446165762974
2013-05-01,same_next_day,4_7,couple,840,2201,3873,196,0.08905043162199,0.050606764781822876,0.11224489795918367,0.18264425261244888,218,1037,313,0.3018322082931533
2013-05-01,31_90,15_plus,couple,417,917,1464,31,0.03380588876772083,0.02185792349726776,0.45161290322580644,0.11014176663031625,45,487,70,0.1437371663244353
2013-05-01,91_plus,2_3,group,1521,5923,10516,336,0.05672800945466824,0.03195131228604032,0.2261904761904762,0.12645618774269796,412,2203,392,0.17793917385383567
2013-05-01,8_30,8_14,family_with_children,726,2169,3893,124,0.05716920239741816,0.0331363986642692,0.21774193548387097,0.07883817427385892,151,946,175,0.1849894291754757
2013-05-01,91_plus,8_14,solo,595,1821,3158,71,0.03898956617243273,0.022482583913869536,0.6197183098591549,0.11532125205930807,115,791,93,0.11757269279393173
2013-05-01,91_plus,15_plus,couple,313,890,1507,21,0.02359550561797753,0.013934970139349702,0.47619047619047616,0.10337078651685393,31,389,39,0.10025706940874037
2013-05-01,31_90,8_14,family_with_children,2048,8250,14640,303,0.036727272727272726,0.020765027322404372,0.41914191419141916,0.12727272727272726,430,3219,412,0.12799005902454177
2013-05-01,2_7,15_plus,group,8,47,81,0,0.0,0.0,,0.19148936170212766,0,8,2,0.25
2013-05-01,2_7,15_plus,solo,69,148,235,15,0.10135135135135136,0.06808510638297872,0.06666666666666667,0.05405405405405406,16,81,20,0.24691358024691357
2013-05-01,91_plus,15_plus,group,27,77,141,0,0.0,0.0,,0.2597402597402597,0,35,1,0.02857142857142857
2013-05-01,8_30,15_plus,couple,269,544,843,9,0.016544117647058824,0.010676156583629894,0.6666666666666666,0.15992647058823528,15,301,42,0.13953488372093023
2013-05-01,same_next_day,8_14,couple,89,180,297,9,0.05,0.030303030303030304,0.3333333333333333,0.19444444444444445,12,107,24,0.22429906542056074
2013-05-01,same_next_day,8_14,solo,79,175,265,28,0.16,0.10566037735849057,0.17857142857142858,0.12,33,89,36,0.4044943820224719
2013-05-01,2_7,8_14,family_with_children,239,715,1196,51,0.07132867132867132,0.042642140468227424,0.09803921568627451,0.15524475524475526,56,293,61,0.20819112627986347
2013-05-01,8_30,15_plus,solo,135,357,599,16,0.04481792717086835,0.028380634390651086,0.125,0.047619047619047616,18,172,24,0.13953488372093023
2013-05-01,2_7,15_plus,couple,90,171,279,6,0.03508771929824561,0.025089605734767026,0.0,0.1695906432748538,6,103,17,0.1650485436893204
2013-05-01,same_next_day,4_7,group,102,317,513,28,0.08832807570977919,0.05458089668615984,0.17857142857142858,0.08201892744479496,33,125,38,0.304
2013-05-01,91_plus,15_plus,solo,115,289,552,12,0.04152249134948097,0.021739130434782608,0.4166666666666667,0.12110726643598616,17,143,14,0.0979020979020979
2013-05-01,31_90,15_plus,group,34,106,172,2,0.018867924528301886,0.011627906976744186,0.5,0.1509433962264151,3,40,4,0.1
2013-05-01,31_90,15_plus,solo,165,425,779,11,0.02588235294117647,0.014120667522464698,0.45454545454545453,0.05176470588235294,16,202,19,0.09405940594059406
2013-05-01,8_30,15_plus,group,22,40,82,2,0.05,0.024390243902439025,0.5,0.075,3,24,4,0.16666666666666666
2013-05-01,same_next_day,15_plus,family_with_children,17,25,38,1,0.04,0.02631578947368421,0.0,0.08,1,18,2,0.1111111111111111
2014-01-01,8_30,1,solo,6943,19765,25163,3756,0.19003288641538071,0.15105512061359933,0.12912673056443025,0.07563875537566406,4241,8945,3939,0.4403577417551705
2014-01-01,8_30,4_7,solo,5107,16679,24171,1747,0.10474249055698782,0.07335236440362418,0.4115626788780767,0.08399784159721806,2466,7216,2012,0.27882483370288247
2014-01-01,31_90,2_3,couple,17500,67571,100326,4443,0.06575305974456498,0.04502322428881845,0.31240153049741165,0.14876204288822129,5831,26055,5145,0.19746689694876224
2014-01-01,91_plus,2_3,couple,12753,51780,74936,3082,0.05952105059868675,0.04227607558449877,0.24594419208306295,0.1466975666280417,3840,19603,3547,0.18094169259807172
2014-01-01,8_30,4_7,couple,11059,40861,63968,2213,0.054159222730721227,0.03509567283641821,0.46633529145955716,0.14671691833288467,3245,16634,2783,0.16730792353011903
2014-01-01,31_90,8_14,couple,3435,12962,20891,428,0.033019595741397935,0.020822363697285913,0.6752336448598131,0.1498997068353649,717,5210,660,0.12667946257197696
2014-01-01,91_plus,4_7,family_with_children,8879,41572,65764,1803,0.04337053786202252,0.028267745270968918,0.338879645036051,0.15599441932069663,2414,15288,1949,0.12748560962846678
2014-01-01,same_next_day,1,couple,6159,17755,23490,3152,0.17752745705435088,0.13486590038314175,0.0038071065989847717,0.24911292593635595,3164,7713,3538,0.45870608064307017
2014-01-01,8_30,2_3,family_with_children,5130,18531,26359,1818,0.09810587663914522,0.06999506809818279,0.09020902090209021,0.12854136312125627,1982,7210,1923,0.2667128987517337
2014-01-01,same_next_day,1,solo,5192,14190,18355,3384,0.23847780126849893,0.18572596022882049,0.0233451536643026,0.15961945031712474,3463,6695,3606,0.5386109036594473
2014-01-01,91_plus,15_plus,solo,221,624,853,13,0.020833333333333332,0.015240328253223915,0.5384615384615384,0.14102564102564102,20,309,21,0.06796116504854369
2014-01-01,31_90,1,family_with_children,3859,13238,17999,1596,0.12056201843178728,0.09028279348852714,0.020050125313283207,0.10832452032029008,1628,5119,1583,0.3092400859542879
2014-01-01,31_90,4_7,family_with_children,8851,43302,71978,2057,0.04750357951133897,0.029175581427658453,0.4526008750607681,0.15036256985820518,2988,15459,2244,0.1451581602949738
2014-01-01,8_30,1,couple,11379,33744,44355,3906,0.11575391180654339,0.08923458460151054,0.0350742447516641,0.1280523944997629,4043,14529,4596,0.3163328515383027
2014-01-01,31_90,2_3,solo,6500,20716,28729,1986,0.09586792817146167,0.07013818789376589,0.3393756294058409,0.09393705348522881,2660,9040,2282,0.25243362831858407
2014-01-01,2_7,1,couple,8990,24311,31642,3504,0.144132285796553,0.11181341255293598,0.0182648401826484,0.15408662745259347,3568,10858,4097,0.3773254743046602
2014-01-01,31_90,2_3,group,3540,13421,20245,937,0.06981596006258849,0.04692516670782909,0.327641408751334,0.13083972878325012,1244,5205,1119,0.21498559077809798
2014-01-01,2_7,2_3,family_with_children,2349,7599,10733,872,0.11475194104487432,0.08245597689369236,0.033256880733944956,0.13514936175812606,901,3038,949,0.31237656352863724
2014-01-01,2_7,1,solo,6778,18859,23799,4094,0.2170846810541386,0.17416698180595824,0.09623839765510503,0.07778779362638528,4488,8516,4297,0.5045796148426491
2014-01-01,91_plus,1,family_with_children,3200,11922,16019,1418,0.11893977520550243,0.0905175104563331,0.014809590973201692,0.10308673041436,1439,4550,1338,0.29406593406593406
2014-01-01,same_next_day,1,group,778,2229,3014,411,0.18438761776581428,0.13636363636363635,0.0024330900243309003,0.21130551816958276,412,951,482,0.5068349106203995
2014-01-01,8_30,1,group,1668,5413,7425,697,0.12876408645852577,0.09400673400673401,0.02582496413199426,0.10641049325697395,715,2170,818,0.37695852534562213
2014-01-01,91_plus,2_3,group,3192,13089,20301,828,0.06325922530369012,0.04142653071277277,0.286231884057971,0.13721445488578196,1065,4833,948,0.1961514587212911
2014-01-01,2_7,1,group,1197,3591,4837,537,0.14954051796157058,0.11163944593756461,0.020484171322160148,0.12976886661097187,548,1464,634,0.43306010928961747
2014-01-01,91_plus,2_3,solo,3033,10008,13883,712,0.07114308553157474,0.05207808110638911,0.30758426966292135,0.11920463629096723,931,4201,852,0.2028088550345156
2014-01-01,91_plus,8_14,family_with_children,2720,11943,19524,295,0.024700661475341203,0.015263265724236837,0.488135593220339,0.1944235116804823,439,4382,378,0.08626198083067092
2014-01-01,8_30,4_7,group,1317,4645,7425,289,0.06221743810548978,0.039057239057239054,0.3391003460207612,0.11840688912809473,387,1892,383,0.20243128964059195
2014-01-01,91_plus,15_plus,couple,744,2133,3236,38,0.017815283638068447,0.011742892459826947,0.6578947368421053,0.15096108766994842,63,956,89,0.09309623430962342
2014-01-01,same_next_day,2_3,family_with_children,937,2766,4089,365,0.13195950831525669,0.09024211298606016,0.01643835616438356,0.19522776572668113,371,1114,410,0.36804308797127466
2014-01-01,2_7,4_7,family_with_children,929,3007,4614,289,0.09610907881609577,0.06285218899003034,0.1384083044982699,0.13934153641503158,329,1253,332,0.2649640861931365
2014-01-01,31_90,8_14,group,420,1527,2399,55,0.03601833660772757,0.022926219258024176,0.5272727272727272,0.19842829076620824,84,602,79,0.13122923588039867
2014-01-01,31_90,8_14,solo,1089,3551,5334,166,0.04674739509997184,0.031308586426696663,0.5,0.14249507181075755,249,1558,238,0.1527599486521181
2014-01-01,8_30,8_14,family_with_children,589,1938,2946,79,0.04076367389060888,0.0274949083503055,0.21518987341772153,0.09855521155830753,96,857,108,0.12602100350058343
2014-01-01,31_90,15_plus,couple,476,1178,1799,18,0.015280135823429542,0.010005558643690939,0.4444444444444444,0.14176570458404075,26,604,70,0.11589403973509933
2014-01-01,same_next_day,8_14,couple,107,275,410,24,0.08727272727272728,0.06097560975609756,0.08333333333333333,0.23272727272727273,26,129,39,0.3023255813953488
2014-01-01,same_next_day,8_14,group,16,34,46,3,0.08823529411764706,0.06521739130434782,0.0,0.38235294117647056,3,17,7,0.4117647058823529
2014-01-01,2_7,8_14,family_with_children,165,402,606,45,0.11194029850746269,0.07425742574257425,0.13333333333333333,0.11691542288557213,51,201,58,0.2885572139303483
2014-01-01,2_7,15_plus,family_with_children,81,167,223,9,0.05389221556886228,0.04035874439461883,0.1111111111111111,0.1317365269461078,10,96,18,0.1875
2014-01-01,same_next_day,4_7,family_with_children,278,853,1260,76,0.08909730363423213,0.06111111111111111,0.039473684210526314,0.19577960140679954,79,351,97,0.27635327635327633
2014-01-01,8_30,15_plus,family_with_children,181,363,517,9,0.024793388429752067,0.017408123791102514,0.1111111111111111,0.08264462809917356,10,203,30,0.1477832512315271
2014-01-01,31_90,15_plus,solo,201,573,851,16,0.027923211169284468,0.01880141010575793,0.375,0.04886561954624782,22,258,29,0.1124031007751938
2014-01-01,91_plus,15_plus,group,96,183,284,3,0.01639344262295082,0.01056338028169014,1.0,0.11475409836065574,6,112,9,0.08035714285714286
2014-01-01,same_next_day,8_14,solo,114,240,335,30,0.125,0.10149253731343283,0.13333333333333333,0.10833333333333334,34,131,42,0.32061068702290074
2014-01-01,same_next_day,15_plus,solo,47,97,129,4,0.041237113402061855,0.031007751937984496,0.25,0.14432989690721648,5,49,12,0.24489795918367346
2014-06-01,91_plus,1,solo,2149,7178,9332,683,0.09515185288381164,0.0745820831547364,0.043923865300146414,0.07063248815826136,713,2921,729,0.24957206436152002
2014-06-01,91_plus,1,group,1399,5246,7272,454,0.08654212733511246,0.06298129812981298,0.01762114537444934,0.12066336256195197,462,1945,511,0.2627249357326478
2014-06-01,2_7,4_7,group,971,3703,5684,220,0.059411288144747505,0.0390570021111893,0.1409090909090909,0.08722657304887929,251,1327,295,0.22230595327807084
2014-06-01,2_7,15_plus,solo,248,569,852,28,0.0492091388400703,0.03286384976525822,0.03571428571428571,0.06502636203866433,29,292,56,0.1917808219178082
2014-06-01,8_30,15_plus,couple,555,1316,1770,24,0.0182370820668693,0.013559322033898305,0.16666666666666666,0.09346504559270517,28,643,63,0.09797822706065319
2014-06-01,91_plus,8_14,solo,1137,3788,5679,97,0.025607180570221752,0.017960908610670893,0.4845360824742268,0.10850052798310454,144,1700,140,0.08235294117647059
2014-06-01,8_30,15_plus,solo,479,1390,1860,52,0.03741007194244604,0.02849462365591398,0.21153846153846154,0.07410071942446043,63,620,98,0.15806451612903225
2014-06-01,2_7,8_14,family_with_children,298,944,1416,38,0.04025423728813559,0.02754237288135593,0.2631578947368421,0.15360169491525424,48,377,66,0.17506631299734748
2014-06-01,31_90,15_plus,solo,420,1174,1712,42,0.03577512776831346,0.02511682242990654,0.19047619047619047,0.10136286201022146,50,529,75,0.14177693761814744
2014-06-01,8_30,15_plus,group,81,231,305,4,0.017316017316017316,0.013114754098360656,0.0,0.12121212121212122,4,108,13,0.12037037037037036
2014-06-01,2_7,15_plus,couple,257,571,755,16,0.028021015761821366,0.022516556291390728,0.125,0.07005253940455342,18,278,40,0.14388489208633093
2014-06-01,31_90,15_plus,group,82,255,320,9,0.03529411764705882,0.028125,0.1111111111111111,0.1411764705882353,10,95,10,0.10526315789473684
2014-06-01,same_next_day,4_7,family_with_children,509,1921,2993,112,0.05830296720458095,0.03775476110925493,0.10714285714285714,0.17334721499219158,124,685,142,0.2072992700729927
2014-06-01,91_plus,15_plus,solo,276,759,1077,11,0.014492753623188406,0.01021355617455896,0.45454545454545453,0.11067193675889328,16,354,29,0.08192090395480225
2014-06-01,same_next_day,8_14,family_with_children,61,197,306,4,0.02030456852791878,0.013071895424836602,0.0,0.16243654822335024,4,84,10,0.11904761904761904
2014-06-01,2_7,15_plus,group,47,91,117,7,0.07692307692307693,0.06837606837606838,0.0,0.06593406593406594,7,52,10,0.19230769230769232
2014-06-01,same_next_day,15_plus,solo,95,178,245,9,0.05056179775280899,0.036734693877551024,0.0,0.11797752808988764,9,106,35,0.330188679245283
2014-06-01,same_next_day,15_plus,couple,102,195,271,7,0.035897435897435895,0.025830258302583026,0.0,0.1282051282051282,7,115,27,0.23478260869565218
2014-06-01,91_plus,15_plus,group,74,246,374,7,0.028455284552845527,0.01871657754010695,0.2857142857142857,0.2032520325203252,9,109,8,0.07339449541284404
2014-12-01,same_next_day,2_3,couple,10608,34007,48057,3449,0.10142029582144853,0.07289260669621492,0.018846042331110466,0.2806481018613815,3514,13929,4359,0.3129442171010123
2014-12-01,31_90,2_3,couple,35961,154090,209824,8066,0.05234603154000909,0.03920905139545524,0.15559137118770147,0.15954312414822505,9321,57223,9364,0.16364049420687485
2014-12-01,8_30,2_3,couple,47030,199539,272434,11938,0.05982790331714602,0.04460896951188178,0.097420003350645,0.16040473290935606,13101,74526,14564,0.19542173201298876
2014-12-01,2_7,1,couple,31932,104993,140135,11390,0.10848342270437077,0.0824918828272737,0.007287093942054433,0.2220719476536531,11473,42919,13151,0.3064144085370116
2014-12-01,91_plus,8_14,group,1140,4839,7142,60,0.012399256044637322,0.00854102492299076,0.3,0.13060549700351312,78,1705,108,0.06334310850439882
2014-12-01,31_90,1,couple,18367,66358,86315,5683,0.08564152023870521,0.06724207843364421,0.02322716874890023,0.14237921576901053,5815,26587,6450,0.24259976680332493
2014-12-01,91_plus,4_7,couple,30932,145361,203039,3328,0.022894724169481497,0.016824353941853536,0.2926682692307692,0.1755629088957836,4302,53525,4087,0.07635684259691733
2014-12-01,8_30,2_3,solo,17020,63712,85051,5921,0.09293382722250125,0.07076930312400795,0.17176152676912684,0.08907270215971873,6938,25221,6756,0.26787201141905553
2014-12-01,31_90,2_3,solo,12475,44925,59834,3423,0.07619365609348915,0.05846174415883946,0.19544259421560034,0.09081803005008347,4092,18056,3910,0.2165485157288436
2014-12-01,91_plus,2_3,family_with_children,6468,33821,46718,1654,0.04890452677330653,0.03660259428913909,0.06529625151148731,0.14455515803790545,1762,10665,1732,0.1624003750586029
2014-12-01,91_plus,8_14,couple,7794,33128,49147,486,0.014670369475971987,0.01009217246220522,0.4012345679012346,0.19276744747645497,681,12702,696,0.0547945205479452
2014-12-01,31_90,1,group,3351,12581,16916,1077,0.08560527779985692,0.06455426814849846,0.018570102135561744,0.1030919640728082,1097,4686,1245,0.26568501920614596
2014-12-01,91_plus,4_7,group,6156,26749,38027,742,0.027739354742233355,0.019880611144712967,0.2560646900269542,0.15114583722755992,932,9764,929,0.09514543219991807
2014-12-01,8_30,8_14,couple,4725,17196,23768,508,0.029541753896254942,0.021541568495456076,0.2795275590551181,0.15608280995580368,650,7160,817,0.11410614525139665
2014-12-01,31_90,1,solo,6955,22784,29124,2571,0.11284234550561797,0.08958247493476171,0.06339945546479969,0.07535990168539326,2734,9366,2770,0.29575058723040787
2014-12-01,2_7,1,solo,13841,43143,55898,7298,0.169158380270264,0.13215141865540805,0.05480953685941354,0.10196323853232274,7698,18400,7783,0.4229891304347826
2014-12-01,31_90,2_3,group,6743,29962,42012,1645,0.05490287697750484,0.03991716652385033,0.14711246200607903,0.118950670849743,1887,10455,1960,0.1874701099952176
2014-12-01,same_next_day,1,family_with_children,5374,19060,27664,2264,0.11878279118572928,0.08281521110468479,0.0008833922261484099,0.3911332633788038,2266,7174,2457,0.34248675773626985
2014-12-01,8_30,4_7,family_with_children,9156,47370,67867,1772,0.037407641967489975,0.026625605964607245,0.21557562076749437,0.1465062275701921,2154,16406,2074,0.12641716445202975
2014-12-01,2_7,4_7,couple,10546,38524,54272,1870,0.048541169141314504,0.03484301297169811,0.20855614973262032,0.17477416675319282,2260,15412,2624,0.17025694264209706
2013-03-01,same_next_day,2_3,family_with_children,1932,6110,10666,760,0.12438625204582651,0.07209825614100882,0.017105263157894738,0.18379705400981997,773,2319,850,0.3665373005605865
2013-03-01,2_7,2_3,family_with_children,5209,19134,33738,1891,0.0988293090833072,0.05640524038176537,0.035959809624537285,0.12532664367095223,1959,6994,2099,0.30011438375750643
2013-03-01,31_90,2_3,couple,13801,53688,96733,3658,0.06813440619877813,0.03848738279594347,0.2692728266812466,0.13174266130233944,4643,20624,4310,0.20897982932505818
2013-03-01,8_30,4_7,solo,3879,12670,21449,1295,0.10220994475138122,0.06102848617651173,0.4193050193050193,0.08966061562746645,1838,5443,1521,0.27944148447547307
2013-03-01,31_90,4_7,couple,12772,53270,97833,2683,0.050366059695888865,0.027782036736070652,0.6313827804696236,0.13761967336211753,4377,20597,3141,0.1524979365927077
2013-03-01,8_30,4_7,couple,8318,29797,52842,1682,0.056448635768701544,0.03217137882744786,0.4934601664684899,0.1342081417592375,2512,12288,2120,0.17252604166666666
2013-03-01,8_30,1,family_with_children,6626,23983,41999,3131,0.13055080682149856,0.07566846829686422,0.005748961992973491,0.09831964308051537,3149,8780,3223,0.3670842824601367
2013-03-01,2_7,1,family_with_children,5508,18177,31398,2661,0.1463937943555042,0.08615198420281546,0.003006388575723412,0.11745612587335644,2669,6931,2745,0.3960467465012264
2013-03-01,8_30,2_3,family_with_children,9379,37171,66168,3337,0.08977428640606924,0.05145992020311933,0.05783637998201978,0.11274918619353798,3530,13346,3606,0.270193316349468
2013-03-01,same_next_day,1,family_with_children,3514,10591,17557,1810,0.17089982060239825,0.10377627157259213,0.0022099447513812156,0.19837597960532527,1814,4274,1883,0.44057089377632197
2013-03-01,31_90,2_3,solo,5205,16850,29343,1765,0.10474777448071217,0.06083222574378898,0.3246458923512748,0.08925816023738872,2338,7139,1941,0.2718868188821964
2013-03-01,31_90,15_plus,family_with_children,129,269,448,8,0.02973977695167286,0.017857142857142856,0.125,0.040892193308550186,9,154,19,0.12337662337662338
2013-03-01,91_plus,4_7,couple,10792,43841,80884,1645,0.03752195433498323,0.020659215666880965,0.5987841945288754,0.14839989963732578,2630,17207,1918,0.11146626372987738
2013-03-01,31_90,4_7,group,2076,9046,16531,454,0.050187928366128676,0.027766015365071683,0.4955947136563877,0.13376077824452798,679,3253,532,0.1635413464494313
2013-03-01,31_90,1,couple,6801,23836,42708,2424,0.1016949152542373,0.057740938465861195,0.040016501650165015,0.09397549924483974,2521,9462,2754,0.29105897273303744
2013-03-01,91_plus,8_14,solo,684,2102,3496,71,0.03377735490009515,0.020594965675057208,0.6056338028169014,0.11417697431018078,114,940,96,0.10212765957446808
2013-03-01,91_plus,2_3,couple,8125,31314,56394,1780,0.05684358433927317,0.0321310777742313,0.19831460674157303,0.11956313470013412,2133,12045,2022,0.16787048567870486
2013-03-01,31_90,1,solo,2971,8970,15527,1281,0.142809364548495,0.08346750821150255,0.09601873536299765,0.07190635451505016,1404,3821,1329,0.3478147081915729
2013-03-01,31_90,4_7,solo,3940,13252,23173,1054,0.07953516450347117,0.045829197773270616,0.5094876660341556,0.09025052822215515,1591,5620,1207,0.21476868327402135
2013-03-01,91_plus,2_3,group,1895,7576,13967,431,0.05689017951425555,0.03093004940216224,0.2296983758700696,0.1471752903907075,530,2772,522,0.18831168831168832
2013-03-01,91_plus,1,couple,4056,13921,24639,1297,0.09316859421018606,0.053289500385567595,0.03084040092521203,0.10401551612671503,1337,5677,1384,0.24379073454289238
2013-03-01,8_30,8_14,solo,646,1803,2975,132,0.07321131447587355,0.04470588235294118,0.5227272727272727,0.1209095951192457,201,841,171,0.20332936979785968
2013-03-01,91_plus,4_7,solo,2301,7794,13832,387,0.049653579676674366,0.028267784846732216,0.5400516795865633,0.1041827046445984,596,3299,447,0.13549560472870567
2013-03-01,91_plus,2_3,solo,2018,6251,11039,447,0.0715085586306191,0.0410363257541444,0.2505592841163311,0.08558630619100945,559,2704,537,0.19859467455621302
2013-03-01,91_plus,8_14,couple,2814,10286,18592,299,0.029068636982306047,0.016351118760757316,0.7424749163879598,0.1474820143884892,521,4229,379,0.08961929534168835
2013-03-01,91_plus,1,group,827,3068,5462,273,0.08898305084745763,0.04998169168802637,0.014652014652014652,0.09485006518904825,277,1158,300,0.25906735751295334
2013-03-01,same_next_day,4_7,family_with_children,585,1702,2963,153,0.0898942420681551,0.05197435032062099,0.0457516339869281,0.2244418331374853,160,709,194,0.2736248236953456
2013-03-01,91_plus,4_7,group,2243,8737,15817,378,0.04326427835641525,0.02453056837579819,0.6005291005291006,0.13196749456335127,605,3339,438,0.13117699910152741
2013-03-01,31_90,2_3,group,2858,11706,21484,802,0.06851187425252007,0.037702476261403835,0.25311720698254364,0.11079788142832735,1005,4324,950,0.21970397779833487
2013-03-01,8_30,15_plus,couple,184,340,569,9,0.026470588235294117,0.015817223198594025,0.6666666666666666,0.11470588235294117,15,199,17,0.08542713567839195
2013-03-01,2_7,4_7,family_with_children,2257,8423,14800,606,0.07194586251929241,0.041283783783783785,0.1617161716171617,0.12074082868336697,704,3213,695,0.21630874572051043
2013-03-01,31_90,8_14,family_with_children,1063,3583,6392,161,0.044934412503488695,0.025344180225281603,0.3167701863354037,0.12168573820820541,212,1551,209,0.1347517730496454
2013-03-01,2_7,8_14,family_with_children,272,812,1323,44,0.054187192118226604,0.03325774754346183,0.09090909090909091,0.09975369458128079,48,355,68,0.19154929577464788
2013-03-01,8_30,8_14,couple,1155,3336,6007,112,0.03357314148681055,0.018977859164308306,0.48214285714285715,0.13609112709832133,166,1588,182,0.11460957178841309
2013-03-01,2_7,15_plus,solo,76,151,227,11,0.0728476821192053,0.048458149779735685,0.18181818181818182,0.033112582781456956,13,80,22,0.275
2013-03-01,8_30,4_7,group,1126,4256,7562,259,0.06085526315789474,0.03438243850833113,0.36293436293436293,0.10737781954887218,353,1612,332,0.20595533498759305
2013-03-01,31_90,1,group,1317,4915,8605,473,0.09623601220752798,0.05520046484601976,0.03171247357293869,0.06998982706002034,488,1855,538,0.2900269541778976
2014-12-01,8_30,2_3,group,9134,41045,57052,2609,0.06356438055792422,0.046273574984224915,0.0689919509390571,0.109708856133512,2789,14224,3170,0.22286276715410575
2014-12-01,8_30,1,family_with_children,10397,45877,63040,4405,0.09601761231117989,0.07131979695431472,0.004086265607264473,0.1474813087167862,4423,15612,4549,0.2913784268511401
2014-12-01,2_7,4_7,solo,5123,17187,23541,1524,0.08867167044859486,0.06588505161208105,0.18175853018372704,0.10763949496712631,1801,7246,1873,0.25848744134695006
2014-12-01,31_90,15_plus,solo,528,1678,2447,58,0.03456495828367104,0.023702492848385777,0.15517241379310345,0.09654350417163289,67,713,94,0.13183730715287517
2014-12-01,same_next_day,2_3,solo,5675,17354,23757,2751,0.1585225308286274,0.11647093488235047,0.053071610323518724,0.16468825630978448,2897,7566,3202,0.4232090933121861
2014-12-01,31_90,4_7,family_with_children,7968,43065,62052,1069,0.024822942064321375,0.017517565912460516,0.33676333021515437,0.18100545686752584,1429,14483,1218,0.08409859835669406
2014-12-01,91_plus,1,family_with_children,3200,14397,19714,1177,0.0817531430159061,0.06198640560008116,0.012744265080713678,0.11863582690838369,1192,4990,1189,0.23827655310621243
2014-12-01,31_90,8_14,family_with_children,1631,7578,11364,132,0.01741884402216944,0.011791622668074622,0.4393939393939394,0.15505410398522038,190,2894,189,0.06530753282653766
2014-12-01,31_90,15_plus,couple,1061,3424,4642,66,0.019275700934579438,0.014218009478672985,0.19696969696969696,0.14573598130841123,79,1429,151,0.10566829951014696
2014-12-01,same_next_day,2_3,group,1811,5993,8540,586,0.0977807442015685,0.06943793911007026,0.025597269624573378,0.2160854330051727,601,2281,788,0.34546251644015785
2014-12-01,91_plus,4_7,solo,7351,26908,36564,873,0.03244388286011595,0.024696422710863145,0.2634593356242841,0.11617362866062138,1103,10834,1073,0.09904005907328779
2014-12-01,2_7,4_7,group,1902,7429,10432,378,0.05088167990308252,0.036330521472392636,0.1402116402116402,0.11064746264638578,431,2722,528,0.19397501836884642
2014-12-01,2_7,1,group,5636,18490,25145,2082,0.11260140616549487,0.08339630145158083,0.005283381364073006,0.1433207138994051,2093,7209,2594,0.3598279927867943
2014-12-01,91_plus,8_14,solo,1871,6394,9236,117,0.018298404754457303,0.013209181463837158,0.2905982905982906,0.12855802314670003,151,2651,194,0.07317993210109393
2014-12-01,2_7,2_3,family_with_children,7426,32321,47157,2060,0.06373565174344853,0.04455330067646373,0.035922330097087375,0.17499458556356548,2134,10934,2362,0.2160234132065118
2013-03-01,same_next_day,15_plus,couple,42,55,72,1,0.01818181818181818,0.013888888888888888,0.0,0.09090909090909091,1,42,8,0.19047619047619047
2013-03-01,91_plus,1,solo,1153,3249,5599,325,0.10003077870113881,0.0584032863011252,0.09230769230769231,0.060941828254847646,355,1474,382,0.2591587516960651
2013-03-01,91_plus,8_14,group,438,1515,2712,51,0.033663366336633666,0.018805309734513276,0.6862745098039216,0.16567656765676567,86,625,59,0.0944
2013-03-01,same_next_day,8_14,family_with_children,76,202,345,16,0.07920792079207921,0.0463768115942029,0.125,0.054455445544554455,18,81,26,0.32098765432098764
2013-03-01,91_plus,15_plus,group,45,94,164,1,0.010638297872340425,0.006097560975609756,1.0,0.1595744680851064,2,52,2,0.038461538461538464
2013-03-01,91_plus,15_plus,solo,142,395,667,7,0.017721518987341773,0.010494752623688156,1.0,0.10126582278481013,14,194,10,0.05154639175257732
2013-03-01,8_30,15_plus,solo,134,330,621,16,0.048484848484848485,0.02576489533011272,0.375,0.18787878787878787,22,165,25,0.15151515151515152
2013-03-01,91_plus,15_plus,couple,376,967,1727,12,0.012409513960703205,0.006948465547191662,0.5,0.12202688728024819,18,482,34,0.07053941908713693
2013-03-01,2_7,15_plus,couple,81,167,273,4,0.023952095808383235,0.014652014652014652,0.0,0.0718562874251497,4,94,14,0.14893617021276595
2013-03-01,8_30,8_14,group,115,299,509,13,0.043478260869565216,0.025540275049115914,0.46153846153846156,0.12374581939799331,19,147,19,0.1292517006802721
2013-04-01,31_90,2_3,family_with_children,8296,35759,64594,2677,0.07486227243491149,0.042093692912654426,0.05080313784086664,0.10028244637713582,2813,12316,2803,0.22759012666450146
2013-04-01,31_90,4_7,family_with_children,7235,31263,56013,1612,0.05156254997920865,0.029082534411654436,0.2487593052109181,0.11636759108210984,2013,11471,1806,0.15744050213582075
2013-04-01,91_plus,1,couple,3722,12548,21495,1174,0.09356072680905324,0.05568736915561759,0.029812606473594547,0.08917755817660185,1209,5160,1294,0.2507751937984496
2013-04-01,2_7,1,solo,6074,16551,26232,3511,0.21213219745030512,0.13525465080817323,0.07946454001708915,0.07733671681469398,3790,7524,3720,0.4944178628389155
2013-04-01,8_30,1,couple,9642,30622,52137,3557,0.11615831754947424,0.06891459040604561,0.03204947989879112,0.11161909738096794,3671,12775,4167,0.3261839530332681
2013-04-01,8_30,2_3,couple,14082,49592,86406,3844,0.07751250201645427,0.044939008865125106,0.2047346514047867,0.12256009033715115,4631,19982,4863,0.24336903212891603
2013-04-01,31_90,1,group,1577,5990,10680,595,0.0993322203672788,0.05589887640449438,0.025210084033613446,0.09432387312186978,610,2118,667,0.3149197355996223
2013-04-01,same_next_day,1,couple,5689,15899,26258,2756,0.1733442354865086,0.1054154924213573,0.003265602322206096,0.23441725894710358,2765,7086,3347,0.4723398250070562
2013-04-01,8_30,2_3,solo,7707,24521,41193,3350,0.13661759308347945,0.08210132789551623,0.27134328358208953,0.06802332694425187,4259,10489,3683,0.3511297549814091
2013-04-01,2_7,1,couple,7874,22412,37019,3084,0.13760485454220953,0.08403792647019098,0.01880674448767834,0.13519543101909692,3142,9754,3682,0.3774861595242977
2013-04-01,31_90,1,couple,7021,24069,42387,2486,0.10328638497652583,0.05931063769551985,0.02775543041029767,0.08978353899206448,2555,9673,2834,0.29298046107722525
2013-04-01,91_plus,2_3,couple,7651,29264,53046,1636,0.05590486604702023,0.031350148927346076,0.22616136919315402,0.12335975943138328,2006,11199,1888,0.16858648093579784
2013-04-01,same_next_day,1,solo,4687,12858,19570,3147,0.24475034997666822,0.16157383750638732,0.019701302828090246,0.1466791102815368,3209,6109,3354,0.5490260271730234
2013-04-01,91_plus,2_3,solo,1857,5856,10366,410,0.07001366120218579,0.04003472892147405,0.25609756097560976,0.08316256830601093,515,2500,477,0.1908
2013-04-01,8_30,1,solo,6278,18503,30416,3268,0.17662000756634058,0.10833114150447133,0.10618115055079559,0.0593417283683727,3615,8199,3434,0.41883156482497863
2013-04-01,31_90,15_plus,solo,155,462,828,14,0.030303030303030304,0.016908212560386472,0.5714285714285714,0.12121212121212122,22,213,24,0.11267605633802817
2013-04-01,2_7,2_3,family_with_children,4139,12910,21651,1633,0.12649109217660728,0.07704032146321187,0.02694427434170239,0.1150271107668474,1677,5184,1803,0.34780092592592593
2013-04-01,91_plus,4_7,family_with_children,6460,27981,50488,1132,0.04045602373038848,0.022856916495008716,0.2826855123674912,0.14059540402415924,1452,10371,1230,0.11859994214636968
2013-04-01,8_30,4_7,solo,3805,12486,21153,1322,0.10587858401409579,0.06339526308325061,0.37972768532526474,0.08505526189332052,1824,5231,1545,0.2953546167080864
2013-04-01,8_30,8_14,couple,1236,3592,6293,156,0.043429844097995544,0.024948355315429844,0.5,0.17260579064587972,234,1631,247,0.15144083384426732
2013-04-01,91_plus,1,solo,1114,3451,5812,386,0.11185163720660678,0.067618719889883,0.05699481865284974,0.07852796290930165,408,1497,418,0.2792251169004676
2013-04-01,same_next_day,4_7,couple,738,1949,3399,186,0.09543355566957414,0.05501618122977346,0.13978494623655913,0.1888147768086198,212,882,280,0.31746031746031744
2013-04-01,same_next_day,4_7,group,91,261,454,48,0.1839080459770115,0.10572687224669604,0.020833333333333332,0.17624521072796934,49,112,55,0.49107142857142855
2013-04-01,8_30,4_7,couple,7768,28985,51944,1673,0.0577195100914266,0.03236177421838903,0.4877465630603706,0.1272382266689667,2489,11560,2115,0.18295847750865052
2013-04-01,91_plus,1,group,814,2705,4616,271,0.10018484288354898,0.06022530329289428,0.04797047970479705,0.10018484288354898,284,1051,281,0.26736441484300666
2013-04-01,31_90,8_14,family_with_children,1520,5694,10335,213,0.037407797681770286,0.02099661344944364,0.4413145539906103,0.14418686336494554,307,2213,276,0.12471757794848622
2013-04-01,8_30,2_3,group,2258,8495,14930,675,0.07945850500294291,0.045746818486269256,0.14222222222222222,0.08993525603296057,771,3171,847,0.2671081677704194
2013-04-01,91_plus,8_14,family_with_children,1846,7628,13637,204,0.026743576297850027,0.015179291633057123,0.5343137254901961,0.14590980597797587,313,2956,256,0.08660351826792964
2013-04-01,same_next_day,2_3,family_with_children,1663,5057,8787,635,0.12556851888471426,0.07306247866165927,0.007874015748031496,0.13881748071979436,640,2003,743,0.3709435846230654
2013-04-01,same_next_day,1,group,606,1641,2679,315,0.19195612431444242,0.11795446061963419,0.0031746031746031746,0.1846435100548446,316,719,376,0.5229485396383866
2013-04-01,8_30,1,group,1656,5942,10246,691,0.11629081117468866,0.06812414600819833,0.01447178002894356,0.0844833389431168,701,2221,778,0.35029266096352996
2013-04-01,same_next_day,4_7,solo,625,1719,2892,249,0.14485165794066318,0.0867911479944675,0.11646586345381527,0.12681791739383363,278,780,306,0.3923076923076923
2013-04-01,2_7,8_14,couple,475,1088,1898,46,0.042279411764705885,0.02476290832455216,0.30434782608695654,0.14522058823529413,60,558,92,0.16487455197132617
2013-04-01,91_plus,2_3,group,1742,6536,11860,397,0.060740514075887396,0.03406408094435076,0.18387909319899245,0.1194920440636475,470,2444,448,0.18330605564648117
2013-04-01,8_30,4_7,group,929,3352,5866,187,0.05578758949880668,0.032219570405727926,0.34759358288770054,0.10889021479713604,252,1294,246,0.1901081916537867
2013-04-01,8_30,8_14,solo,577,1807,3115,136,0.0752628666297731,0.04462279293739968,0.34558823529411764,0.0835639180962922,183,787,175,0.22236340533672172
2013-04-01,31_90,1,solo,3009,8768,14821,1095,0.12488594890510948,0.07475878820592402,0.08401826484018265,0.06706204379562043,1187,3877,1249,0.3221563064224916
2013-04-01,2_7,1,group,1078,3166,5368,452,0.14276689829437778,0.08438897168405365,0.008849557522123894,0.10265319014529374,456,1289,547,0.4243599689681924
2013-04-01,2_7,4_7,family_with_children,1567,4862,8184,508,0.10448375154257507,0.06366080156402737,0.08464566929133858,0.11332784862196627,551,2033,603,0.2966060009837678
2013-04-01,31_90,15_plus,couple,320,662,1106,20,0.030211480362537766,0.018083182640144666,0.35,0.11329305135951662,27,367,40,0.10899182561307902
2013-04-01,2_7,8_14,solo,278,687,1096,65,0.09461426491994178,0.060218978102189784,0.26153846153846155,0.08005822416302766,82,348,91,0.2614942528735632
2013-04-01,2_7,15_plus,couple,115,228,373,4,0.017543859649122806,0.010723860589812333,0.0,0.08333333333333333,4,130,16,0.12307692307692308
2013-04-01,2_7,15_plus,solo,89,184,312,15,0.08152173913043478,0.04807692307692308,0.06666666666666667,0.03804347826086957,16,100,20,0.2
2013-04-01,8_30,8_14,group,103,341,609,9,0.026392961876832845,0.014778325123152709,0.5555555555555556,0.18181818181818182,14,136,19,0.13970588235294118
2013-04-01,same_next_day,8_14,solo,91,238,407,21,0.08823529411764706,0.051597051597051594,0.14285714285714285,0.13025210084033614,24,113,34,0.3008849557522124
2013-04-01,8_30,15_plus,couple,201,420,726,12,0.02857142857142857,0.01652892561983471,0.16666666666666666,0.09523809523809523,14,240,28,0.11666666666666667
2013-04-01,8_30,15_plus,solo,125,306,505,27,0.08823529411764706,0.055445544554455446,0.4074074074074074,0.14052287581699346,38,152,34,0.2236842105263158
2013-04-01,91_plus,15_plus,couple,394,1291,2266,15,0.011618900077459334,0.006619593998234775,0.8,0.18977536793183578,27,515,32,0.062135922330097085
2013-04-01,91_plus,15_plus,solo,124,293,549,6,0.020477815699658702,0.01092896174863388,0.6666666666666666,0.09215017064846416,10,155,11,0.07096774193548387
2013-04-01,same_next_day,15_plus,family_with_children,18,29,49,1,0.034482758620689655,0.02040816326530612,0.0,0.034482758620689655,1,20,3,0.15
2013-04-01,same_next_day,8_14,couple,108,257,461,20,0.07782101167315175,0.04338394793926247,0.15,0.13618677042801555,23,127,34,0.2677165354330709
2013-04-01,91_plus,15_plus,group,24,48,73,1,0.020833333333333332,0.0136986301369863,1.0,0.125,2,30,1,0.03333333333333333
2013-04-01,2_7,8_14,group,39,84,125,8,0.09523809523809523,0.064,0.375,0.07142857142857142,11,44,10,0.22727272727272727
2014-05-01,2_7,15_plus,group,30,59,85,2,0.03389830508474576,0.03529411764705882,0.0,0.22033898305084745,2,32,6,0.1875
2014-02-01,31_90,15_plus,group,26,65,88,1,0.015384615384615385,0.011363636363636364,0.0,0.03076923076923077,1,31,4,0.12903225806451613
2014-12-01,same_next_day,8_14,couple,521,1298,1774,78,0.060092449922958396,0.044532130777903044,0.02564102564102564,0.20878274268104777,80,622,136,0.21864951768488747
2014-12-01,8_30,15_plus,family_with_children,189,609,813,13,0.021346469622331693,0.015990159901599015,0.23076923076923078,0.12807881773399016,16,255,28,0.10980392156862745
2014-12-01,8_30,8_14,solo,2427,8426,11556,465,0.05518632803228103,0.040844582900657664,0.24516129032258063,0.12663185378590078,579,3539,613,0.1732127719694829
2014-12-01,2_7,8_14,couple,1586,4652,6258,200,0.04299226139294927,0.03307766059443912,0.205,0.15434221840068788,241,2105,327,0.15534441805225654
2014-12-01,2_7,8_14,solo,999,3037,4344,240,0.07902535396773132,0.05593922651933702,0.20416666666666666,0.10207441554165295,289,1340,319,0.2380597014925373
2014-12-01,8_30,8_14,group,678,2371,3360,77,0.03247574862927035,0.023214285714285715,0.19480519480519481,0.11303247574862928,92,982,119,0.12118126272912423
2014-12-01,same_next_day,8_14,solo,317,880,1214,76,0.08636363636363636,0.06260296540362438,0.11842105263157894,0.1534090909090909,85,386,107,0.2772020725388601
2014-12-01,91_plus,15_plus,family_with_children,407,1434,2180,13,0.00906555090655509,0.005963302752293578,0.46153846153846156,0.16317991631799164,19,570,29,0.05087719298245614
2014-12-01,31_90,15_plus,group,83,226,295,6,0.02654867256637168,0.020338983050847456,0.16666666666666666,0.04424778761061947,7,117,8,0.06837606837606838
2014-12-01,same_next_day,4_7,family_with_children,1005,3627,5366,193,0.05321202095395644,0.03708535221766679,0.08290155440414508,0.23132065067548938,209,1420,242,0.1704225352112676
2014-12-01,2_7,15_plus,family_with_children,74,191,256,9,0.04712041884816754,0.03515625,0.0,0.17277486910994763,9,93,17,0.1827956989247312
2014-12-01,same_next_day,15_plus,group,18,25,36,1,0.04,0.027777777777777776,0.0,0.24,1,19,6,0.3157894736842105
2014-12-01,2_7,8_14,group,245,585,759,29,0.04957264957264957,0.03820816864295125,0.034482758620689655,0.12136752136752137,30,301,53,0.1760797342192691
2014-12-01,same_next_day,15_plus,solo,96,204,280,9,0.04411764705882353,0.03214285714285714,0.0,0.10784313725490197,9,111,21,0.1891891891891892
2014-12-01,same_next_day,8_14,group,69,158,206,15,0.0949367088607595,0.07281553398058252,0.0,0.13924050632911392,15,81,27,0.3333333333333333
2014-11-01,same_next_day,15_plus,solo,84,168,248,11,0.06547619047619048,0.04435483870967742,0.09090909090909091,0.14285714285714285,12,92,26,0.2826086956521739
2014-12-01,same_next_day,15_plus,couple,135,260,345,6,0.023076923076923078,0.017391304347826087,0.0,0.2653846153846154,6,151,20,0.13245033112582782
2013-04-01,8_30,15_plus,group,12,27,42,3,0.1111111111111111,0.07142857142857142,0.3333333333333333,0.25925925925925924,4,13,4,0.3076923076923077
2013-04-01,31_90,15_plus,group,24,77,103,1,0.012987012987012988,0.009708737864077669,1.0,0.24675324675324675,2,27,4,0.14814814814814814
2013-02-01,same_next_day,15_plus,solo,19,45,78,1,0.022222222222222223,0.01282051282051282,0.0,0.044444444444444446,1,20,4,0.2
2013-02-01,same_next_day,4_7,group,80,185,302,42,0.22702702702702704,0.1423841059602649,0.047619047619047616,0.15135135135135136,44,98,54,0.5510204081632653
2013-02-01,2_7,15_plus,couple,142,225,323,2,0.008888888888888889,0.006191950464396285,0.0,0.17333333333333334,2,151,29,0.19205298013245034
2013-02-01,same_next_day,8_14,family_with_children,38,107,192,11,0.102803738317757,0.057291666666666664,0.09090909090909091,0.205607476635514,12,43,15,0.3488372093023256
2013-02-01,8_30,15_plus,group,14,21,34,0,0.0,0.0,,0.047619047619047616,0,14,3,0.21428571428571427
2013-02-01,same_next_day,15_plus,couple,46,101,145,2,0.019801980198019802,0.013793103448275862,0.0,0.42574257425742573,2,51,8,0.1568627450980392
2014-06-01,same_next_day,15_plus,group,16,24,29,0,0.0,0.0,,0.0,0,18,6,0.3333333333333333
2014-01-01,same_next_day,15_plus,couple,50,76,123,3,0.039473684210526314,0.024390243902439025,0.0,0.13157894736842105,3,58,10,0.1724137931034483
2014-11-01,2_7,15_plus,family_with_children,29,105,111,1,0.009523809523809525,0.009009009009009009,0.0,0.047619047619047616,1,33,7,0.21212121212121213
2014-11-01,same_next_day,15_plus,group,18,60,92,4,0.06666666666666667,0.043478260869565216,0.0,0.03333333333333333,4,20,6,0.3
2013-05-01,same_next_day,8_14,group,10,26,41,4,0.15384615384615385,0.0975609756097561,0.5,0.07692307692307693,6,13,4,0.3076923076923077
2013-03-01,8_30,15_plus,group,14,30,43,0,0.0,0.0,,0.03333333333333333,0,15,1,0.06666666666666667
2014-01-01,same_next_day,15_plus,group,10,15,25,0,0.0,0.0,,0.26666666666666666,0,10,1,0.1
2014-01-01,31_90,15_plus,group,42,71,89,1,0.014084507042253521,0.011235955056179775,0.0,0.14084507042253522,1,43,2,0.046511627906976744
2013-03-01,same_next_day,15_plus,solo,25,54,90,0,0.0,0.0,,0.018518518518518517,0,27,5,0.18518518518518517
2013-04-01,same_next_day,8_14,group,8,16,24,1,0.0625,0.041666666666666664,0.0,0.25,1,8,2,0.25
2013-06-01,8_30,15_plus,group,24,55,94,3,0.05454545454545454,0.031914893617021274,0.0,0.05454545454545454,3,31,6,0.1935483870967742
2013-01-01,same_next_day,15_plus,family_with_children,18,35,46,0,0.0,0.0,,0.02857142857142857,0,20,4,0.2
2014-10-01,same_next_day,15_plus,family_with_children,4,4,4,0,0.0,0.0,,0.0,0,4,0,0.0
2013-02-01,2_7,15_plus,group,6,12,20,1,0.08333333333333333,0.05,0.0,0.5833333333333334,1,7,1,0.14285714285714285
2014-02-01,same_next_day,8_14,group,21,37,58,3,0.08108108108108109,0.05172413793103448,0.0,0.16216216216216217,3,24,8,0.3333333333333333
2013-07-01,same_next_day,8_14,group,24,45,69,4,0.08888888888888889,0.057971014492753624,0.0,0.022222222222222223,4,28,10,0.35714285714285715
2013-10-01,same_next_day,15_plus,group,6,11,13,0,0.0,0.0,,0.09090909090909091,0,7,3,0.42857142857142855
2013-06-01,same_next_day,8_14,group,16,35,57,5,0.14285714285714285,0.08771929824561403,0.0,0.02857142857142857,5,20,11,0.55
2013-03-01,2_7,15_plus,group,3,6,8,0,0.0,0.0,,0.0,0,3,1,0.3333333333333333
2013-07-01,same_next_day,15_plus,group,3,4,5,1,0.25,0.2,0.0,0.25,1,3,2,0.6666666666666666
2013-04-01,2_7,15_plus,group,5,6,6,1,0.16666666666666666,0.16666666666666666,0.0,0.0,1,6,2,0.3333333333333333
